timestamp,device_id,heart_rate,heart_rate_valid,heart_rate_source,spo2,spo2_valid,spo2_source,temperature,ecg_raw,ecg_mv,ecg_raw_avg,ecg_lead_off,ecg_lo_plus,ecg_lo_minus,accel_x,accel_y,accel_z,fall_detect,label,session_id,source,is_synthetic,accel_mag,hrv_proxy,hr_mean_5,spo2_drop,label_detail,is_anomaly,target
2026-05-26 15:26:48,patient_001,80,True,synthetic_ad8232,97,True,synthetic_max30102,36.59,1926,1659,2059,0,False,False,0.078,-0.048,0.938,False,normal_rest,synthetic_ad8232_normal_rest,real,False,0.9424606092564293,0.0,80.0,0.0,normal_rest,False,0
2026-05-26 15:26:53,patient_001,78,True,synthetic_ad8232,97,True,synthetic_max30102,36.62,1724,1680,2085,0,False,False,0.071,0.033,1.035,False,normal_rest,synthetic_ad8232_normal_rest,real,False,1.0379571282090605,1.4142135623730951,79.0,0.0,normal_rest,False,0
2026-05-26 15:26:58,patient_001,81,True,synthetic_ad8232,97,True,synthetic_max30102,36.62,2088,1735,2153,0,False,False,0.038,0.023,0.963,False,normal_rest,synthetic_ad8232_normal_rest,real,False,0.9640238586259159,1.5275252316519452,79.66666666666667,0.0,normal_rest,False,0
2026-05-26 15:27:03,patient_001,75,True,synthetic_ad8232,98,True,synthetic_max30102,36.53,2052,1791,2223,0,False,False,0.055,0.047,1.007,False,normal_rest,synthetic_ad8232_normal_rest,real,False,1.0095954635397286,2.645751311064591,78.5,0.0,normal_rest,False,0
2026-05-26 15:27:08,patient_001,74,True,synthetic_ad8232,97,True,synthetic_max30102,36.55,2243,1588,1970,0,False,False,0.085,0.025,0.956,False,normal_rest,synthetic_ad8232_normal_rest,real,False,0.9600968701125944,3.0495901363953806,77.6,1.0,normal_rest,False,0
2026-05-26 15:27:13,patient_001,84,True,synthetic_ad8232,99,True,synthetic_max30102,36.23,2222,1715,2128,0,False,False,0.049,0.035,0.999,False,normal_rest,synthetic_ad8232_normal_rest,real,False,1.0008131693777815,4.159326868617082,78.4,0.0,normal_rest,False,0
2026-05-26 15:27:18,patient_001,83,True,synthetic_ad8232,98,True,synthetic_max30102,36.47,1744,1621,2012,0,False,False,0.065,-0.028,0.977,False,normal_rest,synthetic_ad8232_normal_rest,real,False,0.9795601053534183,4.615192303685728,79.4,1.0,normal_rest,False,0
2026-05-26 15:27:23,patient_001,76,True,synthetic_ad8232,100,True,synthetic_max30102,36.18,2302,1657,2056,0,False,False,0.079,-0.037,0.977,False,normal_rest,synthetic_ad8232_normal_rest,real,False,0.9808868436267254,4.722287581247036,78.4,0.0,normal_rest,False,0
2026-05-26 15:27:28,patient_001,84,True,synthetic_ad8232,99,True,synthetic_max30102,36.31,1469,1567,1945,0,False,False,0.022,0.064,0.982,False,normal_rest,synthetic_ad8232_normal_rest,real,False,0.9843292132208614,4.816637831516916,80.2,1.0,normal_rest,False,0
2026-05-26 15:27:33,patient_001,71,True,synthetic_ad8232,99,True,synthetic_max30102,36.44,1959,1683,2089,0,False,False,0.068,0.013,0.996,False,normal_rest,synthetic_ad8232_normal_rest,real,False,0.9984032251550473,5.856620185738525,79.6,0.0,normal_rest,False,0
2026-05-26 15:27:38,patient_001,82,True,synthetic_ad8232,97,True,synthetic_max30102,36.31,2016,1621,2011,0,False,False,0.025,-0.018,1.009,False,normal_rest,synthetic_ad8232_normal_rest,real,False,1.0094701580532235,5.540758070878023,79.2,2.0,normal_rest,False,0
2026-05-26 15:27:43,patient_001,82,True,synthetic_ad8232,99,True,synthetic_max30102,36.57,1299,1537,1907,0,False,False,0.036,0.013,0.987,False,normal_rest,synthetic_ad8232_normal_rest,real,False,0.9877418691135857,5.385164807134499,79.0,0.0,normal_rest,False,0
2026-05-26 15:27:48,patient_001,67,True,synthetic_ad8232,97,True,synthetic_max30102,36.5,2310,1612,2000,0,False,False,0.004,0.015,1.042,False,normal_rest,synthetic_ad8232_normal_rest,real,False,1.0421156365778224,7.661592523751179,77.2,2.0,normal_rest,False,0
2026-05-26 15:27:53,patient_001,71,True,synthetic_ad8232,98,True,synthetic_max30102,36.16,2172,1670,2072,0,False,False,0.026,0.064,0.921,False,normal_rest,synthetic_ad8232_normal_rest,real,False,0.9235870289258074,6.949820141557618,74.6,0.0,normal_rest,False,0
2026-05-26 15:27:58,patient_001,73,True,synthetic_ad8232,96,True,synthetic_max30102,36.42,2073,1752,2174,0,False,False,0.019,0.039,0.991,False,normal_rest,synthetic_ad8232_normal_rest,real,False,0.9919490914356442,6.745368781616017,75.0,2.0,normal_rest,False,0
2026-05-26 15:28:03,patient_001,70,True,synthetic_ad8232,98,True,synthetic_max30102,36.45,1659,1739,2158,0,False,False,0.094,0.063,1.004,False,normal_rest,synthetic_ad8232_normal_rest,real,False,1.0103568676462786,5.683308895353124,72.6,0.0,normal_rest,False,0
2026-05-26 15:28:08,patient_001,73,True,synthetic_ad8232,97,True,synthetic_max30102,36.3,1486,1542,1913,0,False,False,-0.015,0.055,0.981,False,normal_rest,synthetic_ad8232_normal_rest,real,False,0.9826550768199389,2.489979919597734,70.8,1.0,normal_rest,False,0
2026-05-26 15:28:13,patient_001,81,True,synthetic_ad8232,99,True,synthetic_max30102,36.9,1980,1505,1868,0,False,False,0.157,0.047,0.95,False,normal_rest,synthetic_ad8232_normal_rest,real,False,0.9640321571399991,4.335896677735755,73.6,0.0,normal_rest,False,0
2026-05-26 15:28:18,patient_001,71,True,synthetic_ad8232,98,True,synthetic_max30102,36.25,1587,1629,2022,0,False,False,0.034,0.073,0.996,False,normal_rest,synthetic_ad8232_normal_rest,real,False,0.9992502189141617,4.335896677735755,73.6,1.0,normal_rest,False,0
2026-05-26 15:28:23,patient_001,65,True,synthetic_ad8232,97,True,synthetic_max30102,36.39,1487,1600,1985,0,False,False,0.111,0.035,1.029,False,normal_rest,synthetic_ad8232_normal_rest,real,False,1.0355612005091732,5.830951894845297,72.0,1.0,normal_rest,False,0
2026-05-26 15:28:28,patient_001,70,True,synthetic_ad8232,97,True,synthetic_max30102,36.93,2275,1703,2113,0,False,False,0.007,0.064,0.954,False,normal_rest,synthetic_ad8232_normal_rest,real,False,0.9561699639708413,5.830951894845297,72.0,0.0,normal_rest,False,0
2026-05-26 15:28:33,patient_001,77,True,synthetic_ad8232,98,True,synthetic_max30102,36.24,2007,1559,1935,0,False,False,0.058,0.012,0.941,False,normal_rest,synthetic_ad8232_normal_rest,real,False,0.9428621320214318,6.2609903369994075,72.8,0.0,normal_rest,False,0
2026-05-26 15:28:38,patient_001,91,True,synthetic_ad8232,98,True,synthetic_max30102,36.37,2493,1634,2028,0,False,False,0.051,0.082,0.999,False,normal_rest,synthetic_ad8232_normal_rest,real,False,1.003656315677832,10.009995004993758,74.8,0.0,normal_rest,False,0
2026-05-26 15:28:43,patient_001,81,True,synthetic_ad8232,100,True,synthetic_max30102,36.45,2121,1770,2196,0,False,False,-0.009,-0.025,1.056,False,normal_rest,synthetic_ad8232_normal_rest,real,False,1.0563342274110028,10.059821071967432,76.8,0.0,normal_rest,False,0
2026-05-26 15:28:48,patient_001,75,True,synthetic_ad8232,100,True,synthetic_max30102,36.12,1972,1645,2041,0,False,False,0.004,0.056,0.974,False,normal_rest,synthetic_ad8232_normal_rest,real,False,0.975616728023869,7.88669766125214,78.8,0.0,normal_rest,False,0
2026-05-26 15:28:53,patient_001,81,True,synthetic_ad8232,100,True,synthetic_max30102,36.42,1466,1594,1978,0,False,False,0.066,-0.052,0.988,False,normal_rest,synthetic_ad8232_normal_rest,real,False,0.9915664375118795,6.164414002968975,81.0,0.0,normal_rest,False,0
2026-05-26 15:28:58,patient_001,71,True,synthetic_ad8232,98,True,synthetic_max30102,36.63,2429,1618,2008,0,False,False,-0.013,0.031,0.971,False,normal_rest,synthetic_ad8232_normal_rest,real,False,0.9715817001158471,7.563068160475613,79.8,2.0,normal_rest,False,0
2026-05-26 15:29:03,patient_001,82,True,synthetic_ad8232,100,True,synthetic_max30102,36.36,1611,1665,2066,0,False,False,0.012,0.021,1.0,False,normal_rest,synthetic_ad8232_normal_rest,real,False,1.000292457234383,4.795831523312716,78.0,0.0,normal_rest,False,0
2026-05-26 15:29:08,patient_001,79,True,synthetic_ad8232,98,True,synthetic_max30102,37.03,1674,1549,1922,0,False,False,0.115,-0.004,0.979,False,normal_rest,synthetic_ad8232_normal_rest,real,False,0.9857393164523772,4.560701700396549,77.6,2.0,normal_rest,False,0
2026-05-26 15:29:13,patient_001,81,True,synthetic_ad8232,99,True,synthetic_max30102,36.22,1737,1579,1959,0,False,False,0.014,-0.056,0.983,False,normal_rest,synthetic_ad8232_normal_rest,real,False,0.9846933532831427,4.494441010848844,78.8,0.0,normal_rest,False,0
2026-05-26 15:29:18,patient_001,71,True,synthetic_ad8232,98,True,synthetic_max30102,35.96,2714,1565,1942,0,False,False,-0.019,0.115,0.939,False,normal_rest,synthetic_ad8232_normal_rest,real,False,0.9462066370513366,5.403702434442516,76.8,1.0,normal_rest,False,0
2026-05-26 15:29:23,patient_001,100,True,synthetic_ad8232,97,True,synthetic_max30102,36.31,2381,1656,2055,0,False,False,0.054,0.099,0.951,False,normal_rest,synthetic_ad8232_normal_rest,real,False,0.9576627798969739,10.644247272588137,82.6,1.0,normal_rest,False,0
2026-05-26 15:29:28,patient_001,81,True,synthetic_ad8232,98,True,synthetic_max30102,36.37,1836,1667,2069,0,False,False,-0.015,0.02,0.979,False,normal_rest,synthetic_ad8232_normal_rest,real,False,0.9793191512474367,10.667708282475669,82.4,0.0,normal_rest,False,0
2026-05-26 15:29:33,patient_001,82,True,synthetic_ad8232,99,True,synthetic_max30102,36.44,2122,1603,1989,0,False,False,0.054,0.032,0.99,False,normal_rest,synthetic_ad8232_normal_rest,real,False,0.9919879031520495,10.511898020814318,83.0,0.0,normal_rest,False,0
2026-05-26 15:29:38,patient_001,77,True,synthetic_ad8232,100,True,synthetic_max30102,36.79,2255,1729,2145,0,False,False,0.055,-0.001,0.946,False,normal_rest,synthetic_ad8232_normal_rest,real,False,0.9475980160384465,10.848963084092414,82.2,0.0,normal_rest,False,0
2026-05-26 15:29:43,patient_001,82,True,synthetic_ad8232,96,True,synthetic_max30102,36.63,2095,1671,2073,0,False,False,0.058,-0.014,0.971,False,normal_rest,synthetic_ad8232_normal_rest,real,False,0.9728314345250157,8.96102672688794,84.4,4.0,normal_rest,False,0
2026-05-26 15:29:48,patient_001,76,True,synthetic_ad8232,98,True,synthetic_max30102,36.34,2096,1629,2022,0,False,False,0.046,0.089,0.887,False,normal_rest,synthetic_ad8232_normal_rest,real,False,0.8926399050008912,2.880972058177588,79.6,0.0,normal_rest,False,0
2026-05-26 15:29:53,patient_001,80,True,synthetic_ad8232,98,True,synthetic_max30102,35.96,1983,1709,2121,0,False,False,0.053,0.099,0.929,False,normal_rest,synthetic_ad8232_normal_rest,real,False,0.9357622561313317,2.792848008753789,79.4,0.0,normal_rest,False,0
2026-05-26 15:29:58,patient_001,78,True,synthetic_ad8232,97,True,synthetic_max30102,36.32,2329,1729,2145,0,False,False,0.092,0.053,1.059,False,normal_rest,synthetic_ad8232_normal_rest,real,False,1.0643091656093167,2.4083189157584606,78.6,1.0,normal_rest,False,0
2026-05-26 15:30:03,patient_001,92,True,synthetic_ad8232,99,True,synthetic_max30102,36.61,1654,1732,2149,0,False,False,0.028,0.033,0.962,False,normal_rest,synthetic_ad8232_normal_rest,real,False,0.9629730006599354,6.228964600958977,81.6,0.0,normal_rest,False,0
2026-05-26 15:30:08,patient_001,84,True,synthetic_ad8232,98,True,synthetic_max30102,36.69,1892,1547,1920,0,False,False,0.07,0.103,1.019,False,normal_rest,synthetic_ad8232_normal_rest,real,False,1.0265817064413334,6.324555320336761,82.0,1.0,normal_rest,False,0
2026-05-26 15:30:13,patient_001,69,True,synthetic_ad8232,97,True,synthetic_max30102,36.78,1524,1640,2035,0,False,False,0.066,0.002,0.949,False,normal_rest,synthetic_ad8232_normal_rest,real,False,0.9512943813562655,8.414273587185052,80.6,1.0,normal_rest,False,0
2026-05-26 15:30:18,patient_001,73,True,synthetic_ad8232,98,True,synthetic_max30102,36.69,2218,1647,2044,0,False,False,0.064,-0.062,1.002,False,normal_rest,synthetic_ad8232_normal_rest,real,False,1.0059542733146472,9.093954035511727,79.2,0.0,normal_rest,False,0
2026-05-26 15:30:23,patient_001,91,True,synthetic_ad8232,96,True,synthetic_max30102,36.25,2451,1688,2095,0,False,False,0.064,-0.033,1.049,False,normal_rest,synthetic_ad8232_normal_rest,real,False,1.0514684969127701,10.425929215182693,81.8,2.0,normal_rest,False,0
2026-05-26 15:30:28,patient_001,73,True,synthetic_ad8232,99,True,synthetic_max30102,36.67,1903,1584,1965,0,False,False,0.049,0.039,1.001,False,normal_rest,synthetic_ad8232_normal_rest,real,False,1.002957127697889,9.16515138991168,78.0,0.0,normal_rest,False,0
2026-05-26 15:30:33,patient_001,77,True,synthetic_ad8232,98,True,synthetic_max30102,36.65,1636,1596,1981,0,False,False,-0.002,0.025,1.049,False,normal_rest,synthetic_ad8232_normal_rest,real,False,1.0492997665109813,8.532291603080617,76.6,1.0,normal_rest,False,0
2026-05-26 15:30:38,patient_001,80,True,synthetic_ad8232,99,True,synthetic_max30102,36.4,3073,1688,2095,0,False,False,0.093,0.064,1.024,False,normal_rest,synthetic_ad8232_normal_rest,real,False,1.0302043486609829,7.429670248402685,78.8,0.0,normal_rest,False,0
2026-05-26 15:30:43,patient_001,76,True,synthetic_ad8232,96,True,synthetic_max30102,36.8,1380,1536,1906,0,False,False,0.022,0.034,1.042,False,normal_rest,synthetic_ad8232_normal_rest,real,False,1.0427866512379222,6.949820141557623,79.4,3.0,normal_rest,False,0
2026-05-26 15:30:48,patient_001,65,True,synthetic_ad8232,97,True,synthetic_max30102,36.51,1854,1476,1831,0,False,False,0.061,0.041,0.933,False,normal_rest,synthetic_ad8232_normal_rest,real,False,0.9358904850461939,5.718391382198323,74.2,0.0,normal_rest,False,0
2026-05-26 15:30:53,patient_001,74,True,synthetic_ad8232,99,True,synthetic_max30102,36.58,1789,1680,2085,0,False,False,0.046,0.06,0.999,False,normal_rest,synthetic_ad8232_normal_rest,real,False,1.0018567761910881,5.683308895353133,74.4,0.0,normal_rest,False,0
2026-05-26 15:30:58,patient_001,77,True,synthetic_ad8232,98,True,synthetic_max30102,36.61,2382,1639,2034,0,False,False,0.024,0.051,0.979,False,normal_rest,synthetic_ad8232_normal_rest,real,False,0.9806212316689864,5.683308895353133,74.4,1.0,normal_rest,False,0
2026-05-26 15:31:03,patient_001,62,True,synthetic_ad8232,96,True,synthetic_max30102,36.03,2082,1611,1999,0,False,False,-0.053,0.003,1.02,False,normal_rest,synthetic_ad8232_normal_rest,real,False,1.0213804384263485,6.833739825307959,70.8,2.0,normal_rest,False,0
2026-05-26 15:31:08,patient_001,87,True,synthetic_ad8232,100,True,synthetic_max30102,36.38,1385,1617,2007,0,False,False,0.094,0.034,0.957,False,normal_rest,synthetic_ad8232_normal_rest,real,False,0.9622063188318812,9.974968671630004,73.0,0.0,normal_rest,False,0
2026-05-26 15:31:13,patient_001,71,True,synthetic_ad8232,98,True,synthetic_max30102,36.6,2146,1569,1947,0,False,False,0.109,-0.025,1.006,False,normal_rest,synthetic_ad8232_normal_rest,real,False,1.0121966212154632,9.093954035511729,74.2,2.0,normal_rest,False,0
2026-05-26 15:31:18,patient_001,77,True,synthetic_ad8232,96,True,synthetic_max30102,36.63,2168,1602,1988,0,False,False,0.016,0.009,0.947,False,normal_rest,synthetic_ad8232_normal_rest,real,False,0.9471779135938506,9.176055797563572,74.8,2.0,normal_rest,False,0
2026-05-26 15:31:23,patient_001,76,True,synthetic_ad8232,98,True,synthetic_max30102,36.49,1994,1719,2133,0,False,False,0.093,0.016,0.931,False,normal_rest,synthetic_ad8232_normal_rest,real,False,0.9357702709532935,9.12688336728371,74.6,0.0,normal_rest,False,0
2026-05-26 15:31:28,patient_001,87,True,synthetic_ad8232,98,True,synthetic_max30102,36.37,2131,1663,2064,0,False,False,0.054,0.108,1.073,False,normal_rest,synthetic_ad8232_normal_rest,real,False,1.0797726612579148,7.127411872482191,79.6,0.0,normal_rest,False,0
2026-05-26 15:31:33,patient_001,87,True,synthetic_ad8232,97,True,synthetic_max30102,36.48,1052,1550,1923,0,False,False,0.039,0.043,0.957,False,normal_rest,synthetic_ad8232_normal_rest,real,False,0.9587590938291015,7.127411872482191,79.6,1.0,normal_rest,False,0
2026-05-26 15:31:38,patient_001,69,True,synthetic_ad8232,97,True,synthetic_max30102,36.33,1891,1662,2062,0,False,False,0.117,0.074,0.952,False,normal_rest,synthetic_ad8232_normal_rest,real,False,0.9620129936752413,7.758865896508337,79.2,0.0,normal_rest,False,0
2026-05-26 15:31:43,patient_001,76,True,synthetic_ad8232,98,True,synthetic_max30102,36.55,3134,1646,2043,0,False,False,0.026,0.073,0.944,False,normal_rest,synthetic_ad8232_normal_rest,real,False,0.9471752741705202,7.842193570679068,79.0,0.0,normal_rest,False,0
2026-05-26 15:31:48,patient_001,80,True,synthetic_ad8232,100,True,synthetic_max30102,36.42,2163,1597,1982,0,False,False,0.063,0.028,0.983,False,normal_rest,synthetic_ad8232_normal_rest,real,False,0.9854146335426525,7.661592523751189,79.8,0.0,normal_rest,False,0
2026-05-26 15:31:53,patient_001,71,True,synthetic_ad8232,99,True,synthetic_max30102,36.67,2402,1619,2009,0,False,False,0.055,0.019,1.008,False,normal_rest,synthetic_ad8232_normal_rest,real,False,1.0096781665461525,7.231873892705825,76.6,1.0,normal_rest,False,0
2026-05-26 15:31:58,patient_001,63,True,synthetic_ad8232,98,True,synthetic_max30102,35.9,1332,1582,1963,0,False,False,-0.02,0.085,1.026,False,normal_rest,synthetic_ad8232_normal_rest,real,False,1.0297091822451618,6.534523701081822,71.8,1.0,normal_rest,False,0
2026-05-26 15:32:03,patient_001,58,True,synthetic_ad8232,97,True,synthetic_max30102,37.01,1760,1519,1885,0,False,False,0.057,0.008,1.009,False,normal_rest,synthetic_ad8232_normal_rest,real,False,1.0106403910392656,9.071934744033385,69.6,1.0,normal_rest,False,0
2026-05-26 15:32:08,patient_001,79,True,synthetic_ad8232,98,True,synthetic_max30102,36.6,2807,1711,2123,0,False,False,0.054,0.057,0.962,False,normal_rest,synthetic_ad8232_normal_rest,real,False,0.9651989432236237,9.679876032264051,70.2,0.0,normal_rest,False,0
2026-05-26 15:32:13,patient_001,70,True,synthetic_ad8232,97,True,synthetic_max30102,36.73,2213,1739,2158,0,False,False,0.032,0.086,0.972,False,normal_rest,synthetic_ad8232_normal_rest,real,False,0.9763216683040482,8.043631020876086,68.2,1.0,normal_rest,False,0
2026-05-26 15:32:18,patient_001,80,True,synthetic_ad8232,100,True,synthetic_max30102,36.31,2183,1543,1915,0,False,False,0.002,0.012,1.008,False,normal_rest,synthetic_ad8232_normal_rest,real,False,1.008073410025282,9.669539802906861,70.0,0.0,normal_rest,False,0
2026-05-26 15:32:23,patient_001,74,True,synthetic_ad8232,99,True,synthetic_max30102,35.8,1986,1661,2061,0,False,False,0.009,-0.037,0.957,False,normal_rest,synthetic_ad8232_normal_rest,real,False,0.9577572761404634,8.899438184514798,72.2,1.0,normal_rest,False,0
2026-05-26 15:32:28,patient_001,76,True,synthetic_ad8232,98,True,synthetic_max30102,36.45,2309,1672,2075,0,False,False,-0.0,0.058,1.017,False,normal_rest,synthetic_ad8232_normal_rest,real,False,1.0186525413505823,4.0249223594996275,75.8,1.0,normal_rest,False,0
2026-05-26 15:32:33,patient_001,80,True,synthetic_ad8232,100,True,synthetic_max30102,36.38,1569,1565,1942,0,False,False,0.028,-0.0,0.949,False,normal_rest,synthetic_ad8232_normal_rest,real,False,0.9494129765281281,4.242640687119291,76.0,0.0,normal_rest,False,0
2026-05-26 15:32:38,patient_001,77,True,synthetic_ad8232,98,True,synthetic_max30102,36.41,1756,1636,2030,0,False,False,0.009,0.066,1.02,False,normal_rest,synthetic_ad8232_normal_rest,real,False,1.022172685997821,2.6076809620810684,77.4,2.0,normal_rest,False,0
2026-05-26 15:32:43,patient_001,82,True,synthetic_ad8232,98,True,synthetic_max30102,36.04,1456,1666,2067,0,False,False,0.037,0.04,0.954,False,normal_rest,synthetic_ad8232_normal_rest,real,False,0.9555548126612099,3.193743884534271,77.8,0.0,normal_rest,False,0
2026-05-26 15:32:48,patient_001,89,True,synthetic_ad8232,99,True,synthetic_max30102,36.34,1586,1641,2036,0,False,False,0.055,-0.066,0.944,False,normal_rest,synthetic_ad8232_normal_rest,real,False,0.9479013661768823,5.167204273105532,80.8,0.0,normal_rest,False,0
2026-05-26 15:32:53,patient_001,84,True,synthetic_ad8232,100,True,synthetic_max30102,36.11,2055,1571,1950,0,False,False,0.007,0.039,1.054,False,normal_rest,synthetic_ad8232_normal_rest,real,False,1.054744518829086,4.505552130427532,82.4,0.0,normal_rest,False,0
2026-05-26 15:32:58,patient_001,93,True,synthetic_ad8232,96,True,synthetic_max30102,36.08,1342,1682,2087,0,False,False,0.023,0.009,1.023,False,normal_rest,synthetic_ad8232_normal_rest,real,False,1.0232980992848564,6.204836822995434,85.0,4.0,normal_rest,False,0
2026-05-26 15:33:03,patient_001,82,True,synthetic_ad8232,97,True,synthetic_max30102,36.72,2304,1705,2116,0,False,False,0.015,0.005,1.012,False,normal_rest,synthetic_ad8232_normal_rest,real,False,1.0121235102496138,4.847679857416336,86.0,0.0,normal_rest,False,0
2026-05-26 15:33:08,patient_001,65,True,synthetic_ad8232,99,True,synthetic_max30102,36.14,1419,1578,1958,0,False,False,0.049,-0.027,1.008,False,normal_rest,synthetic_ad8232_normal_rest,real,False,1.0095513855173495,10.737783756436896,82.6,0.0,normal_rest,False,0
2026-05-26 15:33:13,patient_001,84,True,synthetic_ad8232,98,True,synthetic_max30102,36.25,1816,1673,2076,0,False,False,0.098,0.012,0.991,False,normal_rest,synthetic_ad8232_normal_rest,real,False,0.9959061200735739,10.212737145349431,81.6,1.0,normal_rest,False,0
2026-05-26 15:33:18,patient_001,82,True,synthetic_ad8232,97,True,synthetic_max30102,36.3,3259,1763,2188,0,False,False,0.095,-0.012,0.893,False,normal_rest,synthetic_ad8232_normal_rest,real,False,0.8981191457707602,10.134100848126588,81.2,1.0,normal_rest,False,0
2026-05-26 15:33:23,patient_001,75,True,synthetic_ad8232,96,True,synthetic_max30102,36.32,2310,1684,2090,0,False,False,0.029,0.022,0.945,False,normal_rest,synthetic_ad8232_normal_rest,real,False,0.9457007983500912,7.829431652425356,77.6,1.0,normal_rest,False,0
2026-05-26 15:33:28,patient_001,66,True,synthetic_ad8232,99,True,synthetic_max30102,36.91,1354,1677,2081,0,False,False,0.047,0.017,0.984,False,normal_rest,synthetic_ad8232_normal_rest,real,False,0.9852684913260953,8.79204185613331,74.4,0.0,normal_rest,False,0
2026-05-26 15:33:33,patient_001,79,True,synthetic_ad8232,98,True,synthetic_max30102,36.86,2231,1690,2097,0,False,False,0.033,0.097,0.946,False,normal_rest,synthetic_ad8232_normal_rest,real,False,0.9515324482118305,7.1203932475671605,77.2,1.0,normal_rest,False,0
2026-05-26 15:33:38,patient_001,71,True,synthetic_ad8232,98,True,synthetic_max30102,36.7,1815,1579,1959,0,False,False,0.027,-0.038,0.989,False,normal_rest,synthetic_ad8232_normal_rest,real,False,0.9900979749499541,6.3482280992415525,74.6,0.0,normal_rest,False,0
2026-05-26 15:33:43,patient_001,77,True,synthetic_ad8232,96,True,synthetic_max30102,36.0,2225,1701,2111,0,False,False,0.059,0.009,0.887,False,normal_rest,synthetic_ad8232_normal_rest,real,False,0.8890056242791718,5.176871642217915,73.6,2.0,normal_rest,False,0
2026-05-26 15:33:48,patient_001,72,True,synthetic_ad8232,96,True,synthetic_max30102,36.61,2000,1668,2070,0,False,False,0.054,0.125,1.007,False,normal_rest,synthetic_ad8232_normal_rest,real,False,1.0161643567848657,5.1478150704935,73.0,0.0,normal_rest,False,0
2026-05-26 15:33:53,patient_001,85,True,synthetic_ad8232,99,True,synthetic_max30102,36.71,2751,1710,2122,0,False,False,0.019,0.013,0.971,False,normal_rest,synthetic_ad8232_normal_rest,real,False,0.9712728761784712,5.674504383644443,76.8,0.0,normal_rest,False,0
2026-05-26 15:33:58,patient_001,74,True,synthetic_ad8232,97,True,synthetic_max30102,36.48,1640,1587,1969,0,False,False,0.03,0.068,0.9,False,normal_rest,synthetic_ad8232_normal_rest,real,False,0.9030636743884675,5.630275304103699,75.8,2.0,normal_rest,False,0
2026-05-26 15:34:03,patient_001,59,True,synthetic_ad8232,97,True,synthetic_max30102,36.17,1907,1556,1931,0,False,False,0.032,0.075,0.98,False,normal_rest,synthetic_ad8232_normal_rest,real,False,0.9833864957380694,9.449867723941962,73.4,0.0,normal_rest,False,0
2026-05-26 15:34:08,patient_001,86,True,synthetic_ad8232,97,True,synthetic_max30102,36.17,2350,1656,2055,0,False,False,0.062,0.021,1.016,False,normal_rest,synthetic_ad8232_normal_rest,real,False,1.018106575953618,11.03177229641729,75.2,0.0,normal_rest,False,0
2026-05-26 15:34:13,patient_001,70,True,synthetic_ad8232,98,True,synthetic_max30102,36.35,1575,1615,2004,0,False,False,-0.009,-0.033,1.017,False,normal_rest,synthetic_ad8232_normal_rest,real,False,1.0175750586566081,11.21160113453917,74.8,0.0,normal_rest,False,0
2026-05-26 15:34:18,patient_001,77,True,synthetic_ad8232,99,True,synthetic_max30102,35.83,2390,1667,2068,0,False,False,-0.02,-0.007,1.048,False,normal_rest,synthetic_ad8232_normal_rest,real,False,1.048214195668042,9.884331034521255,73.2,0.0,normal_rest,False,0
2026-05-26 15:34:23,patient_001,69,True,synthetic_ad8232,97,True,synthetic_max30102,36.51,2122,1657,2056,0,False,False,0.042,0.052,0.982,False,normal_rest,synthetic_ad8232_normal_rest,real,False,0.9842723200415625,10.03493896344168,72.2,2.0,normal_rest,False,0
2026-05-26 15:34:28,patient_001,84,True,synthetic_ad8232,99,True,synthetic_max30102,36.0,1186,1585,1967,0,False,False,-0.05,0.07,1.038,False,normal_rest,synthetic_ad8232_normal_rest,real,False,1.041558447711889,7.791020472312981,77.2,0.0,normal_rest,False,0
2026-05-26 15:34:33,patient_001,79,True,synthetic_ad8232,99,True,synthetic_max30102,36.85,1922,1650,2048,0,False,False,0.061,0.015,0.954,False,normal_rest,synthetic_ad8232_normal_rest,real,False,0.9560658973104311,6.300793600809346,75.8,0.0,normal_rest,False,0
2026-05-26 15:34:38,patient_001,70,True,synthetic_ad8232,100,True,synthetic_max30102,36.85,2274,1683,2088,0,False,False,0.085,-0.007,1.024,False,normal_rest,synthetic_ad8232_normal_rest,real,False,1.02754561942524,6.300793600809346,75.8,0.0,normal_rest,False,0
2026-05-26 15:34:43,patient_001,88,True,synthetic_ad8232,99,True,synthetic_max30102,36.59,1832,1665,2066,0,False,False,0.065,0.044,0.919,False,normal_rest,synthetic_ad8232_normal_rest,real,False,0.9223459220921401,8.396427811873332,78.0,1.0,normal_rest,False,0
2026-05-26 15:34:48,patient_001,68,True,synthetic_ad8232,100,True,synthetic_max30102,36.83,2117,1638,2032,0,False,False,0.094,0.04,1.044,False,normal_rest,synthetic_ad8232_normal_rest,real,False,1.0489861772206535,8.67179335547152,77.8,0.0,normal_rest,False,0
2026-05-26 15:34:53,patient_001,69,True,synthetic_ad8232,98,True,synthetic_max30102,36.42,2561,1761,2185,0,False,False,-0.012,0.028,0.987,False,normal_rest,synthetic_ad8232_normal_rest,real,False,0.9874699995442899,8.5848704125339,74.8,2.0,normal_rest,False,0
2026-05-26 15:34:58,patient_001,78,True,synthetic_ad8232,98,True,synthetic_max30102,36.41,1457,1597,1982,0,False,False,0.032,-0.013,0.984,False,normal_rest,synthetic_ad8232_normal_rest,real,False,0.9846060125755886,8.473488065725943,74.6,0.0,normal_rest,False,0
2026-05-26 15:35:03,patient_001,82,True,synthetic_ad8232,98,True,synthetic_max30102,35.95,2154,1723,2138,0,False,False,0.035,0.07,1.032,False,normal_rest,synthetic_ad8232_normal_rest,real,False,1.0349632843729288,8.54400374531753,77.0,0.0,normal_rest,False,0
2026-05-26 15:35:08,patient_001,71,True,synthetic_ad8232,97,True,synthetic_max30102,36.49,1501,1631,2024,0,False,False,0.055,0.081,1.034,False,normal_rest,synthetic_ad8232_normal_rest,real,False,1.0386250526537477,6.107372593840988,73.6,1.0,normal_rest,False,0
2026-05-26 15:35:13,patient_001,75,True,synthetic_ad8232,98,True,synthetic_max30102,36.35,2119,1602,1988,0,False,False,0.017,0.04,0.97,False,normal_rest,synthetic_ad8232_normal_rest,real,False,0.9709732231117396,5.244044240850759,75.0,0.0,normal_rest,False,0
2026-05-26 15:35:18,patient_001,75,True,synthetic_ad8232,98,True,synthetic_max30102,36.47,1053,1565,1942,0,False,False,-0.006,0.011,1.048,False,normal_rest,synthetic_ad8232_normal_rest,real,False,1.0480749019034852,4.086563348340511,76.2,0.0,normal_rest,False,0
2026-05-26 15:35:23,patient_001,63,True,synthetic_ad8232,98,True,synthetic_max30102,36.41,2714,1658,2058,0,False,False,0.035,0.079,0.883,False,normal_rest,synthetic_ad8232_normal_rest,real,False,0.8872175606918519,6.942621983083914,73.2,0.0,normal_rest,False,0
2026-05-26 15:35:28,patient_001,69,True,synthetic_ad8232,98,True,synthetic_max30102,36.21,2048,1764,2189,0,False,False,0.004,0.017,1.047,False,normal_rest,synthetic_ad8232_normal_rest,real,False,1.0471456441202436,4.979959839195495,70.6,0.0,normal_rest,False,0
2026-05-26 15:35:33,patient_001,93,True,synthetic_ad8232,98,True,synthetic_max30102,36.84,2694,1882,2336,0,False,False,0.036,0.035,1.005,False,normal_rest,synthetic_ad8232_normal_rest,real,False,1.006253447199064,11.224972160321826,75.0,0.0,normal_rest,False,0
2026-05-26 15:35:38,patient_001,72,True,synthetic_ad8232,99,True,synthetic_max30102,36.31,2066,1660,2060,0,False,False,0.02,0.066,0.991,False,normal_rest,synthetic_ad8232_normal_rest,real,False,0.9933966982026868,11.304866208850065,74.4,0.0,normal_rest,False,0
2026-05-26 15:35:43,patient_001,81,True,synthetic_ad8232,99,True,synthetic_max30102,35.92,2079,1647,2044,0,False,False,0.067,-0.009,0.932,False,normal_rest,synthetic_ad8232_normal_rest,real,False,0.9344485004536098,11.696153213770758,75.6,0.0,normal_rest,False,0
2026-05-26 15:35:48,patient_001,72,True,synthetic_ad8232,99,True,synthetic_max30102,36.06,1638,1661,2061,0,False,False,0.024,0.007,0.988,False,normal_rest,synthetic_ad8232_normal_rest,real,False,0.9883162449337762,9.813256340277679,77.4,0.0,normal_rest,False,0
2026-05-26 15:35:53,patient_001,84,True,synthetic_ad8232,98,True,synthetic_max30102,35.93,2033,1648,2045,0,False,False,-0.038,0.03,0.981,False,normal_rest,synthetic_ad8232_normal_rest,real,False,0.9821939726958214,8.848728722251579,80.4,1.0,normal_rest,False,0
2026-05-26 15:35:58,patient_001,80,True,synthetic_ad8232,99,True,synthetic_max30102,36.12,1973,1736,2154,0,False,False,-0.007,-0.014,1.002,False,normal_rest,synthetic_ad8232_normal_rest,real,False,1.002122248031646,5.495452665613642,77.8,0.0,normal_rest,False,0
2026-05-26 15:36:03,patient_001,58,True,synthetic_ad8232,96,True,synthetic_max30102,36.19,2432,1604,1991,0,False,False,0.018,0.014,0.992,False,normal_rest,synthetic_ad8232_normal_rest,real,False,0.9922620621589843,10.488088481701519,75.0,3.0,normal_rest,False,0
2026-05-26 15:36:08,patient_001,73,True,synthetic_ad8232,97,True,synthetic_max30102,36.52,2693,1633,2026,0,False,False,-0.021,0.046,0.994,False,normal_rest,synthetic_ad8232_normal_rest,real,False,0.995285386208398,9.939818911831345,73.4,0.0,normal_rest,False,0
2026-05-26 15:36:13,patient_001,73,True,synthetic_ad8232,100,True,synthetic_max30102,36.34,2141,1591,1974,0,False,False,-0.011,0.033,0.947,False,normal_rest,synthetic_ad8232_normal_rest,real,False,0.9476386442099118,9.914635646356354,73.6,0.0,normal_rest,False,0
2026-05-26 15:36:18,patient_001,82,True,synthetic_ad8232,97,True,synthetic_max30102,36.65,1377,1746,2167,0,False,False,0.086,0.087,1.011,False,normal_rest,synthetic_ad8232_normal_rest,real,False,1.0183741944884501,9.418067742376886,73.2,3.0,normal_rest,False,0
2026-05-26 15:36:23,patient_001,75,True,synthetic_ad8232,97,True,synthetic_max30102,36.43,2201,1633,2027,0,False,False,0.017,0.023,1.065,False,normal_rest,synthetic_ad8232_normal_rest,real,False,1.0653839683419306,8.75785361832453,72.2,0.0,normal_rest,False,0
2026-05-26 15:36:28,patient_001,76,True,synthetic_ad8232,98,True,synthetic_max30102,36.4,2317,1667,2069,0,False,False,0.058,0.077,1.056,False,normal_rest,synthetic_ad8232_normal_rest,real,False,1.0603909656348456,3.701351104664356,75.8,0.0,normal_rest,False,0
2026-05-26 15:36:33,patient_001,69,True,synthetic_ad8232,98,True,synthetic_max30102,36.64,2578,1671,2074,0,False,False,0.075,0.038,1.025,False,normal_rest,synthetic_ad8232_normal_rest,real,False,1.028442511762325,4.743416490252574,75.0,0.0,normal_rest,False,0
2026-05-26 15:36:38,patient_001,80,True,synthetic_ad8232,98,True,synthetic_max30102,36.48,2092,1533,1902,0,False,False,-0.077,0.045,0.844,False,normal_rest,synthetic_ad8232_normal_rest,real,False,0.8486990043590248,5.029910535983721,76.4,0.0,normal_rest,False,0
2026-05-26 15:36:43,patient_001,82,True,synthetic_ad8232,97,True,synthetic_max30102,36.22,2222,1653,2051,0,False,False,0.095,0.011,1.08,False,normal_rest,synthetic_ad8232_normal_rest,real,False,1.084225991202941,5.029910535983721,76.4,1.0,normal_rest,False,0
2026-05-26 15:36:48,patient_001,91,True,synthetic_ad8232,98,True,synthetic_max30102,36.15,1730,1646,2042,0,False,False,0.036,0.029,0.935,False,normal_rest,synthetic_ad8232_normal_rest,real,False,0.9361420832330956,8.080841540334774,79.6,0.0,normal_rest,False,0
2026-05-26 15:36:53,patient_001,85,True,synthetic_ad8232,98,True,synthetic_max30102,36.33,1533,1588,1970,0,False,False,0.036,0.039,1.015,False,normal_rest,synthetic_ad8232_normal_rest,real,False,1.0163867374183904,8.080841540334774,81.4,0.0,normal_rest,False,0
2026-05-26 15:36:58,patient_001,87,True,synthetic_ad8232,98,True,synthetic_max30102,36.05,2386,1674,2077,0,False,False,0.058,0.049,0.929,False,normal_rest,synthetic_ad8232_normal_rest,real,False,0.9320976343709924,4.301162633521319,85.0,0.0,normal_rest,False,0
2026-05-26 15:37:03,patient_001,81,True,synthetic_ad8232,99,True,synthetic_max30102,36.05,2744,1711,2123,0,False,False,0.053,0.018,0.971,False,normal_rest,synthetic_ad8232_normal_rest,real,False,0.9726119472842187,4.0249223594996275,85.2,0.0,normal_rest,False,0
2026-05-26 15:37:08,patient_001,92,True,synthetic_ad8232,100,True,synthetic_max30102,36.37,2422,1673,2076,0,False,False,0.054,0.061,0.995,False,normal_rest,synthetic_ad8232_normal_rest,real,False,0.9983296048900884,4.494441010848851,87.2,0.0,normal_rest,False,0
2026-05-26 15:37:13,patient_001,78,True,synthetic_ad8232,97,True,synthetic_max30102,36.3,1945,1694,2102,0,False,False,0.065,0.03,1.004,False,normal_rest,synthetic_ad8232_normal_rest,real,False,1.0065490549396985,5.412947441089746,84.6,3.0,normal_rest,False,0
2026-05-26 15:37:18,patient_001,84,True,synthetic_ad8232,98,True,synthetic_max30102,36.09,1536,1584,1965,0,False,False,0.098,0.01,0.924,False,normal_rest,synthetic_ad8232_normal_rest,real,False,0.9292362455264,5.412947441089746,84.4,0.0,normal_rest,False,0
2026-05-26 15:37:23,patient_001,78,True,synthetic_ad8232,98,True,synthetic_max30102,36.32,2339,1676,2080,0,False,False,0.065,0.044,1.003,False,normal_rest,synthetic_ad8232_normal_rest,real,False,1.0060665981931811,5.8137767414994554,82.6,0.0,normal_rest,False,0
2026-05-26 15:37:28,patient_001,61,True,synthetic_ad8232,98,True,synthetic_max30102,35.85,2207,1710,2122,0,False,False,0.041,0.03,1.032,False,normal_rest,synthetic_ad8232_normal_rest,real,False,1.0332497278005932,11.392980294900891,78.6,0.0,normal_rest,False,0
2026-05-26 15:37:33,patient_001,74,True,synthetic_ad8232,99,True,synthetic_max30102,36.27,2393,1699,2108,0,False,False,0.04,0.069,0.968,False,normal_rest,synthetic_ad8232_normal_rest,real,False,0.97128008318919,8.602325267042627,75.0,0.0,normal_rest,False,0
2026-05-26 15:37:38,patient_001,70,True,synthetic_ad8232,99,True,synthetic_max30102,36.57,2216,1602,1988,0,False,False,0.044,-0.0,0.956,False,normal_rest,synthetic_ad8232_normal_rest,real,False,0.9570120166434694,8.648699324175862,73.4,0.0,normal_rest,False,0
2026-05-26 15:37:43,patient_001,70,True,synthetic_ad8232,99,True,synthetic_max30102,36.09,2535,1545,1917,0,False,False,0.032,0.034,1.088,False,normal_rest,synthetic_ad8232_normal_rest,real,False,1.0890013774095972,6.308724118235003,70.6,0.0,normal_rest,False,0
2026-05-26 15:37:48,patient_001,79,True,synthetic_ad8232,98,True,synthetic_max30102,36.43,2484,1618,2008,0,False,False,0.058,0.024,1.048,False,normal_rest,synthetic_ad8232_normal_rest,real,False,1.049878088160716,6.610597552415364,70.8,1.0,normal_rest,False,0
2026-05-26 15:37:53,patient_001,73,True,synthetic_ad8232,98,True,synthetic_max30102,36.13,1553,1629,2021,0,False,False,0.058,0.088,0.987,False,normal_rest,synthetic_ad8232_normal_rest,real,False,0.9926112028382512,3.701351104664351,73.2,0.0,normal_rest,False,0
2026-05-26 15:37:58,patient_001,76,True,synthetic_ad8232,96,True,synthetic_max30102,36.17,2596,1606,1993,0,False,False,0.049,0.083,1.102,False,normal_rest,synthetic_ad8232_normal_rest,real,False,1.1062070330638838,3.911521443121591,73.6,2.0,normal_rest,False,0
2026-05-26 15:38:03,patient_001,80,True,synthetic_ad8232,98,True,synthetic_max30102,36.51,1281,1555,1929,0,False,False,0.042,0.034,0.974,False,normal_rest,synthetic_ad8232_normal_rest,real,False,0.9754978216275011,4.159326868617088,75.6,0.0,normal_rest,False,0
2026-05-26 15:38:08,patient_001,83,True,synthetic_ad8232,98,True,synthetic_max30102,36.25,2511,1608,1996,0,False,False,0.04,0.062,0.997,False,normal_rest,synthetic_ad8232_normal_rest,real,False,0.9997264625886423,3.834057902536167,78.2,0.0,normal_rest,False,0
2026-05-26 15:38:13,patient_001,91,True,synthetic_ad8232,99,True,synthetic_max30102,36.64,2332,1704,2114,0,False,False,0.09,0.075,1.015,False,normal_rest,synthetic_ad8232_normal_rest,real,False,1.0217387141534766,6.949820141557626,80.6,0.0,normal_rest,False,0
2026-05-26 15:38:18,patient_001,69,True,synthetic_ad8232,99,True,synthetic_max30102,36.06,2045,1740,2159,0,False,False,0.008,0.082,1.024,False,normal_rest,synthetic_ad8232_normal_rest,real,False,1.0273091063550444,8.167006795638171,79.8,0.0,normal_rest,False,0
2026-05-26 15:38:23,patient_001,69,True,synthetic_ad8232,98,True,synthetic_max30102,36.43,1648,1662,2063,0,False,False,0.043,0.075,0.976,False,normal_rest,synthetic_ad8232_normal_rest,real,False,0.9798214122992005,9.476286192385711,78.4,1.0,normal_rest,False,0
2026-05-26 15:38:28,patient_001,109,True,synthetic_ad8232,97,True,synthetic_max30102,36.49,2198,1804,2239,0,False,False,-0.002,-0.003,0.941,False,normal_light,synthetic_ad8232_normal_light,real,False,0.941006907519812,0.0,109.0,0.0,normal_light,False,0
2026-05-26 15:38:33,patient_001,103,True,synthetic_ad8232,94,True,synthetic_max30102,36.45,2607,1665,2066,0,False,False,-0.007,-0.093,1.239,False,normal_light,synthetic_ad8232_normal_light,real,False,1.2425051307741148,4.242640687119285,106.0,3.0,normal_light,False,0
2026-05-26 15:38:38,patient_001,106,True,synthetic_ad8232,97,True,synthetic_max30102,36.68,1686,1542,1914,0,False,False,0.041,0.339,0.572,False,normal_light,synthetic_ad8232_normal_light,real,False,0.666172650294201,3.0,106.0,0.0,normal_light,False,0
2026-05-26 15:38:43,patient_001,105,True,synthetic_ad8232,98,True,synthetic_max30102,36.83,2503,1692,2099,0,False,False,-0.029,0.213,1.175,False,normal_light,synthetic_ad8232_normal_light,real,False,1.1945019882779602,2.5,105.75,0.0,normal_light,False,0
2026-05-26 15:38:48,patient_001,107,True,synthetic_ad8232,96,True,synthetic_max30102,36.9,1282,1513,1877,0,False,False,0.06,0.03,1.255,False,normal_light,synthetic_ad8232_normal_light,real,False,1.2567915499397662,2.23606797749979,106.0,2.0,normal_light,False,0
2026-05-26 15:38:53,patient_001,94,True,synthetic_ad8232,96,True,synthetic_max30102,36.63,3033,1834,2276,0,False,False,-0.231,-0.147,0.835,False,normal_light,synthetic_ad8232_normal_light,real,False,0.8787462659949116,5.244044240850758,103.0,0.0,normal_light,False,0
2026-05-26 15:38:58,patient_001,101,True,synthetic_ad8232,96,True,synthetic_max30102,36.38,1398,1668,2070,0,False,False,-0.303,0.009,0.81,False,normal_light,synthetic_ad8232_normal_light,real,False,0.8648641511821381,5.319774431308154,102.6,0.0,normal_light,False,0
2026-05-26 15:39:03,patient_001,98,True,synthetic_ad8232,97,True,synthetic_max30102,36.8,2271,1616,2005,0,False,False,0.115,-0.208,1.144,False,normal_light,synthetic_ad8232_normal_light,real,False,1.168428431697894,5.244044240850757,101.0,0.0,normal_light,False,0
2026-05-26 15:39:08,patient_001,105,True,synthetic_ad8232,95,True,synthetic_max30102,36.61,2636,1783,2213,0,False,False,0.106,0.14,0.965,False,normal_light,synthetic_ad8232_normal_light,real,False,0.9808470828829537,5.244044240850757,101.0,2.0,normal_light,False,0
2026-05-26 15:39:13,patient_001,103,True,synthetic_ad8232,98,True,synthetic_max30102,37.24,1762,1778,2206,0,False,False,0.393,-0.191,0.823,False,normal_light,synthetic_ad8232_normal_light,real,False,0.9318041639743836,4.324349662087929,100.2,0.0,normal_light,False,0
2026-05-26 15:39:18,patient_001,93,True,synthetic_ad8232,96,True,synthetic_max30102,36.82,1637,1617,2006,0,False,False,0.022,-0.087,0.869,False,normal_light,synthetic_ad8232_normal_light,real,False,0.8736211993764803,4.690415759823428,100.0,2.0,normal_light,False,0
2026-05-26 15:39:23,patient_001,126,True,synthetic_ad8232,97,True,synthetic_max30102,36.95,1308,1521,1887,0,False,False,-0.048,-0.003,0.862,False,normal_light,synthetic_ad8232_normal_light,real,False,0.8633406048599822,12.629330940315088,105.0,0.0,normal_light,False,0
2026-05-26 15:39:28,patient_001,89,True,synthetic_ad8232,94,True,synthetic_max30102,36.37,2425,1689,2096,0,False,False,0.278,0.022,1.222,False,normal_light,synthetic_ad8232_normal_light,real,False,1.2534161320168173,14.394443372357264,103.2,3.0,normal_light,False,0
2026-05-26 15:39:33,patient_001,97,True,synthetic_ad8232,98,True,synthetic_max30102,36.9,1553,1632,2025,0,False,False,-0.064,0.131,1.092,False,normal_light,synthetic_ad8232_normal_light,real,False,1.1016900653087511,14.587666023048374,101.6,0.0,normal_light,False,0
2026-05-26 15:39:38,patient_001,94,True,synthetic_ad8232,97,True,synthetic_max30102,36.79,2772,1708,2120,0,False,False,-0.103,0.035,1.093,False,normal_light,synthetic_ad8232_normal_light,real,False,1.0984002002913145,14.923136399564267,99.8,1.0,normal_light,False,0
2026-05-26 15:39:43,patient_001,116,True,synthetic_ad8232,96,True,synthetic_max30102,37.17,1304,1662,2063,0,False,False,-0.056,0.218,1.002,False,normal_light,synthetic_ad8232_normal_light,real,False,1.0269683539428076,15.820872289478856,104.4,1.0,normal_light,False,0
2026-05-26 15:39:48,patient_001,103,True,synthetic_ad8232,95,True,synthetic_max30102,36.97,1755,1627,2019,0,False,False,0.313,-0.113,1.044,False,normal_light,synthetic_ad8232_normal_light,real,False,1.0957527093281585,10.377861051295685,99.8,1.0,normal_light,False,0
2026-05-26 15:39:53,patient_001,112,True,synthetic_ad8232,97,True,synthetic_max30102,37.19,1972,1741,2160,0,False,False,-0.047,0.21,1.008,False,normal_light,synthetic_ad8232_normal_light,real,False,1.030714800514672,9.44986772394196,104.4,0.0,normal_light,False,0
2026-05-26 15:39:58,patient_001,105,True,synthetic_ad8232,97,True,synthetic_max30102,36.47,2823,1784,2214,0,False,False,0.159,0.147,1.097,False,normal_light,synthetic_ad8232_normal_light,real,False,1.118167697619637,8.5146931829632,106.0,0.0,normal_light,False,0
2026-05-26 15:40:03,patient_001,102,True,synthetic_ad8232,98,True,synthetic_max30102,36.53,2018,1700,2110,0,False,False,0.044,-0.078,1.282,False,normal_light,synthetic_ad8232_normal_light,real,False,1.285124118519297,6.107372593840986,107.6,0.0,normal_light,False,0
2026-05-26 15:40:08,patient_001,116,True,synthetic_ad8232,94,True,synthetic_max30102,36.14,1976,1600,1986,0,False,False,0.183,0.041,1.035,False,normal_light,synthetic_ad8232_normal_light,real,False,1.0518531266293787,6.107372593840986,107.6,4.0,normal_light,False,0
2026-05-26 15:40:13,patient_001,123,True,synthetic_ad8232,98,True,synthetic_max30102,36.75,2485,1716,2130,0,False,False,-0.039,-0.041,0.607,False,normal_light,synthetic_ad8232_normal_light,real,False,0.6096318561230212,8.44393273303382,111.6,0.0,normal_light,False,0
2026-05-26 15:40:18,patient_001,91,True,synthetic_ad8232,96,True,synthetic_max30102,36.38,2433,1705,2116,0,False,False,-0.134,0.04,0.615,False,normal_light,synthetic_ad8232_normal_light,real,False,0.630698818771686,12.461942063739505,107.4,2.0,normal_light,False,0
2026-05-26 15:40:23,patient_001,103,True,synthetic_ad8232,94,True,synthetic_max30102,36.42,2318,1596,1980,0,False,False,0.262,-0.47,0.927,False,normal_light,synthetic_ad8232_normal_light,real,False,1.071854934214514,12.589678312014172,107.0,2.0,normal_light,False,0
2026-05-26 15:40:28,patient_001,99,True,synthetic_ad8232,98,True,synthetic_max30102,36.86,2448,1570,1948,0,False,False,0.371,-0.007,1.058,False,normal_light,synthetic_ad8232_normal_light,real,False,1.1211841953934243,12.953763931769023,106.4,0.0,normal_light,False,0
2026-05-26 15:40:33,patient_001,98,True,synthetic_ad8232,96,True,synthetic_max30102,36.69,1431,1691,2098,0,False,False,-0.241,0.071,1.164,False,normal_light,synthetic_ad8232_normal_light,real,False,1.1908056096609554,12.091319200153475,102.8,2.0,normal_light,False,0
2026-05-26 15:40:38,patient_001,104,True,synthetic_ad8232,98,True,synthetic_max30102,36.17,2898,1706,2117,0,False,False,-0.153,0.188,1.039,False,normal_light,synthetic_ad8232_normal_light,real,False,1.066899245477285,5.147815070493503,99.0,0.0,normal_light,False,0
2026-05-26 15:40:43,patient_001,109,True,synthetic_ad8232,98,True,synthetic_max30102,37.4,1905,1713,2126,0,False,False,0.002,-0.114,1.067,False,normal_light,synthetic_ad8232_normal_light,real,False,1.073074554725812,4.393176527297764,102.6,0.0,normal_light,False,0
2026-05-26 15:40:48,patient_001,96,True,synthetic_ad8232,100,True,synthetic_max30102,36.79,2285,1651,2049,0,False,False,-0.092,0.195,0.97,False,normal_light,synthetic_ad8232_normal_light,real,False,0.9936744939868387,5.263078946776311,101.2,0.0,normal_light,False,0
2026-05-26 15:40:53,patient_001,93,True,synthetic_ad8232,97,True,synthetic_max30102,37.24,1924,1637,2031,0,False,False,0.124,-0.038,0.899,False,normal_light,synthetic_ad8232_normal_light,real,False,0.9083066662752178,6.442049363362566,100.0,3.0,normal_light,False,0
2026-05-26 15:40:58,patient_001,102,True,synthetic_ad8232,98,True,synthetic_max30102,36.21,2541,1598,1983,0,False,False,0.195,-0.038,1.058,False,normal_light,synthetic_ad8232_normal_light,real,False,1.0764910589503287,6.379655163094636,100.8,0.0,normal_light,False,0
2026-05-26 15:41:03,patient_001,116,True,synthetic_ad8232,98,True,synthetic_max30102,36.28,2249,1689,2096,0,False,False,0.189,0.103,0.701,False,normal_light,synthetic_ad8232_normal_light,real,False,0.7333014387003478,9.418067742376884,103.2,0.0,normal_light,False,0
2026-05-26 15:41:08,patient_001,110,True,synthetic_ad8232,97,True,synthetic_max30102,36.78,1994,1662,2063,0,False,False,0.305,0.251,0.474,False,normal_light,synthetic_ad8232_normal_light,real,False,0.6170105347560931,9.581231653602789,103.4,1.0,normal_light,False,0
2026-05-26 15:41:13,patient_001,89,True,synthetic_ad8232,97,True,synthetic_max30102,37.05,2624,1614,2003,0,False,False,-0.156,0.091,0.825,False,normal_light,synthetic_ad8232_normal_light,real,False,0.844536559303385,11.291589790636214,102.0,0.0,normal_light,False,0
2026-05-26 15:41:18,patient_001,100,True,synthetic_ad8232,98,True,synthetic_max30102,36.18,1533,1712,2125,0,False,False,0.375,0.138,0.957,False,normal_light,synthetic_ad8232_normal_light,real,False,1.0370718393631175,10.285912696499032,103.4,0.0,normal_light,False,0
2026-05-26 15:41:23,patient_001,116,True,synthetic_ad8232,97,True,synthetic_max30102,36.64,2394,1708,2120,0,False,False,-0.048,-0.075,1.115,False,normal_light,synthetic_ad8232_normal_light,real,False,1.1185499541817523,11.627553482998907,106.2,1.0,normal_light,False,0
2026-05-26 15:41:28,patient_001,105,True,synthetic_ad8232,98,True,synthetic_max30102,36.58,1841,1772,2199,0,False,False,0.441,-0.252,1.217,False,normal_light,synthetic_ad8232_normal_light,real,False,1.3187395497216272,10.27131929208707,104.0,0.0,normal_light,False,0
2026-05-26 15:41:33,patient_001,125,True,synthetic_ad8232,98,True,synthetic_max30102,36.97,2732,1728,2144,0,False,False,0.045,-0.009,0.952,False,normal_light,synthetic_ad8232_normal_light,real,False,0.9531054506191852,13.982131454109563,107.0,0.0,normal_light,False,0
2026-05-26 15:41:38,patient_001,107,True,synthetic_ad8232,96,True,synthetic_max30102,36.93,1673,1662,2063,0,False,False,0.206,0.148,1.124,False,normal_light,synthetic_ad8232_normal_light,real,False,1.1522655943835172,9.914635646356352,110.6,2.0,normal_light,False,0
2026-05-26 15:41:43,patient_001,97,True,synthetic_ad8232,95,True,synthetic_max30102,36.77,2437,1584,1966,0,False,False,0.025,-0.049,0.458,False,normal_light,synthetic_ad8232_normal_light,real,False,0.4612916647848734,10.77032961426901,110.0,1.0,normal_light,False,0
2026-05-26 15:41:48,patient_001,99,True,synthetic_ad8232,98,True,synthetic_max30102,36.31,2909,1831,2272,0,False,False,0.299,0.004,1.042,False,normal_light,synthetic_ad8232_normal_light,real,False,1.0840576552932968,11.081516141756056,106.6,0.0,normal_light,False,0
2026-05-26 15:41:53,patient_001,102,True,synthetic_ad8232,96,True,synthetic_max30102,36.61,2156,1776,2204,0,False,False,0.132,0.011,0.919,False,normal_light,synthetic_ad8232_normal_light,real,False,0.9284966343503891,11.269427669584646,106.0,2.0,normal_light,False,0
2026-05-26 15:41:58,patient_001,126,True,synthetic_ad8232,97,True,synthetic_max30102,37.2,2233,1644,2040,0,False,False,0.104,0.203,0.86,False,normal_light,synthetic_ad8232_normal_light,real,False,0.8897331060492242,11.691877522451218,106.2,0.0,normal_light,False,0
2026-05-26 15:42:03,patient_001,114,True,synthetic_ad8232,97,True,synthetic_max30102,36.34,2578,1696,2105,0,False,False,-0.205,-0.227,0.672,False,normal_light,synthetic_ad8232_normal_light,real,False,0.7383346124894864,12.218837915284745,107.6,0.0,normal_light,False,0
2026-05-26 15:42:08,patient_001,105,True,synthetic_ad8232,94,True,synthetic_max30102,36.65,2766,1652,2050,0,False,False,0.011,0.407,0.728,False,normal_light,synthetic_ad8232_normal_light,real,False,0.8341186965894003,10.940749517286283,109.2,3.0,normal_light,False,0
2026-05-26 15:42:13,patient_001,109,True,synthetic_ad8232,98,True,synthetic_max30102,36.73,1586,1743,2163,0,False,False,0.099,0.17,0.844,False,normal_light,synthetic_ad8232_normal_light,real,False,0.866623909201679,9.418067742376886,111.2,0.0,normal_light,False,0
2026-05-26 15:42:18,patient_001,108,True,synthetic_ad8232,97,True,synthetic_max30102,36.53,1593,1658,2057,0,False,False,0.036,-0.082,0.797,False,normal_light,synthetic_ad8232_normal_light,real,False,0.8020155858834666,8.264381404557758,112.4,1.0,normal_light,False,0
2026-05-26 15:42:23,patient_001,108,True,synthetic_ad8232,95,True,synthetic_max30102,36.9,2339,1773,2200,0,False,False,-0.173,-0.072,0.878,False,normal_light,synthetic_ad8232_normal_light,real,False,0.8977733566997853,3.271085446759237,108.8,2.0,normal_light,False,0
2026-05-26 15:42:28,patient_001,103,True,synthetic_ad8232,98,True,synthetic_max30102,36.11,2316,1681,2086,0,False,False,0.032,0.39,1.014,False,normal_light,synthetic_ad8232_normal_light,real,False,1.0868854585465757,2.50998007960224,106.6,0.0,normal_light,False,0
2026-05-26 15:42:33,patient_001,113,True,synthetic_ad8232,94,True,synthetic_max30102,36.23,1254,1666,2067,0,False,False,0.078,-0.099,1.226,False,normal_light,synthetic_ad8232_normal_light,real,False,1.2324613584206199,3.563705936241101,108.2,4.0,normal_light,False,0
2026-05-26 15:42:38,patient_001,94,True,synthetic_ad8232,94,True,synthetic_max30102,36.63,2097,1748,2169,0,False,False,0.006,-0.046,1.184,False,normal_light,synthetic_ad8232_normal_light,real,False,1.1849084352809713,7.190271204899025,105.2,0.0,normal_light,False,0
2026-05-26 15:42:43,patient_001,86,True,synthetic_ad8232,98,True,synthetic_max30102,36.86,1824,1795,2227,0,False,False,0.096,0.207,0.78,False,normal_light,synthetic_ad8232_normal_light,real,False,0.8126899777898089,10.848963084092418,100.8,0.0,normal_light,False,0
2026-05-26 15:42:48,patient_001,112,True,synthetic_ad8232,95,True,synthetic_max30102,36.44,2069,1703,2113,0,False,False,0.313,-0.017,1.141,False,normal_light,synthetic_ad8232_normal_light,real,False,1.1832746933827327,11.63185281887628,101.6,3.0,normal_light,False,0
2026-05-26 15:42:53,patient_001,117,True,synthetic_ad8232,97,True,synthetic_max30102,36.2,1663,1585,1967,0,False,False,-0.105,0.129,1.061,False,normal_light,synthetic_ad8232_normal_light,real,False,1.0739585653087367,13.575713609236166,104.4,0.0,normal_light,False,0
2026-05-26 15:42:58,patient_001,100,True,synthetic_ad8232,96,True,synthetic_max30102,36.31,2084,1729,2145,0,False,False,-0.073,-0.101,1.129,False,normal_light,synthetic_ad8232_normal_light,real,False,1.1358569452180147,12.735776379946378,101.8,1.0,normal_light,False,0
2026-05-26 15:43:03,patient_001,101,True,synthetic_ad8232,97,True,synthetic_max30102,36.47,2047,1595,1979,0,False,False,-0.166,-0.139,0.876,False,normal_light,synthetic_ad8232_normal_light,real,False,0.9023596843831179,12.029131306956462,103.2,0.0,normal_light,False,0
2026-05-26 15:43:08,patient_001,112,True,synthetic_ad8232,95,True,synthetic_max30102,36.71,1439,1587,1969,0,False,False,0.0,0.091,0.988,False,normal_light,synthetic_ad8232_normal_light,real,False,0.9921819389607937,7.503332592921631,108.4,2.0,normal_light,False,0
2026-05-26 15:43:13,patient_001,105,True,synthetic_ad8232,98,True,synthetic_max30102,36.08,1835,1716,2130,0,False,False,0.102,0.244,0.962,False,normal_light,synthetic_ad8232_normal_light,real,False,0.9976893304030068,7.314369419163901,107.0,0.0,normal_light,False,0
2026-05-26 15:43:18,patient_001,104,True,synthetic_ad8232,95,True,synthetic_max30102,36.04,1372,1583,1964,0,False,False,0.21,-0.147,0.908,False,normal_light,synthetic_ad8232_normal_light,real,False,0.943489798567001,4.722287581247044,104.4,3.0,normal_light,False,0
2026-05-26 15:43:23,patient_001,103,True,synthetic_ad8232,96,True,synthetic_max30102,36.81,1766,1784,2214,0,False,False,0.121,0.088,1.033,False,normal_light,synthetic_ad8232_normal_light,real,False,1.0437787121799331,4.183300132670384,105.0,0.0,normal_light,False,0
2026-05-26 15:43:28,patient_001,105,True,synthetic_ad8232,99,True,synthetic_max30102,37.05,2208,1713,2126,0,False,False,-0.216,-0.026,1.234,False,normal_light,synthetic_ad8232_normal_light,real,False,1.2530315239450283,3.563705936241099,105.8,0.0,normal_light,False,0
2026-05-26 15:43:33,patient_001,103,True,synthetic_ad8232,96,True,synthetic_max30102,36.78,2246,1630,2023,0,False,False,-0.005,0.022,1.004,False,normal_light,synthetic_ad8232_normal_light,real,False,1.0042534540642616,1.0000000000000213,104.0,3.0,normal_light,False,0
2026-05-26 15:43:38,patient_001,130,True,synthetic_ad8232,95,True,synthetic_max30102,36.79,2677,1759,2183,0,False,False,-0.097,0.134,0.998,False,normal_light,synthetic_ad8232_normal_light,real,False,1.0116170223953331,11.768602295939822,109.0,1.0,normal_light,False,0
2026-05-26 15:43:43,patient_001,107,True,synthetic_ad8232,99,True,synthetic_max30102,36.04,1633,1597,1982,0,False,False,0.326,0.098,1.184,False,normal_light,synthetic_ad8232_normal_light,real,False,1.2319642851966122,11.523888232710348,109.6,0.0,normal_light,False,0
2026-05-26 15:43:48,patient_001,106,True,synthetic_ad8232,97,True,synthetic_max30102,36.78,1999,1680,2085,0,False,False,0.235,-0.288,1.165,False,normal_light,synthetic_ad8232_normal_light,real,False,1.2228630340312034,11.166915420114906,110.2,2.0,normal_light,False,0
2026-05-26 15:43:53,patient_001,92,True,synthetic_ad8232,98,True,synthetic_max30102,36.02,2546,1656,2055,0,False,False,0.157,-0.239,1.0,False,normal_light,synthetic_ad8232_normal_light,real,False,1.0400817275579837,13.86722755275906,107.6,0.0,normal_light,False,0
2026-05-26 15:43:58,patient_001,103,True,synthetic_ad8232,96,True,synthetic_max30102,36.56,1402,1660,2060,0,False,False,0.269,0.127,0.921,False,normal_light,synthetic_ad8232_normal_light,real,False,0.9678486451920052,13.86722755275906,107.6,2.0,normal_light,False,0
2026-05-26 15:44:03,patient_001,108,True,synthetic_ad8232,95,True,synthetic_max30102,36.91,2833,1675,2078,0,False,False,0.063,0.46,0.792,False,normal_light,synthetic_ad8232_normal_light,real,False,0.9180593662721382,6.534523701081814,103.2,1.0,normal_light,False,0
2026-05-26 15:44:08,patient_001,116,True,synthetic_ad8232,96,True,synthetic_max30102,36.76,1420,1685,2091,0,False,False,0.04,0.081,0.864,False,normal_light,synthetic_ad8232_normal_light,real,False,0.8687099631062142,8.717797887081346,105.0,0.0,normal_light,False,0
2026-05-26 15:44:13,patient_001,106,True,synthetic_ad8232,98,True,synthetic_max30102,36.64,1905,1630,2023,0,False,False,-0.251,0.208,1.056,False,normal_light,synthetic_ad8232_normal_light,real,False,1.1051701226508073,8.717797887081346,105.0,0.0,normal_light,False,0
2026-05-26 15:44:18,patient_001,91,True,synthetic_ad8232,96,True,synthetic_max30102,36.55,2122,1626,2018,0,False,False,0.261,-0.085,1.105,False,normal_light,synthetic_ad8232_normal_light,real,False,1.13858289114144,9.093954035511723,104.8,2.0,normal_light,False,0
2026-05-26 15:44:23,patient_001,104,True,synthetic_ad8232,98,True,synthetic_max30102,36.55,2147,1592,1975,0,False,False,-0.243,-0.219,0.894,False,normal_light,synthetic_ad8232_normal_light,real,False,0.9519695373277446,9.055385138137414,105.0,0.0,normal_light,False,0
2026-05-26 15:44:28,patient_001,101,True,synthetic_ad8232,100,True,synthetic_max30102,36.21,1112,1683,2089,0,False,False,0.077,-0.173,0.901,False,normal_light,synthetic_ad8232_normal_light,real,False,0.9206839848721167,9.016651263079877,103.6,0.0,normal_light,False,0
2026-05-26 15:44:33,patient_001,107,True,synthetic_ad8232,100,True,synthetic_max30102,36.57,1080,1641,2036,0,False,False,0.087,0.214,0.96,False,normal_light,synthetic_ad8232_normal_light,real,False,0.987403159808596,6.457553716385171,101.8,0.0,normal_light,False,0
2026-05-26 15:44:38,patient_001,111,True,synthetic_ad8232,97,True,synthetic_max30102,36.42,1581,1727,2143,0,False,False,0.063,-0.075,0.895,False,normal_light,synthetic_ad8232_normal_light,real,False,0.9003438232142208,7.56306816047561,102.8,3.0,normal_light,False,0
2026-05-26 15:44:43,patient_001,114,True,synthetic_ad8232,95,True,synthetic_max30102,36.51,1794,1625,2016,0,False,False,0.386,0.233,1.008,False,normal_light,synthetic_ad8232_normal_light,real,False,1.1042413685422223,5.224940191045246,107.4,2.0,normal_light,False,0
2026-05-26 15:44:48,patient_001,106,True,synthetic_ad8232,97,True,synthetic_max30102,36.67,2424,1644,2040,0,False,False,0.034,-0.009,0.73,False,normal_light,synthetic_ad8232_normal_light,real,False,0.7308467691657397,4.969909455915664,107.8,0.0,normal_light,False,0
2026-05-26 15:44:53,patient_001,93,True,synthetic_ad8232,97,True,synthetic_max30102,36.47,1558,1700,2109,0,False,False,0.06,-0.04,1.256,False,normal_light,synthetic_ad8232_normal_light,real,False,1.2580683606227445,8.043631020876079,106.2,0.0,normal_light,False,0
2026-05-26 15:44:58,patient_001,111,True,synthetic_ad8232,96,True,synthetic_max30102,36.54,1766,1633,2026,0,False,False,0.096,-0.059,1.151,False,normal_light,synthetic_ad8232_normal_light,real,False,1.1565024859463122,8.33666600026653,107.0,1.0,normal_light,False,0
2026-05-26 15:45:03,patient_001,99,True,synthetic_ad8232,96,True,synthetic_max30102,37.01,2017,1601,1987,0,False,False,0.153,0.338,1.398,False,normal_light,synthetic_ad8232_normal_light,real,False,1.4463944828434598,8.619744775803975,104.6,0.0,normal_light,False,0
2026-05-26 15:45:08,patient_001,94,True,synthetic_ad8232,96,True,synthetic_max30102,36.52,2318,1583,1964,0,False,False,-0.15,-0.159,0.964,False,normal_light,synthetic_ad8232_normal_light,real,False,0.9884720532215364,7.765307463326864,100.6,0.0,normal_light,False,0
2026-05-26 15:45:13,patient_001,97,True,synthetic_ad8232,100,True,synthetic_max30102,36.57,2292,1746,2167,0,False,False,0.053,-0.203,1.297,False,normal_light,synthetic_ad8232_normal_light,real,False,1.3138595815383012,7.224956747275369,98.8,0.0,normal_light,False,0
2026-05-26 15:45:18,patient_001,93,True,synthetic_ad8232,97,True,synthetic_max30102,36.39,1446,1498,1859,0,False,False,0.303,0.176,1.007,False,normal_light,synthetic_ad8232_normal_light,real,False,1.0662241790542923,7.224956747275369,98.8,3.0,normal_light,False,0
2026-05-26 15:45:23,patient_001,111,True,synthetic_ad8232,99,True,synthetic_max30102,37.01,1947,1571,1950,0,False,False,-0.247,0.084,1.173,False,normal_light,synthetic_ad8232_normal_light,real,False,1.201663014326396,7.224956747275369,98.8,0.0,normal_light,False,0
2026-05-26 15:45:28,patient_001,107,True,synthetic_ad8232,97,True,synthetic_max30102,36.18,1852,1642,2038,0,False,False,-0.019,-0.029,0.963,False,normal_light,synthetic_ad8232_normal_light,real,False,0.9636238892846108,8.11171991626929,100.4,2.0,normal_light,False,0
2026-05-26 15:45:33,patient_001,105,True,synthetic_ad8232,98,True,synthetic_max30102,36.61,2124,1712,2124,0,False,False,-0.034,0.047,0.644,False,normal_light,synthetic_ad8232_normal_light,real,False,0.6466072996804165,7.402702209328689,102.6,0.0,normal_light,False,0
2026-05-26 15:45:38,patient_001,105,True,synthetic_ad8232,98,True,synthetic_max30102,36.15,1903,1690,2097,0,False,False,-0.315,0.079,0.989,False,normal_light,synthetic_ad8232_normal_light,real,False,1.040954850125595,6.723094525588635,104.2,0.0,normal_light,False,0
2026-05-26 15:45:43,patient_001,111,True,synthetic_ad8232,98,True,synthetic_max30102,36.84,2466,1769,2195,0,False,False,-0.007,-0.349,1.128,False,normal_light,synthetic_ad8232_normal_light,real,False,1.1807768629169526,3.0331501776205982,107.8,0.0,normal_light,False,0
2026-05-26 15:45:48,patient_001,97,True,synthetic_ad8232,98,True,synthetic_max30102,36.94,2159,1721,2135,0,False,False,0.321,-0.128,0.949,False,normal_light,synthetic_ad8232_normal_light,real,False,1.0099633656722407,5.099019513592771,105.0,0.0,normal_light,False,0
2026-05-26 15:45:53,patient_001,95,True,synthetic_ad8232,98,True,synthetic_max30102,36.86,1817,1769,2195,0,False,False,0.056,0.07,0.943,False,normal_light,synthetic_ad8232_normal_light,real,False,0.947251286618287,6.542170893518439,102.6,0.0,normal_light,False,0
2026-05-26 15:45:58,patient_001,100,True,synthetic_ad8232,97,True,synthetic_max30102,36.95,1609,1675,2079,0,False,False,-0.23,-0.206,0.623,False,normal_light,synthetic_ad8232_normal_light,real,False,0.6953164747077406,6.465291950097834,101.6,1.0,normal_light,False,0
2026-05-26 15:46:03,patient_001,102,True,synthetic_ad8232,98,True,synthetic_max30102,36.52,1828,1708,2119,0,False,False,0.082,-0.024,1.111,False,normal_light,synthetic_ad8232_normal_light,real,False,1.1142804853357167,6.204836822995416,101.0,0.0,normal_light,False,0
2026-05-26 15:46:08,patient_001,103,True,synthetic_ad8232,98,True,synthetic_max30102,36.81,2630,1773,2200,0,False,False,-0.211,0.148,0.795,False,normal_light,synthetic_ad8232_normal_light,real,False,0.8357332110189232,3.361547262794298,99.4,0.0,normal_light,False,0
2026-05-26 15:46:13,patient_001,108,True,synthetic_ad8232,97,True,synthetic_max30102,36.64,1925,1741,2161,0,False,False,0.162,-0.037,1.032,False,normal_light,synthetic_ad8232_normal_light,real,False,1.0452927819515447,4.722287581247022,101.6,1.0,normal_light,False,0
2026-05-26 15:46:18,patient_001,99,True,synthetic_ad8232,95,True,synthetic_max30102,36.4,1513,1770,2196,0,False,False,-0.289,0.161,1.316,False,normal_light,synthetic_ad8232_normal_light,real,False,1.3569443614238574,3.5071355833500166,102.4,2.0,normal_light,False,0
2026-05-26 15:46:23,patient_001,112,True,synthetic_ad8232,99,True,synthetic_max30102,36.57,2086,1613,2002,0,False,False,0.058,-0.331,1.038,False,normal_light,synthetic_ad8232_normal_light,real,False,1.0910403292271098,5.167204273105512,104.8,0.0,normal_light,False,0
2026-05-26 15:46:28,patient_001,91,True,synthetic_ad8232,98,True,synthetic_max30102,36.99,1797,1645,2041,0,False,False,-0.101,-0.175,0.602,False,normal_light,synthetic_ad8232_normal_light,real,False,0.6350039369956694,8.142481194328903,102.6,1.0,normal_light,False,0
2026-05-26 15:46:33,patient_001,91,True,synthetic_ad8232,98,True,synthetic_max30102,36.57,2060,1704,2115,0,False,False,-0.154,-0.07,1.183,False,normal_light,synthetic_ad8232_normal_light,real,False,1.195033472334562,9.62808392152872,100.2,0.0,normal_light,False,0
2026-05-26 15:46:38,patient_001,111,True,synthetic_ad8232,95,True,synthetic_max30102,36.71,2239,1632,2025,0,False,False,0.067,-0.055,1.068,False,normal_light,synthetic_ad8232_normal_light,real,False,1.0715120157982365,10.305338422390594,100.8,3.0,normal_light,False,0
2026-05-26 15:46:43,patient_001,110,True,synthetic_ad8232,94,True,synthetic_max30102,37.03,1447,1662,2063,0,False,False,-0.509,-0.081,1.175,False,normal_light,synthetic_ad8232_normal_light,real,False,1.2830693667919908,10.97724920005007,103.0,1.0,normal_light,False,0
2026-05-26 15:46:48,patient_001,95,True,synthetic_ad8232,98,True,synthetic_max30102,36.16,1592,1627,2019,0,False,False,0.243,0.02,0.775,False,normal_light,synthetic_ad8232_normal_light,real,False,0.812449383038722,10.089598604503545,99.6,0.0,normal_light,False,0
2026-05-26 15:46:53,patient_001,113,True,synthetic_ad8232,98,True,synthetic_max30102,36.22,2653,1595,1979,0,False,False,-0.033,-0.125,1.223,False,normal_light,synthetic_ad8232_normal_light,real,False,1.2298142136111454,10.198039027185564,104.0,0.0,normal_light,False,0
2026-05-26 15:46:58,patient_001,105,True,synthetic_ad8232,95,True,synthetic_max30102,36.51,1063,1595,1979,0,False,False,-0.104,-0.199,1.007,False,normal_light,synthetic_ad8232_normal_light,real,False,1.0317296157424192,7.224956747275369,106.8,3.0,normal_light,False,0
2026-05-26 15:47:03,patient_001,102,True,synthetic_ad8232,94,True,synthetic_max30102,36.49,2187,1679,2084,0,False,False,-0.124,-0.127,1.35,False,normal_light,synthetic_ad8232_normal_light,real,False,1.3616185222006933,7.035623639735136,105.0,1.0,normal_light,False,0
2026-05-26 15:47:08,patient_001,89,True,synthetic_ad8232,96,True,synthetic_max30102,36.76,1790,1641,2036,0,False,False,-0.144,0.193,0.774,False,normal_light,synthetic_ad8232_normal_light,real,False,0.8105929928145197,9.230384607371453,100.8,0.0,normal_light,False,0
2026-05-26 15:47:13,patient_001,106,True,synthetic_ad8232,96,True,synthetic_max30102,36.62,2068,1696,2105,0,False,False,-0.003,-0.102,1.077,False,normal_light,synthetic_ad8232_normal_light,real,False,1.0818234606441108,8.803408430829498,103.0,0.0,normal_light,False,0
2026-05-26 15:47:18,patient_001,101,True,synthetic_ad8232,98,True,synthetic_max30102,36.63,2286,1582,1963,0,False,False,-0.015,0.049,1.295,False,normal_light,synthetic_ad8232_normal_light,real,False,1.2960135030160758,6.804410334481592,100.6,0.0,normal_light,False,0
2026-05-26 15:47:23,patient_001,88,True,synthetic_ad8232,97,True,synthetic_max30102,37.14,1956,1662,2062,0,False,False,0.128,0.061,0.889,False,normal_light,synthetic_ad8232_normal_light,real,False,0.9002366355575627,8.167006795638159,97.2,1.0,normal_light,False,0
2026-05-26 15:47:28,patient_001,98,True,synthetic_ad8232,97,True,synthetic_max30102,36.76,2335,1697,2106,0,False,False,-0.098,-0.115,0.745,False,normal_light,synthetic_ad8232_normal_light,real,False,0.7601670868960323,7.765307463326863,96.4,0.0,normal_light,False,0
2026-05-26 15:47:33,patient_001,107,True,synthetic_ad8232,98,True,synthetic_max30102,36.72,2971,1645,2041,0,False,False,0.111,0.085,0.974,False,normal_light,synthetic_ad8232_normal_light,real,False,0.983982723425569,7.648529270389169,100.0,0.0,normal_light,False,0
2026-05-26 15:47:38,patient_001,101,True,synthetic_ad8232,96,True,synthetic_max30102,36.82,1602,1667,2069,0,False,False,0.085,-0.223,1.192,False,normal_light,synthetic_ad8232_normal_light,real,False,1.2156553787977906,6.96419413859205,99.0,2.0,normal_light,False,0
2026-05-26 15:47:43,patient_001,116,True,synthetic_ad8232,98,True,synthetic_max30102,36.35,2301,1800,2234,0,False,False,0.36,0.149,0.988,False,normal_light,synthetic_ad8232_normal_light,real,False,1.0620475507245426,10.416333327999823,102.0,0.0,normal_light,False,0
2026-05-26 15:47:48,patient_001,105,True,synthetic_ad8232,96,True,synthetic_max30102,36.86,2065,1687,2094,0,False,False,0.126,0.033,0.848,False,normal_light,synthetic_ad8232_normal_light,real,False,0.8579446369084662,6.877499545619749,105.4,2.0,normal_light,False,0
2026-05-26 15:47:53,patient_001,93,True,synthetic_ad8232,95,True,synthetic_max30102,36.86,1970,1754,2177,0,False,False,-0.428,0.067,0.904,False,normal_light,synthetic_ad8232_normal_light,real,False,1.0024415194912868,8.414273587185043,104.4,1.0,normal_light,False,0
2026-05-26 15:47:58,patient_001,111,True,synthetic_ad8232,96,True,synthetic_max30102,36.73,2131,1617,2007,0,False,False,0.173,-0.053,1.169,False,normal_light,synthetic_ad8232_normal_light,real,False,1.182919692963136,8.89943818451479,105.2,0.0,normal_light,False,0
2026-05-26 15:48:03,patient_001,113,True,synthetic_ad8232,98,True,synthetic_max30102,37.24,2359,1733,2150,0,False,False,-0.097,-0.218,0.811,False,normal_light,synthetic_ad8232_normal_light,real,False,0.8453721074177928,9.099450532861855,107.6,0.0,normal_light,False,0
2026-05-26 15:48:08,patient_001,106,True,synthetic_ad8232,95,True,synthetic_max30102,36.91,2361,1705,2116,0,False,False,-0.18,0.239,1.504,False,normal_light,synthetic_ad8232_normal_light,real,False,1.5334722038563333,7.797435475847163,105.6,3.0,normal_light,False,0
2026-05-26 15:48:13,patient_001,101,True,synthetic_ad8232,94,True,synthetic_max30102,36.53,2260,1693,2101,0,False,False,-0.157,-0.23,1.3,False,normal_light,synthetic_ad8232_normal_light,real,False,1.3294920082497677,8.074651695274532,104.8,1.0,normal_light,False,0
2026-05-26 15:48:18,patient_001,102,True,synthetic_ad8232,97,True,synthetic_max30102,36.97,1459,1652,2050,0,False,False,0.034,0.126,0.955,False,normal_light,synthetic_ad8232_normal_light,real,False,0.9638760293730725,5.319774431308143,106.6,0.0,normal_light,False,0
2026-05-26 15:48:23,patient_001,87,True,synthetic_ad8232,97,True,synthetic_max30102,36.72,1491,1511,1875,0,False,False,-0.192,0.024,1.0,False,normal_light,synthetic_ad8232_normal_light,real,False,1.0185479861057112,9.523654760647293,101.8,0.0,normal_light,False,0
2026-05-26 15:48:28,patient_001,136,True,synthetic_ad8232,97,True,synthetic_max30102,36.63,1921,1707,2118,0,False,False,0.095,0.388,1.262,False,normal_moderate,synthetic_ad8232_normal_moderate,real,False,1.3237118266450596,0.0,136.0,0.0,normal_moderate,False,0
2026-05-26 15:48:33,patient_001,126,True,synthetic_ad8232,97,True,synthetic_max30102,37.06,2450,1708,2120,0,False,False,0.26,0.076,1.277,False,normal_moderate,synthetic_ad8232_normal_moderate,real,False,1.305413727520896,7.0710678118654755,131.0,0.0,normal_moderate,False,0
2026-05-26 15:48:38,patient_001,141,True,synthetic_ad8232,95,True,synthetic_max30102,36.42,2397,1671,2073,0,False,False,0.58,0.12,0.39,False,normal_moderate,synthetic_ad8232_normal_moderate,real,False,0.709154426059656,7.637626158259731,134.33333333333334,2.0,normal_moderate,False,0
2026-05-26 15:48:43,patient_001,129,True,synthetic_ad8232,95,True,synthetic_max30102,37.45,2358,1733,2150,0,False,False,-0.327,-0.249,1.064,False,normal_moderate,synthetic_ad8232_normal_moderate,real,False,1.1406252671232564,6.782329983125266,133.0,0.0,normal_moderate,False,0
2026-05-26 15:48:48,patient_001,141,True,synthetic_ad8232,96,True,synthetic_max30102,37.16,2476,1734,2152,0,False,False,-0.051,0.052,1.028,False,normal_moderate,synthetic_ad8232_normal_moderate,real,False,1.0305770228372064,6.877499545619759,134.6,0.0,normal_moderate,False,0
2026-05-26 15:48:53,patient_001,138,True,synthetic_ad8232,96,True,synthetic_max30102,36.74,2097,1867,2317,0,False,False,0.064,0.02,1.058,False,normal_moderate,synthetic_ad8232_normal_moderate,real,False,1.0601226344154717,7.035623639735144,135.0,0.0,normal_moderate,False,0
2026-05-26 15:48:58,patient_001,136,True,synthetic_ad8232,98,True,synthetic_max30102,37.03,1911,1659,2059,0,False,False,0.858,-0.102,1.103,False,normal_moderate,synthetic_ad8232_normal_moderate,real,False,1.4011341834385456,4.949747468305832,137.0,0.0,normal_moderate,False,0
2026-05-26 15:49:03,patient_001,134,True,synthetic_ad8232,97,True,synthetic_max30102,37.1,2519,1896,2353,0,False,False,0.481,-0.003,0.874,False,normal_moderate,synthetic_ad8232_normal_moderate,real,False,0.9976201682003025,4.505552130427523,135.6,1.0,normal_moderate,False,0
2026-05-26 15:49:08,patient_001,125,True,synthetic_ad8232,95,True,synthetic_max30102,36.7,2413,1697,2106,0,False,False,0.368,-0.098,1.035,False,normal_moderate,synthetic_ad8232_normal_moderate,real,False,1.1028386101329604,6.058052492344387,134.8,2.0,normal_moderate,False,0
2026-05-26 15:49:13,patient_001,124,True,synthetic_ad8232,94,True,synthetic_max30102,37.07,1855,1746,2167,0,False,False,0.25,0.146,0.707,False,normal_moderate,synthetic_ad8232_normal_moderate,real,False,0.763979711772505,6.465291950097851,131.4,1.0,normal_moderate,False,0
2026-05-26 15:49:18,patient_001,127,True,synthetic_ad8232,94,True,synthetic_max30102,37.42,1635,1896,2353,0,False,False,0.262,0.242,1.427,False,normal_moderate,synthetic_ad8232_normal_moderate,real,False,1.470896665303175,5.449770637375491,129.2,0.0,normal_moderate,False,0
2026-05-26 15:49:23,patient_001,125,True,synthetic_ad8232,95,True,synthetic_max30102,36.73,2161,1724,2139,0,False,False,-0.337,-0.075,0.564,False,normal_moderate,synthetic_ad8232_normal_moderate,real,False,0.6612790636335011,4.062019202317981,127.0,0.0,normal_moderate,False,0
2026-05-26 15:49:28,patient_001,137,True,synthetic_ad8232,97,True,synthetic_max30102,37.19,1548,1587,1969,0,False,False,-0.091,0.772,1.072,False,normal_moderate,synthetic_ad8232_normal_moderate,real,False,1.324178613329788,5.366563145999495,127.6,0.0,normal_moderate,False,0
2026-05-26 15:49:33,patient_001,115,True,synthetic_ad8232,96,True,synthetic_max30102,36.96,1768,1740,2159,0,False,False,-0.124,0.734,1.182,False,normal_moderate,synthetic_ad8232_normal_moderate,real,False,1.3968736521246292,7.861297602813418,125.6,1.0,normal_moderate,False,0
2026-05-26 15:49:38,patient_001,122,True,synthetic_ad8232,96,True,synthetic_max30102,37.06,1747,1683,2089,0,False,False,-0.61,-0.033,0.995,False,normal_moderate,synthetic_ad8232_normal_moderate,real,False,1.167567556931932,8.01249024960405,125.2,0.0,normal_moderate,False,0
2026-05-26 15:49:43,patient_001,127,True,synthetic_ad8232,96,True,synthetic_max30102,37.03,2259,1672,2075,0,False,False,0.252,0.408,0.887,False,normal_moderate,synthetic_ad8232_normal_moderate,real,False,1.0083337741045868,8.01249024960405,125.2,0.0,normal_moderate,False,0
2026-05-26 15:49:48,patient_001,138,True,synthetic_ad8232,95,True,synthetic_max30102,37.25,2062,1657,2056,0,False,False,0.383,0.482,1.612,False,normal_moderate,synthetic_ad8232_normal_moderate,real,False,1.7255599091309466,9.833615815151616,127.8,1.0,normal_moderate,False,0
2026-05-26 15:49:53,patient_001,132,True,synthetic_ad8232,96,True,synthetic_max30102,36.79,1795,1715,2128,0,False,False,-0.48,0.062,0.721,False,normal_moderate,synthetic_ad8232_normal_moderate,real,False,0.8683806768923408,8.871302046486749,126.8,0.0,normal_moderate,False,0
2026-05-26 15:49:58,patient_001,121,True,synthetic_ad8232,96,True,synthetic_max30102,37.05,1694,1730,2147,0,False,False,0.243,0.795,1.087,False,normal_moderate,synthetic_ad8232_normal_moderate,real,False,1.368445468405665,7.106335201775947,128.0,0.0,normal_moderate,False,0
2026-05-26 15:50:03,patient_001,119,True,synthetic_ad8232,99,True,synthetic_max30102,36.7,1898,1633,2026,0,False,False,-0.325,0.016,0.958,False,normal_moderate,synthetic_ad8232_normal_moderate,real,False,1.0117534284597212,7.829431652425353,127.4,0.0,normal_moderate,False,0
2026-05-26 15:50:08,patient_001,144,True,synthetic_ad8232,95,True,synthetic_max30102,36.55,1690,1614,2003,0,False,False,0.37,0.202,0.773,False,normal_moderate,synthetic_ad8232_normal_moderate,real,False,0.8804731682453475,10.756393447619883,130.8,4.0,normal_moderate,False,0
2026-05-26 15:50:13,patient_001,131,True,synthetic_ad8232,98,True,synthetic_max30102,36.67,1710,1779,2207,0,False,False,0.01,0.266,0.157,False,normal_moderate,synthetic_ad8232_normal_moderate,real,False,0.30903883251138525,10.014988766843425,129.4,0.0,normal_moderate,False,0
2026-05-26 15:50:18,patient_001,135,True,synthetic_ad8232,96,True,synthetic_max30102,37.35,2055,1722,2137,0,False,False,0.233,-0.802,0.715,False,normal_moderate,synthetic_ad8232_normal_moderate,real,False,1.0994171182949628,10.295630140986999,130.0,2.0,normal_moderate,False,0
2026-05-26 15:50:23,patient_001,137,True,synthetic_ad8232,97,True,synthetic_max30102,37.19,1705,1743,2163,0,False,False,-0.035,-0.616,0.831,False,normal_moderate,synthetic_ad8232_normal_moderate,real,False,1.0350082125278042,9.23038460737146,133.2,0.0,normal_moderate,False,0
2026-05-26 15:50:28,patient_001,138,True,synthetic_ad8232,97,True,synthetic_max30102,37.04,1250,1679,2083,0,False,False,-1.032,-0.417,1.65,False,normal_moderate,synthetic_ad8232_normal_moderate,real,False,1.9903298721568743,4.743416490252575,137.0,0.0,normal_moderate,False,0
2026-05-26 15:50:33,patient_001,144,True,synthetic_ad8232,96,True,synthetic_max30102,37.35,3154,1770,2197,0,False,False,0.137,0.19,1.117,False,normal_moderate,synthetic_ad8232_normal_moderate,real,False,1.1412966310298125,4.743416490252575,137.0,1.0,normal_moderate,False,0
2026-05-26 15:50:38,patient_001,142,True,synthetic_ad8232,93,True,synthetic_max30102,37.14,2624,1800,2234,0,False,False,0.44,0.451,0.841,False,normal_moderate,synthetic_ad8232_normal_moderate,real,False,1.0508482288132763,3.7013511046643583,139.2,3.0,normal_moderate,False,0
2026-05-26 15:50:43,patient_001,149,True,synthetic_ad8232,95,True,synthetic_max30102,36.84,1727,1539,1910,0,False,False,-0.067,-0.142,0.678,False,normal_moderate,synthetic_ad8232_normal_moderate,real,False,0.6959432448123913,4.847679857416337,142.0,0.0,normal_moderate,False,0
2026-05-26 15:50:48,patient_001,136,True,synthetic_ad8232,95,True,synthetic_max30102,37.62,2314,1770,2197,0,False,False,0.045,0.482,1.081,False,normal_moderate,synthetic_ad8232_normal_moderate,real,False,1.1844450177192691,5.118593556827901,141.8,0.0,normal_moderate,False,0
2026-05-26 15:50:53,patient_001,146,True,synthetic_ad8232,96,True,synthetic_max30102,37.16,2216,1878,2330,0,False,False,0.168,-0.071,1.132,False,normal_moderate,synthetic_ad8232_normal_moderate,real,False,1.146598883655483,4.878524367060195,143.4,0.0,normal_moderate,False,0
2026-05-26 15:50:58,patient_001,136,True,synthetic_ad8232,98,True,synthetic_max30102,37.36,2555,1562,1938,0,False,False,0.044,-0.804,1.171,False,normal_moderate,synthetic_ad8232_normal_moderate,real,False,1.4211238510418438,5.848076606885387,141.8,0.0,normal_moderate,False,0
2026-05-26 15:51:03,patient_001,134,True,synthetic_ad8232,98,True,synthetic_max30102,36.71,2118,1678,2082,0,False,False,-0.503,0.121,0.978,False,normal_moderate,synthetic_ad8232_normal_moderate,real,False,1.106405892970568,6.797058187186577,140.2,0.0,normal_moderate,False,0
2026-05-26 15:51:08,patient_001,149,True,synthetic_ad8232,97,True,synthetic_max30102,37.34,1891,1588,1970,0,False,False,0.335,0.548,0.923,False,normal_moderate,synthetic_ad8232_normal_moderate,real,False,1.1244812137159073,6.797058187186577,140.2,1.0,normal_moderate,False,0
2026-05-26 15:51:13,patient_001,140,True,synthetic_ad8232,94,True,synthetic_max30102,36.94,2448,1762,2187,0,False,False,-0.202,0.556,1.252,False,normal_moderate,synthetic_ad8232_normal_moderate,real,False,1.384718021836937,6.403124237432856,141.0,3.0,normal_moderate,False,0
2026-05-26 15:51:18,patient_001,132,True,synthetic_ad8232,96,True,synthetic_max30102,36.62,2884,1792,2224,0,False,False,-0.725,0.083,1.103,False,normal_moderate,synthetic_ad8232_normal_moderate,real,False,1.3225441391499946,6.723094525588649,138.2,0.0,normal_moderate,False,0
2026-05-26 15:51:23,patient_001,148,True,synthetic_ad8232,94,True,synthetic_max30102,36.89,2075,1804,2238,0,False,False,0.208,0.916,1.508,False,normal_moderate,synthetic_ad8232_normal_moderate,real,False,1.7766215128721143,7.797435475847176,140.6,2.0,normal_moderate,False,0
2026-05-26 15:51:28,patient_001,123,True,synthetic_ad8232,97,True,synthetic_max30102,36.65,1054,1675,2078,0,False,False,-0.043,-0.01,1.548,False,normal_moderate,synthetic_ad8232_normal_moderate,real,False,1.548629394012654,11.013627921806698,138.4,0.0,normal_moderate,False,0
2026-05-26 15:51:33,patient_001,137,True,synthetic_ad8232,95,True,synthetic_max30102,37.01,1781,1610,1998,0,False,False,0.01,-0.066,1.267,False,normal_moderate,synthetic_ad8232_normal_moderate,real,False,1.2687572659890465,9.300537618869145,136.0,2.0,normal_moderate,False,0
2026-05-26 15:51:38,patient_001,139,True,synthetic_ad8232,95,True,synthetic_max30102,36.49,2261,1583,1964,0,False,False,0.274,0.423,0.974,False,normal_moderate,synthetic_ad8232_normal_moderate,real,False,1.0966681357639603,9.203260291874837,135.8,0.0,normal_moderate,False,0
2026-05-26 15:51:43,patient_001,115,True,synthetic_ad8232,96,True,synthetic_max30102,36.72,2289,1646,2042,0,False,False,-0.366,-0.125,0.926,False,normal_moderate,synthetic_ad8232_normal_moderate,real,False,1.0035222967129331,13.221195104830732,132.4,0.0,normal_moderate,False,0
2026-05-26 15:51:48,patient_001,128,True,synthetic_ad8232,98,True,synthetic_max30102,37.09,1991,1725,2140,0,False,False,-0.204,-0.273,0.413,False,normal_moderate,synthetic_ad8232_normal_moderate,real,False,0.5354568143183911,9.939818911831349,128.4,0.0,normal_moderate,False,0
2026-05-26 15:51:53,patient_001,108,True,synthetic_ad8232,95,True,synthetic_max30102,36.71,2752,1758,2182,0,False,False,0.591,-0.566,0.486,False,normal_moderate,synthetic_ad8232_normal_moderate,real,False,0.9517525939024278,13.575713609236171,125.4,3.0,normal_moderate,False,0
2026-05-26 15:51:58,patient_001,125,True,synthetic_ad8232,95,True,synthetic_max30102,37.2,2060,1808,2243,0,False,False,-0.774,-0.621,0.892,False,normal_moderate,synthetic_ad8232_normal_moderate,real,False,1.334309184559561,11.979148550710947,123.0,0.0,normal_moderate,False,0
2026-05-26 15:52:03,patient_001,133,True,synthetic_ad8232,98,True,synthetic_max30102,37.67,2425,1606,1993,0,False,False,-0.162,0.024,1.628,False,normal_moderate,synthetic_ad8232_normal_moderate,real,False,1.6362163671104135,10.134100848126597,121.8,0.0,normal_moderate,False,0
2026-05-26 15:52:08,patient_001,122,True,synthetic_ad8232,96,True,synthetic_max30102,36.92,2137,1766,2191,0,False,False,-0.295,-0.314,1.087,False,normal_moderate,synthetic_ad8232_normal_moderate,real,False,1.1692690024113357,9.418067742376895,123.2,2.0,normal_moderate,False,0
2026-05-26 15:52:13,patient_001,133,True,synthetic_ad8232,97,True,synthetic_max30102,36.69,1898,1684,2090,0,False,False,0.299,0.317,1.901,False,normal_moderate,synthetic_ad8232_normal_moderate,real,False,1.950305360706369,10.281050529979911,124.2,0.0,normal_moderate,False,0
2026-05-26 15:52:18,patient_001,140,True,synthetic_ad8232,97,True,synthetic_max30102,36.83,2135,1690,2097,0,False,False,-0.101,0.219,0.7,False,normal_moderate,synthetic_ad8232_normal_moderate,real,False,0.7403796323508636,7.162401831788008,130.6,0.0,normal_moderate,False,0
2026-05-26 15:52:23,patient_001,142,True,synthetic_ad8232,95,True,synthetic_max30102,36.41,1623,1710,2122,0,False,False,-0.631,-0.411,0.53,False,normal_moderate,synthetic_ad8232_normal_moderate,real,False,0.9208593812303809,7.8421935706790755,134.0,2.0,normal_moderate,False,0
2026-05-26 15:52:28,patient_001,125,True,synthetic_ad8232,95,True,synthetic_max30102,36.86,1890,1670,2072,0,False,False,0.503,0.262,0.996,False,normal_moderate,synthetic_ad8232_normal_moderate,real,False,1.146154003613825,8.84872872225159,132.4,0.0,normal_moderate,False,0
2026-05-26 15:52:33,patient_001,135,True,synthetic_ad8232,97,True,synthetic_max30102,36.71,2072,1765,2190,0,False,False,0.053,-0.681,1.064,False,normal_moderate,synthetic_ad8232_normal_moderate,real,False,1.2643836443105394,6.670832032063183,135.0,0.0,normal_moderate,False,0
2026-05-26 15:52:38,patient_001,149,True,synthetic_ad8232,95,True,synthetic_max30102,37.07,2510,1736,2154,0,False,False,0.027,-0.005,0.95,False,normal_moderate,synthetic_ad8232_normal_moderate,real,False,0.950396759253734,8.927485648266272,138.2,2.0,normal_moderate,False,0
2026-05-26 15:52:43,patient_001,146,True,synthetic_ad8232,96,True,synthetic_max30102,37.26,3161,1799,2233,0,False,False,-0.206,0.298,0.723,False,normal_moderate,synthetic_ad8232_normal_moderate,real,False,0.8086834980386332,9.607288899580372,139.4,0.0,normal_moderate,False,0
2026-05-26 15:52:48,patient_001,131,True,synthetic_ad8232,93,True,synthetic_max30102,36.82,2408,1777,2205,0,False,False,0.471,0.224,1.077,False,normal_moderate,synthetic_ad8232_normal_moderate,real,False,1.1966394611577875,10.1094015648801,137.2,3.0,normal_moderate,False,0
2026-05-26 15:52:53,patient_001,144,True,synthetic_ad8232,97,True,synthetic_max30102,37.49,2803,1681,2086,0,False,False,0.166,0.347,0.883,False,normal_moderate,synthetic_ad8232_normal_moderate,real,False,0.9631479637106648,7.648529270389194,141.0,0.0,normal_moderate,False,0
2026-05-26 15:52:58,patient_001,134,True,synthetic_ad8232,97,True,synthetic_max30102,37.04,1452,1750,2171,0,False,False,-0.165,0.034,1.493,False,normal_moderate,synthetic_ad8232_normal_moderate,real,False,1.502474625409694,7.85493475466221,140.8,0.0,normal_moderate,False,0
2026-05-26 15:53:03,patient_001,130,True,synthetic_ad8232,99,True,synthetic_max30102,36.93,1956,1702,2112,0,False,False,-0.59,0.693,1.229,False,normal_moderate,synthetic_ad8232_normal_moderate,real,False,1.5293103020642997,7.483314773547904,137.0,0.0,normal_moderate,False,0
2026-05-26 15:53:08,patient_001,143,True,synthetic_ad8232,95,True,synthetic_max30102,37.37,2560,1709,2121,0,False,False,0.23,0.116,1.041,False,normal_moderate,synthetic_ad8232_normal_moderate,real,False,1.0723977806765548,6.655824516917518,136.4,4.0,normal_moderate,False,0
2026-05-26 15:53:13,patient_001,123,True,synthetic_ad8232,93,True,synthetic_max30102,37.2,2412,1677,2081,0,False,False,0.261,0.198,1.133,False,normal_moderate,synthetic_ad8232_normal_moderate,real,False,1.1794125656444399,8.871302046486768,134.8,2.0,normal_moderate,False,0
2026-05-26 15:53:18,patient_001,132,True,synthetic_ad8232,95,True,synthetic_max30102,36.9,1933,1594,1978,0,False,False,0.747,-0.577,1.165,False,normal_moderate,synthetic_ad8232_normal_moderate,real,False,1.4993875416315823,7.231873892705844,132.4,0.0,normal_moderate,False,0
2026-05-26 15:53:23,patient_001,128,True,synthetic_ad8232,93,True,synthetic_max30102,37.12,2863,1803,2237,0,False,False,-0.093,-0.705,1.284,False,normal_moderate,synthetic_ad8232_normal_moderate,real,False,1.467763604944611,7.395944834840263,131.2,2.0,normal_moderate,False,0
2026-05-26 15:53:28,patient_001,136,True,synthetic_ad8232,96,True,synthetic_max30102,37.43,2329,1728,2144,0,False,False,0.629,0.427,0.66,False,normal_moderate,synthetic_ad8232_normal_moderate,real,False,1.006762136753265,7.635443667528453,132.4,0.0,normal_moderate,False,0
2026-05-26 15:53:33,patient_001,114,True,synthetic_ad8232,97,True,synthetic_max30102,37.73,2249,1683,2089,0,False,False,0.264,0.546,1.054,False,normal_moderate,synthetic_ad8232_normal_moderate,real,False,1.2160296049027755,8.532291603080637,126.6,0.0,normal_moderate,False,0
2026-05-26 15:53:38,patient_001,124,True,synthetic_ad8232,94,True,synthetic_max30102,37.41,2245,1694,2102,0,False,False,0.52,-0.317,1.329,False,normal_moderate,synthetic_ad8232_normal_moderate,real,False,1.4618926089148956,8.438009243891615,126.8,3.0,normal_moderate,False,0
2026-05-26 15:53:43,patient_001,137,True,synthetic_ad8232,98,True,synthetic_max30102,37.03,2964,1658,2057,0,False,False,0.534,0.138,1.208,False,normal_moderate,synthetic_ad8232_normal_moderate,real,False,1.3279548185085213,9.444575162494095,127.8,0.0,normal_moderate,False,0
2026-05-26 15:53:48,patient_001,137,True,synthetic_ad8232,97,True,synthetic_max30102,36.49,2401,1584,1965,0,False,False,-0.248,0.463,1.09,False,normal_moderate,synthetic_ad8232_normal_moderate,real,False,1.2099475195230578,10.310189135025622,129.6,1.0,normal_moderate,False,0
2026-05-26 15:53:53,patient_001,127,True,synthetic_ad8232,98,True,synthetic_max30102,36.97,1946,1635,2029,0,False,False,0.112,0.443,0.676,False,normal_moderate,synthetic_ad8232_normal_moderate,real,False,0.815946689435039,9.679876032264069,127.8,0.0,normal_moderate,False,0
2026-05-26 15:53:58,patient_001,140,True,synthetic_ad8232,94,True,synthetic_max30102,36.47,1689,1591,1974,0,False,False,0.328,-0.181,0.853,False,normal_moderate,synthetic_ad8232_normal_moderate,real,False,0.9316404886006189,7.035623639735171,133.0,4.0,normal_moderate,False,0
2026-05-26 15:54:03,patient_001,132,True,synthetic_ad8232,97,True,synthetic_max30102,36.75,2340,1814,2251,0,False,False,0.62,-0.21,0.751,False,normal_moderate,synthetic_ad8232_normal_moderate,real,False,0.9962434441440505,5.12835256198327,134.6,0.0,normal_moderate,False,0
2026-05-26 15:54:08,patient_001,126,True,synthetic_ad8232,96,True,synthetic_max30102,37.43,1706,1708,2120,0,False,False,0.553,-0.256,0.975,False,normal_moderate,synthetic_ad8232_normal_moderate,real,False,1.1497695421257252,6.107372593841019,132.4,1.0,normal_moderate,False,0
2026-05-26 15:54:13,patient_001,131,True,synthetic_ad8232,96,True,synthetic_max30102,37.36,1930,1754,2176,0,False,False,0.463,-0.085,0.915,False,normal_moderate,synthetic_ad8232_normal_moderate,real,False,1.02898930995419,5.540758070878062,131.2,0.0,normal_moderate,False,0
2026-05-26 15:54:18,patient_001,138,True,synthetic_ad8232,96,True,synthetic_max30102,36.69,2053,1828,2269,0,False,False,-0.295,0.536,0.935,False,normal_moderate,synthetic_ad8232_normal_moderate,real,False,1.1173835509796983,5.639148871948708,133.4,0.0,normal_moderate,False,0
2026-05-26 15:54:23,patient_001,135,True,synthetic_ad8232,100,True,synthetic_max30102,36.66,1877,1711,2123,0,False,False,-0.624,0.48,0.701,False,normal_moderate,synthetic_ad8232_normal_moderate,real,False,1.0541238067703431,4.505552130427568,132.4,0.0,normal_moderate,False,0
2026-05-26 15:54:28,patient_001,135,True,synthetic_ad8232,94,True,synthetic_max30102,36.94,1495,1688,2095,0,False,False,0.197,-0.323,0.745,False,normal_moderate,synthetic_ad8232_normal_moderate,real,False,0.8355614878631016,4.636809247747895,133.0,6.0,normal_moderate,False,0
2026-05-26 15:54:33,patient_001,128,True,synthetic_ad8232,96,True,synthetic_max30102,36.87,2777,1752,2174,0,False,False,-0.055,0.023,0.76,False,normal_moderate,synthetic_ad8232_normal_moderate,real,False,0.7623345722187863,3.9115214431216407,133.4,0.0,normal_moderate,False,0
2026-05-26 15:54:38,patient_001,127,True,synthetic_ad8232,97,True,synthetic_max30102,36.92,2154,1582,1963,0,False,False,0.168,0.578,1.168,False,normal_moderate,synthetic_ad8232_normal_moderate,real,False,1.313975646654077,4.8270073544589085,132.6,0.0,normal_moderate,False,0
2026-05-26 15:54:43,patient_001,144,True,synthetic_ad8232,96,True,synthetic_max30102,37.32,1887,1602,1988,0,False,False,-0.202,-0.49,1.039,False,normal_moderate,synthetic_ad8232_normal_moderate,real,False,1.1663725819822754,6.83373982530798,133.8,1.0,normal_moderate,False,0
2026-05-26 15:54:48,patient_001,145,True,synthetic_ad8232,93,True,synthetic_max30102,36.59,2659,1820,2258,0,False,False,-0.321,0.008,0.862,False,normal_moderate,synthetic_ad8232_normal_moderate,real,False,0.9198635768416966,8.526429498916901,135.8,3.0,normal_moderate,False,0
2026-05-26 15:54:53,patient_001,137,True,synthetic_ad8232,96,True,synthetic_max30102,37.13,2697,1772,2199,0,False,False,-0.262,0.33,0.601,False,normal_moderate,synthetic_ad8232_normal_moderate,real,False,0.7339925067737408,8.526429498916901,136.2,0.0,normal_moderate,False,0
2026-05-26 15:54:58,patient_001,134,True,synthetic_ad8232,96,True,synthetic_max30102,37.13,2416,1708,2119,0,False,False,-0.962,0.136,0.95,False,normal_moderate,synthetic_ad8232_normal_moderate,real,False,1.3588377386575632,7.436396977031305,137.4,0.0,normal_moderate,False,0
2026-05-26 15:55:03,patient_001,131,True,synthetic_ad8232,94,True,synthetic_max30102,36.95,1752,1779,2208,0,False,False,0.064,0.07,1.047,False,normal_moderate,synthetic_ad8232_normal_moderate,real,False,1.0512873061156973,6.1400325732035235,138.2,2.0,normal_moderate,False,0
2026-05-26 15:55:08,patient_001,134,True,synthetic_ad8232,98,True,synthetic_max30102,36.44,1976,1650,2047,0,False,False,0.103,-0.175,0.86,False,normal_moderate,synthetic_ad8232_normal_moderate,real,False,0.8836481200115801,5.357238094391573,136.2,0.0,normal_moderate,False,0
2026-05-26 15:55:13,patient_001,149,True,synthetic_ad8232,94,True,synthetic_max30102,36.63,1973,1726,2142,0,False,False,-0.416,0.635,0.828,False,normal_moderate,synthetic_ad8232_normal_moderate,real,False,1.1233276458807555,7.03562363973516,137.0,4.0,normal_moderate,False,0
2026-05-26 15:55:18,patient_001,123,True,synthetic_ad8232,96,True,synthetic_max30102,37.79,1292,1642,2038,0,False,False,0.527,-0.269,1.217,False,normal_moderate,synthetic_ad8232_normal_moderate,real,False,1.3532106266210002,9.418067742376893,134.2,0.0,normal_moderate,False,0
2026-05-26 15:55:23,patient_001,142,True,synthetic_ad8232,98,True,synthetic_max30102,37.33,2003,1747,2168,0,False,False,-0.124,-0.028,1.252,False,normal_moderate,synthetic_ad8232_normal_moderate,real,False,1.2584371259621991,10.03493896344169,135.8,0.0,normal_moderate,False,0
2026-05-26 15:55:28,patient_001,116,True,synthetic_ad8232,96,True,synthetic_max30102,37.35,2528,1742,2162,0,False,False,-0.379,0.254,1.106,False,normal_moderate,synthetic_ad8232_normal_moderate,real,False,1.1964083750960623,13.4796142378037,132.8,2.0,normal_moderate,False,0
2026-05-26 15:55:33,patient_001,125,True,synthetic_ad8232,93,True,synthetic_max30102,36.83,2692,1576,1956,0,False,False,0.351,-0.16,0.747,False,normal_moderate,synthetic_ad8232_normal_moderate,real,False,0.840719929584163,13.874436925511617,131.0,3.0,normal_moderate,False,0
2026-05-26 15:55:38,patient_001,140,True,synthetic_ad8232,97,True,synthetic_max30102,37.31,3203,1689,2096,0,False,False,0.242,-0.056,0.933,False,normal_moderate,synthetic_ad8232_normal_moderate,real,False,0.9654993526667949,11.30044246921333,129.2,0.0,normal_moderate,False,0
2026-05-26 15:55:43,patient_001,138,True,synthetic_ad8232,95,True,synthetic_max30102,37.15,2620,1750,2172,0,False,False,-0.314,0.557,0.759,False,normal_moderate,synthetic_ad8232_normal_moderate,real,False,0.9924343807023214,11.233877335986909,132.2,2.0,normal_moderate,False,0
2026-05-26 15:55:48,patient_001,136,True,synthetic_ad8232,96,True,synthetic_max30102,37.0,2206,1815,2252,0,False,False,0.02,-0.172,0.833,False,normal_moderate,synthetic_ad8232_normal_moderate,real,False,0.850807263720756,10.198039027185583,131.0,0.0,normal_moderate,False,0
2026-05-26 15:55:53,patient_001,124,True,synthetic_ad8232,95,True,synthetic_max30102,37.35,1888,1739,2158,0,False,False,0.276,0.226,0.9,False,normal_moderate,synthetic_ad8232_normal_moderate,real,False,0.9681177614319448,7.5365774725667265,132.6,1.0,normal_moderate,False,0
2026-05-26 15:55:58,patient_001,129,True,synthetic_ad8232,98,True,synthetic_max30102,37.28,1458,1824,2263,0,False,False,-0.304,-0.269,1.028,False,normal_moderate,synthetic_ad8232_normal_moderate,real,False,1.105242507325881,6.693280212272627,133.4,0.0,normal_moderate,False,0
2026-05-26 15:56:03,patient_001,135,True,synthetic_ad8232,94,True,synthetic_max30102,36.8,1901,1713,2126,0,False,False,-0.088,-0.117,0.803,False,normal_moderate,synthetic_ad8232_normal_moderate,real,False,0.81623648533988,5.77061521850143,132.4,4.0,normal_moderate,False,0
2026-05-26 15:56:08,patient_001,117,True,synthetic_ad8232,97,True,synthetic_max30102,37.24,1724,1738,2157,0,False,False,0.335,-0.509,1.095,False,normal_moderate,synthetic_ad8232_normal_moderate,real,False,1.2531284850325604,7.918333157931679,128.2,0.0,normal_moderate,False,0
2026-05-26 15:56:13,patient_001,132,True,synthetic_ad8232,96,True,synthetic_max30102,37.59,2455,1646,2043,0,False,False,0.714,-0.553,1.863,False,normal_moderate,synthetic_ad8232_normal_moderate,real,False,2.070356008033401,7.0922492905988745,127.4,1.0,normal_moderate,False,0
2026-05-26 15:56:18,patient_001,142,True,synthetic_ad8232,94,True,synthetic_max30102,37.16,2268,1802,2236,0,False,False,0.002,0.224,1.071,False,normal_moderate,synthetic_ad8232_normal_moderate,real,False,1.0941759456321456,9.192388155425132,131.0,2.0,normal_moderate,False,0
2026-05-26 15:56:23,patient_001,130,True,synthetic_ad8232,98,True,synthetic_max30102,37.19,1809,1668,2070,0,False,False,0.296,-0.203,0.624,False,normal_moderate,synthetic_ad8232_normal_moderate,real,False,0.7198617922907147,9.148770409186158,131.2,0.0,normal_moderate,False,0
2026-05-26 15:56:28,patient_001,140,True,synthetic_ad8232,98,True,synthetic_max30102,36.95,2724,1662,2062,0,False,False,0.541,0.509,1.075,False,normal_moderate,synthetic_ad8232_normal_moderate,real,False,1.306670195573466,9.90959131347001,132.2,0.0,normal_moderate,False,0
2026-05-26 15:56:33,patient_001,131,True,synthetic_ad8232,96,True,synthetic_max30102,36.89,3338,1654,2053,0,False,False,-0.271,-0.484,1.212,False,normal_moderate,synthetic_ad8232_normal_moderate,real,False,1.332906973498151,5.56776436283005,135.0,2.0,normal_moderate,False,0
2026-05-26 15:56:38,patient_001,121,True,synthetic_ad8232,94,True,synthetic_max30102,37.16,1664,1571,1949,0,False,False,0.575,0.053,1.19,False,normal_moderate,synthetic_ad8232_normal_moderate,real,False,1.3226995123609897,8.467585252006641,132.8,2.0,normal_moderate,False,0
2026-05-26 15:56:43,patient_001,121,True,synthetic_ad8232,93,True,synthetic_max30102,37.04,2201,1640,2035,0,False,False,-0.745,-0.433,0.802,False,normal_moderate,synthetic_ad8232_normal_moderate,real,False,1.1771652390382585,7.956129712366458,128.6,1.0,normal_moderate,False,0
2026-05-26 15:56:48,patient_001,135,True,synthetic_ad8232,97,True,synthetic_max30102,37.24,2227,1747,2168,0,False,False,0.439,0.029,1.096,False,normal_moderate,synthetic_ad8232_normal_moderate,real,False,1.181007197268501,8.473488065725967,129.6,0.0,normal_moderate,False,0
2026-05-26 15:56:53,patient_001,128,True,synthetic_ad8232,95,True,synthetic_max30102,36.74,1551,1659,2059,0,False,False,0.188,-0.003,0.758,False,normal_moderate,synthetic_ad8232_normal_moderate,real,False,0.7809718304778989,6.180614856145007,127.2,2.0,normal_moderate,False,0
2026-05-26 15:56:58,patient_001,142,True,synthetic_ad8232,96,True,synthetic_max30102,36.72,1996,1791,2222,0,False,False,0.323,-0.166,0.498,False,normal_moderate,synthetic_ad8232_normal_moderate,real,False,0.6163513608324395,9.126883367283726,129.4,0.0,normal_moderate,False,0
2026-05-26 15:57:03,patient_001,128,True,synthetic_ad8232,96,True,synthetic_max30102,37.37,2867,1671,2074,0,False,False,0.047,-0.39,1.18,False,normal_moderate,synthetic_ad8232_normal_moderate,real,False,1.2436675600818732,7.981227975693987,130.8,0.0,normal_moderate,False,0
2026-05-26 15:57:08,patient_001,132,True,synthetic_ad8232,93,True,synthetic_max30102,37.11,2417,1639,2034,0,False,False,0.721,0.582,1.631,False,normal_moderate,synthetic_ad8232_normal_moderate,real,False,1.8758267510620483,5.8309518948453265,133.0,3.0,normal_moderate,False,0
2026-05-26 15:57:13,patient_001,125,True,synthetic_ad8232,96,True,synthetic_max30102,36.59,2295,1756,2179,0,False,False,-0.186,-0.207,1.304,False,normal_moderate,synthetic_ad8232_normal_moderate,real,False,1.3333645413014403,6.633249580710822,131.0,0.0,normal_moderate,False,0
2026-05-26 15:57:18,patient_001,118,True,synthetic_ad8232,96,True,synthetic_max30102,36.76,886,1642,2037,0,False,False,0.344,0.442,1.36,False,normal_moderate,synthetic_ad8232_normal_moderate,real,False,1.4708160999934698,8.888194417315606,129.0,0.0,normal_moderate,False,0
2026-05-26 15:57:23,patient_001,114,True,synthetic_ad8232,98,True,synthetic_max30102,36.87,1975,1691,2098,0,False,False,-0.223,0.605,1.433,False,normal_moderate,synthetic_ad8232_normal_moderate,real,False,1.5713825123120089,7.334848328356921,123.4,0.0,normal_moderate,False,0
2026-05-26 15:57:28,patient_001,131,True,synthetic_ad8232,96,True,synthetic_max30102,37.51,2337,1628,2020,0,False,False,0.188,0.284,1.399,False,normal_moderate,synthetic_ad8232_normal_moderate,real,False,1.4398614516681805,7.905694150420969,124.0,2.0,normal_moderate,False,0
2026-05-26 15:57:33,patient_001,129,True,synthetic_ad8232,93,True,synthetic_max30102,36.32,2951,1718,2132,0,False,False,-0.316,0.216,1.03,False,normal_moderate,synthetic_ad8232_normal_moderate,real,False,1.0988230066757794,7.23187389270584,123.4,3.0,normal_moderate,False,0
2026-05-26 15:57:38,patient_001,119,True,synthetic_ad8232,96,True,synthetic_max30102,37.1,1936,1791,2222,0,False,False,-0.218,0.04,0.43,False,normal_moderate,synthetic_ad8232_normal_moderate,real,False,0.48376027120878784,7.39594483484026,122.2,0.0,normal_moderate,False,0
2026-05-26 15:57:43,patient_001,149,True,synthetic_ad8232,96,True,synthetic_max30102,37.33,2289,1737,2155,0,False,False,0.021,0.019,0.786,False,normal_moderate,synthetic_ad8232_normal_moderate,real,False,0.7865100126508244,13.483323032546549,128.4,0.0,normal_moderate,False,0
2026-05-26 15:57:48,patient_001,124,True,synthetic_ad8232,96,True,synthetic_max30102,36.8,2202,1687,2093,0,False,False,0.845,-0.001,1.531,False,normal_moderate,synthetic_ad8232_normal_moderate,real,False,1.7487100960422226,11.392980294900902,130.4,0.0,normal_moderate,False,0
2026-05-26 15:57:53,patient_001,119,True,synthetic_ad8232,95,True,synthetic_max30102,37.07,2841,1738,2157,0,False,False,0.595,0.108,1.474,False,normal_moderate,synthetic_ad8232_normal_moderate,real,False,1.5932247173578498,12.449899597988741,128.0,1.0,normal_moderate,False,0
2026-05-26 15:57:58,patient_001,131,True,synthetic_ad8232,100,True,synthetic_max30102,36.84,2049,1764,2189,0,False,False,-0.228,-0.394,1.806,False,normal_moderate,synthetic_ad8232_normal_moderate,real,False,1.8624865100182606,12.521980673998831,128.4,0.0,normal_moderate,False,0
2026-05-26 15:58:03,patient_001,144,True,synthetic_ad8232,97,True,synthetic_max30102,37.63,2415,1588,1970,0,False,False,-0.502,-0.063,0.828,False,normal_moderate,synthetic_ad8232_normal_moderate,real,False,0.970338600695654,12.81795615533148,133.4,3.0,normal_moderate,False,0
2026-05-26 15:58:08,patient_001,129,True,synthetic_ad8232,97,True,synthetic_max30102,37.76,1963,1774,2201,0,False,False,-0.084,-0.117,1.032,False,normal_moderate,synthetic_ad8232_normal_moderate,real,False,1.0420023992294836,9.396807968666819,129.4,0.0,normal_moderate,False,0
2026-05-26 15:58:13,patient_001,126,True,synthetic_ad8232,98,True,synthetic_max30102,37.12,1827,1730,2147,0,False,False,-0.676,-0.399,1.515,False,normal_moderate,synthetic_ad8232_normal_moderate,real,False,1.706283094917136,9.148770409186156,129.8,0.0,normal_moderate,False,0
2026-05-26 15:58:18,patient_001,130,True,synthetic_ad8232,96,True,synthetic_max30102,37.24,2350,1700,2110,0,False,False,-0.435,-0.264,1.086,False,normal_moderate,synthetic_ad8232_normal_moderate,real,False,1.1992985449836917,6.964194138592072,132.0,2.0,normal_moderate,False,0
2026-05-26 15:58:23,patient_001,120,True,synthetic_ad8232,97,True,synthetic_max30102,37.35,2003,1638,2033,0,False,False,0.21,0.079,0.956,False,normal_moderate,synthetic_ad8232_normal_moderate,real,False,0.9819760689548396,8.843076387773669,129.8,0.0,normal_moderate,False,0
2026-05-26 15:58:28,patient_001,77,True,synthetic_ad8232,98,True,synthetic_max30102,35.9,2305,1680,2085,0,False,False,0.01,0.042,0.968,False,normal_morning,synthetic_ad8232_normal_morning,real,False,0.9689623315691895,0.0,77.0,0.0,normal_morning,False,0
2026-05-26 15:58:33,patient_001,74,True,synthetic_ad8232,100,True,synthetic_max30102,36.32,1523,1613,2001,0,False,False,-0.016,-0.024,0.985,False,normal_morning,synthetic_ad8232_normal_morning,real,False,0.985422244522621,2.1213203435596424,75.5,0.0,normal_morning,False,0
2026-05-26 15:58:38,patient_001,65,True,synthetic_ad8232,97,True,synthetic_max30102,35.95,2309,1803,2237,0,False,False,0.021,0.101,1.002,False,normal_morning,synthetic_ad8232_normal_morning,real,False,1.007296381409166,6.244997998398398,72.0,3.0,normal_morning,False,0
2026-05-26 15:58:43,patient_001,66,True,synthetic_ad8232,98,True,synthetic_max30102,36.16,2188,1693,2101,0,False,False,0.066,0.155,0.939,False,normal_morning,synthetic_ad8232_normal_morning,real,False,0.9539926624455766,5.916079783099616,70.5,0.0,normal_morning,False,0
2026-05-26 15:58:48,patient_001,57,True,synthetic_ad8232,99,True,synthetic_max30102,36.38,2349,1538,1909,0,False,False,-0.011,0.029,0.886,False,normal_morning,synthetic_ad8232_normal_morning,real,False,0.8865427231667969,7.918333157931661,67.8,0.0,normal_morning,False,0
2026-05-26 15:58:53,patient_001,65,True,synthetic_ad8232,97,True,synthetic_max30102,36.15,1548,1554,1928,0,False,False,0.009,0.002,1.034,False,normal_morning,synthetic_ad8232_normal_morning,real,False,1.0340411016976065,6.024948132556826,65.4,2.0,normal_morning,False,0
2026-05-26 15:58:58,patient_001,69,True,synthetic_ad8232,99,True,synthetic_max30102,36.37,1712,1763,2188,0,False,False,0.0,0.086,0.943,False,normal_morning,synthetic_ad8232_normal_morning,real,False,0.9469134068118372,4.449719092257397,64.4,0.0,normal_morning,False,0
2026-05-26 15:59:03,patient_001,77,True,synthetic_ad8232,97,True,synthetic_max30102,36.54,2552,1700,2110,0,False,False,0.075,-0.031,0.959,False,normal_morning,synthetic_ad8232_normal_morning,real,False,0.9624276596191529,7.224956747275378,66.8,2.0,normal_morning,False,0
2026-05-26 15:59:08,patient_001,68,True,synthetic_ad8232,98,True,synthetic_max30102,36.27,2562,1653,2051,0,False,False,0.048,-0.048,0.941,False,normal_morning,synthetic_ad8232_normal_morning,real,False,0.9434452819321318,7.224956747275378,67.2,0.0,normal_morning,False,0
2026-05-26 15:59:13,patient_001,79,True,synthetic_ad8232,99,True,synthetic_max30102,36.16,1453,1593,1977,0,False,False,0.085,-0.01,0.981,False,normal_morning,synthetic_ad8232_normal_morning,real,False,0.9847263579289426,6.066300355241242,71.6,0.0,normal_morning,False,0
2026-05-26 15:59:18,patient_001,70,True,synthetic_ad8232,98,True,synthetic_max30102,36.25,2203,1636,2030,0,False,False,0.073,0.045,1.023,False,normal_morning,synthetic_ad8232_normal_morning,real,False,1.026588038114608,5.029910535983719,72.6,1.0,normal_morning,False,0
2026-05-26 15:59:23,patient_001,63,True,synthetic_ad8232,98,True,synthetic_max30102,36.25,1507,1595,1979,0,False,False,-0.0,0.033,0.953,False,normal_morning,synthetic_ad8232_normal_morning,real,False,0.9535711824504765,6.5802735505448435,71.4,0.0,normal_morning,False,0
2026-05-26 15:59:28,patient_001,77,True,synthetic_ad8232,99,True,synthetic_max30102,36.22,2131,1631,2024,0,False,False,0.158,0.019,1.172,False,normal_morning,synthetic_ad8232_normal_morning,real,False,1.1827548351201105,6.5802735505448435,71.4,0.0,normal_morning,False,0
2026-05-26 15:59:33,patient_001,65,True,synthetic_ad8232,98,True,synthetic_max30102,36.28,1668,1652,2050,0,False,False,0.033,0.137,1.004,False,normal_morning,synthetic_ad8232_normal_morning,real,False,1.0138412104466852,7.085195833567343,70.8,1.0,normal_morning,False,0
2026-05-26 15:59:38,patient_001,71,True,synthetic_ad8232,98,True,synthetic_max30102,35.97,1619,1541,1912,0,False,False,-0.007,0.19,0.974,False,normal_morning,synthetic_ad8232_normal_morning,real,False,0.9923834944213854,5.495452665613637,69.2,0.0,normal_morning,False,0
2026-05-26 15:59:43,patient_001,68,True,synthetic_ad8232,99,True,synthetic_max30102,36.22,1697,1577,1957,0,False,False,0.081,-0.009,1.01,False,normal_morning,synthetic_ad8232_normal_morning,real,False,1.0132827838269038,5.495452665613637,68.8,0.0,normal_morning,False,0
2026-05-26 15:59:48,patient_001,62,True,synthetic_ad8232,97,True,synthetic_max30102,36.33,1349,1683,2089,0,False,False,0.081,0.089,0.992,False,normal_morning,synthetic_ad8232_normal_morning,real,False,0.999272735543205,5.770615218501406,68.6,2.0,normal_morning,False,0
2026-05-26 15:59:53,patient_001,74,True,synthetic_ad8232,98,True,synthetic_max30102,36.24,2216,1595,1979,0,False,False,0.063,-0.029,0.9,False,normal_morning,synthetic_ad8232_normal_morning,real,False,0.9026682668621956,4.74341649025257,68.0,0.0,normal_morning,False,0
2026-05-26 15:59:58,patient_001,73,True,synthetic_ad8232,96,True,synthetic_max30102,35.88,1572,1545,1917,0,False,False,-0.003,0.009,0.908,False,normal_morning,synthetic_ad8232_normal_morning,real,False,0.9080495581189388,4.82700735445887,69.6,2.0,normal_morning,False,0
2026-05-26 16:00:03,patient_001,69,True,synthetic_ad8232,97,True,synthetic_max30102,36.07,1944,1708,2120,0,False,False,0.104,-0.048,0.978,False,normal_morning,synthetic_ad8232_normal_morning,real,False,0.9846847211163582,4.76445169982864,69.2,0.0,normal_morning,False,0
2026-05-26 16:00:08,patient_001,64,True,synthetic_ad8232,99,True,synthetic_max30102,36.03,2201,1665,2066,0,False,False,0.106,0.056,0.969,False,normal_morning,synthetic_ad8232_normal_morning,real,False,0.9763877303612536,5.319774431308157,68.4,0.0,normal_morning,False,0
2026-05-26 16:00:13,patient_001,75,True,synthetic_ad8232,97,True,synthetic_max30102,36.11,2323,1714,2127,0,False,False,0.036,0.072,0.928,False,normal_morning,synthetic_ad8232_normal_morning,real,False,0.9314848361621353,4.5276925690687095,71.0,2.0,normal_morning,False,0
2026-05-26 16:00:18,patient_001,59,True,synthetic_ad8232,99,True,synthetic_max30102,36.59,1102,1513,1877,0,False,False,0.1,0.116,0.995,False,normal_morning,synthetic_ad8232_normal_morning,real,False,1.006717934676839,6.557438524302002,68.0,0.0,normal_morning,False,0
2026-05-26 16:00:23,patient_001,70,True,synthetic_ad8232,97,True,synthetic_max30102,35.9,2630,1608,1996,0,False,False,0.036,0.067,0.903,False,normal_morning,synthetic_ad8232_normal_morning,real,False,0.9061975502063554,6.1073725938409895,67.4,2.0,normal_morning,False,0
2026-05-26 16:00:28,patient_001,60,True,synthetic_ad8232,99,True,synthetic_max30102,35.99,1613,1690,2097,0,False,False,0.073,0.096,1.034,False,normal_morning,synthetic_ad8232_normal_morning,real,False,1.0410096061036131,6.8044103344816005,65.6,0.0,normal_morning,False,0
2026-05-26 16:00:33,patient_001,76,True,synthetic_ad8232,97,True,synthetic_max30102,36.16,1404,1588,1971,0,False,False,0.055,0.059,1.01,False,normal_morning,synthetic_ad8232_normal_morning,real,False,1.0132156729936623,8.093207028119323,68.0,2.0,normal_morning,False,0
2026-05-26 16:00:38,patient_001,74,True,synthetic_ad8232,98,True,synthetic_max30102,36.35,2152,1618,2008,0,False,False,0.037,-0.054,1.048,False,normal_morning,synthetic_ad8232_normal_morning,real,False,1.0500423800971084,7.886697661252142,67.8,0.0,normal_morning,False,0
2026-05-26 16:00:43,patient_001,63,True,synthetic_ad8232,100,True,synthetic_max30102,35.91,2729,1654,2052,0,False,False,0.02,0.036,0.924,False,normal_morning,synthetic_ad8232_normal_morning,real,False,0.9249172935998116,6.913754406977442,68.6,0.0,normal_morning,False,0
2026-05-26 16:00:48,patient_001,65,True,synthetic_ad8232,98,True,synthetic_max30102,35.5,1982,1708,2119,0,False,False,0.038,0.011,0.941,False,normal_morning,synthetic_ad8232_normal_morning,real,False,0.9418311950662921,7.021395872616783,67.6,2.0,normal_morning,False,0
2026-05-26 16:00:53,patient_001,67,True,synthetic_ad8232,98,True,synthetic_max30102,35.68,1797,1584,1965,0,False,False,-0.028,0.088,0.863,False,normal_morning,synthetic_ad8232_normal_morning,real,False,0.8679268402348207,5.700877125495691,69.0,0.0,normal_morning,False,0
2026-05-26 16:00:58,patient_001,80,True,synthetic_ad8232,99,True,synthetic_max30102,35.98,2383,1557,1932,0,False,False,0.118,-0.014,1.051,False,normal_morning,synthetic_ad8232_normal_morning,real,False,1.05769608111215,7.0498226928058285,69.8,0.0,normal_morning,False,0
2026-05-26 16:01:03,patient_001,65,True,synthetic_ad8232,97,True,synthetic_max30102,36.05,2238,1593,1977,0,False,False,0.057,0.0,1.023,False,normal_morning,synthetic_ad8232_normal_morning,real,False,1.024586745961512,6.855654600401046,68.0,2.0,normal_morning,False,0
2026-05-26 16:01:08,patient_001,71,True,synthetic_ad8232,98,True,synthetic_max30102,36.0,2525,1704,2115,0,False,False,0.049,0.063,1.114,False,normal_morning,synthetic_ad8232_normal_morning,real,False,1.116855406935025,6.308724118235004,69.6,0.0,normal_morning,False,0
2026-05-26 16:01:13,patient_001,90,True,synthetic_ad8232,99,True,synthetic_max30102,36.21,2291,1627,2019,0,False,False,0.082,-0.031,0.963,False,normal_morning,synthetic_ad8232_normal_morning,real,False,0.9669819026227947,10.358571330062851,74.6,0.0,normal_morning,False,0
2026-05-26 16:01:18,patient_001,67,True,synthetic_ad8232,98,True,synthetic_max30102,36.34,2451,1713,2126,0,False,False,0.092,0.02,0.95,False,normal_morning,synthetic_ad8232_normal_morning,real,False,0.9546538639737441,10.358571330062851,74.6,1.0,normal_morning,False,0
2026-05-26 16:01:23,patient_001,57,True,synthetic_ad8232,98,True,synthetic_max30102,36.14,2093,1665,2066,0,False,False,0.087,0.085,1.007,False,normal_morning,synthetic_ad8232_normal_morning,real,False,1.0143189833577995,12.28820572744451,70.0,0.0,normal_morning,False,0
2026-05-26 16:01:28,patient_001,63,True,synthetic_ad8232,98,True,synthetic_max30102,36.1,1911,1635,2029,0,False,False,0.038,-0.083,0.966,False,normal_morning,synthetic_ad8232_normal_morning,real,False,0.9703035607478724,12.521980673998824,69.6,0.0,normal_morning,False,0
2026-05-26 16:01:33,patient_001,66,True,synthetic_ad8232,99,True,synthetic_max30102,35.86,2500,1750,2172,0,False,False,-0.058,0.009,1.036,False,normal_morning,synthetic_ad8232_normal_morning,real,False,1.037661312760575,12.581732790041283,68.6,0.0,normal_morning,False,0
2026-05-26 16:01:38,patient_001,58,True,synthetic_ad8232,98,True,synthetic_max30102,36.16,2200,1630,2023,0,False,False,0.051,0.062,0.935,False,normal_morning,synthetic_ad8232_normal_morning,real,False,0.9384401952175749,4.549725266430923,62.2,1.0,normal_morning,False,0
2026-05-26 16:01:43,patient_001,74,True,synthetic_ad8232,97,True,synthetic_max30102,36.02,2023,1574,1953,0,False,False,-0.122,-0.007,0.959,False,normal_morning,synthetic_ad8232_normal_morning,real,False,0.9667543638380951,6.877499545619757,63.6,1.0,normal_morning,False,0
2026-05-26 16:01:48,patient_001,68,True,synthetic_ad8232,96,True,synthetic_max30102,36.15,1915,1639,2034,0,False,False,-0.016,0.059,0.913,False,normal_morning,synthetic_ad8232_normal_morning,real,False,0.9150442612245596,5.932958789676528,65.8,1.0,normal_morning,False,0
2026-05-26 16:01:53,patient_001,70,True,synthetic_ad8232,98,True,synthetic_max30102,36.04,1778,1638,2033,0,False,False,-0.052,-0.059,0.955,False,normal_morning,synthetic_ad8232_normal_morning,real,False,0.9582327483445763,5.932958789676528,67.2,0.0,normal_morning,False,0
2026-05-26 16:01:58,patient_001,72,True,synthetic_ad8232,98,True,synthetic_max30102,35.89,1915,1770,2196,0,False,False,0.023,0.044,1.009,False,normal_morning,synthetic_ad8232_normal_morning,real,False,1.0102207679512434,6.228964600958971,68.4,0.0,normal_morning,False,0
2026-05-26 16:02:03,patient_001,67,True,synthetic_ad8232,98,True,synthetic_max30102,36.09,1214,1563,1939,0,False,False,0.01,-0.063,0.959,False,normal_morning,synthetic_ad8232_normal_morning,real,False,0.9611191393370543,2.86356421265526,70.2,0.0,normal_morning,False,0
2026-05-26 16:02:08,patient_001,62,True,synthetic_ad8232,97,True,synthetic_max30102,36.23,1657,1503,1865,0,False,False,0.076,-0.024,0.974,False,normal_morning,synthetic_ad8232_normal_morning,real,False,0.9772553402258798,3.7682887362833464,67.8,1.0,normal_morning,False,0
2026-05-26 16:02:13,patient_001,71,True,synthetic_ad8232,99,True,synthetic_max30102,35.94,2798,1689,2096,0,False,False,0.103,-0.061,0.915,False,normal_morning,synthetic_ad8232_normal_morning,real,False,0.9227973775428711,4.037325847637262,68.4,0.0,normal_morning,False,0
2026-05-26 16:02:18,patient_001,71,True,synthetic_ad8232,98,True,synthetic_max30102,35.62,1969,1564,1941,0,False,False,-0.081,0.038,0.969,False,normal_morning,synthetic_ad8232_normal_morning,real,False,0.973121780662626,4.159326868617077,68.6,1.0,normal_morning,False,0
2026-05-26 16:02:23,patient_001,69,True,synthetic_ad8232,99,True,synthetic_max30102,36.13,1712,1711,2123,0,False,False,0.114,0.03,0.983,False,normal_morning,synthetic_ad8232_normal_morning,real,False,0.9900429283621999,3.7416573867739324,68.0,0.0,normal_morning,False,0
2026-05-26 16:02:28,patient_001,88,True,synthetic_ad8232,98,True,synthetic_max30102,36.18,2512,1550,1923,0,False,False,0.072,0.143,1.038,False,normal_morning,synthetic_ad8232_normal_morning,real,False,1.0502747259645926,9.576011695899286,72.2,1.0,normal_morning,False,0
2026-05-26 16:02:33,patient_001,66,True,synthetic_ad8232,98,True,synthetic_max30102,35.82,2813,1615,2004,0,False,False,0.072,-0.009,0.996,False,normal_morning,synthetic_ad8232_normal_morning,real,False,0.9986395746213946,8.631338250816029,73.0,0.0,normal_morning,False,0
2026-05-26 16:02:38,patient_001,82,True,synthetic_ad8232,98,True,synthetic_max30102,36.11,2426,1624,2015,0,False,False,0.018,0.096,0.97,False,normal_morning,synthetic_ad8232_normal_morning,real,False,0.9749051235889572,9.36482781475452,75.2,0.0,normal_morning,False,0
2026-05-26 16:02:43,patient_001,64,True,synthetic_ad8232,98,True,synthetic_max30102,35.75,1795,1733,2150,0,False,False,0.082,0.146,1.033,False,normal_morning,synthetic_ad8232_normal_morning,real,False,1.0464841135917926,10.592450141492282,73.8,0.0,normal_morning,False,0
2026-05-26 16:02:48,patient_001,70,True,synthetic_ad8232,97,True,synthetic_max30102,36.05,1342,1549,1922,0,False,False,0.086,0.036,0.905,False,normal_morning,synthetic_ad8232_normal_morning,real,False,0.9097895361016195,10.48808848170151,74.0,1.0,normal_morning,False,0
2026-05-26 16:02:53,patient_001,71,True,synthetic_ad8232,100,True,synthetic_max30102,36.4,1777,1534,1904,0,False,False,-0.074,0.115,1.046,False,normal_morning,synthetic_ad8232_normal_morning,real,False,1.0549014171949909,6.985699678629184,70.6,0.0,normal_morning,False,0
2026-05-26 16:02:58,patient_001,76,True,synthetic_ad8232,99,True,synthetic_max30102,35.81,2147,1724,2139,0,False,False,0.077,-0.098,0.977,False,normal_morning,synthetic_ad8232_normal_morning,real,False,0.984917255407783,6.767569726275445,72.6,1.0,normal_morning,False,0
2026-05-26 16:03:03,patient_001,65,True,synthetic_ad8232,99,True,synthetic_max30102,36.31,2201,1683,2089,0,False,False,0.119,0.082,1.055,False,normal_morning,synthetic_ad8232_normal_morning,real,False,1.0648521024067146,4.868264577855222,69.2,0.0,normal_morning,False,0
2026-05-26 16:03:08,patient_001,69,True,synthetic_ad8232,98,True,synthetic_max30102,35.83,2137,1737,2155,0,False,False,-0.017,0.013,1.004,False,normal_morning,synthetic_ad8232_normal_morning,real,False,1.0042280617469321,3.9623225512317743,70.2,1.0,normal_morning,False,0
2026-05-26 16:03:13,patient_001,75,True,synthetic_ad8232,99,True,synthetic_max30102,36.05,1595,1688,2095,0,False,False,0.076,0.015,1.069,False,normal_morning,synthetic_ad8232_normal_morning,real,False,1.0718031535687884,4.494441010848832,71.2,0.0,normal_morning,False,0
2026-05-26 16:03:18,patient_001,69,True,synthetic_ad8232,100,True,synthetic_max30102,36.06,1491,1673,2076,0,False,False,0.067,0.063,0.928,False,normal_morning,synthetic_ad8232_normal_morning,real,False,0.9325459774188081,4.604345773288522,70.8,0.0,normal_morning,False,0
2026-05-26 16:03:23,patient_001,64,True,synthetic_ad8232,99,True,synthetic_max30102,36.18,2303,1633,2027,0,False,False,0.022,0.057,0.986,False,normal_morning,synthetic_ad8232_normal_morning,real,False,0.9878911883400924,4.335896677735746,68.4,1.0,normal_morning,False,0
2026-05-26 16:03:28,patient_001,63,True,synthetic_ad8232,98,True,synthetic_max30102,36.03,1501,1658,2057,0,False,False,-0.055,-0.025,1.084,False,normal_morning,synthetic_ad8232_normal_morning,real,False,1.085682273964165,4.795831523312706,68.0,1.0,normal_morning,False,0
2026-05-26 16:03:33,patient_001,57,True,synthetic_ad8232,98,True,synthetic_max30102,36.44,1495,1657,2056,0,False,False,0.029,0.108,1.011,False,normal_morning,synthetic_ad8232_normal_morning,real,False,1.017165669888637,6.7675697262754415,65.6,0.0,normal_morning,False,0
2026-05-26 16:03:38,patient_001,75,True,synthetic_ad8232,98,True,synthetic_max30102,36.29,2198,1634,2028,0,False,False,-0.009,0.041,1.011,False,normal_morning,synthetic_ad8232_normal_morning,real,False,1.0118710392139898,6.7675697262754415,65.6,0.0,normal_morning,False,0
2026-05-26 16:03:43,patient_001,66,True,synthetic_ad8232,97,True,synthetic_max30102,36.45,1467,1584,1965,0,False,False,0.103,-0.016,1.024,False,normal_morning,synthetic_ad8232_normal_morning,real,False,1.0292915038996484,6.519202405202638,65.0,1.0,normal_morning,False,0
2026-05-26 16:03:48,patient_001,75,True,synthetic_ad8232,96,True,synthetic_max30102,36.3,1743,1684,2090,0,False,False,0.025,0.017,1.015,False,normal_morning,synthetic_ad8232_normal_morning,real,False,1.0154501464867687,7.823042886243169,67.2,1.0,normal_morning,False,0
2026-05-26 16:03:53,patient_001,73,True,synthetic_ad8232,98,True,synthetic_max30102,35.82,1599,1692,2099,0,False,False,0.03,0.113,1.091,False,normal_morning,synthetic_ad8232_normal_morning,real,False,1.0972465538793001,7.758865896508319,69.2,0.0,normal_morning,False,0
2026-05-26 16:03:58,patient_001,71,True,synthetic_ad8232,99,True,synthetic_max30102,36.26,1187,1599,1984,0,False,False,0.087,0.052,0.986,False,normal_morning,synthetic_ad8232_normal_morning,real,False,0.9911957425251583,3.7416573867739187,72.0,0.0,normal_morning,False,0
2026-05-26 16:04:03,patient_001,70,True,synthetic_ad8232,98,True,synthetic_max30102,36.22,2015,1645,2041,0,False,False,-0.04,0.069,1.113,False,normal_morning,synthetic_ad8232_normal_morning,real,False,1.1158539330933956,3.3911649915626088,71.0,1.0,normal_morning,False,0
2026-05-26 16:04:08,patient_001,70,True,synthetic_ad8232,100,True,synthetic_max30102,35.87,2596,1636,2030,0,False,False,0.052,-0.018,0.957,False,normal_morning,synthetic_ad8232_normal_morning,real,False,0.9585807216922317,2.1679483388678404,71.8,0.0,normal_morning,False,0
2026-05-26 16:04:13,patient_001,81,True,synthetic_ad8232,98,True,synthetic_max30102,36.02,2485,1530,1899,0,False,False,0.19,0.004,0.956,False,normal_morning,synthetic_ad8232_normal_morning,real,False,0.9747061095530283,4.636809247747833,73.0,2.0,normal_morning,False,0
2026-05-26 16:04:18,patient_001,75,True,synthetic_ad8232,100,True,synthetic_max30102,35.79,2518,1532,1901,0,False,False,0.127,0.034,1.038,False,normal_morning,synthetic_ad8232_normal_morning,real,False,1.0462929800012997,4.722287581247019,73.4,0.0,normal_morning,False,0
2026-05-26 16:04:23,patient_001,74,True,synthetic_ad8232,98,True,synthetic_max30102,36.24,2244,1517,1882,0,False,False,-0.006,-0.005,0.962,False,normal_morning,synthetic_ad8232_normal_morning,real,False,0.9620317042592723,4.527692569068688,74.0,2.0,normal_morning,False,0
2026-05-26 16:04:28,patient_001,76,True,synthetic_ad8232,97,True,synthetic_max30102,36.18,2409,1585,1967,0,False,False,0.024,0.05,0.952,False,normal_morning,synthetic_ad8232_normal_morning,real,False,0.9536141777469543,3.962322551231767,75.2,1.0,normal_morning,False,0
2026-05-26 16:04:33,patient_001,68,True,synthetic_ad8232,100,True,synthetic_max30102,36.11,2593,1687,2093,0,False,False,-0.016,0.104,1.028,False,normal_morning,synthetic_ad8232_normal_morning,real,False,1.0333711821025395,4.6583258795408256,74.8,0.0,normal_morning,False,0
2026-05-26 16:04:38,patient_001,63,True,synthetic_ad8232,98,True,synthetic_max30102,36.06,1479,1647,2044,0,False,False,-0.037,0.014,1.07,False,normal_morning,synthetic_ad8232_normal_morning,real,False,1.0707310586697296,5.54075807087801,71.2,2.0,normal_morning,False,0
2026-05-26 16:04:43,patient_001,57,True,synthetic_ad8232,100,True,synthetic_max30102,36.08,1972,1722,2137,0,False,False,0.001,0.014,0.901,False,normal_morning,synthetic_ad8232_normal_morning,real,False,0.9011093163429174,7.829431652425341,67.6,0.0,normal_morning,False,0
2026-05-26 16:04:48,patient_001,78,True,synthetic_ad8232,98,True,synthetic_max30102,36.41,2244,1691,2098,0,False,False,0.055,0.081,1.033,False,normal_morning,synthetic_ad8232_normal_morning,real,False,1.037629509988994,8.792041856133293,68.4,2.0,normal_morning,False,0
2026-05-26 16:04:53,patient_001,66,True,synthetic_ad8232,100,True,synthetic_max30102,35.9,2124,1605,1992,0,False,False,0.04,0.031,1.014,False,normal_morning,synthetic_ad8232_normal_morning,real,False,1.0152620351416672,7.700649323271368,66.4,0.0,normal_morning,False,0
2026-05-26 16:04:58,patient_001,67,True,synthetic_ad8232,96,True,synthetic_max30102,36.1,2292,1669,2071,0,False,False,-0.026,-0.074,0.998,False,normal_morning,synthetic_ad8232_normal_morning,real,False,1.0010774195835206,7.6615925237511675,66.2,4.0,normal_morning,False,0
2026-05-26 16:05:03,patient_001,72,True,synthetic_ad8232,96,True,synthetic_max30102,35.8,2011,1594,1978,0,False,False,0.158,-0.033,1.027,False,normal_morning,synthetic_ad8232_normal_morning,real,False,1.0396066563850002,7.778174593052009,68.0,0.0,normal_morning,False,0
2026-05-26 16:05:08,patient_001,64,True,synthetic_ad8232,99,True,synthetic_max30102,36.13,2103,1550,1923,0,False,False,0.013,-0.033,1.006,False,normal_morning,synthetic_ad8232_normal_morning,real,False,1.0066250543275783,5.639148871948656,69.4,0.0,normal_morning,False,0
2026-05-26 16:05:13,patient_001,86,True,synthetic_ad8232,99,True,synthetic_max30102,36.26,1833,1745,2165,0,False,False,0.035,-0.086,0.911,False,normal_morning,synthetic_ad8232_normal_morning,real,False,0.9157193893327803,8.888194417315578,71.0,0.0,normal_morning,False,0
2026-05-26 16:05:18,patient_001,63,True,synthetic_ad8232,98,True,synthetic_max30102,35.87,1633,1580,1961,0,False,False,-0.034,0.027,0.937,False,normal_morning,synthetic_ad8232_normal_morning,real,False,0.9380053304752591,9.396807968666797,70.4,1.0,normal_morning,False,0
2026-05-26 16:05:23,patient_001,72,True,synthetic_ad8232,98,True,synthetic_max30102,36.06,2358,1674,2077,0,False,False,0.076,0.021,0.973,False,normal_morning,synthetic_ad8232_normal_morning,real,False,0.9761895307777071,9.208691546577061,71.4,0.0,normal_morning,False,0
2026-05-26 16:05:28,patient_001,67,True,synthetic_ad8232,98,True,synthetic_max30102,35.93,2187,1667,2069,0,False,False,-0.012,0.076,1.017,False,normal_morning,synthetic_ad8232_normal_morning,real,False,1.0199063682515173,9.396807968666797,70.4,0.0,normal_morning,False,0
2026-05-26 16:05:33,patient_001,68,True,synthetic_ad8232,99,True,synthetic_max30102,36.31,2317,1653,2051,0,False,False,0.095,0.024,1.073,False,normal_morning,synthetic_ad8232_normal_morning,real,False,1.0774646165884056,8.87130204648674,71.2,0.0,normal_morning,False,0
2026-05-26 16:05:38,patient_001,70,True,synthetic_ad8232,98,True,synthetic_max30102,35.94,1853,1644,2040,0,False,False,0.082,0.201,0.968,False,normal_morning,synthetic_ad8232_normal_morning,real,False,0.9920428418168239,3.3911649915626088,68.0,1.0,normal_morning,False,0
2026-05-26 16:05:43,patient_001,65,True,synthetic_ad8232,100,True,synthetic_max30102,35.95,2147,1517,1882,0,False,False,0.012,-0.065,0.945,False,normal_morning,synthetic_ad8232_normal_morning,real,False,0.9473088197625946,2.7018512172212286,68.4,0.0,normal_morning,False,0
2026-05-26 16:05:48,patient_001,88,True,synthetic_ad8232,98,True,synthetic_max30102,35.73,1770,1640,2035,0,False,False,0.094,-0.014,1.068,False,normal_morning,synthetic_ad8232_normal_morning,real,False,1.0722201266531048,9.343446901438455,71.6,2.0,normal_morning,False,0
2026-05-26 16:05:53,patient_001,67,True,synthetic_ad8232,99,True,synthetic_max30102,36.05,1314,1663,2064,0,False,False,0.01,0.018,0.914,False,normal_morning,synthetic_ad8232_normal_morning,real,False,0.9142319180601823,9.343446901438455,71.6,0.0,normal_morning,False,0
2026-05-26 16:05:58,patient_001,65,True,synthetic_ad8232,99,True,synthetic_max30102,36.17,2293,1697,2106,0,False,False,0.075,0.026,1.06,False,normal_morning,synthetic_ad8232_normal_morning,real,False,1.0629680145705231,9.721111047611783,71.0,0.0,normal_morning,False,0
2026-05-26 16:06:03,patient_001,74,True,synthetic_ad8232,99,True,synthetic_max30102,36.0,1739,1718,2132,0,False,False,-0.041,0.055,1.023,False,normal_morning,synthetic_ad8232_normal_morning,real,False,1.0252975177966637,9.782637681116473,71.8,0.0,normal_morning,False,0
2026-05-26 16:06:08,patient_001,62,True,synthetic_ad8232,99,True,synthetic_max30102,36.08,2510,1565,1942,0,False,False,-0.073,0.053,0.879,False,normal_morning,synthetic_ad8232_normal_morning,real,False,0.8836169984784131,10.377861051295682,71.2,0.0,normal_morning,False,0
2026-05-26 16:06:13,patient_001,81,True,synthetic_ad8232,97,True,synthetic_max30102,36.03,2659,1619,2009,0,False,False,0.043,0.137,0.96,False,normal_morning,synthetic_ad8232_normal_morning,real,False,0.9706791436927035,7.661592523751176,69.8,2.0,normal_morning,False,0
2026-05-26 16:06:18,patient_001,65,True,synthetic_ad8232,99,True,synthetic_max30102,35.78,2077,1691,2098,0,False,False,0.03,-0.07,0.927,False,normal_morning,synthetic_ad8232_normal_morning,real,False,0.9301231101311268,7.8930349042684425,69.4,0.0,normal_morning,False,0
2026-05-26 16:06:23,patient_001,66,True,synthetic_ad8232,97,True,synthetic_max30102,36.05,2025,1578,1958,0,False,False,0.058,0.089,0.832,False,normal_morning,synthetic_ad8232_normal_morning,real,False,0.8387544336693546,7.765307463326866,69.6,2.0,normal_morning,False,0
2026-05-26 16:06:28,patient_001,67,True,synthetic_ad8232,98,True,synthetic_max30102,36.16,1820,1714,2127,0,False,False,0.022,-0.002,0.975,False,normal_morning,synthetic_ad8232_normal_morning,real,False,0.9752502243014354,7.395944834840233,68.2,0.0,normal_morning,False,0
2026-05-26 16:06:33,patient_001,68,True,synthetic_ad8232,98,True,synthetic_max30102,36.44,1937,1633,2026,0,False,False,0.022,0.088,1.064,False,normal_morning,synthetic_ad8232_normal_morning,real,False,1.0678595413255434,6.580273550544835,69.4,0.0,normal_morning,False,0
2026-05-26 16:06:38,patient_001,66,True,synthetic_ad8232,98,True,synthetic_max30102,36.29,2846,1568,1946,0,False,False,0.054,0.044,0.922,False,normal_morning,synthetic_ad8232_normal_morning,real,False,0.9246274925611936,1.1401754250991103,66.4,0.0,normal_morning,False,0
2026-05-26 16:06:43,patient_001,67,True,synthetic_ad8232,97,True,synthetic_max30102,36.41,1932,1614,2003,0,False,False,0.057,0.065,0.982,False,normal_morning,synthetic_ad8232_normal_morning,real,False,0.9857981537820001,0.8366600265340364,66.8,1.0,normal_morning,False,0
2026-05-26 16:06:48,patient_001,82,True,synthetic_ad8232,97,True,synthetic_max30102,36.87,3194,1646,2043,0,False,False,0.188,0.037,0.803,False,normal_postmeal,synthetic_ad8232_normal_postmeal,real,False,0.8255434573661159,0.0,82.0,0.0,normal_postmeal,False,0
2026-05-26 16:06:53,patient_001,102,True,synthetic_ad8232,96,True,synthetic_max30102,36.95,1301,1682,2087,0,False,False,-0.019,-0.078,0.962,False,normal_postmeal,synthetic_ad8232_normal_postmeal,real,False,0.9653439801438656,14.142135623730951,92.0,1.0,normal_postmeal,False,0
2026-05-26 16:06:58,patient_001,84,True,synthetic_ad8232,97,True,synthetic_max30102,36.7,2643,1574,1953,0,False,False,0.072,-0.067,1.047,False,normal_postmeal,synthetic_ad8232_normal_postmeal,real,False,1.0516092430175763,11.015141094572202,89.33333333333333,0.0,normal_postmeal,False,0
2026-05-26 16:07:03,patient_001,79,True,synthetic_ad8232,96,True,synthetic_max30102,36.9,1617,1650,2048,0,False,False,0.173,0.055,1.035,False,normal_postmeal,synthetic_ad8232_normal_postmeal,real,False,1.0507992196418876,10.372238588334406,86.75,1.0,normal_postmeal,False,0
2026-05-26 16:07:08,patient_001,90,True,synthetic_ad8232,96,True,synthetic_max30102,36.48,2075,1572,1951,0,False,False,0.072,-0.06,1.016,False,normal_postmeal,synthetic_ad8232_normal_postmeal,real,False,1.0203136772581263,9.09945053286186,87.4,0.0,normal_postmeal,False,0
2026-05-26 16:07:13,patient_001,90,True,synthetic_ad8232,99,True,synthetic_max30102,36.88,1805,1595,1979,0,False,False,0.139,-0.03,0.994,False,normal_postmeal,synthetic_ad8232_normal_postmeal,real,False,1.0041200127474803,8.602325267042625,89.0,0.0,normal_postmeal,False,0
2026-05-26 16:07:18,patient_001,92,True,synthetic_ad8232,96,True,synthetic_max30102,36.5,1447,1707,2118,0,False,False,-0.073,-0.157,0.905,False,normal_postmeal,synthetic_ad8232_normal_postmeal,real,False,0.9214135879180424,5.385164807134501,87.0,3.0,normal_postmeal,False,0
2026-05-26 16:07:23,patient_001,82,True,synthetic_ad8232,99,True,synthetic_max30102,36.64,1824,1548,1921,0,False,False,0.066,0.081,1.043,False,normal_postmeal,synthetic_ad8232_normal_postmeal,real,False,1.048220396672379,5.727128425310538,86.6,0.0,normal_postmeal,False,0
2026-05-26 16:07:28,patient_001,79,True,synthetic_ad8232,100,True,synthetic_max30102,36.4,3179,1742,2162,0,False,False,-0.044,-0.053,0.87,False,normal_postmeal,synthetic_ad8232_normal_postmeal,real,False,0.8727227509352555,5.727128425310538,86.6,0.0,normal_postmeal,False,0
2026-05-26 16:07:33,patient_001,90,True,synthetic_ad8232,95,True,synthetic_max30102,36.24,2247,1677,2081,0,False,False,0.02,0.005,0.938,False,normal_postmeal,synthetic_ad8232_normal_postmeal,real,False,0.938226518491137,5.727128425310538,86.6,5.0,normal_postmeal,False,0
2026-05-26 16:07:38,patient_001,97,True,synthetic_ad8232,97,True,synthetic_max30102,36.52,1542,1724,2139,0,False,False,0.093,0.031,1.061,False,normal_postmeal,synthetic_ad8232_normal_postmeal,real,False,1.065519122306118,7.3824115301166975,88.0,0.0,normal_postmeal,False,0
2026-05-26 16:07:43,patient_001,81,True,synthetic_ad8232,96,True,synthetic_max30102,36.54,2171,1679,2083,0,False,False,0.1,0.058,1.078,False,normal_postmeal,synthetic_ad8232_normal_postmeal,real,False,1.0841807967308774,7.5299402388066765,85.8,1.0,normal_postmeal,False,0
2026-05-26 16:07:48,patient_001,105,True,synthetic_ad8232,98,True,synthetic_max30102,36.82,2307,1621,2012,0,False,False,0.158,0.039,0.966,False,normal_postmeal,synthetic_ad8232_normal_postmeal,real,False,0.9796126785622978,10.899541274750966,90.4,0.0,normal_postmeal,False,0
2026-05-26 16:07:53,patient_001,105,True,synthetic_ad8232,97,True,synthetic_max30102,37.13,3022,1629,2021,0,False,False,-0.118,0.026,0.987,False,normal_postmeal,synthetic_ad8232_normal_postmeal,real,False,0.9943686439143181,10.285912696499029,95.6,1.0,normal_postmeal,False,0
2026-05-26 16:07:58,patient_001,93,True,synthetic_ad8232,97,True,synthetic_max30102,36.81,1665,1622,2013,0,False,False,-0.12,-0.031,1.069,False,normal_postmeal,synthetic_ad8232_normal_postmeal,real,False,1.076160768658661,9.959919678390984,96.2,0.0,normal_postmeal,False,0
2026-05-26 16:08:03,patient_001,106,True,synthetic_ad8232,99,True,synthetic_max30102,36.93,1561,1612,2000,0,False,False,0.004,0.011,0.926,False,normal_postmeal,synthetic_ad8232_normal_postmeal,real,False,0.926073971127577,10.908712114635712,98.0,0.0,normal_postmeal,False,0
2026-05-26 16:08:08,patient_001,88,True,synthetic_ad8232,96,True,synthetic_max30102,36.41,2126,1613,2002,0,False,False,0.058,0.049,1.126,False,normal_postmeal,synthetic_ad8232_normal_postmeal,real,False,1.128557043307958,8.324662155306962,99.4,3.0,normal_postmeal,False,0
2026-05-26 16:08:13,patient_001,97,True,synthetic_ad8232,97,True,synthetic_max30102,36.99,1467,1645,2041,0,False,False,0.102,0.056,0.97,False,normal_postmeal,synthetic_ad8232_normal_postmeal,real,False,0.9769544513435618,7.72657750883274,97.8,0.0,normal_postmeal,False,0
2026-05-26 16:08:18,patient_001,87,True,synthetic_ad8232,96,True,synthetic_max30102,36.52,1648,1678,2082,0,False,False,0.075,0.126,0.917,False,normal_postmeal,synthetic_ad8232_normal_postmeal,real,False,0.9286495571527508,7.72657750883274,94.2,1.0,normal_postmeal,False,0
2026-05-26 16:08:23,patient_001,91,True,synthetic_ad8232,96,True,synthetic_max30102,36.95,1482,1618,2008,0,False,False,-0.014,0.111,0.97,False,normal_postmeal,synthetic_ad8232_normal_postmeal,real,False,0.9764307451120126,7.85493475466219,93.8,0.0,normal_postmeal,False,0
2026-05-26 16:08:28,patient_001,96,True,synthetic_ad8232,98,True,synthetic_max30102,36.87,2240,1646,2043,0,False,False,0.219,0.144,0.965,False,normal_postmeal,synthetic_ad8232_normal_postmeal,real,False,0.9999609992394703,4.549725266430924,91.8,0.0,normal_postmeal,False,0
2026-05-26 16:08:33,patient_001,86,True,synthetic_ad8232,98,True,synthetic_max30102,36.89,2024,1669,2071,0,False,False,0.061,0.085,1.128,False,normal_postmeal,synthetic_ad8232_normal_postmeal,real,False,1.1328415599720905,5.029910535983713,91.4,0.0,normal_postmeal,False,0
2026-05-26 16:08:38,patient_001,108,True,synthetic_ad8232,98,True,synthetic_max30102,36.72,1324,1589,1972,0,False,False,0.04,0.046,1.019,False,normal_postmeal,synthetic_ad8232_normal_postmeal,real,False,1.020821727825187,8.96102672688794,93.6,0.0,normal_postmeal,False,0
2026-05-26 16:08:43,patient_001,86,True,synthetic_ad8232,96,True,synthetic_max30102,36.64,1758,1573,1952,0,False,False,0.091,0.016,1.006,False,normal_postmeal,synthetic_ad8232_normal_postmeal,real,False,1.0102341312784873,9.154233993076648,93.4,2.0,normal_postmeal,False,0
2026-05-26 16:08:48,patient_001,99,True,synthetic_ad8232,98,True,synthetic_max30102,36.62,1943,1625,2016,0,False,False,0.053,0.206,0.989,False,normal_postmeal,synthetic_ad8232_normal_postmeal,real,False,1.011615539619672,9.327379053088817,95.0,0.0,normal_postmeal,False,0
2026-05-26 16:08:53,patient_001,95,True,synthetic_ad8232,97,True,synthetic_max30102,36.79,1817,1656,2055,0,False,False,-0.075,-0.047,0.978,False,normal_postmeal,synthetic_ad8232_normal_postmeal,real,False,0.9819969450054312,9.311283477587825,94.8,1.0,normal_postmeal,False,0
2026-05-26 16:08:58,patient_001,92,True,synthetic_ad8232,97,True,synthetic_max30102,37.02,2271,1703,2113,0,False,False,0.032,0.062,0.947,False,normal_postmeal,synthetic_ad8232_normal_postmeal,real,False,0.9495667433098106,8.215838362577495,96.0,0.0,normal_postmeal,False,0
2026-05-26 16:09:03,patient_001,102,True,synthetic_ad8232,98,True,synthetic_max30102,36.95,1759,1630,2023,0,False,False,0.032,0.05,1.075,False,normal_postmeal,synthetic_ad8232_normal_postmeal,real,False,1.0766378221110384,6.22093240599832,94.8,0.0,normal_postmeal,False,0
2026-05-26 16:09:08,patient_001,96,True,synthetic_ad8232,97,True,synthetic_max30102,36.59,1986,1654,2052,0,False,False,0.034,0.022,0.813,False,normal_postmeal,synthetic_ad8232_normal_postmeal,real,False,0.8140079852188183,3.83405790253617,96.8,1.0,normal_postmeal,False,0
2026-05-26 16:09:13,patient_001,93,True,synthetic_ad8232,99,True,synthetic_max30102,36.5,1819,1638,2033,0,False,False,-0.026,-0.179,0.952,False,normal_postmeal,synthetic_ad8232_normal_postmeal,real,False,0.9690309592577524,3.911521443121595,95.6,0.0,normal_postmeal,False,0
2026-05-26 16:09:18,patient_001,104,True,synthetic_ad8232,98,True,synthetic_max30102,36.82,1291,1621,2012,0,False,False,0.01,0.112,0.988,False,normal_postmeal,synthetic_ad8232_normal_postmeal,real,False,0.9943781976692772,5.366563145999498,97.4,1.0,normal_postmeal,False,0
2026-05-26 16:09:23,patient_001,90,True,synthetic_ad8232,98,True,synthetic_max30102,37.37,1368,1700,2109,0,False,False,0.045,-0.031,0.895,False,normal_postmeal,synthetic_ad8232_normal_postmeal,real,False,0.8966666047087959,5.916079783099618,97.0,0.0,normal_postmeal,False,0
2026-05-26 16:09:28,patient_001,99,True,synthetic_ad8232,98,True,synthetic_max30102,36.91,2785,1618,2008,0,False,False,0.022,0.075,1.004,False,normal_postmeal,synthetic_ad8232_normal_postmeal,real,False,1.0070377351420352,5.412947441089745,96.4,0.0,normal_postmeal,False,0
2026-05-26 16:09:33,patient_001,91,True,synthetic_ad8232,98,True,synthetic_max30102,36.2,2346,1701,2111,0,False,False,0.142,0.148,0.992,False,normal_postmeal,synthetic_ad8232_normal_postmeal,real,False,1.012981737248999,5.941380311005181,95.4,0.0,normal_postmeal,False,0
2026-05-26 16:09:38,patient_001,88,True,synthetic_ad8232,98,True,synthetic_max30102,36.6,1691,1611,1999,0,False,False,-0.009,0.12,1.068,False,normal_postmeal,synthetic_ad8232_normal_postmeal,real,False,1.0747581123210934,6.804410334481602,94.4,0.0,normal_postmeal,False,0
2026-05-26 16:09:43,patient_001,88,True,synthetic_ad8232,98,True,synthetic_max30102,36.55,2017,1729,2145,0,False,False,0.069,0.09,0.983,False,normal_postmeal,synthetic_ad8232_normal_postmeal,real,False,0.9895200856981126,4.549725266430936,91.2,0.0,normal_postmeal,False,0
2026-05-26 16:09:48,patient_001,92,True,synthetic_ad8232,96,True,synthetic_max30102,37.05,1719,1592,1975,0,False,False,-0.021,0.058,0.984,False,normal_postmeal,synthetic_ad8232_normal_postmeal,real,False,0.9859315392054359,4.50555213042753,91.6,2.0,normal_postmeal,False,0
2026-05-26 16:09:53,patient_001,106,True,synthetic_ad8232,97,True,synthetic_max30102,36.55,1949,1700,2109,0,False,False,0.064,0.018,1.266,False,normal_postmeal,synthetic_ad8232_normal_postmeal,real,False,1.2677444537445235,7.483314773547885,93.0,0.0,normal_postmeal,False,0
2026-05-26 16:09:58,patient_001,107,True,synthetic_ad8232,95,True,synthetic_max30102,36.82,2663,1654,2052,0,False,False,0.2,0.021,0.851,False,normal_postmeal,synthetic_ad8232_normal_postmeal,real,False,0.8744381052996262,9.54986910905066,96.2,2.0,normal_postmeal,False,0
2026-05-26 16:10:03,patient_001,97,True,synthetic_ad8232,96,True,synthetic_max30102,36.63,2353,1741,2161,0,False,False,-0.005,0.059,1.097,False,normal_postmeal,synthetic_ad8232_normal_postmeal,real,False,1.0985968323274922,8.396427811873334,98.0,0.0,normal_postmeal,False,0
2026-05-26 16:10:08,patient_001,82,True,synthetic_ad8232,95,True,synthetic_max30102,36.93,1524,1575,1954,0,False,False,-0.068,0.012,1.014,False,normal_postmeal,synthetic_ad8232_normal_postmeal,real,False,1.0163483654731778,10.377861051295687,96.8,1.0,normal_postmeal,False,0
2026-05-26 16:10:13,patient_001,93,True,synthetic_ad8232,98,True,synthetic_max30102,37.07,1760,1592,1975,0,False,False,0.089,0.036,0.93,False,normal_postmeal,synthetic_ad8232_normal_postmeal,real,False,0.9349422442054911,10.27131929208707,97.0,0.0,normal_postmeal,False,0
2026-05-26 16:10:18,patient_001,98,True,synthetic_ad8232,97,True,synthetic_max30102,36.28,2942,1574,1953,0,False,False,-0.023,0.126,0.996,False,normal_postmeal,synthetic_ad8232_normal_postmeal,real,False,1.0042016729721177,9.071934744033381,95.4,1.0,normal_postmeal,False,0
2026-05-26 16:10:23,patient_001,94,True,synthetic_ad8232,97,True,synthetic_max30102,36.9,2498,1735,2153,0,False,False,0.011,-0.028,1.16,False,normal_postmeal,synthetic_ad8232_normal_postmeal,real,False,1.1603900206396123,6.379655163094636,92.8,0.0,normal_postmeal,False,0
2026-05-26 16:10:28,patient_001,99,True,synthetic_ad8232,96,True,synthetic_max30102,37.12,2035,1532,1901,0,False,False,-0.027,0.053,0.859,False,normal_postmeal,synthetic_ad8232_normal_postmeal,real,False,0.8610569086883864,6.760177512462231,93.2,1.0,normal_postmeal,False,0
2026-05-26 16:10:33,patient_001,87,True,synthetic_ad8232,95,True,synthetic_max30102,36.94,2432,1659,2059,0,False,False,0.21,0.141,0.969,False,normal_postmeal,synthetic_ad8232_normal_postmeal,real,False,1.0014699196680847,4.7644516998286415,94.2,1.0,normal_postmeal,False,0
2026-05-26 16:10:38,patient_001,104,True,synthetic_ad8232,97,True,synthetic_max30102,36.81,2651,1669,2071,0,False,False,0.064,0.074,0.979,False,normal_postmeal,synthetic_ad8232_normal_postmeal,real,False,0.9838765166422054,6.348228099241553,96.4,0.0,normal_postmeal,False,0
2026-05-26 16:10:43,patient_001,105,True,synthetic_ad8232,98,True,synthetic_max30102,37.23,1860,1903,2361,0,False,False,0.009,0.16,1.033,False,normal_postmeal,synthetic_ad8232_normal_postmeal,real,False,1.0453563985550574,7.463243262818118,97.8,0.0,normal_postmeal,False,0
2026-05-26 16:10:48,patient_001,88,True,synthetic_ad8232,98,True,synthetic_max30102,36.9,2454,1739,2158,0,False,False,0.196,-0.023,1.062,False,normal_postmeal,synthetic_ad8232_normal_postmeal,real,False,1.08018007757966,8.61974477580398,96.6,0.0,normal_postmeal,False,0
2026-05-26 16:10:53,patient_001,85,True,synthetic_ad8232,99,True,synthetic_max30102,37.11,2317,1650,2048,0,False,False,0.088,0.046,1.008,False,normal_postmeal,synthetic_ad8232_normal_postmeal,real,False,1.0128790648443673,9.833615815151616,93.8,0.0,normal_postmeal,False,0
2026-05-26 16:10:58,patient_001,94,True,synthetic_ad8232,96,True,synthetic_max30102,36.54,2296,1681,2086,0,False,False,-0.02,0.048,0.988,False,normal_postmeal,synthetic_ad8232_normal_postmeal,real,False,0.9893674747029033,9.093954035511725,95.2,3.0,normal_postmeal,False,0
2026-05-26 16:11:03,patient_001,88,True,synthetic_ad8232,99,True,synthetic_max30102,36.73,2404,1605,1992,0,False,False,0.005,0.069,0.843,False,normal_postmeal,synthetic_ad8232_normal_postmeal,real,False,0.8458339080457817,7.968688725254615,92.0,0.0,normal_postmeal,False,0
2026-05-26 16:11:08,patient_001,78,True,synthetic_ad8232,98,True,synthetic_max30102,37.18,2370,1617,2006,0,False,False,0.01,0.053,1.08,False,normal_postmeal,synthetic_ad8232_normal_postmeal,real,False,1.081345920600804,5.813776741499453,86.6,1.0,normal_postmeal,False,0
2026-05-26 16:11:13,patient_001,88,True,synthetic_ad8232,96,True,synthetic_max30102,36.6,1496,1572,1951,0,False,False,0.067,0.123,0.975,False,normal_postmeal,synthetic_ad8232_normal_postmeal,real,False,0.9850091370134594,5.813776741499453,86.6,2.0,normal_postmeal,False,0
2026-05-26 16:11:18,patient_001,98,True,synthetic_ad8232,99,True,synthetic_max30102,36.9,1638,1645,2041,0,False,False,0.009,0.091,0.971,False,normal_postmeal,synthetic_ad8232_normal_postmeal,real,False,0.9752963652141845,7.5630681604756145,89.2,0.0,normal_postmeal,False,0
2026-05-26 16:11:23,patient_001,107,True,synthetic_ad8232,94,True,synthetic_max30102,37.0,1739,1632,2025,0,False,False,0.003,-0.003,1.125,False,normal_postmeal,synthetic_ad8232_normal_postmeal,real,False,1.1250079999715559,11.054410884348384,91.8,5.0,normal_postmeal,False,0
2026-05-26 16:11:28,patient_001,93,True,synthetic_ad8232,97,True,synthetic_max30102,36.69,2262,1671,2073,0,False,False,-0.086,-0.039,1.093,False,normal_postmeal,synthetic_ad8232_normal_postmeal,real,False,1.0970715564629319,10.848963084092416,92.8,0.0,normal_postmeal,False,0
2026-05-26 16:11:33,patient_001,92,True,synthetic_ad8232,96,True,synthetic_max30102,37.22,1753,1614,2003,0,False,False,0.025,-0.005,1.078,False,normal_postmeal,synthetic_ad8232_normal_postmeal,real,False,1.0783014420837989,7.300684899377594,95.6,1.0,normal_postmeal,False,0
2026-05-26 16:11:38,patient_001,94,True,synthetic_ad8232,97,True,synthetic_max30102,36.86,2111,1688,2095,0,False,False,0.207,0.057,0.8,False,normal_postmeal,synthetic_ad8232_normal_postmeal,real,False,0.8283103283190426,6.140032573203504,96.8,0.0,normal_postmeal,False,0
2026-05-26 16:11:43,patient_001,94,True,synthetic_ad8232,97,True,synthetic_max30102,36.79,3257,1601,1987,0,False,False,0.036,0.079,0.947,False,normal_postmeal,synthetic_ad8232_normal_postmeal,real,False,0.9509710826308021,6.204836822995431,96.0,0.0,normal_postmeal,False,0
2026-05-26 16:11:48,patient_001,88,True,synthetic_ad8232,97,True,synthetic_max30102,36.43,2346,1731,2148,0,False,False,0.049,-0.045,0.955,False,normal_postmeal,synthetic_ad8232_normal_postmeal,real,False,0.9573144728875669,2.4899799195977543,92.2,0.0,normal_postmeal,False,0
2026-05-26 16:11:53,patient_001,99,True,synthetic_ad8232,95,True,synthetic_max30102,37.26,1765,1712,2124,0,False,False,-0.055,0.152,1.072,False,normal_postmeal,synthetic_ad8232_normal_postmeal,real,False,1.084118535954441,3.974921382870362,93.4,2.0,normal_postmeal,False,0
2026-05-26 16:11:58,patient_001,95,True,synthetic_ad8232,96,True,synthetic_max30102,36.81,1858,1662,2062,0,False,False,0.02,-0.133,1.08,False,normal_postmeal,synthetic_ad8232_normal_postmeal,real,False,1.0883423174718514,3.937003937005909,94.0,0.0,normal_postmeal,False,0
2026-05-26 16:12:03,patient_001,89,True,synthetic_ad8232,97,True,synthetic_max30102,36.58,1562,1647,2044,0,False,False,-0.14,0.063,1.032,False,normal_postmeal,synthetic_ad8232_normal_postmeal,real,False,1.04335660250942,4.527692569068711,93.0,0.0,normal_postmeal,False,0
2026-05-26 16:12:08,patient_001,95,True,synthetic_ad8232,95,True,synthetic_max30102,36.54,2852,1637,2031,0,False,False,-0.02,0.098,0.961,False,normal_postmeal,synthetic_ad8232_normal_postmeal,real,False,0.9661909749112749,4.6043457732885384,93.2,2.0,normal_postmeal,False,0
2026-05-26 16:12:13,patient_001,97,True,synthetic_ad8232,97,True,synthetic_max30102,36.71,2035,1700,2110,0,False,False,-0.008,-0.145,1.067,False,normal_postmeal,synthetic_ad8232_normal_postmeal,real,False,1.0768370350243346,3.7416573867739444,95.0,0.0,normal_postmeal,False,0
2026-05-26 16:12:18,patient_001,93,True,synthetic_ad8232,98,True,synthetic_max30102,36.41,1216,1725,2141,0,False,False,-0.007,-0.061,1.132,False,normal_postmeal,synthetic_ad8232_normal_postmeal,real,False,1.1336639713777623,3.033150177620624,93.8,0.0,normal_postmeal,False,0
2026-05-26 16:12:23,patient_001,80,True,synthetic_ad8232,97,True,synthetic_max30102,36.68,1797,1683,2088,0,False,False,-0.066,0.186,1.015,False,normal_postmeal,synthetic_ad8232_normal_postmeal,real,False,1.0340101546890146,6.723094525588645,90.8,1.0,normal_postmeal,False,0
2026-05-26 16:12:28,patient_001,101,True,synthetic_ad8232,97,True,synthetic_max30102,36.73,2631,1687,2093,0,False,False,0.089,-0.1,1.118,False,normal_postmeal,synthetic_ad8232_normal_postmeal,real,False,1.1259862343741154,7.9498427657407165,93.2,0.0,normal_postmeal,False,0
2026-05-26 16:12:33,patient_001,84,True,synthetic_ad8232,96,True,synthetic_max30102,36.51,1435,1585,1967,0,False,False,0.06,0.035,0.953,False,normal_postmeal,synthetic_ad8232_normal_postmeal,real,False,0.9555281262213059,8.803408430829505,91.0,1.0,normal_postmeal,False,0
2026-05-26 16:12:38,patient_001,94,True,synthetic_ad8232,96,True,synthetic_max30102,36.63,2125,1629,2022,0,False,False,0.164,0.023,1.092,False,normal_postmeal,synthetic_ad8232_normal_postmeal,real,False,1.1044858532366995,8.384509526501834,90.4,0.0,normal_postmeal,False,0
2026-05-26 16:12:43,patient_001,94,True,synthetic_ad8232,95,True,synthetic_max30102,37.16,1690,1655,2054,0,False,False,0.029,0.09,0.93,False,normal_postmeal,synthetic_ad8232_normal_postmeal,real,False,0.9347946298519264,8.473488065725945,90.6,1.0,normal_postmeal,False,0
2026-05-26 16:12:48,patient_001,105,True,synthetic_ad8232,97,True,synthetic_max30102,36.89,1670,1581,1962,0,False,False,0.149,0.123,1.051,False,normal_postmeal,synthetic_ad8232_normal_postmeal,real,False,1.0686117162000424,8.018728078691785,95.6,0.0,normal_postmeal,False,0
2026-05-26 16:12:53,patient_001,85,True,synthetic_ad8232,98,True,synthetic_max30102,36.84,1355,1652,2050,0,False,False,-0.071,0.015,0.87,False,normal_postmeal,synthetic_ad8232_normal_postmeal,real,False,0.8730211910371936,8.502940667792528,92.4,0.0,normal_postmeal,False,0
2026-05-26 16:12:58,patient_001,99,True,synthetic_ad8232,97,True,synthetic_max30102,37.28,1552,1576,1956,0,False,False,0.108,-0.004,1.055,False,normal_postmeal,synthetic_ad8232_normal_postmeal,real,False,1.0605210983285527,7.368853370776217,95.4,1.0,normal_postmeal,False,0
2026-05-26 16:13:03,patient_001,97,True,synthetic_ad8232,94,True,synthetic_max30102,36.79,2116,1699,2108,0,False,False,-0.042,0.038,0.904,False,normal_postmeal,synthetic_ad8232_normal_postmeal,real,False,0.905772598393217,7.348469228349535,96.0,3.0,normal_postmeal,False,0
2026-05-26 16:13:08,patient_001,107,True,synthetic_ad8232,97,True,synthetic_max30102,36.61,3173,1721,2136,0,False,False,0.02,-0.078,1.022,False,normal_postmeal,synthetic_ad8232_normal_postmeal,real,False,1.0251673034193003,8.648699324175864,98.6,0.0,normal_postmeal,False,0
2026-05-26 16:13:13,patient_001,88,True,synthetic_ad8232,97,True,synthetic_max30102,36.66,1893,1734,2152,0,False,False,0.057,0.061,0.986,False,normal_postmeal,synthetic_ad8232_normal_postmeal,real,False,0.989528170392334,8.84307638777366,95.2,0.0,normal_postmeal,False,0
2026-05-26 16:13:18,patient_001,103,True,synthetic_ad8232,98,True,synthetic_max30102,36.8,1791,1697,2106,0,False,False,0.015,0.224,0.925,False,normal_postmeal,synthetic_ad8232_normal_postmeal,real,False,0.9518539803982542,7.155417527999329,98.8,0.0,normal_postmeal,False,0
2026-05-26 16:13:23,patient_001,110,True,synthetic_ad8232,98,True,synthetic_max30102,36.63,2318,1736,2154,0,False,False,0.081,0.051,0.949,False,normal_postmeal,synthetic_ad8232_normal_postmeal,real,False,0.953814971574676,8.746427842267952,101.0,0.0,normal_postmeal,False,0
2026-05-26 16:13:28,patient_001,96,True,synthetic_ad8232,97,True,synthetic_max30102,36.91,1773,1784,2214,0,False,False,0.058,0.035,0.939,False,normal_postmeal,synthetic_ad8232_normal_postmeal,real,False,0.9414403857918991,8.87130204648675,100.8,1.0,normal_postmeal,False,0
2026-05-26 16:13:33,patient_001,98,True,synthetic_ad8232,97,True,synthetic_max30102,37.24,1524,1693,2101,0,False,False,-0.032,-0.029,0.912,False,normal_postmeal,synthetic_ad8232_normal_postmeal,real,False,0.9130219055422493,8.18535277187245,99.0,0.0,normal_postmeal,False,0
2026-05-26 16:13:38,patient_001,90,True,synthetic_ad8232,94,True,synthetic_max30102,36.86,2286,1572,1951,0,False,False,-0.0,-0.089,1.077,False,normal_postmeal,synthetic_ad8232_normal_postmeal,real,False,1.0806710877968375,7.5365774725667105,99.4,3.0,normal_postmeal,False,0
2026-05-26 16:13:43,patient_001,88,True,synthetic_ad8232,99,True,synthetic_max30102,36.99,1966,1642,2037,0,False,False,-0.041,-0.043,1.038,False,normal_postmeal,synthetic_ad8232_normal_postmeal,real,False,1.03969899490189,8.648699324175864,96.4,0.0,normal_postmeal,False,0
2026-05-26 16:13:48,patient_001,105,True,synthetic_ad8232,96,True,synthetic_max30102,36.82,1328,1658,2058,0,False,False,0.116,0.095,0.977,False,normal_postmeal,synthetic_ad8232_normal_postmeal,real,False,0.9884381619504581,6.767569726275457,95.4,3.0,normal_postmeal,False,0
2026-05-26 16:13:53,patient_001,84,True,synthetic_ad8232,97,True,synthetic_max30102,36.77,2113,1639,2034,0,False,False,0.046,0.113,0.895,False,normal_postmeal,synthetic_ad8232_normal_postmeal,real,False,0.9032773660399114,8.426149773176363,93.0,0.0,normal_postmeal,False,0
2026-05-26 16:13:58,patient_001,88,True,synthetic_ad8232,99,True,synthetic_max30102,37.03,2213,1659,2059,0,False,False,0.063,0.174,0.87,False,normal_postmeal,synthetic_ad8232_normal_postmeal,real,False,0.8894633213348373,8.124038404635964,91.0,0.0,normal_postmeal,False,0
2026-05-26 16:14:03,patient_001,86,True,synthetic_ad8232,97,True,synthetic_max30102,36.52,1493,1530,1899,0,False,False,0.095,0.115,1.012,False,normal_postmeal,synthetic_ad8232_normal_postmeal,real,False,1.0229340154672735,8.438009243891598,90.2,2.0,normal_postmeal,False,0
2026-05-26 16:14:08,patient_001,99,True,synthetic_ad8232,97,True,synthetic_max30102,36.13,1874,1740,2159,0,False,False,0.139,0.041,0.924,False,normal_postmeal,synthetic_ad8232_normal_postmeal,real,False,0.9352956751744338,9.12688336728371,92.4,0.0,normal_postmeal,False,0
2026-05-26 16:14:13,patient_001,88,True,synthetic_ad8232,97,True,synthetic_max30102,37.25,1598,1713,2126,0,False,False,0.17,0.059,1.027,False,normal_postmeal,synthetic_ad8232_normal_postmeal,real,False,1.042645673275442,5.830951894845306,89.0,0.0,normal_postmeal,False,0
2026-05-26 16:14:18,patient_001,100,True,synthetic_ad8232,96,True,synthetic_max30102,36.88,1890,1463,1815,0,False,False,0.022,0.07,0.999,False,normal_postmeal,synthetic_ad8232_normal_postmeal,real,False,1.0016910701408892,6.723094525588649,92.2,1.0,normal_postmeal,False,0
2026-05-26 16:14:23,patient_001,100,True,synthetic_ad8232,98,True,synthetic_max30102,36.77,2317,1745,2165,0,False,False,0.171,0.055,1.025,False,normal_postmeal,synthetic_ad8232_normal_postmeal,real,False,1.0406204879782062,6.985699678629197,94.6,0.0,normal_postmeal,False,0
2026-05-26 16:14:28,patient_001,86,True,synthetic_ad8232,94,True,synthetic_max30102,36.68,2610,1667,2069,0,False,False,0.101,0.002,1.054,False,normal_postmeal,synthetic_ad8232_normal_postmeal,real,False,1.0588300146860212,6.985699678629197,94.6,4.0,normal_postmeal,False,0
2026-05-26 16:14:33,patient_001,91,True,synthetic_ad8232,98,True,synthetic_max30102,36.93,2785,1721,2136,0,False,False,0.16,-0.107,0.953,False,normal_postmeal,synthetic_ad8232_normal_postmeal,real,False,0.9722437965860209,6.633249580710804,93.0,0.0,normal_postmeal,False,0
2026-05-26 16:14:38,patient_001,96,True,synthetic_ad8232,97,True,synthetic_max30102,36.99,2965,1750,2171,0,False,False,0.109,0.001,1.016,False,normal_postmeal,synthetic_ad8232_normal_postmeal,real,False,1.0218307100493702,6.066300355241245,94.6,1.0,normal_postmeal,False,0
2026-05-26 16:14:43,patient_001,101,True,synthetic_ad8232,97,True,synthetic_max30102,36.79,2532,1601,1987,0,False,False,0.085,0.021,1.005,False,normal_postmeal,synthetic_ad8232_normal_postmeal,real,False,1.0088067208340752,6.30079360080935,94.8,0.0,normal_postmeal,False,0
2026-05-26 16:14:48,patient_001,84,True,synthetic_ad8232,96,True,synthetic_max30102,36.82,2704,1617,2007,0,False,False,0.199,-0.004,0.937,False,normal_postmeal,synthetic_ad8232_normal_postmeal,real,False,0.9579070936160772,7.021395872616786,91.6,1.0,normal_postmeal,False,0
2026-05-26 16:14:53,patient_001,72,True,synthetic_ad8232,96,True,synthetic_max30102,37.4,2398,1646,2043,0,False,False,0.087,-0.058,0.987,False,normal_postmeal,synthetic_ad8232_normal_postmeal,real,False,0.9925230475913392,11.300442469213321,88.8,0.0,normal_postmeal,False,0
2026-05-26 16:14:58,patient_001,111,True,synthetic_ad8232,97,True,synthetic_max30102,36.67,1285,1565,1942,0,False,False,0.103,-0.026,0.907,False,normal_postmeal,synthetic_ad8232_normal_postmeal,real,False,0.9131998685939459,15.155856953666461,92.8,0.0,normal_postmeal,False,0
2026-05-26 16:15:03,patient_001,86,True,synthetic_ad8232,96,True,synthetic_max30102,36.88,1762,1625,2016,0,False,False,-0.056,-0.221,0.906,False,normal_postmeal,synthetic_ad8232_normal_postmeal,real,False,0.9342446146486476,15.287249589118378,90.8,1.0,normal_postmeal,False,0
2026-05-26 16:15:08,patient_001,145,True,synthetic_ad8232,95,True,synthetic_max30102,37.41,1813,1720,2134,0,False,False,0.037,0.023,0.856,False,stress,synthetic_ad8232_stress,real,False,0.8571079278597299,0.0,145.0,0.0,stress,False,0
2026-05-26 16:15:13,patient_001,130,True,synthetic_ad8232,96,True,synthetic_max30102,36.77,2095,1716,2130,0,False,False,0.199,0.098,0.918,False,stress,synthetic_ad8232_stress,real,False,0.9444199277863635,10.606601717798213,137.5,0.0,stress,False,0
2026-05-26 16:15:18,patient_001,118,True,synthetic_ad8232,96,True,synthetic_max30102,36.88,1857,1732,2149,0,False,False,-0.111,-0.23,0.933,False,stress,synthetic_ad8232_stress,real,False,0.9673210428808008,13.527749258468683,131.0,0.0,stress,False,0
2026-05-26 16:15:23,patient_001,150,True,synthetic_ad8232,98,True,synthetic_max30102,37.56,1741,1554,1928,0,False,False,0.167,0.326,0.864,False,stress,synthetic_ad8232_stress,real,False,0.9384354000143004,14.568802284333465,135.75,0.0,stress,False,0
2026-05-26 16:15:28,patient_001,134,True,synthetic_ad8232,96,True,synthetic_max30102,37.2,1584,1647,2044,0,False,False,0.251,0.091,1.118,False,stress,synthetic_ad8232_stress,real,False,1.1494372536158728,12.641202474448386,135.4,2.0,stress,False,0
2026-05-26 16:15:33,patient_001,146,True,synthetic_ad8232,96,True,synthetic_max30102,36.88,1401,1637,2031,0,False,False,-0.059,-0.074,0.877,False,stress,synthetic_ad8232_stress,real,False,0.8820918319540205,12.837445228704972,135.6,0.0,stress,False,0
2026-05-26 16:15:38,patient_001,126,True,synthetic_ad8232,95,True,synthetic_max30102,37.49,2254,1694,2102,0,False,False,0.087,0.072,0.871,False,stress,synthetic_ad8232_stress,real,False,0.8782903847817076,13.386560424545213,134.8,1.0,stress,False,0
2026-05-26 16:15:43,patient_001,136,True,synthetic_ad8232,96,True,synthetic_max30102,37.48,2085,1589,1972,0,False,False,0.041,0.157,0.912,False,stress,synthetic_ad8232_stress,real,False,0.9263228378918442,9.633275663033839,138.4,0.0,stress,False,0
2026-05-26 16:15:48,patient_001,136,True,synthetic_ad8232,97,True,synthetic_max30102,37.25,1927,1743,2163,0,False,False,-0.016,-0.099,1.078,False,stress,synthetic_ad8232_stress,real,False,1.0826546078967199,7.127411872482188,135.6,0.0,stress,False,0
2026-05-26 16:15:53,patient_001,140,True,synthetic_ad8232,94,True,synthetic_max30102,36.9,2221,1737,2156,0,False,False,0.302,0.169,0.933,False,stress,synthetic_ad8232_stress,real,False,0.9951150687232105,7.293833011524191,136.8,3.0,stress,False,0
2026-05-26 16:15:58,patient_001,100,True,synthetic_ad8232,94,True,synthetic_max30102,37.08,1605,1651,2049,0,False,False,-0.017,0.07,1.171,False,stress,synthetic_ad8232_stress,real,False,1.173213535550967,16.272676485446393,127.6,0.0,stress,False,0
2026-05-26 16:16:03,patient_001,132,True,synthetic_ad8232,95,True,synthetic_max30102,37.05,2086,1683,2088,0,False,False,-0.007,0.389,0.631,False,stress,synthetic_ad8232_stress,real,False,0.7413035815372808,16.34625339336204,128.8,0.0,stress,False,0
2026-05-26 16:16:08,patient_001,119,True,synthetic_ad8232,98,True,synthetic_max30102,37.38,2061,1687,2094,0,False,False,0.032,-0.013,0.972,False,stress,synthetic_ad8232_stress,real,False,0.972613489521917,16.2419210686421,125.4,0.0,stress,False,0
2026-05-26 16:16:13,patient_001,126,True,synthetic_ad8232,96,True,synthetic_max30102,37.36,2291,1762,2186,0,False,False,-0.157,-0.138,0.71,False,stress,synthetic_ad8232_stress,real,False,0.7401303939171799,15.192103211866357,123.4,2.0,stress,False,0
2026-05-26 16:16:18,patient_001,134,True,synthetic_ad8232,93,True,synthetic_max30102,37.72,1811,1644,2040,0,False,False,-0.057,0.057,1.127,False,stress,synthetic_ad8232_stress,real,False,1.1298791970825908,13.718600511714017,122.2,3.0,stress,False,0
2026-05-26 16:16:23,patient_001,130,True,synthetic_ad8232,100,True,synthetic_max30102,37.21,2479,1639,2034,0,False,False,0.297,0.223,1.049,False,stress,synthetic_ad8232_stress,real,False,1.1128068116254501,5.932958789676538,128.2,0.0,stress,False,0
2026-05-26 16:16:28,patient_001,112,True,synthetic_ad8232,99,True,synthetic_max30102,37.17,2373,1671,2073,0,False,False,-0.384,-0.024,1.095,False,stress,synthetic_ad8232_stress,real,False,1.1606278473309177,8.786353054595518,124.2,1.0,stress,False,0
2026-05-26 16:16:33,patient_001,119,True,synthetic_ad8232,94,True,synthetic_max30102,37.07,2162,1636,2030,0,False,False,0.045,-0.026,1.186,False,stress,synthetic_ad8232_stress,real,False,1.1871381553972562,8.786353054595518,124.2,5.0,stress,False,0
2026-05-26 16:16:38,patient_001,129,True,synthetic_ad8232,93,True,synthetic_max30102,36.64,664,1588,1970,0,False,False,0.042,0.347,1.083,False,stress,synthetic_ad8232_stress,real,False,1.1380079085841188,9.038805230781334,124.8,1.0,stress,False,0
2026-05-26 16:16:43,patient_001,136,True,synthetic_ad8232,96,True,synthetic_max30102,37.5,1909,1683,2088,0,False,False,-0.101,0.086,1.125,False,stress,synthetic_ad8232_stress,real,False,1.1327938912264668,9.576011695899293,125.2,0.0,stress,False,0
2026-05-26 16:16:48,patient_001,128,True,synthetic_ad8232,97,True,synthetic_max30102,37.09,2029,1840,2283,0,False,False,0.196,-0.044,0.777,False,stress,synthetic_ad8232_stress,real,False,0.8025465718573597,9.364827814754525,124.8,0.0,stress,False,0
2026-05-26 16:16:53,patient_001,122,True,synthetic_ad8232,96,True,synthetic_max30102,37.12,1132,1710,2122,0,False,False,-0.022,0.027,0.984,False,stress,synthetic_ad8232_stress,real,False,0.98461616886988,6.610597552415372,126.8,1.0,stress,False,0
2026-05-26 16:16:58,patient_001,149,True,synthetic_ad8232,96,True,synthetic_max30102,37.3,2024,1829,2270,0,False,False,-0.18,-0.045,0.882,False,stress,synthetic_ad8232_stress,real,False,0.9013040552443998,10.329569206893403,132.8,0.0,stress,False,0
2026-05-26 16:17:03,patient_001,136,True,synthetic_ad8232,95,True,synthetic_max30102,36.94,1197,1624,2015,0,False,False,0.001,0.235,0.688,False,stress,synthetic_ad8232_stress,real,False,0.7270281975274412,10.158740079360259,134.2,1.0,stress,False,0
2026-05-26 16:17:08,patient_001,116,True,synthetic_ad8232,95,True,synthetic_max30102,36.53,2370,1773,2200,0,False,False,-0.077,-0.292,0.827,False,stress,synthetic_ad8232_stress,real,False,0.8804101316999935,12.853015210447719,130.2,0.0,stress,False,0
2026-05-26 16:17:13,patient_001,130,True,synthetic_ad8232,94,True,synthetic_max30102,36.56,2460,1769,2195,0,False,False,-0.142,0.023,1.129,False,stress,synthetic_ad8232_stress,real,False,1.1381274093878946,12.798437404620943,130.6,1.0,stress,False,0
2026-05-26 16:17:18,patient_001,120,True,synthetic_ad8232,96,True,synthetic_max30102,36.99,2593,1679,2084,0,False,False,0.008,0.356,0.708,False,stress,synthetic_ad8232_stress,real,False,0.7925048895748215,13.160547101089696,130.2,0.0,stress,False,0
2026-05-26 16:17:23,patient_001,112,True,synthetic_ad8232,95,True,synthetic_max30102,36.91,2363,1732,2149,0,False,False,0.004,-0.225,1.085,False,stress,synthetic_ad8232_stress,real,False,1.1080911514852918,9.959919678390996,122.8,1.0,stress,False,0
2026-05-26 16:17:28,patient_001,118,True,synthetic_ad8232,96,True,synthetic_max30102,36.79,2076,1612,2000,0,False,False,-0.013,0.375,1.005,False,stress,synthetic_ad8232_stress,real,False,1.0727623222317233,6.723094525588644,119.2,0.0,stress,False,0
2026-05-26 16:17:33,patient_001,113,True,synthetic_ad8232,94,True,synthetic_max30102,36.74,1677,1724,2139,0,False,False,-0.031,0.18,1.083,False,stress,synthetic_ad8232_stress,real,False,1.0982941318244397,7.197221686178631,118.6,2.0,stress,False,0
2026-05-26 16:17:38,patient_001,122,True,synthetic_ad8232,96,True,synthetic_max30102,36.88,2795,1713,2126,0,False,False,-0.005,0.101,0.934,False,stress,synthetic_ad8232_stress,real,False,0.9394583545852365,4.358898943540662,117.0,0.0,stress,False,0
2026-05-26 16:17:43,patient_001,126,True,synthetic_ad8232,98,True,synthetic_max30102,37.3,2002,1644,2040,0,False,False,-0.195,-0.146,0.857,False,stress,synthetic_ad8232_stress,real,False,0.8909489323187946,5.932958789676528,118.2,0.0,stress,False,0
2026-05-26 16:17:48,patient_001,135,True,synthetic_ad8232,98,True,synthetic_max30102,37.21,2204,1714,2127,0,False,False,-0.031,-0.303,1.001,False,stress,synthetic_ad8232_stress,real,False,1.0463130506688711,8.348652585896733,122.8,0.0,stress,False,0
2026-05-26 16:17:53,patient_001,150,True,synthetic_ad8232,98,True,synthetic_max30102,37.37,2290,1676,2080,0,False,False,-0.114,-0.052,0.975,False,stress,synthetic_ad8232_stress,real,False,0.9830183111214155,14.060583202698261,129.2,0.0,stress,False,0
2026-05-26 16:17:58,patient_001,132,True,synthetic_ad8232,94,True,synthetic_max30102,37.52,2554,1729,2145,0,False,False,0.056,-0.247,0.982,False,stress,synthetic_ad8232_stress,real,False,1.0141346064502483,10.770329614269034,133.0,4.0,stress,False,0
2026-05-26 16:18:03,patient_001,124,True,synthetic_ad8232,97,True,synthetic_max30102,37.17,2347,1782,2211,0,False,False,-0.17,-0.196,1.17,False,stress,synthetic_ad8232_stress,real,False,1.1984222961877835,10.28591269649906,133.4,0.0,stress,False,0
2026-05-26 16:18:08,patient_001,144,True,synthetic_ad8232,98,True,synthetic_max30102,37.34,1824,1696,2105,0,False,False,-0.106,0.307,1.076,False,stress,synthetic_ad8232_stress,real,False,1.123948842252173,10.198039027185597,137.0,0.0,stress,False,0
2026-05-26 16:18:13,patient_001,131,True,synthetic_ad8232,93,True,synthetic_max30102,37.34,1779,1690,2097,0,False,False,-0.113,0.089,0.907,False,stress,synthetic_ad8232_stress,real,False,0.918334906229748,10.54514106117128,136.2,5.0,stress,False,0
2026-05-26 16:18:18,patient_001,126,True,synthetic_ad8232,99,True,synthetic_max30102,37.58,1859,1779,2208,0,False,False,0.097,0.026,1.125,False,stress,synthetic_ad8232_stress,real,False,1.1294733285916936,7.797435475847204,131.4,0.0,stress,False,0
2026-05-26 16:18:23,patient_001,127,True,synthetic_ad8232,93,True,synthetic_max30102,37.49,1786,1745,2166,0,False,False,0.37,0.043,0.65,False,stress,synthetic_ad8232_stress,real,False,0.7491655357796433,8.018728078691815,130.4,6.0,stress,False,0
2026-05-26 16:18:28,patient_001,121,True,synthetic_ad8232,97,True,synthetic_max30102,37.19,1605,1669,2071,0,False,False,-0.038,-0.074,1.01,False,stress,synthetic_ad8232_stress,real,False,1.0134199524382772,8.700574693662514,129.8,0.0,stress,False,0
2026-05-26 16:18:33,patient_001,124,True,synthetic_ad8232,97,True,synthetic_max30102,37.04,1812,1670,2072,0,False,False,-0.186,0.188,0.552,False,stress,synthetic_ad8232_stress,real,False,0.6120816938938789,3.7013511046644405,125.8,0.0,stress,False,0
2026-05-26 16:18:38,patient_001,130,True,synthetic_ad8232,97,True,synthetic_max30102,37.49,2771,1590,1973,0,False,False,-0.074,0.124,1.021,False,stress,synthetic_ad8232_stress,real,False,1.0311609961591837,3.361547262794424,125.6,0.0,stress,False,0
2026-05-26 16:18:43,patient_001,112,True,synthetic_ad8232,97,True,synthetic_max30102,37.24,1932,1579,1960,0,False,False,0.084,-0.049,1.122,False,stress,synthetic_ad8232_stress,real,False,1.126206464197396,6.906518659932858,122.8,0.0,stress,False,0
2026-05-26 16:18:48,patient_001,122,True,synthetic_ad8232,95,True,synthetic_max30102,37.25,1736,1701,2111,0,False,False,0.212,-0.025,1.115,False,stress,synthetic_ad8232_stress,real,False,1.1352506331202814,6.496152707564747,121.8,2.0,stress,False,0
2026-05-26 16:18:53,patient_001,125,True,synthetic_ad8232,95,True,synthetic_max30102,36.86,2149,1588,1971,0,False,False,0.109,0.068,0.735,False,stress,synthetic_ad8232_stress,real,False,0.7461434178494105,6.618156843109777,122.6,0.0,stress,False,0
2026-05-26 16:18:58,patient_001,119,True,synthetic_ad8232,97,True,synthetic_max30102,37.37,1956,1718,2132,0,False,False,-0.163,-0.196,1.258,False,stress,synthetic_ad8232_stress,real,False,1.2835688528474039,6.730527468185595,121.6,0.0,stress,False,0
2026-05-26 16:19:03,patient_001,118,True,synthetic_ad8232,95,True,synthetic_max30102,36.68,1629,1666,2067,0,False,False,0.181,-0.094,1.165,False,stress,synthetic_ad8232_stress,real,False,1.1827180560048958,4.868264577855322,119.2,2.0,stress,False,0
2026-05-26 16:19:08,patient_001,123,True,synthetic_ad8232,93,True,synthetic_max30102,37.06,2552,1779,2207,0,False,False,0.013,0.162,0.688,False,stress,synthetic_ad8232_stress,real,False,0.7069349333566703,2.8809720581777163,121.4,2.0,stress,False,0
2026-05-26 16:19:13,patient_001,142,True,synthetic_ad8232,96,True,synthetic_max30102,37.45,1522,1607,1994,0,False,False,-0.195,0.144,0.867,False,stress,synthetic_ad8232_stress,real,False,0.9002499652874194,9.7108187090482,125.4,0.0,stress,False,0
2026-05-26 16:19:18,patient_001,128,True,synthetic_ad8232,95,True,synthetic_max30102,37.23,1751,1766,2192,0,False,False,-0.249,-0.31,1.21,False,stress,synthetic_ad8232_stress,real,False,1.2736565471115044,9.772410142846057,126.0,1.0,stress,False,0
2026-05-26 16:19:23,patient_001,128,True,synthetic_ad8232,98,True,synthetic_max30102,37.25,2111,1707,2118,0,False,False,0.064,0.205,0.873,False,stress,synthetic_ad8232_stress,real,False,0.8990272520897239,8.955445270895266,127.8,0.0,stress,False,0
2026-05-26 16:19:28,patient_001,125,True,synthetic_ad8232,95,True,synthetic_max30102,37.13,1936,1634,2028,0,False,False,0.046,-0.138,1.118,False,stress,synthetic_ad8232_stress,real,False,1.1274236116030214,7.4632432628181355,129.2,3.0,stress,False,0
2026-05-26 16:19:33,patient_001,125,True,synthetic_ad8232,97,True,synthetic_max30102,36.36,2049,1668,2070,0,False,False,0.183,-0.078,1.185,False,stress,synthetic_ad8232_stress,real,False,1.2015814579128625,7.092249290598877,129.6,0.0,stress,False,0
2026-05-26 16:19:38,patient_001,149,True,synthetic_ad8232,96,True,synthetic_max30102,37.53,1929,1787,2217,0,False,False,0.046,0.096,1.001,False,stress,synthetic_ad8232_stress,real,False,1.0066444258028748,10.17349497468791,131.0,1.0,stress,False,0
2026-05-26 16:19:43,patient_001,117,True,synthetic_ad8232,95,True,synthetic_max30102,37.13,1709,1625,2017,0,False,False,0.005,0.144,1.199,False,stress,synthetic_ad8232_stress,real,False,1.2076265979184129,12.008330441822471,128.8,1.0,stress,False,0
2026-05-26 16:19:48,patient_001,112,True,synthetic_ad8232,100,True,synthetic_max30102,37.21,2030,1721,2136,0,False,False,0.117,-0.184,0.99,False,stress,synthetic_ad8232_stress,real,False,1.0137282673379489,14.205632685663817,125.6,0.0,stress,False,0
2026-05-26 16:19:53,patient_001,140,True,synthetic_ad8232,100,True,synthetic_max30102,36.77,2164,1790,2221,0,False,False,-0.124,-0.11,1.247,False,stress,synthetic_ad8232_stress,real,False,1.2579686005620332,15.56598856481657,128.6,0.0,stress,False,0
2026-05-26 16:19:58,patient_001,128,True,synthetic_ad8232,95,True,synthetic_max30102,37.41,2000,1692,2099,0,False,False,-0.021,-0.012,1.087,False,stress,synthetic_ad8232_stress,real,False,1.0872690559378575,15.4499190936393,129.2,5.0,stress,False,0
2026-05-26 16:20:03,patient_001,128,True,synthetic_ad8232,97,True,synthetic_max30102,37.68,2330,1656,2055,0,False,False,0.134,0.159,0.958,False,stress,synthetic_ad8232_stress,real,False,0.9803065846968487,10.908712114635719,125.0,0.0,stress,False,0
2026-05-26 16:20:08,patient_001,130,True,synthetic_ad8232,93,True,synthetic_max30102,36.99,2736,1740,2159,0,False,False,0.027,-0.052,1.227,False,stress,synthetic_ad8232_stress,real,False,1.2283981439256575,10.039920318408916,127.6,4.0,stress,False,0
2026-05-26 16:20:13,patient_001,131,True,synthetic_ad8232,96,True,synthetic_max30102,36.77,1938,1671,2074,0,False,False,0.042,0.032,0.771,False,stress,synthetic_ad8232_stress,real,False,0.7728059264783106,4.979959839195514,131.4,0.0,stress,False,0
2026-05-26 16:20:18,patient_001,133,True,synthetic_ad8232,97,True,synthetic_max30102,36.9,2534,1677,2081,0,False,False,0.115,0.001,0.531,False,stress,synthetic_ad8232_stress,real,False,0.5433111447412063,2.121320343559697,130.0,0.0,stress,False,0
2026-05-26 16:20:23,patient_001,110,True,synthetic_ad8232,96,True,synthetic_max30102,37.65,2193,1795,2228,0,False,False,-0.082,0.03,0.781,False,stress,synthetic_ad8232_stress,real,False,0.7858657646188693,9.343446901438476,126.4,1.0,stress,False,0
2026-05-26 16:20:28,patient_001,129,True,synthetic_ad8232,98,True,synthetic_max30102,37.33,1175,1663,2064,0,False,False,-0.1,-0.074,1.069,False,stress,synthetic_ad8232_stress,real,False,1.0762141980107862,9.39680796866682,126.6,0.0,stress,False,0
2026-05-26 16:20:33,patient_001,127,True,synthetic_ad8232,93,True,synthetic_max30102,37.67,1491,1574,1953,0,False,False,0.068,-0.115,0.878,False,stress,synthetic_ad8232_stress,real,False,0.8881064125430015,9.219544457292901,126.0,5.0,stress,False,0
2026-05-26 16:20:38,patient_001,139,True,synthetic_ad8232,100,True,synthetic_max30102,37.35,2227,1858,2306,0,False,False,0.025,-0.039,0.837,False,stress,synthetic_ad8232_stress,real,False,0.8382809791472069,10.85357084097212,127.6,0.0,stress,False,0
2026-05-26 16:20:43,patient_001,150,True,synthetic_ad8232,99,True,synthetic_max30102,36.49,3399,1725,2141,0,False,False,-0.067,-0.077,0.977,False,stress,synthetic_ad8232_stress,real,False,0.9823171585592914,14.882876066137225,131.0,1.0,stress,False,0
2026-05-26 16:20:48,patient_001,116,True,synthetic_ad8232,96,True,synthetic_max30102,37.32,2322,1698,2107,0,False,False,0.04,0.048,0.823,False,stress,synthetic_ad8232_stress,real,False,0.825368402593654,12.872451204024827,132.2,3.0,stress,False,0
2026-05-26 16:20:53,patient_001,132,True,synthetic_ad8232,97,True,synthetic_max30102,37.59,1978,1668,2070,0,False,False,0.19,0.041,0.803,False,stress,synthetic_ad8232_stress,real,False,0.8261900507752439,12.755391017134684,132.8,0.0,stress,False,0
2026-05-26 16:20:58,patient_001,131,True,synthetic_ad8232,95,True,synthetic_max30102,36.77,1574,1607,1994,0,False,False,-0.15,-0.234,0.952,False,stress,synthetic_ad8232_stress,real,False,0.991745935207198,12.421755109484335,133.6,2.0,stress,False,0
2026-05-26 16:21:03,patient_001,124,True,synthetic_ad8232,94,True,synthetic_max30102,37.23,1855,1737,2155,0,False,False,0.158,-0.058,0.92,False,stress,synthetic_ad8232_stress,real,False,0.9352689452772395,12.601587201618697,130.6,1.0,stress,False,0
2026-05-26 16:21:08,patient_001,119,True,synthetic_ad8232,98,True,synthetic_max30102,37.41,2383,1787,2218,0,False,False,0.136,0.178,0.674,False,stress,synthetic_ad8232_stress,real,False,0.7102506599785741,7.0922492905988666,124.4,0.0,stress,False,0
2026-05-26 16:21:13,patient_001,139,True,synthetic_ad8232,97,True,synthetic_max30102,37.12,1538,1776,2204,0,False,False,-0.004,0.089,0.94,False,stress,synthetic_ad8232_stress,real,False,0.9442123701795057,7.713624310270764,129.0,1.0,stress,False,0
2026-05-26 16:21:18,patient_001,122,True,synthetic_ad8232,100,True,synthetic_max30102,36.88,1966,1647,2044,0,False,False,0.002,-0.111,1.044,False,stress,synthetic_ad8232_stress,real,False,1.0498861843076135,8.031189202104512,127.0,0.0,stress,False,0
2026-05-26 16:21:23,patient_001,137,True,synthetic_ad8232,95,True,synthetic_max30102,37.38,2846,1936,2403,0,False,False,0.172,0.199,1.012,False,stress,synthetic_ad8232_stress,real,False,1.0456237372975041,9.148770409186152,128.2,5.0,stress,False,0
2026-05-26 16:21:28,patient_001,132,True,synthetic_ad8232,94,True,synthetic_max30102,37.07,1661,1763,2188,0,False,False,0.268,0.304,1.227,False,stress,synthetic_ad8232_stress,real,False,1.29219541865772,8.927485648266266,129.8,1.0,stress,False,0
2026-05-26 16:21:33,patient_001,133,True,synthetic_ad8232,94,True,synthetic_max30102,36.58,2387,1744,2164,0,False,False,0.078,0.114,1.135,False,stress,synthetic_ad8232_stress,real,False,1.1433743918769563,6.580273550544849,132.6,0.0,stress,False,0
2026-05-26 16:21:38,patient_001,117,True,synthetic_ad8232,96,True,synthetic_max30102,36.57,2640,1752,2174,0,False,False,-0.281,0.149,0.87,False,stress,synthetic_ad8232_stress,real,False,0.926316360645757,8.348652585896724,128.2,0.0,stress,False,0
2026-05-26 16:21:43,patient_001,121,True,synthetic_ad8232,97,True,synthetic_max30102,36.87,2898,1667,2068,0,False,False,-0.255,0.05,0.915,False,stress,synthetic_ad8232_stress,real,False,0.9511834733635778,8.544003745317536,128.0,0.0,stress,False,0
2026-05-26 16:21:48,patient_001,111,True,synthetic_ad8232,97,True,synthetic_max30102,36.75,1689,1621,2011,0,False,False,0.185,0.078,1.051,False,stress,synthetic_ad8232_stress,real,False,1.0700046728869925,9.549869109050661,122.8,0.0,stress,False,0
2026-05-26 16:21:53,patient_001,138,True,synthetic_ad8232,99,True,synthetic_max30102,37.27,2752,1723,2138,0,False,False,-0.104,0.084,1.378,False,stress,synthetic_ad8232_stress,real,False,1.3844695735190427,11.224972160321826,124.0,0.0,stress,False,0
2026-05-26 16:21:58,patient_001,120,True,synthetic_ad8232,96,True,synthetic_max30102,37.32,2688,1763,2188,0,False,False,0.104,-0.093,0.86,False,stress,synthetic_ad8232_stress,real,False,0.8712433643936692,10.064790112068907,121.4,3.0,stress,False,0
2026-05-26 16:22:03,patient_001,145,True,synthetic_ad8232,99,True,synthetic_max30102,37.15,1621,1656,2055,0,False,False,-0.01,0.246,1.104,False,stress,synthetic_ad8232_stress,real,False,1.1311197991371207,14.017845768876189,127.0,0.0,stress,False,0
2026-05-26 16:22:08,patient_001,133,True,synthetic_ad8232,96,True,synthetic_max30102,37.09,2064,1578,1958,0,False,False,0.212,0.151,1.203,False,stress,synthetic_ad8232_stress,real,False,1.2308346761446072,13.758633653092158,129.4,3.0,stress,False,0
2026-05-26 16:22:13,patient_001,136,True,synthetic_ad8232,93,True,synthetic_max30102,36.87,1956,1852,2298,0,False,False,-0.094,0.033,1.25,False,stress,synthetic_ad8232_stress,real,False,1.2539637155835093,9.181503144910424,134.4,3.0,stress,False,0
2026-05-26 16:22:18,patient_001,134,True,synthetic_ad8232,97,True,synthetic_max30102,37.24,1772,1787,2217,0,False,False,0.104,0.079,1.26,False,stress,synthetic_ad8232_stress,real,False,1.2667505673967547,8.96102672688794,133.6,0.0,stress,False,0
2026-05-26 16:22:23,patient_001,137,True,synthetic_ad8232,98,True,synthetic_max30102,37.21,1290,1723,2138,0,False,False,0.221,0.06,1.022,False,stress,synthetic_ad8232_stress,real,False,1.0473418735064497,4.743416490252571,137.0,0.0,stress,False,0
2026-05-26 16:22:28,patient_001,127,True,synthetic_ad8232,95,True,synthetic_max30102,36.68,2190,1665,2066,0,False,False,0.269,0.111,0.985,False,stress,synthetic_ad8232_stress,real,False,1.0270866565193026,3.9115214431215932,133.4,3.0,stress,False,0
2026-05-26 16:22:33,patient_001,139,True,synthetic_ad8232,95,True,synthetic_max30102,37.1,2038,1687,2094,0,False,False,0.179,-0.28,0.981,False,stress,synthetic_ad8232_stress,real,False,1.0357615555715514,4.615192303685735,134.6,0.0,stress,False,0
2026-05-26 16:22:38,patient_001,122,True,synthetic_ad8232,96,True,synthetic_max30102,37.77,2822,1660,2060,0,False,False,-0.012,0.077,1.309,False,stress,synthetic_ad8232_stress,real,False,1.3113176579303734,7.120393247567165,131.8,0.0,stress,False,0
2026-05-26 16:22:43,patient_001,128,True,synthetic_ad8232,99,True,synthetic_max30102,37.36,2499,1710,2122,0,False,False,0.089,0.019,0.89,False,stress,synthetic_ad8232_stress,real,False,0.8946407100059778,7.1624018317879985,130.6,0.0,stress,False,0
2026-05-26 16:22:48,patient_001,128,True,synthetic_ad8232,95,True,synthetic_max30102,37.01,2217,1658,2058,0,False,False,0.199,0.226,0.883,False,stress,synthetic_ad8232_stress,real,False,0.9329340812726267,6.220932405998322,128.8,4.0,stress,False,0
2026-05-26 16:22:53,patient_001,145,True,synthetic_ad8232,98,True,synthetic_max30102,36.66,1678,1833,2275,0,False,False,-0.002,-0.119,0.947,False,stress,synthetic_ad8232_stress,real,False,0.9544495796007245,9.343446901438464,132.4,0.0,stress,False,0
2026-05-26 16:22:58,patient_001,110,True,synthetic_ad8232,95,True,synthetic_max30102,37.2,2439,1563,1940,0,False,False,0.139,0.1,1.178,False,stress,synthetic_ad8232_stress,real,False,1.190380191367447,12.641202474448386,126.6,3.0,stress,False,0
2026-05-26 16:23:03,patient_001,125,True,synthetic_ad8232,97,True,synthetic_max30102,36.64,1989,1592,1976,0,False,False,0.041,0.068,1.175,False,stress,synthetic_ad8232_stress,real,False,1.1776799225596062,12.437845472588894,127.2,0.0,stress,False,0
2026-05-26 16:23:08,patient_001,116,True,synthetic_ad8232,97,True,synthetic_max30102,37.37,1524,1784,2214,0,False,False,0.246,-0.056,1.138,False,stress,synthetic_ad8232_stress,real,False,1.165631159501152,13.367871932360814,124.8,0.0,stress,False,0
2026-05-26 16:23:13,patient_001,135,True,synthetic_ad8232,98,True,synthetic_max30102,37.01,2093,1700,2110,0,False,False,-0.154,0.181,0.798,False,stress,synthetic_ad8232_stress,real,False,0.8326349740432478,14.131525041551601,126.2,0.0,stress,False,0
2026-05-26 16:23:18,patient_001,136,True,synthetic_ad8232,95,True,synthetic_max30102,36.86,2130,1610,1998,0,False,False,0.056,0.191,1.356,False,stress,synthetic_ad8232_stress,real,False,1.3705301893792783,11.458621208504974,124.4,3.0,stress,False,0
2026-05-26 16:23:23,patient_001,116,True,synthetic_ad8232,98,True,synthetic_max30102,36.77,2329,1713,2126,0,False,False,-0.068,-0.064,0.978,False,stress,synthetic_ad8232_stress,real,False,0.9824479629985499,9.762171889492622,125.6,0.0,stress,False,0
2026-05-26 16:23:28,patient_001,128,True,synthetic_ad8232,94,True,synthetic_max30102,37.35,1965,1595,1979,0,False,False,0.032,0.216,0.877,False,stress,synthetic_ad8232_stress,real,False,0.9037748613454569,9.80815986819138,126.2,4.0,stress,False,0
2026-05-26 16:23:33,patient_001,142,True,synthetic_ad8232,96,True,synthetic_max30102,37.03,2312,1671,2073,0,False,False,-0.099,0.311,0.825,False,stress,synthetic_ad8232_stress,real,False,0.8872130522033589,9.939818911831338,131.4,0.0,stress,False,0
2026-05-26 16:23:38,patient_001,108,True,synthetic_ad8232,98,True,synthetic_max30102,37.32,1938,1609,1997,0,False,False,0.184,0.119,0.964,False,stress,synthetic_ad8232_stress,real,False,0.988591422176017,13.999999999999998,126.0,0.0,stress,False,0
2026-05-26 16:23:43,patient_001,117,True,synthetic_ad8232,97,True,synthetic_max30102,37.38,1874,1672,2075,0,False,False,0.276,0.089,1.138,False,stress,synthetic_ad8232_stress,real,False,1.1743683408539247,13.16054710108968,122.2,1.0,stress,False,0
2026-05-26 16:23:48,patient_001,133,True,synthetic_ad8232,95,True,synthetic_max30102,37.19,1784,1771,2198,0,False,False,-0.13,-0.111,1.092,False,stress,synthetic_ad8232_stress,real,False,1.1052986021885671,13.352902306240392,125.6,2.0,stress,False,0
2026-05-26 16:23:53,patient_001,135,True,synthetic_ad8232,95,True,synthetic_max30102,37.11,1991,1843,2287,0,False,False,0.267,0.159,1.117,False,stress,synthetic_ad8232_stress,real,False,1.1594218386765018,14.017845768876183,127.0,0.0,stress,False,0
2026-05-26 16:23:58,patient_001,117,True,synthetic_ad8232,95,True,synthetic_max30102,37.01,2314,1745,2166,0,False,False,-0.337,-0.003,0.903,False,stress,synthetic_ad8232_stress,real,False,0.9638397169654299,11.575836902790224,122.0,0.0,stress,False,0
2026-05-26 16:24:03,patient_001,121,True,synthetic_ad8232,97,True,synthetic_max30102,37.35,1701,1622,2013,0,False,False,-0.083,-0.049,0.634,False,stress,synthetic_ad8232_stress,real,False,0.6412846481867471,8.763560920082654,124.6,0.0,stress,False,0
2026-05-26 16:24:08,patient_001,129,True,synthetic_ad8232,94,True,synthetic_max30102,36.92,2156,1733,2151,0,False,False,-0.156,0.057,1.058,False,stress,synthetic_ad8232_stress,real,False,1.0709570486252005,7.745966692414831,127.0,3.0,stress,False,0
2026-05-26 16:24:13,patient_001,111,True,synthetic_ad8232,95,True,synthetic_max30102,36.96,1745,1741,2160,0,False,False,-0.025,0.042,1.218,False,stress,synthetic_ad8232_stress,real,False,1.2189803115719302,9.528903399657274,122.6,0.0,stress,False,0
2026-05-26 16:24:18,patient_001,135,True,synthetic_ad8232,97,True,synthetic_max30102,36.82,2255,1744,2164,0,False,False,0.176,0.004,0.764,False,stress,synthetic_ad8232_stress,real,False,0.7840204078976516,9.528903399657274,122.6,0.0,stress,False,0
2026-05-26 16:24:23,patient_001,125,True,synthetic_ad8232,96,True,synthetic_max30102,36.85,1656,1725,2141,0,False,False,0.138,0.023,1.017,False,stress,synthetic_ad8232_stress,real,False,1.0265778100076,9.011104260855046,124.2,1.0,stress,False,0
2026-05-26 16:24:28,patient_001,118,True,synthetic_ad8232,93,True,synthetic_max30102,37.3,1646,1734,2152,0,False,False,-0.154,0.051,1.049,False,stress,synthetic_ad8232_stress,real,False,1.0614697357908984,9.370165420097978,123.6,3.0,stress,False,0
2026-05-26 16:24:33,patient_001,127,True,synthetic_ad8232,99,True,synthetic_max30102,37.7,2109,1753,2175,0,False,False,0.198,0.084,0.829,False,stress,synthetic_ad8232_stress,real,False,0.8564467292248829,9.121403400793099,123.2,0.0,stress,False,0
2026-05-26 16:24:38,patient_001,134,True,synthetic_ad8232,95,True,synthetic_max30102,37.04,1510,1671,2074,0,False,False,0.066,0.069,1.069,False,stress,synthetic_ad8232_stress,real,False,1.0732557943006877,6.978538528947155,127.8,4.0,stress,False,0
2026-05-26 16:24:43,patient_001,146,True,synthetic_ad8232,100,True,synthetic_max30102,37.26,1745,1816,2254,0,False,False,-0.172,-0.094,1.071,False,stress,synthetic_ad8232_stress,real,False,1.0887887765769815,10.60660171779821,130.0,0.0,stress,False,0
2026-05-26 16:24:48,patient_001,127,True,synthetic_ad8232,96,True,synthetic_max30102,37.4,2174,1780,2209,0,False,False,-0.015,-0.22,1.089,False,stress,synthetic_ad8232_stress,real,False,1.1111012555118458,10.406728592598153,130.4,4.0,stress,False,0
2026-05-26 16:24:53,patient_001,132,True,synthetic_ad8232,95,True,synthetic_max30102,36.8,1805,1812,2248,0,False,False,0.204,0.092,1.068,False,stress,synthetic_ad8232_stress,real,False,1.0911938416248508,7.791020472312975,133.2,1.0,stress,False,0
2026-05-26 16:24:58,patient_001,122,True,synthetic_ad8232,96,True,synthetic_max30102,36.9,2184,1702,2112,0,False,False,0.165,0.0,0.831,False,stress,synthetic_ad8232_stress,real,False,0.847222520947124,9.01110426085504,132.2,0.0,stress,False,0
2026-05-26 16:25:03,patient_001,138,True,synthetic_ad8232,97,True,synthetic_max30102,37.26,2014,1736,2154,0,False,False,0.091,-0.0,0.875,False,stress,synthetic_ad8232_stress,real,False,0.8797192734048743,9.380831519646852,133.0,0.0,stress,False,0
2026-05-26 16:25:08,patient_001,182,True,synthetic_ad8232,99,True,synthetic_max30102,37.58,2215,1750,2172,0,False,False,0.116,0.012,0.738,False,anomaly_high_hr,synthetic_ad8232_anomaly_high_hr,real,False,0.7471572792926533,0.0,182.0,0.0,anomaly_high_hr,True,1
2026-05-26 16:25:13,patient_001,167,True,synthetic_ad8232,97,True,synthetic_max30102,37.71,2071,1801,2235,0,False,False,-0.098,-0.107,1.28,False,anomaly_high_hr,synthetic_ad8232_anomaly_high_hr,real,False,1.2881975780135593,10.606601717798213,174.5,2.0,anomaly_high_hr,True,1
2026-05-26 16:25:18,patient_001,164,True,synthetic_ad8232,96,True,synthetic_max30102,37.31,1514,1791,2222,0,False,False,0.135,0.537,1.028,False,anomaly_high_hr,synthetic_ad8232_anomaly_high_hr,real,False,1.1676377863018994,9.643650760992955,171.0,1.0,anomaly_high_hr,True,1
2026-05-26 16:25:23,patient_001,160,True,synthetic_ad8232,98,True,synthetic_max30102,37.48,2628,1604,1990,0,False,False,-0.838,0.165,1.374,False,anomaly_high_hr,synthetic_ad8232_anomaly_high_hr,real,False,1.617821065507555,9.604686356149273,168.25,0.0,anomaly_high_hr,True,1
2026-05-26 16:25:28,patient_001,151,True,synthetic_ad8232,98,True,synthetic_max30102,37.3,2424,1755,2178,0,False,False,-0.43,0.119,1.22,False,anomaly_high_hr,synthetic_ad8232_anomaly_high_hr,real,False,1.299023094482927,11.344602240713424,164.8,0.0,anomaly_high_hr,True,1
2026-05-26 16:25:33,patient_001,161,True,synthetic_ad8232,92,True,synthetic_max30102,37.61,1678,1638,2033,0,False,False,0.39,0.256,0.592,False,anomaly_high_hr,synthetic_ad8232_anomaly_high_hr,real,False,0.7537240874484509,6.024948132556837,160.6,6.0,anomaly_high_hr,True,1
2026-05-26 16:25:38,patient_001,151,True,synthetic_ad8232,96,True,synthetic_max30102,37.48,2029,1693,2101,0,False,False,-0.246,0.185,1.11,False,anomaly_high_hr,synthetic_ad8232_anomaly_high_hr,real,False,1.1518858450384744,6.024948132556837,157.4,0.0,anomaly_high_hr,True,1
2026-05-26 16:25:43,patient_001,151,True,synthetic_ad8232,95,True,synthetic_max30102,37.3,2245,1712,2125,0,False,False,0.074,0.106,1.039,False,anomaly_high_hr,synthetic_ad8232_anomaly_high_hr,real,False,1.0470114612553196,5.215361924162132,154.8,1.0,anomaly_high_hr,True,1
2026-05-26 16:25:48,patient_001,175,True,synthetic_ad8232,96,True,synthetic_max30102,37.44,2296,1720,2134,0,False,False,0.003,-0.099,1.095,False,anomaly_high_hr,synthetic_ad8232_anomaly_high_hr,real,False,1.0994703270211525,10.545141061171257,157.8,0.0,anomaly_high_hr,True,1
2026-05-26 16:25:53,patient_001,165,True,synthetic_ad8232,95,True,synthetic_max30102,37.15,2544,1762,2187,0,False,False,-0.062,-0.299,1.067,False,anomaly_high_hr,synthetic_ad8232_anomaly_high_hr,real,False,1.1098351228898822,10.139033484509264,160.6,1.0,anomaly_high_hr,True,1
2026-05-26 16:25:58,patient_001,160,True,synthetic_ad8232,100,True,synthetic_max30102,37.13,2866,1845,2290,0,False,False,-0.135,-0.169,0.643,False,anomaly_high_hr,synthetic_ad8232_anomaly_high_hr,real,False,0.6784062204903489,10.139033484509264,160.4,0.0,anomaly_high_hr,True,1
2026-05-26 16:26:03,patient_001,171,True,synthetic_ad8232,94,True,synthetic_max30102,38.12,3155,1798,2231,0,False,False,-0.03,-0.024,1.277,False,anomaly_high_hr,synthetic_ad8232_anomaly_high_hr,real,False,1.2775777862815243,9.423375191511798,164.4,6.0,anomaly_high_hr,True,1
2026-05-26 16:26:08,patient_001,167,True,synthetic_ad8232,95,True,synthetic_max30102,37.02,2230,1790,2221,0,False,False,-0.329,-0.026,1.219,False,anomaly_high_hr,synthetic_ad8232_anomaly_high_hr,real,False,1.2628847928453333,5.727128425310542,167.6,0.0,anomaly_high_hr,True,1
2026-05-26 16:26:13,patient_001,155,True,synthetic_ad8232,96,True,synthetic_max30102,37.76,912,1795,2227,0,False,False,0.126,0.063,0.831,False,anomaly_high_hr,synthetic_ad8232_anomaly_high_hr,real,False,0.8428558595631876,6.228964600958974,163.6,0.0,anomaly_high_hr,True,1
2026-05-26 16:26:18,patient_001,169,True,synthetic_ad8232,100,True,synthetic_max30102,36.62,2459,1822,2261,0,False,False,-0.008,0.028,0.897,False,anomaly_high_hr,synthetic_ad8232_anomaly_high_hr,real,False,0.8974725622546909,6.693280212272602,164.4,0.0,anomaly_high_hr,True,1
2026-05-26 16:26:23,patient_001,167,True,synthetic_ad8232,98,True,synthetic_max30102,37.31,1796,1631,2024,0,False,False,0.676,0.06,1.029,False,anomaly_high_hr,synthetic_ad8232_anomaly_high_hr,real,False,1.2326463401965708,6.2609903369994075,165.8,2.0,anomaly_high_hr,True,1
2026-05-26 16:26:28,patient_001,176,True,synthetic_ad8232,93,True,synthetic_max30102,36.4,1373,1736,2154,0,False,False,0.046,0.304,0.998,False,anomaly_high_hr,synthetic_ad8232_anomaly_high_hr,real,False,1.0442873167859503,7.563068160475611,166.8,5.0,anomaly_high_hr,True,1
2026-05-26 16:26:33,patient_001,170,True,synthetic_ad8232,97,True,synthetic_max30102,36.5,2499,1792,2224,0,False,False,0.267,0.183,1.216,False,anomaly_high_hr,synthetic_ad8232_anomaly_high_hr,real,False,1.2583457394531918,7.700649323271379,167.4,0.0,anomaly_high_hr,True,1
2026-05-26 16:26:38,patient_001,170,True,synthetic_ad8232,98,True,synthetic_max30102,36.48,2343,1779,2207,0,False,False,-0.26,-0.117,0.964,False,anomaly_high_hr,synthetic_ad8232_anomaly_high_hr,real,False,1.0052785683580447,3.3615472627943097,170.4,0.0,anomaly_high_hr,True,1
2026-05-26 16:26:43,patient_001,176,True,synthetic_ad8232,98,True,synthetic_max30102,36.91,778,1781,2210,0,False,False,0.088,-0.14,0.952,False,anomaly_high_hr,synthetic_ad8232_anomaly_high_hr,real,False,0.9662546248272242,4.024922359499609,171.8,0.0,anomaly_high_hr,True,1
2026-05-26 16:26:48,patient_001,189,True,synthetic_ad8232,97,True,synthetic_max30102,37.03,2853,1740,2159,0,False,False,0.425,-0.039,1.017,False,anomaly_high_hr,synthetic_ad8232_anomaly_high_hr,real,False,1.1029211213862937,7.758865896508325,176.2,1.0,anomaly_high_hr,True,1
2026-05-26 16:26:53,patient_001,164,True,synthetic_ad8232,96,True,synthetic_max30102,37.84,2514,1919,2381,0,False,False,0.157,0.019,1.212,False,anomaly_high_hr,synthetic_ad8232_anomaly_high_hr,real,False,1.2222741100096983,9.49736805646701,173.8,1.0,anomaly_high_hr,True,1
2026-05-26 16:26:58,patient_001,166,True,synthetic_ad8232,96,True,synthetic_max30102,37.89,1851,1667,2068,0,False,False,-0.08,-0.026,0.683,False,anomaly_high_hr,synthetic_ad8232_anomaly_high_hr,real,False,0.6881605917226008,10.049875621120888,173.0,0.0,anomaly_high_hr,True,1
2026-05-26 16:27:03,patient_001,164,True,synthetic_ad8232,100,True,synthetic_max30102,37.54,2273,1822,2261,0,False,False,-0.142,-0.116,1.265,False,anomaly_high_hr,synthetic_ad8232_anomaly_high_hr,real,False,1.2782194647242702,10.825894882179485,171.8,0.0,anomaly_high_hr,True,1
2026-05-26 16:27:08,patient_001,161,True,synthetic_ad8232,98,True,synthetic_max30102,36.85,2267,1688,2095,0,False,False,0.118,0.485,1.031,False,anomaly_high_hr,synthetic_ad8232_anomaly_high_hr,real,False,1.145473701138529,11.432410069622241,168.8,2.0,anomaly_high_hr,True,1
2026-05-26 16:27:13,patient_001,160,True,synthetic_ad8232,93,True,synthetic_max30102,37.62,2015,1675,2078,0,False,False,0.264,-0.032,0.915,False,anomaly_high_hr,synthetic_ad8232_anomaly_high_hr,real,False,0.952861479964428,2.4494897427831956,163.0,5.0,anomaly_high_hr,True,1
2026-05-26 16:27:18,patient_001,159,True,synthetic_ad8232,94,True,synthetic_max30102,38.15,2050,1792,2224,0,False,False,0.133,0.144,1.167,False,anomaly_high_hr,synthetic_ad8232_anomaly_high_hr,real,False,1.1833486383986758,2.915475947422665,162.0,0.0,anomaly_high_hr,True,1
2026-05-26 16:27:23,patient_001,168,True,synthetic_ad8232,95,True,synthetic_max30102,37.5,2098,1760,2184,0,False,False,0.108,-0.047,0.724,False,anomaly_high_hr,synthetic_ad8232_anomaly_high_hr,real,False,0.7335182342655158,3.6469165057621042,162.4,0.0,anomaly_high_hr,True,1
2026-05-26 16:27:28,patient_001,151,True,synthetic_ad8232,97,True,synthetic_max30102,37.73,2141,1654,2053,0,False,False,0.546,-0.048,0.882,False,anomaly_high_hr,synthetic_ad8232_anomaly_high_hr,real,False,1.0384334355171736,6.058052492344393,159.8,0.0,anomaly_high_hr,True,1
2026-05-26 16:27:33,patient_001,167,True,synthetic_ad8232,94,True,synthetic_max30102,37.22,1568,1746,2167,0,False,False,-0.356,0.215,0.836,False,anomaly_high_hr,synthetic_ad8232_anomaly_high_hr,real,False,0.9337328311674598,6.892024376045119,161.0,3.0,anomaly_high_hr,True,1
2026-05-26 16:27:38,patient_001,159,True,synthetic_ad8232,95,True,synthetic_max30102,37.29,2847,1805,2240,0,False,False,0.136,0.318,1.137,False,anomaly_high_hr,synthetic_ad8232_anomaly_high_hr,real,False,1.1884397334320325,6.942621983083921,160.8,0.0,anomaly_high_hr,True,1
2026-05-26 16:27:43,patient_001,171,True,synthetic_ad8232,96,True,synthetic_max30102,37.75,1989,1696,2104,0,False,False,0.255,0.16,0.699,False,anomaly_high_hr,synthetic_ad8232_anomaly_high_hr,real,False,0.7610689850466907,8.136338242723205,163.2,0.0,anomaly_high_hr,True,1
2026-05-26 16:27:48,patient_001,173,True,synthetic_ad8232,96,True,synthetic_max30102,37.81,2293,1684,2090,0,False,False,0.303,0.27,1.231,False,anomaly_high_hr,synthetic_ad8232_anomaly_high_hr,real,False,1.296175142486539,9.121403400793113,164.2,0.0,anomaly_high_hr,True,1
2026-05-26 16:27:53,patient_001,159,True,synthetic_ad8232,93,True,synthetic_max30102,37.17,3202,1752,2174,0,False,False,0.305,0.122,1.394,False,anomaly_high_hr,synthetic_ad8232_anomaly_high_hr,real,False,1.432181901854649,6.572670690062011,165.8,3.0,anomaly_high_hr,True,1
2026-05-26 16:27:58,patient_001,167,True,synthetic_ad8232,96,True,synthetic_max30102,36.72,2765,1837,2279,0,False,False,0.262,-0.07,0.861,False,anomaly_high_hr,synthetic_ad8232_anomaly_high_hr,real,False,0.9026987315821375,6.572670690062011,165.8,0.0,anomaly_high_hr,True,1
2026-05-26 16:28:03,patient_001,176,True,synthetic_ad8232,95,True,synthetic_max30102,37.28,3043,1784,2214,0,False,False,0.028,0.187,1.301,False,anomaly_high_hr,synthetic_ad8232_anomaly_high_hr,real,False,1.3146687795790999,6.572670690062011,169.2,1.0,anomaly_high_hr,True,1
2026-05-26 16:28:08,patient_001,174,True,synthetic_ad8232,96,True,synthetic_max30102,37.67,2091,1758,2182,0,False,False,0.381,0.43,1.227,False,anomaly_high_hr,synthetic_ad8232_anomaly_high_hr,real,False,1.3548394738861131,6.906518659932819,169.8,0.0,anomaly_high_hr,True,1
2026-05-26 16:28:13,patient_001,171,True,synthetic_ad8232,99,True,synthetic_max30102,37.5,2219,1742,2162,0,False,False,0.131,0.04,0.924,False,anomaly_high_hr,synthetic_ad8232_anomaly_high_hr,real,False,0.934096890049421,6.730527468185553,169.4,0.0,anomaly_high_hr,True,1
2026-05-26 16:28:18,patient_001,182,True,synthetic_ad8232,96,True,synthetic_max30102,37.32,2414,1877,2329,0,False,False,-0.133,0.173,1.263,False,anomaly_high_hr,synthetic_ad8232_anomaly_high_hr,real,False,1.2817125262710043,5.612486080160931,174.0,3.0,anomaly_high_hr,True,1
2026-05-26 16:28:23,patient_001,171,True,synthetic_ad8232,96,True,synthetic_max30102,37.54,2090,1784,2214,0,False,False,0.103,0.042,1.018,False,anomaly_high_hr,synthetic_ad8232_anomaly_high_hr,real,False,1.0240590803269116,4.549725266430954,174.8,0.0,anomaly_high_hr,True,1
2026-05-26 16:28:28,patient_001,163,True,synthetic_ad8232,99,True,synthetic_max30102,38.4,2531,1737,2155,0,False,False,-0.201,-0.222,0.799,False,anomaly_high_hr,synthetic_ad8232_anomaly_high_hr,real,False,0.8532795555971092,6.833739825307969,172.2,0.0,anomaly_high_hr,True,1
2026-05-26 16:28:33,patient_001,171,True,synthetic_ad8232,96,True,synthetic_max30102,37.54,1553,1645,2041,0,False,False,-0.098,-0.019,0.986,False,anomaly_high_hr,synthetic_ad8232_anomaly_high_hr,real,False,0.9910403624474635,6.7675697262754655,171.6,3.0,anomaly_high_hr,True,1
2026-05-26 16:28:38,patient_001,154,True,synthetic_ad8232,98,True,synthetic_max30102,37.41,1041,1779,2208,0,False,False,0.162,-0.338,0.693,False,anomaly_high_hr,synthetic_ad8232_anomaly_high_hr,real,False,0.7878686438740914,10.425929215182698,168.2,0.0,anomaly_high_hr,True,1
2026-05-26 16:28:43,patient_001,177,True,synthetic_ad8232,92,True,synthetic_max30102,37.68,2283,1604,1991,0,False,False,-0.138,0.24,1.632,False,anomaly_high_hr,synthetic_ad8232_anomaly_high_hr,real,False,1.6553150757484205,8.899438184514802,167.2,6.0,anomaly_high_hr,True,1
2026-05-26 16:28:48,patient_001,151,True,synthetic_ad8232,97,True,synthetic_max30102,37.21,2545,1631,2024,0,False,False,0.066,-0.152,1.146,False,anomaly_high_hr,synthetic_ad8232_anomaly_high_hr,real,False,1.1579188227159967,11.00908715561831,163.2,0.0,anomaly_high_hr,True,1
2026-05-26 16:28:53,patient_001,161,True,synthetic_ad8232,93,True,synthetic_max30102,38.02,2058,1687,2094,0,False,False,0.027,0.412,1.234,False,anomaly_high_hr,synthetic_ad8232_anomaly_high_hr,real,False,1.3012413304226085,11.054410884348385,162.8,4.0,anomaly_high_hr,True,1
2026-05-26 16:28:58,patient_001,166,True,synthetic_ad8232,99,True,synthetic_max30102,37.5,2281,1837,2279,0,False,False,0.075,-0.01,0.98,False,anomaly_high_hr,synthetic_ad8232_anomaly_high_hr,real,False,0.9829165783524052,10.329569206893387,161.8,0.0,anomaly_high_hr,True,1
2026-05-26 16:29:03,patient_001,161,True,synthetic_ad8232,95,True,synthetic_max30102,37.05,2440,1728,2144,0,False,False,-0.24,-0.12,1.29,False,anomaly_high_hr,synthetic_ad8232_anomaly_high_hr,real,False,1.3176114753598651,9.444575162494077,163.2,4.0,anomaly_high_hr,True,1
2026-05-26 16:29:08,patient_001,151,True,synthetic_ad8232,97,True,synthetic_max30102,37.23,2354,1585,1967,0,False,False,-0.056,0.066,0.891,False,anomaly_high_hr,synthetic_ad8232_anomaly_high_hr,real,False,0.8951943922970028,6.708203932499368,158.0,0.0,anomaly_high_hr,True,1
2026-05-26 16:29:13,patient_001,167,True,synthetic_ad8232,95,True,synthetic_max30102,36.87,1606,1762,2187,0,False,False,-0.254,0.075,1.313,False,anomaly_high_hr,synthetic_ad8232_anomaly_high_hr,real,False,1.3394439144659995,6.340346993658944,161.2,2.0,anomaly_high_hr,True,1
2026-05-26 16:29:18,patient_001,167,True,synthetic_ad8232,96,True,synthetic_max30102,37.69,1488,1680,2085,0,False,False,0.161,-0.567,1.099,False,anomaly_high_hr,synthetic_ad8232_anomaly_high_hr,real,False,1.2470809917563495,6.841052550594827,162.4,0.0,anomaly_high_hr,True,1
2026-05-26 16:29:23,patient_001,163,True,synthetic_ad8232,97,True,synthetic_max30102,36.56,1679,1684,2090,0,False,False,0.181,0.183,0.999,False,anomaly_high_hr,synthetic_ad8232_anomaly_high_hr,real,False,1.0316254165151226,6.572670690061993,161.8,0.0,anomaly_high_hr,True,1
2026-05-26 16:29:28,patient_001,175,True,synthetic_ad8232,93,True,synthetic_max30102,37.78,2427,1748,2169,0,False,False,0.007,0.011,0.648,False,anomaly_high_hr,synthetic_ad8232_anomaly_high_hr,real,False,0.6481311595657163,8.763560920082659,164.6,4.0,anomaly_high_hr,True,1
2026-05-26 16:29:33,patient_001,152,True,synthetic_ad8232,97,True,synthetic_max30102,37.34,2858,1755,2178,0,False,False,-0.089,0.201,0.55,False,anomaly_high_hr,synthetic_ad8232_anomaly_high_hr,real,False,0.59230228768763,8.37854402626137,164.8,0.0,anomaly_high_hr,True,1
2026-05-26 16:29:38,patient_001,179,True,synthetic_ad8232,97,True,synthetic_max30102,37.16,2436,1707,2118,0,False,False,-0.087,-0.031,1.099,False,anomaly_high_hr,synthetic_ad8232_anomaly_high_hr,real,False,1.1028739728545596,10.592450141492295,167.2,0.0,anomaly_high_hr,True,1
2026-05-26 16:29:43,patient_001,186,True,synthetic_ad8232,96,True,synthetic_max30102,36.7,2047,1830,2271,0,False,False,-0.229,0.185,0.978,False,anomaly_high_hr,synthetic_ad8232_anomaly_high_hr,real,False,1.0213471496019362,13.5092560861063,171.0,1.0,anomaly_high_hr,True,1
2026-05-26 16:29:48,patient_001,173,True,synthetic_ad8232,96,True,synthetic_max30102,36.97,2441,1749,2170,0,False,False,-0.04,-0.209,1.388,False,anomaly_high_hr,synthetic_ad8232_anomaly_high_hr,real,False,1.4042168635933696,12.747548783981966,173.0,0.0,anomaly_high_hr,True,1
2026-05-26 16:29:53,patient_001,160,True,synthetic_ad8232,94,True,synthetic_max30102,37.19,2383,1751,2173,0,False,False,0.26,-0.074,0.816,False,anomaly_high_hr,synthetic_ad8232_anomaly_high_hr,real,False,0.8596115401738159,13.874436925511612,170.0,2.0,anomaly_high_hr,True,1
2026-05-26 16:29:58,patient_001,181,True,synthetic_ad8232,97,True,synthetic_max30102,37.59,1537,1690,2097,0,False,False,0.184,-0.201,0.797,False,anomaly_high_hr,synthetic_ad8232_anomaly_high_hr,real,False,0.8422980470118638,9.984988733093298,175.8,0.0,anomaly_high_hr,True,1
2026-05-26 16:30:03,patient_001,173,True,synthetic_ad8232,97,True,synthetic_max30102,37.34,1744,1896,2353,0,False,False,-0.479,0.441,0.811,False,anomaly_high_hr,synthetic_ad8232_anomaly_high_hr,real,False,1.040020672871458,9.864076236526161,174.6,0.0,anomaly_high_hr,True,1
2026-05-26 16:30:08,patient_001,157,True,synthetic_ad8232,92,True,synthetic_max30102,37.46,2521,1791,2222,0,False,False,-0.18,-0.185,0.715,False,anomaly_high_hr,synthetic_ad8232_anomaly_high_hr,real,False,0.7601644558909605,10.009995004993765,168.8,5.0,anomaly_high_hr,True,1
2026-05-26 16:30:13,patient_001,183,True,synthetic_ad8232,95,True,synthetic_max30102,37.4,2659,1799,2232,0,False,False,-0.218,-0.037,0.886,False,anomaly_high_hr,synthetic_ad8232_anomaly_high_hr,real,False,0.9131752296246324,11.882760622010363,170.8,0.0,anomaly_high_hr,True,1
2026-05-26 16:30:18,patient_001,175,True,synthetic_ad8232,94,True,synthetic_max30102,37.75,2865,1719,2133,0,False,False,0.031,-0.035,0.848,False,anomaly_high_hr,synthetic_ad8232_anomaly_high_hr,real,False,0.8492879370390233,10.256705123966471,173.8,1.0,anomaly_high_hr,True,1
2026-05-26 16:30:23,patient_001,168,True,synthetic_ad8232,96,True,synthetic_max30102,37.18,2058,1731,2148,0,False,False,0.529,0.291,0.846,False,anomaly_high_hr,synthetic_ad8232_anomaly_high_hr,real,False,1.0393449860368789,9.602083107326246,171.2,0.0,anomaly_high_hr,True,1
2026-05-26 16:30:28,patient_001,166,True,synthetic_ad8232,95,True,synthetic_max30102,37.5,1944,1714,2127,0,False,False,0.33,-0.233,0.764,False,anomaly_high_hr,synthetic_ad8232_anomaly_high_hr,real,False,0.8642250864213559,9.782637681116483,169.8,1.0,anomaly_high_hr,True,1
2026-05-26 16:30:33,patient_001,185,True,synthetic_ad8232,98,True,synthetic_max30102,37.72,2467,1822,2261,0,False,False,-0.013,-0.027,0.7,False,anomaly_high_hr,synthetic_ad8232_anomaly_high_hr,real,False,0.7006411349614009,8.561541917201598,175.4,0.0,anomaly_high_hr,True,1
2026-05-26 16:30:38,patient_001,178,True,synthetic_ad8232,96,True,synthetic_max30102,37.24,2239,1812,2248,0,False,False,0.074,0.208,0.696,False,anomaly_high_hr,synthetic_ad8232_anomaly_high_hr,real,False,0.7301753214126043,7.700649323271384,174.4,2.0,anomaly_high_hr,True,1
2026-05-26 16:30:43,patient_001,154,True,synthetic_ad8232,92,True,synthetic_max30102,37.24,2300,1868,2318,0,False,False,0.33,0.365,1.061,False,anomaly_high_hr,synthetic_ad8232_anomaly_high_hr,real,False,1.1695494859132725,11.882760622010357,170.2,4.0,anomaly_high_hr,True,1
2026-05-26 16:30:48,patient_001,175,True,synthetic_ad8232,95,True,synthetic_max30102,37.07,1789,1713,2126,0,False,False,-0.096,-0.382,1.247,False,anomaly_high_hr,synthetic_ad8232_anomaly_high_hr,real,False,1.30772665339512,11.970797801316335,171.6,0.0,anomaly_high_hr,True,1
2026-05-26 16:30:53,patient_001,153,True,synthetic_ad8232,96,True,synthetic_max30102,38.09,2477,1662,2062,0,False,False,0.459,-0.302,0.919,False,anomaly_high_hr,synthetic_ad8232_anomaly_high_hr,real,False,1.0707221861902367,14.611639196202459,169.0,0.0,anomaly_high_hr,True,1
2026-05-26 16:30:58,patient_001,168,True,synthetic_ad8232,95,True,synthetic_max30102,37.33,1108,1795,2228,0,False,False,-0.055,0.353,1.099,False,anomaly_high_hr,synthetic_ad8232_anomaly_high_hr,real,False,1.1556102284074852,11.631852818876279,165.6,1.0,anomaly_high_hr,True,1
2026-05-26 16:31:03,patient_001,164,True,synthetic_ad8232,100,True,synthetic_max30102,37.9,2414,1862,2311,0,False,False,-0.329,-0.033,0.75,False,anomaly_high_hr,synthetic_ad8232_anomaly_high_hr,real,False,0.8196523653354513,9.364827814754525,162.8,0.0,anomaly_high_hr,True,1
2026-05-26 16:31:08,patient_001,157,True,synthetic_ad8232,96,True,synthetic_max30102,36.4,1831,1604,1991,0,False,False,-0.177,0.037,1.159,False,anomaly_high_hr,synthetic_ad8232_anomaly_high_hr,real,False,1.1730213126793563,8.734987120768983,163.4,4.0,anomaly_high_hr,True,1
2026-05-26 16:31:13,patient_001,175,True,synthetic_ad8232,93,True,synthetic_max30102,37.4,2525,1745,2166,0,False,False,0.053,0.373,0.944,False,anomaly_high_hr,synthetic_ad8232_anomaly_high_hr,real,False,1.016402479335819,8.734987120768983,163.4,3.0,anomaly_high_hr,True,1
2026-05-26 16:31:18,patient_001,152,True,synthetic_ad8232,96,True,synthetic_max30102,37.09,2142,1680,2085,0,False,False,0.012,0.2,1.101,False,anomaly_high_hr,synthetic_ad8232_anomaly_high_hr,real,False,1.1190822132444067,9.03880523078133,163.2,0.0,anomaly_high_hr,True,1
2026-05-26 16:31:23,patient_001,180,True,synthetic_ad8232,94,True,synthetic_max30102,37.37,1983,1860,2308,0,False,False,0.001,0.017,0.664,False,anomaly_high_hr,synthetic_ad8232_anomaly_high_hr,real,False,0.6642183375969081,11.802542099056454,165.6,2.0,anomaly_high_hr,True,1
2026-05-26 16:31:28,patient_001,175,True,synthetic_ad8232,95,True,synthetic_max30102,37.02,2125,1810,2246,0,False,False,0.283,0.229,1.032,False,anomaly_high_hr,synthetic_ad8232_anomaly_high_hr,real,False,1.0943281043635862,12.43784547258889,167.8,0.0,anomaly_high_hr,True,1
2026-05-26 16:31:33,patient_001,165,True,synthetic_ad8232,95,True,synthetic_max30102,37.71,2488,1748,2169,0,False,False,-0.099,0.327,0.927,False,anomaly_high_hr,synthetic_ad8232_anomaly_high_hr,real,False,0.9879569828691936,11.148990985734983,169.4,0.0,anomaly_high_hr,True,1
2026-05-26 16:31:38,patient_001,165,True,synthetic_ad8232,95,True,synthetic_max30102,37.29,2531,1747,2168,0,False,False,0.219,-0.103,0.965,False,anomaly_high_hr,synthetic_ad8232_anomaly_high_hr,real,False,0.9948844153970852,10.784247771634327,167.4,0.0,anomaly_high_hr,True,1
2026-05-26 16:31:43,patient_001,164,True,synthetic_ad8232,100,True,synthetic_max30102,37.23,1854,1674,2077,0,False,False,-0.008,-0.004,0.727,False,anomaly_high_hr,synthetic_ad8232_anomaly_high_hr,real,False,0.7270550185508659,7.2594765651526085,169.8,0.0,anomaly_high_hr,True,1
2026-05-26 16:31:48,patient_001,176,True,synthetic_ad8232,96,True,synthetic_max30102,37.08,1902,1700,2110,0,False,False,0.285,0.34,1.241,False,anomaly_high_hr,synthetic_ad8232_anomaly_high_hr,real,False,1.317917296342984,5.958187643906489,169.0,4.0,anomaly_high_hr,True,1
2026-05-26 16:31:53,patient_001,183,True,synthetic_ad8232,96,True,synthetic_max30102,37.18,2600,1782,2211,0,False,False,0.184,0.231,0.876,False,anomaly_high_hr,synthetic_ad8232_anomaly_high_hr,real,False,0.9244419938535895,8.502940667792524,170.6,0.0,anomaly_high_hr,True,1
2026-05-26 16:31:58,patient_001,153,True,synthetic_ad8232,96,True,synthetic_max30102,36.8,1851,1711,2123,0,False,False,-0.157,-0.083,1.085,False,anomaly_high_hr,synthetic_ad8232_anomaly_high_hr,real,False,1.0994375834943975,11.60603291396332,168.2,0.0,anomaly_high_hr,True,1
2026-05-26 16:32:03,patient_001,166,True,synthetic_ad8232,94,True,synthetic_max30102,37.49,1348,1773,2200,0,False,False,0.266,0.014,0.949,False,anomaly_high_hr,synthetic_ad8232_anomaly_high_hr,real,False,0.9856738811594836,11.545561917897281,168.4,2.0,anomaly_high_hr,True,1
2026-05-26 16:32:08,patient_001,170,True,synthetic_ad8232,100,True,synthetic_max30102,37.24,1352,1819,2257,0,False,False,0.016,0.179,1.319,False,anomaly_high_hr,synthetic_ad8232_anomaly_high_hr,real,False,1.3311866886353694,11.282730166054666,169.6,0.0,anomaly_high_hr,True,1
2026-05-26 16:32:13,patient_001,171,True,synthetic_ad8232,100,True,synthetic_max30102,37.58,1879,1837,2280,0,False,False,-0.191,0.086,0.734,False,anomaly_high_hr,synthetic_ad8232_anomaly_high_hr,real,False,0.7633040023476885,10.784247771634327,168.6,0.0,anomaly_high_hr,True,1
2026-05-26 16:32:18,patient_001,166,True,synthetic_ad8232,94,True,synthetic_max30102,37.05,1285,1669,2071,0,False,False,0.337,0.051,0.878,False,anomaly_high_hr,synthetic_ad8232_anomaly_high_hr,real,False,0.9418354421022814,7.1902712048990125,165.2,6.0,anomaly_high_hr,True,1
2026-05-26 16:32:23,patient_001,152,True,synthetic_ad8232,96,True,synthetic_max30102,37.74,1676,1716,2129,0,False,False,-0.072,0.344,0.846,False,anomaly_high_hr,synthetic_ad8232_anomaly_high_hr,real,False,0.916098248006184,7.615773105863904,165.0,0.0,anomaly_high_hr,True,1
2026-05-26 16:32:28,patient_001,175,True,synthetic_ad8232,100,True,synthetic_max30102,36.51,2742,1796,2229,0,False,False,-0.029,0.283,0.701,False,anomaly_high_hr,synthetic_ad8232_anomaly_high_hr,real,False,0.7565256109346199,8.871302046486745,166.8,0.0,anomaly_high_hr,True,1
2026-05-26 16:32:33,patient_001,166,True,synthetic_ad8232,97,True,synthetic_max30102,38.09,2500,1684,2090,0,False,False,0.43,0.018,0.884,False,anomaly_high_hr,synthetic_ad8232_anomaly_high_hr,real,False,0.98319886086183,8.68907359849138,166.0,3.0,anomaly_high_hr,True,1
2026-05-26 16:32:38,patient_001,151,True,synthetic_ad8232,95,True,synthetic_max30102,37.35,1954,1722,2137,0,False,False,-0.061,0.086,1.503,False,anomaly_high_hr,synthetic_ad8232_anomaly_high_hr,real,False,1.506693731320337,10.271319292087066,162.0,2.0,anomaly_high_hr,True,1
2026-05-26 16:32:43,patient_001,175,True,synthetic_ad8232,96,True,synthetic_max30102,37.95,1272,1646,2043,0,False,False,0.073,-0.02,0.633,False,anomaly_high_hr,synthetic_ad8232_anomaly_high_hr,real,False,0.6375092156196646,11.8194754536739,163.8,0.0,anomaly_high_hr,True,1
2026-05-26 16:32:48,patient_001,169,True,synthetic_ad8232,93,True,synthetic_max30102,37.87,1887,1793,2225,0,False,False,0.046,-0.019,0.821,False,anomaly_high_hr,synthetic_ad8232_anomaly_high_hr,real,False,0.8225071428261276,9.859006035092982,167.2,3.0,anomaly_high_hr,True,1
2026-05-26 16:32:53,patient_001,155,True,synthetic_ad8232,98,True,synthetic_max30102,37.46,1843,1762,2186,0,False,False,-0.007,0.158,0.992,False,anomaly_high_hr,synthetic_ad8232_anomaly_high_hr,real,False,1.0045282474873467,9.959919678390975,163.2,0.0,anomaly_high_hr,True,1
2026-05-26 16:32:58,patient_001,186,True,synthetic_ad8232,95,True,synthetic_max30102,38.0,1941,1849,2294,0,False,False,0.002,0.191,1.137,False,anomaly_high_hr,synthetic_ad8232_anomaly_high_hr,real,False,1.1529327820822861,14.39444337235726,167.2,3.0,anomaly_high_hr,True,1
2026-05-26 16:33:03,patient_001,176,True,synthetic_ad8232,100,True,synthetic_max30102,37.18,1906,1876,2328,0,False,False,0.047,-0.075,0.921,False,anomaly_high_hr,synthetic_ad8232_anomaly_high_hr,real,False,0.9252432112693397,11.388590782006345,172.2,0.0,anomaly_high_hr,True,1
2026-05-26 16:33:08,patient_001,156,True,synthetic_ad8232,99,True,synthetic_max30102,37.58,2158,1691,2098,0,False,False,0.464,-0.06,1.015,False,anomaly_high_hr,synthetic_ad8232_anomaly_high_hr,real,False,1.1176408188680296,13.240090634130867,168.4,1.0,anomaly_high_hr,True,1
2026-05-26 16:33:13,patient_001,151,True,synthetic_ad8232,97,True,synthetic_max30102,37.45,1717,1780,2209,0,False,False,0.028,-0.048,0.811,False,anomaly_high_hr,synthetic_ad8232_anomaly_high_hr,real,False,0.8129015930603163,15.319921670818031,164.8,2.0,anomaly_high_hr,True,1
2026-05-26 16:33:18,patient_001,170,True,synthetic_ad8232,100,True,synthetic_max30102,37.97,1580,1747,2168,0,False,False,-0.261,-0.077,1.074,False,anomaly_high_hr,synthetic_ad8232_anomaly_high_hr,real,False,1.1079377238816268,14.359665734271111,167.8,0.0,anomaly_high_hr,True,1
2026-05-26 16:33:23,patient_001,169,True,synthetic_ad8232,96,True,synthetic_max30102,38.16,2388,1680,2085,0,False,False,-0.011,0.264,0.737,False,anomaly_high_hr,synthetic_ad8232_anomaly_high_hr,real,False,0.7829342245680668,10.454664030948098,164.4,4.0,anomaly_high_hr,True,1
2026-05-26 16:33:28,patient_001,176,True,synthetic_ad8232,94,True,synthetic_max30102,37.31,2040,1729,2145,0,False,False,-0.236,-0.006,1.157,False,anomaly_high_hr,synthetic_ad8232_anomaly_high_hr,real,False,1.1808391084309495,10.454664030948098,164.4,2.0,anomaly_high_hr,True,1
2026-05-26 16:33:33,patient_001,154,True,synthetic_ad8232,95,True,synthetic_max30102,38.09,1590,1625,2016,0,False,False,0.055,-0.17,0.927,False,anomaly_high_hr,synthetic_ad8232_anomaly_high_hr,real,False,0.9440624979311487,10.885770528538618,164.0,0.0,anomaly_high_hr,True,1
2026-05-26 16:33:38,patient_001,179,True,synthetic_ad8232,96,True,synthetic_max30102,38.15,2045,1579,1959,0,False,False,0.021,0.023,1.118,False,anomaly_high_hr,synthetic_ad8232_anomaly_high_hr,real,False,1.1184337262439827,9.659192512834599,169.6,0.0,anomaly_high_hr,True,1
2026-05-26 16:33:43,patient_001,165,True,synthetic_ad8232,99,True,synthetic_max30102,37.73,2173,1684,2090,0,False,False,-0.187,0.278,0.938,False,anomaly_high_hr,synthetic_ad8232_anomaly_high_hr,real,False,0.9960406618205905,9.864076236526152,168.6,0.0,anomaly_high_hr,True,1
2026-05-26 16:33:48,patient_001,163,True,synthetic_ad8232,99,True,synthetic_max30102,37.45,2827,1798,2231,0,False,False,0.081,0.21,1.209,False,anomaly_high_hr,synthetic_ad8232_anomaly_high_hr,real,False,1.2297731498125988,10.163660757817528,167.4,0.0,anomaly_high_hr,True,1
2026-05-26 16:33:53,patient_001,171,True,synthetic_ad8232,96,True,synthetic_max30102,37.86,2310,1864,2313,0,False,False,0.022,0.037,1.334,False,anomaly_high_hr,synthetic_ad8232_anomaly_high_hr,real,False,1.3346943470323085,9.316651759081692,166.4,3.0,anomaly_high_hr,True,1
2026-05-26 16:33:58,patient_001,160,True,synthetic_ad8232,99,True,synthetic_max30102,37.66,1879,1739,2158,0,False,False,0.103,-0.034,1.056,False,anomaly_high_hr,synthetic_ad8232_anomaly_high_hr,real,False,1.0615559335239948,7.536577472566705,167.6,0.0,anomaly_high_hr,True,1
2026-05-26 16:34:03,patient_001,166,True,synthetic_ad8232,97,True,synthetic_max30102,37.13,2462,1729,2145,0,False,False,0.221,0.288,1.184,False,anomaly_high_hr,synthetic_ad8232_anomaly_high_hr,real,False,1.2384026001264692,4.062019202317971,165.0,2.0,anomaly_high_hr,True,1
2026-05-26 16:34:08,patient_001,166,True,synthetic_ad8232,94,True,synthetic_max30102,37.6,2334,1796,2229,0,False,False,0.069,0.549,1.281,False,anomaly_high_hr,synthetic_ad8232_anomaly_high_hr,real,False,1.395393492890088,4.0865633483405,165.2,3.0,anomaly_high_hr,True,1
2026-05-26 16:34:13,patient_001,167,True,synthetic_ad8232,94,True,synthetic_max30102,36.52,2020,1712,2124,0,False,False,-0.135,0.02,0.569,False,anomaly_high_hr,synthetic_ad8232_anomaly_high_hr,real,False,0.5851375906571035,3.937003937005897,166.0,0.0,anomaly_high_hr,True,1
2026-05-26 16:34:18,patient_001,109,True,synthetic_ad8232,87,True,synthetic_max30102,36.68,2071,1679,2083,0,False,False,0.212,0.096,0.934,False,anomaly_low_spo2,synthetic_ad8232_anomaly_low_spo2,real,False,0.9625570112985516,0.0,109.0,0.0,anomaly_low_spo2,True,1
2026-05-26 16:34:23,patient_001,100,True,synthetic_ad8232,86,True,synthetic_max30102,37.15,1257,1681,2086,0,False,False,-0.002,-0.079,0.986,False,anomaly_low_spo2,synthetic_ad8232_anomaly_low_spo2,real,False,0.9891617663456266,6.363961030678928,104.5,1.0,anomaly_low_spo2,True,1
2026-05-26 16:34:28,patient_001,111,True,synthetic_ad8232,90,True,synthetic_max30102,36.96,2647,1877,2329,0,False,False,0.263,0.155,1.135,False,anomaly_low_spo2,synthetic_ad8232_anomaly_low_spo2,real,False,1.1753378237766365,5.859465277082314,106.66666666666667,0.0,anomaly_low_spo2,True,1
2026-05-26 16:34:33,patient_001,115,True,synthetic_ad8232,90,True,synthetic_max30102,36.6,1753,1646,2042,0,False,False,0.051,-0.035,1.03,False,anomaly_low_spo2,synthetic_ad8232_anomaly_low_spo2,real,False,1.0318556100540424,6.344288770224758,108.75,0.0,anomaly_low_spo2,True,1
2026-05-26 16:34:38,patient_001,119,True,synthetic_ad8232,88,True,synthetic_max30102,36.13,2230,1723,2138,0,False,False,-0.106,-0.085,0.902,False,anomaly_low_spo2,synthetic_ad8232_anomaly_low_spo2,real,False,0.912175969865464,7.155417527999326,110.8,2.0,anomaly_low_spo2,True,1
2026-05-26 16:34:43,patient_001,129,True,synthetic_ad8232,90,True,synthetic_max30102,37.18,2353,1769,2195,0,False,False,0.101,0.051,1.1,False,anomaly_low_spo2,synthetic_ad8232_anomaly_low_spo2,real,False,1.1058037800622678,10.639548862616309,114.8,0.0,anomaly_low_spo2,True,1
2026-05-26 16:34:48,patient_001,132,True,synthetic_ad8232,83,True,synthetic_max30102,36.7,2591,1610,1998,0,False,False,0.009,0.145,1.147,False,anomaly_low_spo2,synthetic_ad8232_anomaly_low_spo2,real,False,1.1561639157143766,9.011104260855047,121.2,7.0,anomaly_low_spo2,True,1
2026-05-26 16:34:53,patient_001,93,True,synthetic_ad8232,85,True,synthetic_max30102,36.72,2567,1712,2124,0,False,False,0.008,-0.126,1.055,False,anomaly_low_spo2,synthetic_ad8232_anomaly_low_spo2,real,False,1.062527646699134,15.420765220960988,117.6,0.0,anomaly_low_spo2,True,1
2026-05-26 16:34:58,patient_001,105,True,synthetic_ad8232,88,True,synthetic_max30102,36.79,1627,1679,2083,0,False,False,0.209,-0.253,0.894,False,anomaly_low_spo2,synthetic_ad8232_anomaly_low_spo2,real,False,0.952326624640937,16.45600194457937,115.6,0.0,anomaly_low_spo2,True,1
2026-05-26 16:35:03,patient_001,108,True,synthetic_ad8232,88,True,synthetic_max30102,36.57,1979,1651,2049,0,False,False,0.046,0.093,0.966,False,anomaly_low_spo2,synthetic_ad8232_anomaly_low_spo2,real,False,0.9715559685370678,16.622274212634082,113.4,0.0,anomaly_low_spo2,True,1
2026-05-26 16:35:08,patient_001,112,True,synthetic_ad8232,84,True,synthetic_max30102,36.96,1767,1766,2192,0,False,False,-0.005,0.156,1.049,False,anomaly_low_spo2,synthetic_ad8232_anomaly_low_spo2,real,False,1.0605479715694146,14.19506956657839,110.0,4.0,anomaly_low_spo2,True,1
2026-05-26 16:35:13,patient_001,106,True,synthetic_ad8232,85,True,synthetic_max30102,36.55,2013,1648,2045,0,False,False,0.165,0.179,0.875,False,anomaly_low_spo2,synthetic_ad8232_anomaly_low_spo2,real,False,0.9082351017220156,7.12039324756716,104.8,0.0,anomaly_low_spo2,True,1
2026-05-26 16:35:18,patient_001,121,True,synthetic_ad8232,84,True,synthetic_max30102,36.24,2294,1708,2119,0,False,False,0.089,-0.165,0.945,False,anomaly_low_spo2,synthetic_ad8232_anomaly_low_spo2,real,False,0.9634163170717008,6.5038450166036395,110.4,1.0,anomaly_low_spo2,True,1
2026-05-26 16:35:23,patient_001,110,True,synthetic_ad8232,87,True,synthetic_max30102,37.1,2845,1711,2123,0,False,False,0.069,-0.035,0.994,False,anomaly_low_spo2,synthetic_ad8232_anomaly_low_spo2,real,False,0.99700651953736,5.813776741499453,111.4,0.0,anomaly_low_spo2,True,1
2026-05-26 16:35:28,patient_001,125,True,synthetic_ad8232,91,True,synthetic_max30102,36.59,2557,1632,2025,0,False,False,-0.012,0.006,0.976,False,anomaly_low_spo2,synthetic_ad8232_anomaly_low_spo2,real,False,0.9760922087589881,7.918333157931661,114.8,0.0,anomaly_low_spo2,True,1
2026-05-26 16:35:33,patient_001,126,True,synthetic_ad8232,87,True,synthetic_max30102,37.02,2076,1692,2100,0,False,False,0.062,0.102,0.856,False,anomaly_low_spo2,synthetic_ad8232_anomaly_low_spo2,real,False,0.8642823612685845,9.071934744033381,117.6,4.0,anomaly_low_spo2,True,1
2026-05-26 16:35:38,patient_001,122,True,synthetic_ad8232,87,True,synthetic_max30102,36.0,2495,1813,2250,0,False,False,-0.068,0.024,0.996,False,anomaly_low_spo2,synthetic_ad8232_anomaly_low_spo2,real,False,0.9986070298170346,6.379655163094635,120.8,0.0,anomaly_low_spo2,True,1
2026-05-26 16:35:43,patient_001,113,True,synthetic_ad8232,88,True,synthetic_max30102,37.19,2380,1785,2215,0,False,False,-0.019,0.016,0.881,False,anomaly_low_spo2,synthetic_ad8232_anomaly_low_spo2,real,False,0.8813501006977874,7.2594765651526165,119.2,0.0,anomaly_low_spo2,True,1
2026-05-26 16:35:48,patient_001,101,True,synthetic_ad8232,88,True,synthetic_max30102,36.98,1956,1697,2106,0,False,False,0.015,-0.023,0.925,False,anomaly_low_spo2,synthetic_ad8232_anomaly_low_spo2,real,False,0.9254074778172047,10.5023806824929,117.4,0.0,anomaly_low_spo2,True,1
2026-05-26 16:35:53,patient_001,105,True,synthetic_ad8232,85,True,synthetic_max30102,36.83,2442,1730,2147,0,False,False,0.022,-0.002,1.01,False,anomaly_low_spo2,synthetic_ad8232_anomaly_low_spo2,real,False,1.0102415552727972,10.69111780872328,113.4,3.0,anomaly_low_spo2,True,1
2026-05-26 16:35:58,patient_001,121,True,synthetic_ad8232,87,True,synthetic_max30102,36.6,2079,1643,2039,0,False,False,-0.064,-0.029,0.992,False,anomaly_low_spo2,synthetic_ad8232_anomaly_low_spo2,real,False,0.9944852940089159,9.370165420097987,112.4,0.0,anomaly_low_spo2,True,1
2026-05-26 16:36:03,patient_001,97,True,synthetic_ad8232,84,True,synthetic_max30102,37.09,2685,1699,2108,0,False,False,-0.007,-0.054,0.881,False,anomaly_low_spo2,synthetic_ad8232_anomaly_low_spo2,real,False,0.8826811428822982,9.63327566303384,107.4,3.0,anomaly_low_spo2,True,1
2026-05-26 16:36:08,patient_001,106,True,synthetic_ad8232,88,True,synthetic_max30102,37.18,1813,1494,1854,0,False,False,-0.141,0.227,1.234,False,anomaly_low_spo2,synthetic_ad8232_anomaly_low_spo2,real,False,1.2626028670963805,9.110433579144305,106.0,0.0,anomaly_low_spo2,True,1
2026-05-26 16:36:13,patient_001,100,True,synthetic_ad8232,87,True,synthetic_max30102,36.65,2277,1661,2061,0,False,False,0.121,0.019,0.899,False,anomaly_low_spo2,synthetic_ad8232_anomaly_low_spo2,real,False,0.9073053510257724,9.2574294488265,105.8,1.0,anomaly_low_spo2,True,1
2026-05-26 16:36:18,patient_001,93,True,synthetic_ad8232,84,True,synthetic_max30102,37.5,2858,1703,2113,0,False,False,-0.024,0.016,0.95,False,anomaly_low_spo2,synthetic_ad8232_anomaly_low_spo2,real,False,0.9504377938613342,10.922453936730523,103.4,3.0,anomaly_low_spo2,True,1
2026-05-26 16:36:23,patient_001,121,True,synthetic_ad8232,85,True,synthetic_max30102,36.32,1719,1753,2175,0,False,False,0.0,0.003,0.818,False,anomaly_low_spo2,synthetic_ad8232_anomaly_low_spo2,real,False,0.8180055012039955,10.922453936730523,103.4,0.0,anomaly_low_spo2,True,1
2026-05-26 16:36:28,patient_001,136,True,synthetic_ad8232,91,True,synthetic_max30102,36.71,1627,1679,2084,0,False,False,0.084,-0.093,1.052,False,anomaly_low_spo2,synthetic_ad8232_anomaly_low_spo2,real,False,1.059438058595216,17.282939564784694,111.2,0.0,anomaly_low_spo2,True,1
2026-05-26 16:36:33,patient_001,107,True,synthetic_ad8232,87,True,synthetic_max30102,36.69,2651,1590,1973,0,False,False,0.135,-0.049,1.164,False,anomaly_low_spo2,synthetic_ad8232_anomaly_low_spo2,real,False,1.1728265003827292,17.213366899011945,111.4,4.0,anomaly_low_spo2,True,1
2026-05-26 16:36:38,patient_001,96,True,synthetic_ad8232,88,True,synthetic_max30102,36.63,2002,1750,2172,0,False,False,0.006,0.11,1.14,False,anomaly_low_spo2,synthetic_ad8232_anomaly_low_spo2,real,False,1.1453104382655384,17.95271567200907,110.6,0.0,anomaly_low_spo2,True,1
2026-05-26 16:36:43,patient_001,115,True,synthetic_ad8232,86,True,synthetic_max30102,36.45,1915,1559,1934,0,False,False,-0.075,-0.014,1.015,False,anomaly_low_spo2,synthetic_ad8232_anomaly_low_spo2,real,False,1.0178634486020213,15.01665741768121,115.0,2.0,anomaly_low_spo2,True,1
2026-05-26 16:36:48,patient_001,136,True,synthetic_ad8232,90,True,synthetic_max30102,36.6,2131,1790,2221,0,False,False,-0.1,0.076,0.758,False,anomaly_low_spo2,synthetic_ad8232_anomaly_low_spo2,real,False,0.768335864059462,17.762319668331614,118.0,0.0,anomaly_low_spo2,True,1
2026-05-26 16:36:53,patient_001,141,True,synthetic_ad8232,84,True,synthetic_max30102,37.12,2468,1760,2184,0,False,False,0.03,-0.003,0.853,False,anomaly_low_spo2,synthetic_ad8232_anomaly_low_spo2,real,False,0.8535326590119443,19.118054294305164,119.0,6.0,anomaly_low_spo2,True,1
2026-05-26 16:36:58,patient_001,141,True,synthetic_ad8232,90,True,synthetic_max30102,36.59,2689,1666,2067,0,False,False,-0.06,-0.107,1.137,False,anomaly_low_spo2,synthetic_ad8232_anomaly_low_spo2,real,False,1.143598705840471,19.816659657974654,125.8,0.0,anomaly_low_spo2,True,1
2026-05-26 16:37:03,patient_001,120,True,synthetic_ad8232,89,True,synthetic_max30102,36.69,2103,1743,2163,0,False,False,0.106,0.028,0.953,False,anomaly_low_spo2,synthetic_ad8232_anomaly_low_spo2,real,False,0.9592856717370483,12.259690045021536,130.6,1.0,anomaly_low_spo2,True,1
2026-05-26 16:37:08,patient_001,99,True,synthetic_ad8232,89,True,synthetic_max30102,36.78,2872,1791,2222,0,False,False,0.089,-0.015,0.869,False,anomaly_low_spo2,synthetic_ad8232_anomaly_low_spo2,real,False,0.8736744244854601,18.06377590649309,127.4,0.0,anomaly_low_spo2,True,1
2026-05-26 16:37:13,patient_001,126,True,synthetic_ad8232,87,True,synthetic_max30102,36.69,2252,1831,2272,0,False,False,0.178,-0.005,0.927,False,anomaly_low_spo2,synthetic_ad8232_anomaly_low_spo2,real,False,0.9439480917931876,17.415510328439996,125.4,2.0,anomaly_low_spo2,True,1
2026-05-26 16:37:18,patient_001,140,True,synthetic_ad8232,85,True,synthetic_max30102,36.98,2488,1638,2033,0,False,False,0.247,0.033,0.964,False,anomaly_low_spo2,synthetic_ad8232_anomaly_low_spo2,real,False,0.9956877020431657,17.195929750961426,125.2,2.0,anomaly_low_spo2,True,1
2026-05-26 16:37:23,patient_001,100,True,synthetic_ad8232,88,True,synthetic_max30102,36.37,2623,1594,1978,0,False,False,0.196,0.145,0.987,False,anomaly_low_spo2,synthetic_ad8232_anomaly_low_spo2,real,False,1.0166661202184324,17.549928774784252,117.0,0.0,anomaly_low_spo2,True,1
2026-05-26 16:37:28,patient_001,106,True,synthetic_ad8232,86,True,synthetic_max30102,36.18,1990,1731,2148,0,False,False,-0.025,-0.115,0.928,False,anomaly_low_spo2,synthetic_ad8232_anomaly_low_spo2,real,False,0.9354325202813937,18.06100772382317,114.2,2.0,anomaly_low_spo2,True,1
2026-05-26 16:37:33,patient_001,118,True,synthetic_ad8232,86,True,synthetic_max30102,36.82,2606,1586,1968,0,False,False,0.232,-0.005,1.028,False,anomaly_low_spo2,synthetic_ad8232_anomaly_low_spo2,real,False,1.0538657409746273,15.937377450509235,118.0,0.0,anomaly_low_spo2,True,1
2026-05-26 16:37:38,patient_001,104,True,synthetic_ad8232,90,True,synthetic_max30102,36.76,1855,1752,2174,0,False,False,0.101,0.097,0.945,False,anomaly_low_spo2,synthetic_ad8232_anomaly_low_spo2,real,False,0.9553193183433485,16.211107303327562,113.6,0.0,anomaly_low_spo2,True,1
2026-05-26 16:37:43,patient_001,124,True,synthetic_ad8232,87,True,synthetic_max30102,36.92,2150,1717,2131,0,False,False,-0.006,0.035,0.883,False,anomaly_low_spo2,synthetic_ad8232_anomaly_low_spo2,real,False,0.8837137545608306,10.13903348450927,110.4,3.0,anomaly_low_spo2,True,1
2026-05-26 16:37:48,patient_001,103,True,synthetic_ad8232,88,True,synthetic_max30102,36.85,2725,1837,2280,0,False,False,-0.022,0.017,0.889,False,anomaly_low_spo2,synthetic_ad8232_anomaly_low_spo2,real,False,0.8894346518997335,9.433981132056612,111.0,0.0,anomaly_low_spo2,True,1
2026-05-26 16:37:53,patient_001,116,True,synthetic_ad8232,91,True,synthetic_max30102,36.11,2164,1675,2078,0,False,False,-0.216,-0.01,0.852,False,anomaly_low_spo2,synthetic_ad8232_anomaly_low_spo2,real,False,0.8790108076696214,9.165151389911689,113.0,0.0,anomaly_low_spo2,True,1
2026-05-26 16:37:58,patient_001,127,True,synthetic_ad8232,85,True,synthetic_max30102,36.94,2188,1798,2231,0,False,False,0.041,0.065,0.938,False,anomaly_low_spo2,synthetic_ad8232_anomaly_low_spo2,real,False,0.9411429221961986,11.0770032048384,114.8,6.0,anomaly_low_spo2,True,1
2026-05-26 16:38:03,patient_001,140,True,synthetic_ad8232,86,True,synthetic_max30102,37.06,989,1698,2107,0,False,False,0.034,-0.003,1.053,False,anomaly_low_spo2,synthetic_ad8232_anomaly_low_spo2,real,False,1.0535530361590726,13.69306393762916,122.0,0.0,anomaly_low_spo2,True,1
2026-05-26 16:38:08,patient_001,75,True,synthetic_ad8232,91,True,synthetic_max30102,37.23,2010,1616,2005,0,False,False,0.229,0.028,0.861,False,anomaly_low_spo2,synthetic_ad8232_anomaly_low_spo2,real,False,0.891373098090805,24.87368086954563,112.2,0.0,anomaly_low_spo2,True,1
2026-05-26 16:38:13,patient_001,96,True,synthetic_ad8232,91,True,synthetic_max30102,37.58,2234,1775,2202,0,False,False,0.088,0.029,0.861,False,anomaly_low_spo2,synthetic_ad8232_anomaly_low_spo2,real,False,0.8659711311585392,25.704085278414407,110.8,0.0,anomaly_low_spo2,True,1
2026-05-26 16:38:18,patient_001,107,True,synthetic_ad8232,89,True,synthetic_max30102,36.6,2564,1674,2077,0,False,False,0.055,-0.114,1.099,False,anomaly_low_spo2,synthetic_ad8232_anomaly_low_spo2,real,False,1.1062648869054825,25.563646062328438,109.0,2.0,anomaly_low_spo2,True,1
2026-05-26 16:38:23,patient_001,109,True,synthetic_ad8232,88,True,synthetic_max30102,36.38,2140,1683,2089,0,False,False,0.116,-0.058,0.941,False,anomaly_low_spo2,synthetic_ad8232_anomaly_low_spo2,real,False,0.9498952573836759,23.58601280420241,105.4,1.0,anomaly_low_spo2,True,1
2026-05-26 16:38:28,patient_001,85,True,synthetic_ad8232,87,True,synthetic_max30102,37.08,1611,1647,2044,0,False,False,0.002,0.008,1.006,False,anomaly_low_spo2,synthetic_ad8232_anomaly_low_spo2,real,False,1.0060337966489992,14.484474446799933,94.4,1.0,anomaly_low_spo2,True,1
2026-05-26 16:38:33,patient_001,111,True,synthetic_ad8232,90,True,synthetic_max30102,36.43,1727,1679,2084,0,False,False,0.003,-0.108,1.084,False,anomaly_low_spo2,synthetic_ad8232_anomaly_low_spo2,real,False,1.0893709193842105,10.94531863400971,101.6,0.0,anomaly_low_spo2,True,1
2026-05-26 16:38:38,patient_001,113,True,synthetic_ad8232,85,True,synthetic_max30102,36.44,2228,1638,2032,0,False,False,-0.106,-0.077,1.126,False,anomaly_low_spo2,synthetic_ad8232_anomaly_low_spo2,real,False,1.1335964890559602,11.40175425099139,105.0,5.0,anomaly_low_spo2,True,1
2026-05-26 16:38:43,patient_001,99,True,synthetic_ad8232,90,True,synthetic_max30102,36.44,1879,1715,2128,0,False,False,0.044,0.035,1.223,False,anomaly_low_spo2,synthetic_ad8232_anomaly_low_spo2,real,False,1.224291631924355,11.610340218960005,103.4,0.0,anomaly_low_spo2,True,1
2026-05-26 16:38:48,patient_001,123,True,synthetic_ad8232,91,True,synthetic_max30102,36.23,1532,1676,2080,0,False,False,-0.044,0.006,0.948,False,anomaly_low_spo2,synthetic_ad8232_anomaly_low_spo2,real,False,0.94903951445659,14.601369798755192,106.2,0.0,anomaly_low_spo2,True,1
2026-05-26 16:38:53,patient_001,134,True,synthetic_ad8232,85,True,synthetic_max30102,36.73,1912,1619,2009,0,False,False,0.145,0.027,0.892,False,anomaly_low_spo2,synthetic_ad8232_anomaly_low_spo2,real,False,0.9041117187604638,13.190905958272928,116.0,6.0,anomaly_low_spo2,True,1
2026-05-26 16:38:58,patient_001,100,True,synthetic_ad8232,88,True,synthetic_max30102,36.31,2014,1771,2198,0,False,False,0.121,0.042,1.009,False,anomaly_low_spo2,synthetic_ad8232_anomaly_low_spo2,real,False,1.0170968488792007,15.023315213360872,113.8,0.0,anomaly_low_spo2,True,1
2026-05-26 16:39:03,patient_001,100,True,synthetic_ad8232,87,True,synthetic_max30102,36.73,2179,1634,2028,0,False,False,0.031,-0.053,0.788,False,anomaly_low_spo2,synthetic_ad8232_anomaly_low_spo2,real,False,0.7903885120622642,16.269603560013387,111.2,1.0,anomaly_low_spo2,True,1
2026-05-26 16:39:08,patient_001,114,True,synthetic_ad8232,91,True,synthetic_max30102,37.48,3018,1806,2241,0,False,False,0.116,0.168,1.067,False,anomaly_low_spo2,synthetic_ad8232_anomaly_low_spo2,real,False,1.0863558348902076,14.771594362153335,114.2,0.0,anomaly_low_spo2,True,1
2026-05-26 16:39:13,patient_001,127,True,synthetic_ad8232,90,True,synthetic_max30102,36.73,1973,1654,2053,0,False,False,0.036,-0.004,1.052,False,anomaly_low_spo2,synthetic_ad8232_anomaly_low_spo2,real,False,1.0526233894418269,15.459624833740312,115.0,1.0,anomaly_low_spo2,True,1
2026-05-26 16:39:18,patient_001,75,True,synthetic_ad8232,91,True,synthetic_max30102,36.72,1642,1744,2164,0,False,False,0.086,0.176,1.02,False,anomaly_low_spo2,synthetic_ad8232_anomaly_low_spo2,real,False,1.0386394947237467,19.35716921453135,103.2,0.0,anomaly_low_spo2,True,1
2026-05-26 16:39:23,patient_001,145,True,synthetic_ad8232,90,True,synthetic_max30102,36.87,1478,1823,2262,0,False,False,0.183,-0.087,0.961,False,anomaly_low_spo2,synthetic_ad8232_anomaly_low_spo2,real,False,0.9821298284850124,26.60263144878717,112.2,1.0,anomaly_low_spo2,True,1
2026-05-26 16:39:28,patient_001,121,True,synthetic_ad8232,89,True,synthetic_max30102,37.49,1554,1666,2067,0,False,False,-0.118,0.191,0.934,False,anomaly_low_spo2,synthetic_ad8232_anomaly_low_spo2,real,False,0.9606044971787298,25.841826560829638,116.4,1.0,anomaly_low_spo2,True,1
2026-05-26 16:39:33,patient_001,95,True,synthetic_ad8232,89,True,synthetic_max30102,36.41,2165,1631,2024,0,False,False,0.114,-0.036,0.869,False,anomaly_low_spo2,synthetic_ad8232_anomaly_low_spo2,real,False,0.8771847011889798,27.61883415352647,112.6,0.0,anomaly_low_spo2,True,1
2026-05-26 16:39:38,patient_001,108,True,synthetic_ad8232,88,True,synthetic_max30102,37.04,2292,1687,2094,0,False,False,0.148,-0.001,0.886,False,anomaly_low_spo2,synthetic_ad8232_anomaly_low_spo2,real,False,0.8982766834333394,26.423474411969373,108.8,1.0,anomaly_low_spo2,True,1
2026-05-26 16:39:43,patient_001,89,True,synthetic_ad8232,86,True,synthetic_max30102,36.55,1261,1550,1924,0,False,False,0.019,-0.046,1.061,False,anomaly_low_spo2,synthetic_ad8232_anomaly_low_spo2,real,False,1.0621666535906689,22.378561169118985,111.6,2.0,anomaly_low_spo2,True,1
2026-05-26 16:39:48,patient_001,107,True,synthetic_ad8232,88,True,synthetic_max30102,36.29,1821,1692,2099,0,False,False,-0.021,-0.01,0.951,False,anomaly_low_spo2,synthetic_ad8232_anomaly_low_spo2,real,False,0.9512843949103759,12.449899597988734,104.0,0.0,anomaly_low_spo2,True,1
2026-05-26 16:39:53,patient_001,136,True,synthetic_ad8232,89,True,synthetic_max30102,36.52,2397,1672,2075,0,False,False,0.049,0.042,1.111,False,anomaly_low_spo2,synthetic_ad8232_anomaly_low_spo2,real,False,1.1128728588657377,18.096961070853858,107.0,0.0,anomaly_low_spo2,True,1
2026-05-26 16:39:58,patient_001,113,True,synthetic_ad8232,91,True,synthetic_max30102,37.25,2785,1675,2079,0,False,False,0.06,0.004,1.041,False,anomaly_low_spo2,synthetic_ad8232_anomaly_low_spo2,real,False,1.0427353451379693,16.86119805944999,110.6,0.0,anomaly_low_spo2,True,1
2026-05-26 16:40:03,patient_001,113,True,synthetic_ad8232,87,True,synthetic_max30102,36.64,1645,1763,2188,0,False,False,-0.081,0.086,0.908,False,anomaly_low_spo2,synthetic_ad8232_anomaly_low_spo2,real,False,0.9156533186747046,16.816658407662327,111.6,4.0,anomaly_low_spo2,True,1
2026-05-26 16:40:08,patient_001,114,True,synthetic_ad8232,91,True,synthetic_max30102,36.05,2449,1728,2144,0,False,False,0.242,-0.013,1.004,False,anomaly_low_spo2,synthetic_ad8232_anomaly_low_spo2,real,False,1.032835417673116,11.193748255164582,116.6,0.0,anomaly_low_spo2,True,1
2026-05-26 16:40:13,patient_001,116,True,synthetic_ad8232,90,True,synthetic_max30102,36.98,1417,1753,2175,0,False,False,0.216,0.082,1.186,False,anomaly_low_spo2,synthetic_ad8232_anomaly_low_spo2,real,False,1.20829466604798,9.914635646356356,118.4,1.0,anomaly_low_spo2,True,1
2026-05-26 16:40:18,patient_001,145,True,synthetic_ad8232,87,True,synthetic_max30102,37.32,2086,1766,2192,0,False,False,0.043,0.136,0.921,False,anomaly_low_spo2,synthetic_ad8232_anomaly_low_spo2,real,False,0.9319796135109395,13.917614738165451,120.2,3.0,anomaly_low_spo2,True,1
2026-05-26 16:40:23,patient_001,137,True,synthetic_ad8232,89,True,synthetic_max30102,37.13,2551,1730,2147,0,False,False,-0.176,0.021,1.031,False,anomaly_low_spo2,synthetic_ad8232_anomaly_low_spo2,real,False,1.0461252315091152,14.916433890176302,125.0,0.0,anomaly_low_spo2,True,1
2026-05-26 16:40:28,patient_001,106,True,synthetic_ad8232,88,True,synthetic_max30102,37.21,2148,1617,2007,0,False,False,-0.188,0.089,0.957,False,anomaly_low_spo2,synthetic_ad8232_anomaly_low_spo2,real,False,0.9793436577626875,16.562004709575472,123.6,1.0,anomaly_low_spo2,True,1
2026-05-26 16:40:33,patient_001,132,True,synthetic_ad8232,90,True,synthetic_max30102,36.75,1795,1662,2062,0,False,False,0.128,0.117,0.981,False,anomaly_low_spo2,synthetic_ad8232_anomaly_low_spo2,real,False,0.9962098172573888,15.89654050414744,127.2,0.0,anomaly_low_spo2,True,1
2026-05-26 16:40:38,patient_001,125,True,synthetic_ad8232,88,True,synthetic_max30102,36.43,2660,1724,2139,0,False,False,-0.128,0.113,0.935,False,anomaly_low_spo2,synthetic_ad8232_anomaly_low_spo2,real,False,0.95046199292765,14.781745499094487,129.0,2.0,anomaly_low_spo2,True,1
2026-05-26 16:40:43,patient_001,91,True,synthetic_ad8232,88,True,synthetic_max30102,36.74,2545,1702,2112,0,False,False,0.078,0.154,0.857,False,anomaly_low_spo2,synthetic_ad8232_anomaly_low_spo2,real,False,0.8742133606849074,19.22758435165479,118.2,0.0,anomaly_low_spo2,True,1
2026-05-26 16:40:48,patient_001,109,True,synthetic_ad8232,88,True,synthetic_max30102,36.95,2421,1616,2005,0,False,False,0.074,0.088,1.046,False,anomaly_low_spo2,synthetic_ad8232_anomaly_low_spo2,real,False,1.0523003373562132,16.226521500309307,112.6,0.0,anomaly_low_spo2,True,1
2026-05-26 16:40:53,patient_001,131,True,synthetic_ad8232,88,True,synthetic_max30102,36.28,1497,1683,2089,0,False,False,0.029,0.049,0.876,False,anomaly_low_spo2,synthetic_ad8232_anomaly_low_spo2,real,False,0.8778485062925151,17.48713813063762,117.6,0.0,anomaly_low_spo2,True,1
2026-05-26 16:40:58,patient_001,122,True,synthetic_ad8232,88,True,synthetic_max30102,36.22,1737,1671,2074,0,False,False,0.075,0.024,1.042,False,anomaly_low_spo2,synthetic_ad8232_anomaly_low_spo2,real,False,1.0449712914716844,15.931101656822111,115.6,0.0,anomaly_low_spo2,True,1
2026-05-26 16:41:03,patient_001,100,True,synthetic_ad8232,87,True,synthetic_max30102,36.81,3099,1649,2046,0,False,False,0.055,0.011,0.948,False,anomaly_low_spo2,synthetic_ad8232_anomaly_low_spo2,real,False,0.9496578331167495,16.164776521808157,110.6,1.0,anomaly_low_spo2,True,1
2026-05-26 16:41:08,patient_001,100,True,synthetic_ad8232,87,True,synthetic_max30102,37.8,2381,1611,1999,0,False,False,0.082,-0.108,1.074,False,anomaly_low_spo2,synthetic_ad8232_anomaly_low_spo2,real,False,1.082526674036257,13.758633653092165,112.4,0.0,anomaly_low_spo2,True,1
2026-05-26 16:41:13,patient_001,109,True,synthetic_ad8232,87,True,synthetic_max30102,37.36,2308,1653,2051,0,False,False,0.097,0.127,1.033,False,anomaly_low_spo2,synthetic_ad8232_anomaly_low_spo2,real,False,1.0452879985917756,13.758633653092165,112.4,0.0,anomaly_low_spo2,True,1
2026-05-26 16:41:18,patient_001,131,True,synthetic_ad8232,88,True,synthetic_max30102,37.43,1605,1717,2131,0,False,False,0.125,0.051,1.015,False,anomaly_low_spo2,synthetic_ad8232_anomaly_low_spo2,real,False,1.023938963024652,13.758633653092165,112.4,0.0,anomaly_low_spo2,True,1
2026-05-26 16:41:23,patient_001,111,True,synthetic_ad8232,88,True,synthetic_max30102,36.65,2218,1731,2148,0,False,False,0.074,0.032,1.067,False,anomaly_low_spo2,synthetic_ad8232_anomaly_low_spo2,real,False,1.070041587976841,12.67675037223658,110.2,0.0,anomaly_low_spo2,True,1
2026-05-26 16:41:28,patient_001,90,True,synthetic_ad8232,91,True,synthetic_max30102,36.75,2775,1767,2193,0,False,False,0.032,-0.004,0.941,False,anomaly_low_spo2,synthetic_ad8232_anomaly_low_spo2,real,False,0.9415524414497579,15.221695043588287,108.2,0.0,anomaly_low_spo2,True,1
2026-05-26 16:41:33,patient_001,119,True,synthetic_ad8232,88,True,synthetic_max30102,37.02,2171,1664,2065,0,False,False,0.047,0.011,1.024,False,anomaly_low_spo2,synthetic_ad8232_anomaly_low_spo2,real,False,1.025137064006565,15.033296378372915,112.0,3.0,anomaly_low_spo2,True,1
2026-05-26 16:41:38,patient_001,115,True,synthetic_ad8232,89,True,synthetic_max30102,36.58,1602,1654,2052,0,False,False,0.111,-0.061,0.933,False,anomaly_low_spo2,synthetic_ad8232_anomaly_low_spo2,real,False,0.9415577518134509,14.97330958739584,113.2,0.0,anomaly_low_spo2,True,1
2026-05-26 16:41:43,patient_001,128,True,synthetic_ad8232,86,True,synthetic_max30102,36.56,2379,1635,2029,0,False,False,0.166,-0.027,0.971,False,anomaly_low_spo2,synthetic_ad8232_anomaly_low_spo2,real,False,0.9854572542733652,14.11736519326465,112.6,3.0,anomaly_low_spo2,True,1
2026-05-26 16:41:48,patient_001,126,True,synthetic_ad8232,90,True,synthetic_max30102,36.99,2543,1791,2222,0,False,False,0.047,-0.022,0.909,False,anomaly_low_spo2,synthetic_ad8232_anomaly_low_spo2,real,False,0.9104800931376809,15.241391012633992,115.6,0.0,anomaly_low_spo2,True,1
2026-05-26 16:41:53,patient_001,101,True,synthetic_ad8232,88,True,synthetic_max30102,36.69,1375,1608,1996,0,False,False,-0.073,0.048,0.948,False,anomaly_low_spo2,synthetic_ad8232_anomaly_low_spo2,real,False,0.952017331775005,10.756393447619898,117.8,2.0,anomaly_low_spo2,True,1
2026-05-26 16:41:58,patient_001,87,True,synthetic_ad8232,87,True,synthetic_max30102,36.77,2030,1698,2107,0,False,False,-0.048,0.095,0.983,False,anomaly_low_spo2,synthetic_ad8232_anomaly_low_spo2,real,False,0.9887456700284457,17.357995275952817,111.4,1.0,anomaly_low_spo2,True,1
2026-05-26 16:42:03,patient_001,99,True,synthetic_ad8232,88,True,synthetic_max30102,36.36,2492,1649,2046,0,False,False,0.094,-0.064,1.082,False,anomaly_low_spo2,synthetic_ad8232_anomaly_low_spo2,real,False,1.0879595580718981,17.99166473676075,108.2,0.0,anomaly_low_spo2,True,1
2026-05-26 16:42:08,patient_001,94,True,synthetic_ad8232,87,True,synthetic_max30102,36.93,2102,1792,2224,0,False,False,0.157,0.197,0.994,False,anomaly_low_spo2,synthetic_ad8232_anomaly_low_spo2,real,False,1.0254238148199992,14.774978849392655,101.4,1.0,anomaly_low_spo2,True,1
2026-05-26 16:42:13,patient_001,130,True,synthetic_ad8232,86,True,synthetic_max30102,36.95,2185,1617,2006,0,False,False,-0.194,-0.082,1.037,False,anomaly_low_spo2,synthetic_ad8232_anomaly_low_spo2,real,False,1.0581724812146647,16.45296325893911,102.2,1.0,anomaly_low_spo2,True,1
2026-05-26 16:42:18,patient_001,127,True,synthetic_ad8232,87,True,synthetic_max30102,36.46,1993,1710,2122,0,False,False,-0.007,-0.067,0.98,False,anomaly_low_spo2,synthetic_ad8232_anomaly_low_spo2,real,False,0.9823125775434213,19.756011743264384,107.4,0.0,anomaly_low_spo2,True,1
2026-05-26 16:42:23,patient_001,139,True,synthetic_ad8232,86,True,synthetic_max30102,37.29,2050,1795,2227,0,False,False,-0.064,0.037,1.108,False,anomaly_low_spo2,synthetic_ad8232_anomaly_low_spo2,real,False,1.110463416776978,20.017492350441906,117.8,1.0,anomaly_low_spo2,True,1
2026-05-26 16:42:28,patient_001,121,True,synthetic_ad8232,89,True,synthetic_max30102,36.61,2436,1736,2154,0,False,False,0.102,0.216,1.037,False,anomaly_low_spo2,synthetic_ad8232_anomaly_low_spo2,real,False,1.0641564734567937,17.049926686059393,122.2,0.0,anomaly_low_spo2,True,1
2026-05-26 16:42:33,patient_001,89,True,synthetic_ad8232,89,True,synthetic_max30102,36.44,2482,1610,1998,0,False,False,-0.019,0.246,0.965,False,anomaly_low_spo2,synthetic_ad8232_anomaly_low_spo2,real,False,0.9960431717551202,19.13635283955645,121.2,0.0,anomaly_low_spo2,True,1
2026-05-26 16:42:38,patient_001,97,True,synthetic_ad8232,87,True,synthetic_max30102,37.24,2685,1642,2038,0,False,False,0.044,-0.126,1.044,False,anomaly_low_spo2,synthetic_ad8232_anomaly_low_spo2,real,False,1.0524960807527979,20.947553556441864,114.6,2.0,anomaly_low_spo2,True,1
2026-05-26 16:42:43,patient_001,102,True,synthetic_ad8232,90,True,synthetic_max30102,37.42,2120,1617,2006,0,False,False,-0.045,0.011,1.029,False,anomaly_low_spo2,synthetic_ad8232_anomaly_low_spo2,real,False,1.0300422321439058,20.218803129760186,109.6,0.0,anomaly_low_spo2,True,1
2026-05-26 16:42:48,patient_001,108,True,synthetic_ad8232,87,True,synthetic_max30102,36.82,1990,1644,2040,0,False,False,0.047,0.046,0.93,False,anomaly_low_spo2,synthetic_ad8232_anomaly_low_spo2,real,False,0.9323223691406316,12.054044964243337,103.4,3.0,anomaly_low_spo2,True,1
2026-05-26 16:42:53,patient_001,111,True,synthetic_ad8232,87,True,synthetic_max30102,36.91,2703,1627,2019,0,False,False,-0.141,-0.043,0.962,False,anomaly_low_spo2,synthetic_ad8232_anomaly_low_spo2,real,False,0.9732286473383323,8.792041856133316,101.4,0.0,anomaly_low_spo2,True,1
2026-05-26 16:42:58,patient_001,112,True,synthetic_ad8232,88,True,synthetic_max30102,36.63,1896,1622,2013,0,False,False,0.038,-0.092,0.973,False,anomaly_low_spo2,synthetic_ad8232_anomaly_low_spo2,real,False,0.978078217731077,6.363961030678939,106.0,0.0,anomaly_low_spo2,True,1
2026-05-26 16:43:03,patient_001,75,True,synthetic_ad8232,86,True,synthetic_max30102,37.31,1908,1691,2098,0,False,False,0.123,0.162,1.129,False,anomaly_low_spo2,synthetic_ad8232_anomaly_low_spo2,real,False,1.1471765339301532,15.372052563011879,101.6,2.0,anomaly_low_spo2,True,1
2026-05-26 16:43:08,patient_001,95,True,synthetic_ad8232,91,True,synthetic_max30102,36.82,2617,1657,2056,0,False,False,0.289,-0.007,1.187,False,anomaly_low_spo2,synthetic_ad8232_anomaly_low_spo2,real,False,1.2216951338202178,15.642889758609185,100.2,0.0,anomaly_low_spo2,True,1
2026-05-26 16:43:13,patient_001,139,True,synthetic_ad8232,86,True,synthetic_max30102,36.63,2136,1704,2114,0,False,False,-0.063,-0.093,1.057,False,anomaly_low_spo2,synthetic_ad8232_anomaly_low_spo2,real,False,1.0629520214948556,23.617789905069444,106.4,5.0,anomaly_low_spo2,True,1
2026-05-26 16:43:18,patient_001,121,True,synthetic_ad8232,84,True,synthetic_max30102,37.25,2178,1791,2222,0,False,False,0.005,0.083,1.052,False,anomaly_low_spo2,synthetic_ad8232_anomaly_low_spo2,real,False,1.0552810052303605,24.51122191976565,108.4,2.0,anomaly_low_spo2,True,1
2026-05-26 16:43:23,patient_001,78,True,synthetic_ad8232,88,True,synthetic_max30102,36.87,2213,1556,1931,0,False,False,-0.063,0.045,0.954,False,anomaly_low_spo2,synthetic_ad8232_anomaly_low_spo2,real,False,0.9571363539224701,27.76328510821441,101.6,0.0,anomaly_low_spo2,True,1
2026-05-26 16:43:28,patient_001,102,True,synthetic_ad8232,95,True,synthetic_max30102,36.64,2685,1707,2118,0,False,False,-0.003,0.006,0.054,True,fall,synthetic_ad8232_fall,real,False,0.05441507144165116,0.0,102.0,0.0,fall,True,1
2026-05-26 16:43:33,patient_001,124,True,synthetic_ad8232,97,True,synthetic_max30102,37.01,1233,1627,2019,0,False,False,-0.07,-0.016,0.036,True,fall,synthetic_ad8232_fall,real,False,0.08032434251209282,15.556349186104045,113.0,0.0,fall,True,1
2026-05-26 16:43:38,patient_001,88,True,synthetic_ad8232,95,True,synthetic_max30102,36.78,2337,1648,2045,0,False,False,0.006,-0.035,0.145,True,fall,synthetic_ad8232_fall,real,False,0.1492849624041216,18.147543451754935,104.66666666666667,2.0,fall,True,1
2026-05-26 16:43:43,patient_001,116,True,synthetic_ad8232,93,True,synthetic_max30102,36.77,2528,1730,2147,0,False,False,1.39,1.61,2.805,True,fall,synthetic_ad8232_fall,real,False,3.520259223409549,15.864005379054392,107.5,2.0,fall,True,1
2026-05-26 16:43:48,patient_001,98,True,synthetic_ad8232,96,True,synthetic_max30102,36.86,1667,1541,1912,0,False,False,-2.615,0.142,0.004,True,fall,synthetic_ad8232_fall,real,False,2.6188556661259517,14.38054240979804,105.6,0.0,fall,True,1
2026-05-26 16:43:53,patient_001,70,True,synthetic_ad8232,96,True,synthetic_max30102,37.08,1847,1588,1970,0,False,False,2.308,-2.363,0.02,True,fall,synthetic_ad8232_fall,real,False,3.303185280906901,21.661024906499694,99.2,0.0,fall,True,1
2026-05-26 16:43:58,patient_001,89,True,synthetic_ad8232,96,True,synthetic_max30102,36.75,1963,1694,2102,0,False,False,0.016,0.017,0.0,True,fall,synthetic_ad8232_fall,real,False,0.023345235059857503,16.739175606940744,92.2,0.0,fall,True,1
2026-05-26 16:44:03,patient_001,109,True,synthetic_ad8232,98,True,synthetic_max30102,36.55,2227,1757,2180,0,False,False,2.594,0.861,2.035,True,fall,synthetic_ad8232_fall,real,False,3.407547798637607,18.008331405213532,96.4,0.0,fall,True,1
2026-05-26 16:44:08,patient_001,99,True,synthetic_ad8232,98,True,synthetic_max30102,36.5,2657,1758,2181,0,False,False,1.188,-1.46,2.874,True,fall,synthetic_ad8232_fall,real,False,3.435523249812174,14.6799182559032,93.0,0.0,fall,True,1
2026-05-26 16:44:13,patient_001,112,True,synthetic_ad8232,92,True,synthetic_max30102,36.41,1774,1647,2044,0,False,False,0.947,-1.214,0.614,True,fall,synthetic_ad8232_fall,real,False,1.6575889116424494,17.020575783445167,95.8,6.0,fall,True,1
2026-05-26 16:44:18,patient_001,111,True,synthetic_ad8232,97,True,synthetic_max30102,36.75,2410,1658,2057,0,False,False,-0.064,0.01,0.107,True,fall,synthetic_ad8232_fall,real,False,0.1250799744163709,9.848857801796107,104.0,0.0,fall,True,1
2026-05-26 16:44:23,patient_001,115,True,synthetic_ad8232,98,True,synthetic_max30102,36.87,1721,1733,2151,0,False,False,-0.051,-0.05,0.153,True,fall,synthetic_ad8232_fall,real,False,0.16884904500766357,6.0991802727907665,109.2,0.0,fall,True,1
2026-05-26 16:44:28,patient_001,115,True,synthetic_ad8232,92,True,synthetic_max30102,36.6,2206,1663,2064,0,False,False,-0.01,0.009,0.0,True,fall,synthetic_ad8232_fall,real,False,0.01345362404707371,6.6181568431097215,110.4,6.0,fall,True,1
2026-05-26 16:44:33,patient_001,120,True,synthetic_ad8232,98,True,synthetic_max30102,36.73,1491,1569,1947,0,False,False,-0.107,-0.016,0.004,True,fall,synthetic_ad8232_fall,real,False,0.10826356727911748,3.5071355833500406,114.6,0.0,fall,True,1
2026-05-26 16:44:38,patient_001,139,True,synthetic_ad8232,95,True,synthetic_max30102,36.88,1845,1733,2150,0,False,False,2.315,-2.595,0.081,True,fall,synthetic_ad8232_fall,real,False,3.4784782592392323,11.090536506409418,120.0,3.0,fall,True,1
2026-05-26 16:44:43,patient_001,79,True,synthetic_ad8232,94,True,synthetic_max30102,36.54,2072,1715,2128,0,False,False,-1.266,-1.234,2.855,True,fall,synthetic_ad8232_fall,real,False,3.3580555385520356,21.72095762161512,113.6,1.0,fall,True,1
2026-05-26 16:44:48,patient_001,126,True,synthetic_ad8232,96,True,synthetic_max30102,36.95,2046,1804,2239,0,False,False,2.008,-1.163,-0.084,True,fall,synthetic_ad8232_fall,real,False,2.322001076657804,22.44326179502436,115.8,0.0,fall,True,1
2026-05-26 16:44:53,patient_001,120,True,synthetic_ad8232,97,True,synthetic_max30102,37.4,3452,1727,2143,0,False,False,1.441,-0.546,0.247,True,fall,synthetic_ad8232_fall,real,False,1.5606428162779593,22.509997778764884,116.8,0.0,fall,True,1
2026-05-26 16:44:58,patient_001,118,True,synthetic_ad8232,93,True,synthetic_max30102,36.73,2032,1714,2127,0,False,False,-2.021,-1.723,0.657,True,fall,synthetic_ad8232_fall,real,False,2.735839724837696,22.45662485771181,116.4,4.0,fall,True,1
2026-05-26 16:45:03,patient_001,126,True,synthetic_ad8232,97,True,synthetic_max30102,36.9,2033,1713,2126,0,False,False,0.011,0.054,0.125,True,fall,synthetic_ad8232_fall,real,False,0.1366089308939939,19.778776504121787,113.8,0.0,fall,True,1
2026-05-26 16:45:08,patient_001,140,True,synthetic_ad8232,95,True,synthetic_max30102,36.94,1478,1684,2090,0,False,False,-0.049,-0.065,0.059,True,fall,synthetic_ad8232_fall,real,False,0.10053357648069625,8.602325267042627,126.0,2.0,fall,True,1
2026-05-26 16:45:13,patient_001,100,True,synthetic_ad8232,97,True,synthetic_max30102,37.24,2109,1704,2115,0,False,False,-0.208,0.051,0.047,True,fall,synthetic_ad8232_fall,real,False,0.21925783908448976,14.463747785411636,120.8,0.0,fall,True,1
2026-05-26 16:45:18,patient_001,109,True,synthetic_ad8232,96,True,synthetic_max30102,36.79,2406,1561,1937,0,False,False,-1.811,-0.883,3.033,True,fall,synthetic_ad8232_fall,real,False,3.641222184926374,15.420765220960988,118.6,1.0,fall,True,1
2026-05-26 16:45:23,patient_001,104,True,synthetic_ad8232,97,True,synthetic_max30102,36.46,1916,1686,2092,0,False,False,0.158,-0.077,0.149,True,fall,synthetic_ad8232_fall,real,False,0.2304213531771741,16.769019053003664,115.8,0.0,fall,True,1
2026-05-26 16:45:28,patient_001,111,True,synthetic_ad8232,93,True,synthetic_max30102,36.8,1863,1685,2091,0,False,False,-1.291,1.54,3.098,True,fall,synthetic_ad8232_fall,real,False,3.6926799211412837,15.801898620102582,112.8,4.0,fall,True,1
2026-05-26 16:45:33,patient_001,125,True,synthetic_ad8232,96,True,synthetic_max30102,36.39,1991,1782,2211,0,False,False,-0.001,-0.007,0.056,True,fall,synthetic_ad8232_fall,real,False,0.05644466316668034,9.523654760647297,109.8,0.0,fall,True,1
2026-05-26 16:45:38,patient_001,84,True,synthetic_ad8232,95,True,synthetic_max30102,37.26,2177,1643,2039,0,False,False,-1.94,1.811,0.007,True,fall,synthetic_ad8232_fall,real,False,2.6539348145725055,14.84250652686398,106.6,1.0,fall,True,1
2026-05-26 16:45:43,patient_001,97,True,synthetic_ad8232,96,True,synthetic_max30102,36.91,1755,1543,1915,0,False,False,-0.015,-0.024,0.142,True,fall,synthetic_ad8232_fall,real,False,0.1447929556297543,15.31992167081803,104.2,0.0,fall,True,1
2026-05-26 16:45:48,patient_001,103,True,synthetic_ad8232,98,True,synthetic_max30102,36.78,1621,1585,1967,0,False,False,1.574,-1.268,0.401,True,fall,synthetic_ad8232_fall,real,False,2.0606069494204857,15.329709716755888,104.0,0.0,fall,True,1
2026-05-26 16:45:53,patient_001,120,True,synthetic_ad8232,98,True,synthetic_max30102,36.03,1966,1591,1974,0,False,False,-0.011,-0.151,0.0,True,fall,synthetic_ad8232_fall,real,False,0.15140013210033867,16.81368490248345,105.8,0.0,fall,True,1
2026-05-26 16:45:58,patient_001,111,True,synthetic_ad8232,97,True,synthetic_max30102,36.61,2403,1631,2024,0,False,False,-0.033,0.003,0.094,True,fall,synthetic_ad8232_fall,real,False,0.09966945369570358,13.693063937629148,103.0,1.0,fall,True,1
2026-05-26 16:46:03,patient_001,101,True,synthetic_ad8232,94,True,synthetic_max30102,36.61,2613,1688,2095,0,False,False,1.727,1.909,3.4,True,fall,synthetic_ad8232_fall,real,False,4.264599629508027,9.15423399307664,106.4,3.0,fall,True,1
2026-05-26 16:46:08,patient_001,131,True,synthetic_ad8232,95,True,synthetic_max30102,36.81,1935,1657,2056,0,False,False,-2.505,1.287,2.659,True,fall,synthetic_ad8232_fall,real,False,3.873199581741173,12.457929201917944,113.2,0.0,fall,True,1
2026-05-26 16:46:13,patient_001,122,True,synthetic_ad8232,96,True,synthetic_max30102,36.15,2144,1644,2040,0,False,False,-2.636,-1.123,2.89,True,fall,synthetic_ad8232_fall,real,False,4.069609932167947,11.423659658795854,117.0,0.0,fall,True,1
2026-05-26 16:46:18,patient_001,104,True,synthetic_ad8232,94,True,synthetic_max30102,37.06,2314,1644,2040,0,False,False,0.076,-0.049,0.151,True,fall,synthetic_ad8232_fall,real,False,0.17600568172647155,12.557866060760475,113.8,2.0,fall,True,1
2026-05-26 16:46:23,patient_001,103,True,synthetic_ad8232,96,True,synthetic_max30102,36.0,1744,1596,1981,0,False,False,0.007,-0.033,0.185,True,fall,synthetic_ad8232_fall,real,False,0.188050525125563,13.479614237803686,112.2,0.0,fall,True,1
2026-05-26 16:46:28,patient_001,96,True,synthetic_ad8232,95,True,synthetic_max30102,37.16,1475,1661,2061,0,False,False,-2.198,0.764,0.492,True,fall,synthetic_ad8232_fall,real,False,2.3784373020956426,14.65264481245621,111.2,1.0,fall,True,1
2026-05-26 16:46:33,patient_001,88,True,synthetic_ad8232,96,True,synthetic_max30102,36.99,1659,1704,2114,0,False,False,1.623,1.28,3.321,True,fall,synthetic_ad8232_fall,real,False,3.9117221271455365,12.601587201618685,102.6,0.0,fall,True,1
2026-05-26 16:46:38,patient_001,107,True,synthetic_ad8232,96,True,synthetic_max30102,36.47,1883,1720,2134,0,False,False,-2.338,1.993,2.791,True,fall,synthetic_ad8232_fall,real,False,4.150659465675305,7.635443667528418,99.6,0.0,fall,True,1
2026-05-26 16:46:43,patient_001,122,True,synthetic_ad8232,92,True,synthetic_max30102,36.95,1718,1617,2007,0,False,False,-1.925,-1.058,-0.2,True,fall,synthetic_ad8232_fall,real,False,2.2056720064415742,12.755391017134668,103.2,4.0,fall,True,1
2026-05-26 16:46:48,patient_001,115,True,synthetic_ad8232,92,True,synthetic_max30102,36.8,1708,1699,2108,0,False,False,-1.511,-1.277,2.122,True,fall,synthetic_ad8232_fall,real,False,2.9011608021617827,13.794926603646712,105.6,0.0,fall,True,1
2026-05-26 16:46:53,patient_001,102,True,synthetic_ad8232,97,True,synthetic_max30102,37.3,2590,1671,2074,0,False,False,0.044,-0.116,0.095,True,fall,synthetic_ad8232_fall,real,False,0.15625939971726502,12.988456413292528,106.8,0.0,fall,True,1
2026-05-26 16:46:58,patient_001,102,True,synthetic_ad8232,96,True,synthetic_max30102,37.17,2220,1699,2108,0,False,False,1.19,0.807,0.077,True,fall,synthetic_ad8232_fall,real,False,1.4398881901036622,8.734987120768972,109.6,1.0,fall,True,1
2026-05-26 16:47:03,patient_001,109,True,synthetic_ad8232,96,True,synthetic_max30102,36.72,1399,1652,2050,0,False,False,1.679,1.728,2.676,True,fall,synthetic_ad8232_fall,real,False,3.6008333757617836,8.631338250816023,110.0,0.0,fall,True,1
2026-05-26 16:47:08,patient_001,109,True,synthetic_ad8232,95,True,synthetic_max30102,37.21,1846,1782,2211,0,False,False,-2.117,-1.057,2.486,True,fall,synthetic_ad8232_fall,real,False,3.432074299895036,5.5045435778091365,107.4,1.0,fall,True,1
2026-05-26 16:47:13,patient_001,122,True,synthetic_ad8232,98,True,synthetic_max30102,36.75,2337,1724,2139,0,False,False,-1.327,-2.093,0.14,True,fall,synthetic_ad8232_fall,real,False,2.4821720327165075,8.167006795638157,108.8,0.0,fall,True,1
2026-05-26 16:47:18,patient_001,95,True,synthetic_ad8232,94,True,synthetic_max30102,37.05,2194,1762,2187,0,False,False,0.287,-1.97,2.963,True,fall,synthetic_ad8232_fall,real,False,3.569683179219131,10.01498876684342,107.4,4.0,fall,True,1
2026-05-26 16:47:23,patient_001,130,True,synthetic_ad8232,96,True,synthetic_max30102,37.36,2035,1786,2216,0,False,False,-0.001,0.054,0.069,True,fall,synthetic_ad8232_fall,real,False,0.08762419757121888,13.472193585307474,113.0,0.0,fall,True,1
2026-05-26 16:47:28,patient_001,149,True,synthetic_ad8232,100,True,synthetic_max30102,36.9,2130,1712,2125,0,False,False,-2.453,0.678,2.896,True,fall,synthetic_ad8232_fall,real,False,3.855348103608804,20.530465167647808,121.0,0.0,fall,True,1
2026-05-26 16:47:33,patient_001,70,True,synthetic_ad8232,96,True,synthetic_max30102,36.54,2155,1537,1907,0,False,False,0.08,0.046,0.104,True,fall,synthetic_ad8232_fall,real,False,0.1390395627150776,30.979025162196436,113.2,4.0,fall,True,1
2026-05-26 16:47:38,patient_001,123,True,synthetic_ad8232,98,True,synthetic_max30102,37.54,2520,1683,2088,0,False,False,-2.014,-1.305,2.805,True,fall,synthetic_ad8232_fall,real,False,3.691509989150781,31.053180191407126,113.4,0.0,fall,True,1
2026-05-26 16:47:43,patient_001,92,True,synthetic_ad8232,94,True,synthetic_max30102,36.44,2365,1610,1998,0,False,False,-0.098,-0.004,0.07,True,fall,synthetic_ad8232_fall,real,False,0.12049896265113655,31.523007470734765,112.8,4.0,fall,True,1
2026-05-26 16:47:48,patient_001,111,True,synthetic_ad8232,98,True,synthetic_max30102,36.73,2274,1657,2056,0,False,False,-0.045,-0.001,0.123,True,fall,synthetic_ad8232_fall,real,False,0.1309770972345929,30.0416377715996,109.0,0.0,fall,True,1
2026-05-26 16:47:53,patient_001,97,True,synthetic_ad8232,98,True,synthetic_max30102,36.6,1373,1575,1954,0,False,False,2.637,-2.035,2.584,True,fall,synthetic_ad8232_fall,real,False,4.215690927950008,20.082330542046154,98.6,0.0,fall,True,1
2026-05-26 16:47:58,patient_001,123,True,synthetic_ad8232,96,True,synthetic_max30102,36.63,2085,1754,2176,0,False,False,1.472,0.995,-0.2,True,fall,synthetic_ad8232_fall,real,False,1.7879622479235964,14.394443372357259,109.2,2.0,fall,True,1
2026-05-26 16:48:03,patient_001,149,True,synthetic_ad8232,95,True,synthetic_max30102,37.1,1601,1767,2193,0,False,False,-0.042,-0.059,0.124,True,fall,synthetic_ad8232_fall,real,False,0.14360013927569848,22.842942017174575,114.4,1.0,fall,True,1
2026-05-26 16:48:08,patient_001,92,True,synthetic_ad8232,92,True,synthetic_max30102,37.01,1742,1631,2024,0,False,False,-0.013,-0.135,0.014,True,fall,synthetic_ad8232_fall,real,False,0.1363451502621197,22.842942017174575,114.4,3.0,fall,True,1
2026-05-26 16:48:13,patient_001,114,True,synthetic_ad8232,97,True,synthetic_max30102,37.59,1395,1665,2066,0,False,False,0.089,-0.066,0.0,True,fall,synthetic_ad8232_fall,real,False,0.11080162453682707,22.770595073471394,115.0,0.0,fall,True,1
2026-05-26 16:48:18,patient_001,112,True,synthetic_ad8232,94,True,synthetic_max30102,36.12,2489,1637,2031,0,False,False,-0.043,-0.131,0.134,True,fall,synthetic_ad8232_fall,real,False,0.19226544151250896,20.700241544484445,118.0,3.0,fall,True,1
2026-05-26 16:48:23,patient_001,99,True,synthetic_ad8232,95,True,synthetic_max30102,36.92,1455,1662,2062,0,False,False,-1.849,1.691,0.17,True,fall,synthetic_ad8232_fall,real,False,2.511410360733586,21.99318076131781,113.2,0.0,fall,True,1
2026-05-26 16:48:28,patient_001,123,True,synthetic_ad8232,96,True,synthetic_max30102,36.66,1969,1721,2135,0,False,False,-0.114,0.132,0.079,True,fall,synthetic_ad8232_fall,real,False,0.19147062437878035,12.389511693363858,108.0,0.0,fall,True,1
2026-05-26 16:48:33,patient_001,82,True,synthetic_ad8232,96,True,synthetic_max30102,36.92,2557,1578,1958,0,False,False,1.691,-2.248,3.4,True,fall,synthetic_ad8232_fall,real,False,4.4128205266020055,15.921683328090651,106.0,0.0,fall,True,1
2026-05-26 16:48:38,patient_001,95,True,synthetic_ad8232,96,True,synthetic_max30102,37.02,2323,1649,2046,0,False,False,0.127,0.006,0.108,True,fall,synthetic_ad8232_fall,real,False,0.16682026255823962,15.801898620102579,102.2,0.0,fall,True,1
2026-05-26 16:48:43,patient_001,140,True,synthetic_ad8232,96,True,synthetic_max30102,37.41,2209,1659,2059,0,False,False,-1.531,0.812,2.803,True,fall,synthetic_ad8232_fall,real,False,3.2954687071796025,23.317375495539796,107.8,0.0,fall,True,1
2026-05-26 16:48:48,patient_001,115,True,synthetic_ad8232,96,True,synthetic_max30102,36.78,1731,1593,1977,0,False,False,1.598,1.046,1.03,True,fall,synthetic_ad8232_fall,real,False,2.169935482911877,22.90196498119757,111.0,0.0,fall,True,1
2026-05-26 16:48:53,patient_001,103,True,synthetic_ad8232,100,True,synthetic_max30102,36.34,1314,1690,2097,0,False,False,1.983,2.08,-0.058,True,fall,synthetic_ad8232_fall,real,False,2.874378715479225,22.011360703055132,107.0,0.0,fall,True,1
2026-05-26 16:48:58,patient_001,114,True,synthetic_ad8232,94,True,synthetic_max30102,36.73,1634,1604,1991,0,False,False,0.032,-0.136,0.089,True,fall,synthetic_ad8232_fall,real,False,0.1656532523073423,17.008821240756216,113.4,6.0,fall,True,1
2026-05-26 16:49:03,patient_001,133,True,synthetic_ad8232,97,True,synthetic_max30102,37.2,1979,1762,2186,0,False,False,-0.062,0.12,0.0,True,fall,synthetic_ad8232_fall,real,False,0.13507035203922435,15.116216457830966,121.0,0.0,fall,True,1
2026-05-26 16:49:08,patient_001,95,True,synthetic_ad8232,97,True,synthetic_max30102,37.13,2201,1704,2115,0,False,False,-1.682,-1.11,0.206,True,fall,synthetic_ad8232_fall,real,False,2.0257492441069798,14.352700094407314,112.0,0.0,fall,True,1
2026-05-26 16:49:13,patient_001,127,True,synthetic_ad8232,93,True,synthetic_max30102,36.75,1719,1562,1938,0,False,False,2.703,1.139,0.365,True,fall,synthetic_ad8232_fall,real,False,2.9558002300561514,15.899685531481424,114.4,4.0,fall,True,1
2026-05-26 16:49:18,patient_001,119,True,synthetic_ad8232,92,True,synthetic_max30102,36.46,2017,1733,2150,0,False,False,2.352,-0.915,0.175,True,fall,synthetic_ad8232_fall,real,False,2.529773507648461,14.587666023048365,117.6,1.0,fall,True,1
2026-05-26 16:49:23,patient_001,114,True,synthetic_ad8232,95,True,synthetic_max30102,37.24,1858,1712,2124,0,False,False,1.576,-1.925,2.99,True,fall,synthetic_ad8232_fall,real,False,3.889665923957995,14.587666023048365,117.6,0.0,fall,True,1
2026-05-26 16:49:28,patient_001,120,True,synthetic_ad8232,94,True,synthetic_max30102,37.02,3020,1709,2121,0,False,False,0.13,0.057,0.0,True,fall,synthetic_ad8232_fall,real,False,0.14194717327231282,12.103718436910192,115.0,1.0,fall,True,1
2026-05-26 16:49:33,patient_001,96,True,synthetic_ad8232,96,True,synthetic_max30102,37.29,1672,1752,2174,0,False,False,0.198,-0.059,0.021,True,fall,synthetic_ad8232_fall,real,False,0.20766800427605597,11.691877522451206,115.2,0.0,fall,True,1
2026-05-26 16:49:38,patient_001,108,True,synthetic_ad8232,96,True,synthetic_max30102,37.16,2719,1957,2429,0,False,False,0.037,-0.032,0.153,True,fall,synthetic_ad8232_fall,real,False,0.16063000964950477,9.838699100999062,111.4,0.0,fall,True,1
2026-05-26 16:49:43,patient_001,114,True,synthetic_ad8232,93,True,synthetic_max30102,36.58,1575,1678,2082,0,False,False,-2.094,2.378,0.537,True,fall,synthetic_ad8232_fall,real,False,3.2137344320898698,9.099450532861848,110.4,3.0,fall,True,1
2026-05-26 16:49:48,patient_001,136,True,synthetic_ad8232,96,True,synthetic_max30102,36.2,1734,1679,2083,0,False,False,-3.0,0.946,3.057,True,fall,synthetic_ad8232_fall,real,False,4.386361248232982,14.80540441865739,114.8,0.0,fall,True,1
2026-05-26 16:49:53,patient_001,125,True,synthetic_ad8232,95,True,synthetic_max30102,36.99,1732,1665,2066,0,False,False,1.056,1.539,0.423,True,fall,synthetic_ad8232_fall,real,False,1.9137883895561705,15.401298646542758,115.8,1.0,fall,True,1
2026-05-26 16:49:58,patient_001,136,True,synthetic_ad8232,93,True,synthetic_max30102,37.24,2316,1648,2045,0,False,False,1.422,0.951,-0.2,True,fall,synthetic_ad8232_fall,real,False,1.7223486871130365,12.696456198483096,123.8,2.0,fall,True,1
2026-05-26 16:50:03,patient_001,124,True,synthetic_ad8232,94,True,synthetic_max30102,37.04,2562,1733,2150,0,False,False,0.121,0.046,0.144,True,fall,synthetic_ad8232_fall,real,False,0.1936310925445601,9.273618495495695,127.0,0.0,fall,True,1
2026-05-26 16:50:08,patient_001,89,True,synthetic_ad8232,96,True,synthetic_max30102,36.79,1737,1649,2046,0,False,False,0.036,0.051,0.104,True,fall,synthetic_ad8232_fall,real,False,0.12129715577869087,19.326148090087685,122.0,0.0,fall,True,1
2026-05-26 16:50:13,patient_001,132,True,synthetic_ad8232,97,True,synthetic_max30102,36.44,2738,1670,2072,0,False,False,0.841,-1.121,2.731,True,fall,synthetic_ad8232_fall,real,False,3.0695737489104244,18.67351065011611,121.2,0.0,fall,True,1
2026-05-26 16:50:18,patient_001,91,True,synthetic_ad8232,97,True,synthetic_max30102,37.57,1739,1634,2028,0,False,False,-0.003,-0.091,0.0,True,fall,synthetic_ad8232_fall,real,False,0.0910494371207203,22.700220263248546,114.4,0.0,fall,True,1
2026-05-26 16:50:23,patient_001,99,True,synthetic_ad8232,95,True,synthetic_max30102,36.76,1416,1687,2094,0,False,False,-2.175,1.312,0.743,True,fall,synthetic_ad8232_fall,real,False,2.6465105327581826,19.735754355990547,107.0,2.0,fall,True,1
2026-05-26 16:50:28,patient_001,120,True,synthetic_ad8232,97,True,synthetic_max30102,36.76,2872,1737,2155,0,False,False,-0.833,1.763,0.17,True,fall,synthetic_ad8232_fall,real,False,1.9572833213410878,18.939376969689363,106.2,0.0,fall,True,1
2026-05-26 16:50:33,patient_001,122,True,synthetic_ad8232,95,True,synthetic_max30102,37.19,2171,1581,1962,0,False,False,1.089,0.832,0.229,True,fall,synthetic_ad8232_fall,real,False,1.3894552889531926,17.108477430794355,112.8,2.0,fall,True,1
2026-05-26 16:50:38,patient_001,97,True,synthetic_ad8232,99,True,synthetic_max30102,36.68,2308,1659,2059,0,False,False,1.842,2.098,2.8,True,fall,synthetic_ad8232_fall,real,False,3.954057156895939,14.202112518917735,105.8,0.0,fall,True,1
2026-05-26 16:50:43,patient_001,94,True,synthetic_ad8232,93,True,synthetic_max30102,36.94,2737,1604,1991,0,False,False,-1.34,-1.111,-0.117,True,fall,synthetic_ad8232_fall,real,False,1.7445945087612766,13.464768843169937,106.4,6.0,fall,True,1
2026-05-26 16:50:48,patient_001,128,True,synthetic_ad8232,95,True,synthetic_max30102,37.0,2169,1721,2136,0,False,False,1.43,-1.151,0.066,True,fall,synthetic_ad8232_fall,real,False,1.8368606370653164,15.562776101968437,112.2,0.0,fall,True,1
2026-05-26 16:50:53,patient_001,109,True,synthetic_ad8232,95,True,synthetic_max30102,36.65,2278,1784,2214,0,False,False,-1.691,-2.048,0.24,True,fall,synthetic_ad8232_fall,real,False,2.666718020338858,14.949916387726049,110.0,0.0,fall,True,1
2026-05-26 16:50:58,patient_001,105,True,synthetic_ad8232,96,True,synthetic_max30102,36.4,2589,1642,2038,0,False,False,0.015,-0.054,0.07,True,fall,synthetic_ad8232_fall,real,False,0.08967162315916892,13.390294993016393,106.6,0.0,fall,True,1
2026-05-26 16:51:03,patient_001,108,True,synthetic_ad8232,96,True,synthetic_max30102,37.0,2138,1679,2083,0,False,False,-1.693,0.545,2.888,True,fall,synthetic_ad8232_fall,real,False,3.3917278782355167,12.275992831539122,108.8,0.0,fall,True,1
2026-05-26 16:51:08,patient_001,113,True,synthetic_ad8232,97,True,synthetic_max30102,37.27,3290,1719,2133,0,False,False,-0.027,0.053,0.109,True,fall,synthetic_ad8232_fall,real,False,0.12417326604386307,9.071934744033376,112.6,0.0,fall,True,1
2026-05-26 16:51:13,patient_001,123,True,synthetic_ad8232,98,True,synthetic_max30102,36.69,2000,1673,2076,0,False,False,-1.408,-1.176,2.725,True,fall,synthetic_ad8232_fall,real,False,3.2849756467894857,6.985699678629185,111.6,0.0,fall,True,1
2026-05-26 16:51:18,patient_001,125,True,synthetic_ad8232,98,True,synthetic_max30102,36.45,2068,1808,2244,0,False,False,-0.052,0.038,0.068,True,fall,synthetic_ad8232_fall,real,False,0.09365895579174477,8.899438184514791,114.8,0.0,fall,True,1
2026-05-26 16:51:23,patient_001,115,True,synthetic_ad8232,97,True,synthetic_max30102,36.49,1941,1766,2192,0,False,False,-0.021,-0.041,0.054,True,fall,synthetic_ad8232_fall,real,False,0.07097887009526145,7.085195833567335,116.8,1.0,fall,True,1
2026-05-26 16:51:28,patient_001,122,True,synthetic_ad8232,97,True,synthetic_max30102,36.31,2048,1609,1997,0,False,False,1.023,-1.679,0.103,True,fall,synthetic_ad8232_fall,real,False,1.9688014120271247,5.272570530585621,119.6,0.0,fall,True,1
2026-05-26 16:51:33,patient_001,129,True,synthetic_ad8232,94,True,synthetic_max30102,36.59,1325,1696,2104,0,False,False,-3.0,-0.292,3.044,True,fall,synthetic_ad8232_fall,real,False,4.283830061988921,5.118593556827887,122.8,3.0,fall,True,1
2026-05-26 16:51:38,patient_001,124,True,synthetic_ad8232,95,True,synthetic_max30102,36.99,3240,1853,2300,0,False,False,1.931,1.875,-0.2,True,fall,synthetic_ad8232_fall,real,False,2.698960170139604,5.147815070493496,123.0,0.0,fall,True,1
2026-05-26 16:51:43,patient_001,141,True,synthetic_ad8232,99,True,synthetic_max30102,36.77,2216,1796,2229,0,False,False,-0.008,-0.124,0.17,True,fall,synthetic_ad8232_fall,real,False,0.2105706532259422,9.679876032264048,126.2,0.0,fall,True,1
2026-05-26 16:51:48,patient_001,72,True,synthetic_ad8232,100,True,synthetic_max30102,36.46,1955,1649,2046,0,False,False,0.039,-0.007,0.952,False,normal_rest,synthetic_label_demo,synthetic_normal_rest,True,0.9528242230338184,0.0,72.0,0.0,normal_rest,False,0
2026-05-26 16:51:53,patient_001,93,True,synthetic_ad8232,98,True,synthetic_max30102,36.21,2092,1685,2091,0,False,False,-0.02,-0.042,1.02,False,normal_rest,synthetic_label_demo,synthetic_normal_rest,True,1.0210602332869496,14.849242404917497,82.5,2.0,normal_rest,False,0
2026-05-26 16:51:58,patient_001,90,True,synthetic_ad8232,96,True,synthetic_max30102,36.61,2239,1637,2031,0,False,False,-0.047,-0.021,0.933,False,normal_rest,synthetic_label_demo,synthetic_normal_rest,True,0.9344190708670281,11.357816691600547,85.0,2.0,normal_rest,False,0
2026-05-26 16:52:03,patient_001,83,True,synthetic_ad8232,100,True,synthetic_max30102,35.97,2062,1647,2044,0,False,False,-0.039,-0.035,1.011,False,normal_rest,synthetic_label_demo,synthetic_normal_rest,True,1.0123571504167883,9.327379053088816,84.5,0.0,normal_rest,False,0
2026-05-26 16:52:08,patient_001,83,True,synthetic_ad8232,99,True,synthetic_max30102,35.82,2176,1661,2061,0,False,False,-0.029,-0.004,0.972,False,normal_rest,synthetic_label_demo,synthetic_normal_rest,True,0.9724407436959848,8.105553651663778,84.2,1.0,normal_rest,False,0
2026-05-26 16:52:13,patient_001,96,True,synthetic_ad8232,99,True,synthetic_max30102,35.89,2116,1700,2109,0,False,False,0.085,-0.07,1.027,False,normal_rest,synthetic_label_demo,synthetic_normal_rest,True,1.0328862473670564,5.873670062235365,89.0,0.0,normal_rest,False,0
2026-05-26 16:52:18,patient_001,72,True,synthetic_ad8232,96,True,synthetic_max30102,36.52,2064,1626,2018,0,False,False,-0.033,-0.059,1.01,False,normal_rest,synthetic_label_demo,synthetic_normal_rest,True,1.0122598480627392,8.983317872590282,84.8,3.0,normal_rest,False,0
2026-05-26 16:52:23,patient_001,91,True,synthetic_ad8232,97,True,synthetic_max30102,36.26,2083,1683,2088,0,False,False,0.034,0.085,1.053,False,normal_rest,synthetic_label_demo,synthetic_normal_rest,True,1.0569720904546156,9.137833441248532,85.0,0.0,normal_rest,False,0
2026-05-26 16:52:28,patient_001,76,True,synthetic_ad8232,99,True,synthetic_max30102,35.96,2016,1636,2030,0,False,False,-0.036,-0.051,1.009,False,normal_rest,synthetic_label_demo,synthetic_normal_rest,True,1.0109292754688628,10.014988766843425,83.6,0.0,normal_rest,False,0
2026-05-26 16:52:33,patient_001,72,True,synthetic_ad8232,100,True,synthetic_max30102,36.3,1969,1637,2031,0,False,False,0.037,-0.044,0.917,False,normal_rest,synthetic_label_demo,synthetic_normal_rest,True,0.9188003047452695,11.304866208850063,81.4,0.0,normal_rest,False,0
2026-05-26 16:52:38,patient_001,86,True,synthetic_ad8232,98,True,synthetic_max30102,35.95,2128,1687,2094,0,False,False,0.015,0.073,0.977,False,normal_rest,synthetic_label_demo,synthetic_normal_rest,True,0.9798382519579443,8.648699324175862,79.4,2.0,normal_rest,False,0
2026-05-26 16:52:43,patient_001,100,True,synthetic_ad8232,100,True,synthetic_max30102,36.5,1920,1602,1988,0,False,False,-0.006,0.116,0.933,False,normal_rest,synthetic_label_demo,synthetic_normal_rest,True,0.9402026377329517,11.31370849898476,85.0,0.0,normal_rest,False,0
2026-05-26 16:52:48,patient_001,92,True,synthetic_ad8232,100,True,synthetic_max30102,36.25,2061,1618,2008,0,False,False,-0.002,-0.047,0.959,False,normal_rest,synthetic_label_demo,synthetic_normal_rest,True,0.96015311278983,11.454256850621082,85.2,0.0,normal_rest,False,0
2026-05-26 16:52:53,patient_001,93,True,synthetic_ad8232,97,True,synthetic_max30102,36.18,2088,1613,2001,0,False,False,-0.026,-0.015,1.04,False,normal_rest,synthetic_label_demo,synthetic_normal_rest,True,1.040433082903461,10.526157893552613,88.6,3.0,normal_rest,False,0
2026-05-26 16:52:58,patient_001,92,True,synthetic_ad8232,100,True,synthetic_max30102,36.1,1990,1580,1961,0,False,False,0.018,0.014,1.006,False,normal_rest,synthetic_label_demo,synthetic_normal_rest,True,1.0062584161138728,4.9799598391954945,92.6,0.0,normal_rest,False,0
2026-05-26 16:53:03,patient_001,94,True,synthetic_ad8232,97,True,synthetic_max30102,36.43,2015,1642,2038,0,False,False,-0.018,0.069,0.952,False,normal_rest,synthetic_label_demo,synthetic_normal_rest,True,0.9546669576349649,3.346640106136306,94.2,3.0,normal_rest,False,0
2026-05-26 16:53:08,patient_001,85,True,synthetic_ad8232,97,True,synthetic_max30102,36.16,2125,1683,2089,0,False,False,-0.049,-0.039,0.939,False,normal_rest,synthetic_label_demo,synthetic_normal_rest,True,0.9410860747030528,3.563705936241097,91.2,0.0,normal_rest,False,0
2026-05-26 16:53:13,patient_001,73,True,synthetic_ad8232,99,True,synthetic_max30102,35.89,2000,1632,2025,0,False,False,-0.051,-0.01,0.981,False,normal_rest,synthetic_label_demo,synthetic_normal_rest,True,0.9823756918816752,8.792041856133311,87.4,0.0,normal_rest,False,0
2026-05-26 16:53:18,patient_001,96,True,synthetic_ad8232,99,True,synthetic_max30102,35.92,2156,1677,2081,0,False,False,0.007,0.031,0.931,False,normal_rest,synthetic_label_demo,synthetic_normal_rest,True,0.9315422695723474,9.354143466934858,88.0,0.0,normal_rest,False,0
2026-05-26 16:53:23,patient_001,83,True,synthetic_ad8232,96,True,synthetic_max30102,36.76,1955,1694,2102,0,False,False,0.063,0.017,0.953,False,normal_rest,synthetic_label_demo,synthetic_normal_rest,True,0.9552313855815249,9.257429448826498,86.2,3.0,normal_rest,False,0
2026-05-26 16:53:28,patient_001,85,True,synthetic_ad8232,100,True,synthetic_max30102,36.71,2088,1704,2115,0,False,False,0.006,-0.015,0.992,False,normal_rest,synthetic_label_demo,synthetic_normal_rest,True,0.9921315436977094,8.173126696681026,84.4,0.0,normal_rest,False,0
2026-05-26 16:53:33,patient_001,81,True,synthetic_ad8232,96,True,synthetic_max30102,36.5,1887,1649,2046,0,False,False,-0.005,-0.005,1.026,False,normal_rest,synthetic_label_demo,synthetic_normal_rest,True,1.0260243661824022,8.294576541331095,83.6,4.0,normal_rest,False,0
2026-05-26 16:53:38,patient_001,75,True,synthetic_ad8232,100,True,synthetic_max30102,36.07,1981,1693,2101,0,False,False,0.011,-0.055,1.004,False,normal_rest,synthetic_label_demo,synthetic_normal_rest,True,1.0055655125351108,7.681145747868616,84.0,0.0,normal_rest,False,0
2026-05-26 16:53:43,patient_001,98,True,synthetic_ad8232,96,True,synthetic_max30102,36.77,2188,1675,2079,0,False,False,0.052,-0.01,0.888,False,normal_rest,synthetic_label_demo,synthetic_normal_rest,True,0.8895774277711862,8.47348806572595,84.4,4.0,normal_rest,False,0
2026-05-26 16:53:48,patient_001,94,True,synthetic_ad8232,99,True,synthetic_max30102,36.58,2103,1637,2031,0,False,False,0.009,-0.011,0.992,False,normal_rest,synthetic_label_demo,synthetic_normal_rest,True,0.9921018092917682,9.396807968666813,86.6,0.0,normal_rest,False,0
2026-05-26 16:53:53,patient_001,89,True,synthetic_ad8232,99,True,synthetic_max30102,36.52,1977,1640,2035,0,False,False,-0.016,0.009,0.983,False,normal_rest,synthetic_label_demo,synthetic_normal_rest,True,0.9831713990958036,9.396807968666813,87.4,0.0,normal_rest,False,0
2026-05-26 16:53:58,patient_001,82,True,synthetic_ad8232,99,True,synthetic_max30102,36.25,1864,1599,1984,0,False,False,0.044,-0.022,0.997,False,normal_rest,synthetic_label_demo,synthetic_normal_rest,True,0.9982129031424108,9.235799911215059,87.6,0.0,normal_rest,False,0
2026-05-26 16:54:03,patient_001,95,True,synthetic_ad8232,99,True,synthetic_max30102,36.07,1794,1637,2031,0,False,False,0.017,0.019,1.045,False,normal_rest,synthetic_label_demo,synthetic_normal_rest,True,1.0453109585190428,6.268971207463002,91.6,0.0,normal_rest,False,0
2026-05-26 16:54:08,patient_001,86,True,synthetic_ad8232,98,True,synthetic_max30102,35.9,1998,1645,2041,0,False,False,0.061,0.041,0.897,False,normal_rest,synthetic_label_demo,synthetic_normal_rest,True,0.9000061110903637,5.4497706373754955,89.2,1.0,normal_rest,False,0
2026-05-26 16:54:13,patient_001,83,True,synthetic_ad8232,99,True,synthetic_max30102,36.7,2283,1683,2089,0,False,False,0.007,0.006,0.956,False,normal_rest,synthetic_label_demo,synthetic_normal_rest,True,0.956044455033342,5.244044240850769,87.0,0.0,normal_rest,False,0
2026-05-26 16:54:18,patient_001,83,True,synthetic_ad8232,97,True,synthetic_max30102,36.26,2165,1716,2130,0,False,False,-0.049,0.014,1.004,False,normal_rest,synthetic_label_demo,synthetic_normal_rest,True,1.0052924947496624,5.35723809439156,85.8,2.0,normal_rest,False,0
2026-05-26 16:54:23,patient_001,77,True,synthetic_ad8232,99,True,synthetic_max30102,36.0,1936,1596,1981,0,False,False,-0.055,0.002,0.917,False,normal_rest,synthetic_label_demo,synthetic_normal_rest,True,0.9186500966091496,6.572670690062003,84.8,0.0,normal_rest,False,0
2026-05-26 16:54:28,patient_001,72,True,synthetic_ad8232,98,True,synthetic_max30102,36.11,2091,1655,2054,0,False,False,0.066,0.0,1.039,False,normal_rest,synthetic_label_demo,synthetic_normal_rest,True,1.041094135993475,5.630275304103709,80.2,1.0,normal_rest,False,0
2026-05-26 16:54:33,patient_001,87,True,synthetic_ad8232,98,True,synthetic_max30102,36.38,1887,1621,2012,0,False,False,0.069,-0.029,0.995,False,normal_rest,synthetic_label_demo,synthetic_normal_rest,True,0.9978111043679561,5.899152481501059,80.4,0.0,normal_rest,False,0
2026-05-26 16:54:38,patient_001,97,True,synthetic_ad8232,98,True,synthetic_max30102,35.98,2071,1688,2095,0,False,False,-0.007,0.013,1.014,False,normal_rest,synthetic_label_demo,synthetic_normal_rest,True,1.0141074893718123,9.602083107326248,83.2,0.0,normal_rest,False,0
2026-05-26 16:54:43,patient_001,71,True,synthetic_ad8232,98,True,synthetic_max30102,36.66,2037,1635,2029,0,False,False,-0.015,-0.004,0.957,False,normal_rest,synthetic_label_demo,synthetic_normal_rest,True,0.9571259060332657,11.054410884348387,80.8,0.0,normal_rest,False,0
2026-05-26 16:54:48,patient_001,96,True,synthetic_ad8232,96,True,synthetic_max30102,36.56,1983,1604,1990,0,False,False,0.058,0.084,1.013,False,normal_rest,synthetic_label_demo,synthetic_normal_rest,True,1.0181301488513146,12.581732790041286,84.6,2.0,normal_rest,False,0
2026-05-26 16:54:53,patient_001,95,True,synthetic_ad8232,96,True,synthetic_max30102,36.52,2175,1702,2112,0,False,False,-0.044,0.063,1.023,False,normal_rest,synthetic_label_demo,synthetic_normal_rest,True,1.025882059498069,10.917875251164949,89.2,0.0,normal_rest,False,0
2026-05-26 16:54:58,patient_001,78,True,synthetic_ad8232,97,True,synthetic_max30102,36.23,2046,1626,2018,0,False,False,-0.036,0.015,0.989,False,normal_rest,synthetic_label_demo,synthetic_normal_rest,True,0.9897686598392575,12.054044964243335,87.4,0.0,normal_rest,False,0
2026-05-26 16:55:03,patient_001,89,True,synthetic_ad8232,96,True,synthetic_max30102,36.43,2090,1642,2037,0,False,False,0.026,-0.031,0.989,False,normal_rest,synthetic_label_demo,synthetic_normal_rest,True,0.9898272576566075,10.940749517286289,85.8,1.0,normal_rest,False,0
2026-05-26 16:55:08,patient_001,75,True,synthetic_ad8232,98,True,synthetic_max30102,36.38,1937,1605,1992,0,False,False,-0.016,-0.044,0.991,False,normal_rest,synthetic_label_demo,synthetic_normal_rest,True,0.9921053371492363,9.659192512834608,86.6,0.0,normal_rest,False,0
2026-05-26 16:55:13,patient_001,93,True,synthetic_ad8232,99,True,synthetic_max30102,36.45,2110,1642,2038,0,False,False,-0.0,0.048,0.945,False,normal_rest,synthetic_label_demo,synthetic_normal_rest,True,0.946218262347541,9.000000000000007,86.0,0.0,normal_rest,False,0
2026-05-26 16:55:18,patient_001,91,True,synthetic_ad8232,99,True,synthetic_max30102,35.88,2214,1679,2084,0,False,False,-0.007,0.011,0.974,False,normal_rest,synthetic_label_demo,synthetic_normal_rest,True,0.9740872650846022,8.136338242723204,85.2,0.0,normal_rest,False,0
2026-05-26 16:55:23,patient_001,80,True,synthetic_ad8232,98,True,synthetic_max30102,36.22,1961,1643,2039,0,False,False,0.014,0.019,0.974,False,normal_rest,synthetic_label_demo,synthetic_normal_rest,True,0.9742858923334567,7.733045971672488,85.6,1.0,normal_rest,False,0
2026-05-26 16:55:28,patient_001,72,True,synthetic_ad8232,100,True,synthetic_max30102,35.84,1980,1653,2051,0,False,False,0.056,-0.07,0.995,False,normal_rest,synthetic_label_demo,synthetic_normal_rest,True,0.9990300295786909,9.418067742376888,82.2,0.0,normal_rest,False,0
2026-05-26 16:55:33,patient_001,100,True,synthetic_ad8232,98,True,synthetic_max30102,36.29,2201,1687,2094,0,False,False,0.004,0.037,1.02,False,normal_rest,synthetic_label_demo,synthetic_normal_rest,True,1.020678695770613,11.12205017071943,87.2,2.0,normal_rest,False,0
2026-05-26 16:55:38,patient_001,83,True,synthetic_ad8232,96,True,synthetic_max30102,36.13,2097,1702,2112,0,False,False,0.026,0.018,0.938,False,normal_rest,synthetic_label_demo,synthetic_normal_rest,True,0.9385328976652869,10.709808588392235,85.2,2.0,normal_rest,False,0
2026-05-26 16:55:43,patient_001,97,True,synthetic_ad8232,99,True,synthetic_max30102,35.94,2170,1658,2058,0,False,False,-0.082,-0.044,0.975,False,normal_rest,synthetic_label_demo,synthetic_normal_rest,True,0.979430957239968,11.80254209905646,86.4,0.0,normal_rest,False,0
2026-05-26 16:55:48,patient_001,91,True,synthetic_ad8232,98,True,synthetic_max30102,35.9,1963,1610,1998,0,False,False,-0.002,-0.019,1.039,False,normal_rest,synthetic_label_demo,synthetic_normal_rest,True,1.0391756348182917,11.3269589917153,88.6,1.0,normal_rest,False,0
2026-05-26 16:55:53,patient_001,94,True,synthetic_ad8232,99,True,synthetic_max30102,36.39,2233,1706,2117,0,False,False,-0.034,0.011,0.95,False,normal_rest,synthetic_label_demo,synthetic_normal_rest,True,0.9506718676809575,6.519202405202656,93.0,0.0,normal_rest,False,0
2026-05-26 16:55:58,patient_001,93,True,synthetic_ad8232,98,True,synthetic_max30102,35.97,2064,1654,2053,0,False,False,-0.049,0.002,0.947,False,normal_rest,synthetic_label_demo,synthetic_normal_rest,True,0.9482689491911036,5.272570530585637,91.6,1.0,normal_rest,False,0
2026-05-26 16:56:03,patient_001,76,True,synthetic_ad8232,98,True,synthetic_max30102,36.73,2113,1686,2092,0,False,False,-0.035,-0.012,0.988,False,normal_rest,synthetic_label_demo,synthetic_normal_rest,True,0.9886925710249875,8.228000972289692,90.2,0.0,normal_rest,False,0
2026-05-26 16:56:08,patient_001,81,True,synthetic_ad8232,96,True,synthetic_max30102,36.38,2192,1666,2067,0,False,False,-0.013,-0.004,1.014,False,normal_rest,synthetic_label_demo,synthetic_normal_rest,True,1.0140912187766937,8.031189202104514,87.0,2.0,normal_rest,False,0
2026-05-26 16:56:13,patient_001,84,True,synthetic_ad8232,98,True,synthetic_max30102,36.15,2019,1650,2048,0,False,False,0.037,-0.01,0.98,False,normal_rest,synthetic_label_demo,synthetic_normal_rest,True,0.9807492034154297,7.76530746332688,85.6,0.0,normal_rest,False,0
2026-05-26 16:56:18,patient_001,85,True,synthetic_ad8232,99,True,synthetic_max30102,36.39,1996,1669,2071,0,False,False,-0.053,0.006,1.033,False,normal_rest,synthetic_label_demo,synthetic_normal_rest,True,1.0343761404827547,6.220932405998327,83.8,0.0,normal_rest,False,0
2026-05-26 16:56:23,patient_001,71,True,synthetic_ad8232,97,True,synthetic_max30102,35.82,2086,1710,2122,0,False,False,0.001,0.059,1.014,False,normal_rest,synthetic_label_demo,synthetic_normal_rest,True,1.0157155113514809,5.8566201857385405,79.4,2.0,normal_rest,False,0
2026-05-26 16:56:28,patient_001,86,True,synthetic_ad8232,99,True,synthetic_max30102,36.76,2186,1733,2150,0,False,False,-0.019,-0.103,1.014,False,normal_rest,synthetic_label_demo,synthetic_normal_rest,True,1.0193949185668918,6.107372593840998,81.4,0.0,normal_rest,False,0
2026-05-26 16:56:33,patient_001,74,True,synthetic_ad8232,96,True,synthetic_max30102,36.28,1917,1646,2042,0,False,False,-0.013,-0.009,1.002,False,normal_rest,synthetic_label_demo,synthetic_normal_rest,True,1.0021247427341569,6.9641941385920685,80.0,3.0,normal_rest,False,0
2026-05-26 16:56:38,patient_001,93,True,synthetic_ad8232,97,True,synthetic_max30102,36.58,2126,1672,2075,0,False,False,0.04,0.007,1.073,False,normal_rest,synthetic_label_demo,synthetic_normal_rest,True,1.073768131395228,9.093954035511732,81.8,0.0,normal_rest,False,0
2026-05-26 16:56:43,patient_001,91,True,synthetic_ad8232,98,True,synthetic_max30102,35.88,2070,1703,2113,0,False,False,0.022,0.012,0.972,False,normal_rest,synthetic_label_demo,synthetic_normal_rest,True,0.9723229916030989,9.974968671630007,83.0,0.0,normal_rest,False,0
2026-05-26 16:56:48,patient_001,98,True,synthetic_ad8232,100,True,synthetic_max30102,36.29,2129,1642,2037,0,False,False,0.053,-0.015,0.9,False,normal_rest,synthetic_label_demo,synthetic_normal_rest,True,0.9016839801172027,9.126883367283714,88.4,0.0,normal_rest,False,0
2026-05-26 16:56:53,patient_001,93,True,synthetic_ad8232,97,True,synthetic_max30102,36.29,1890,1678,2082,0,False,False,-0.006,-0.07,1.044,False,normal_rest,synthetic_label_demo,synthetic_normal_rest,True,1.0463613142695978,9.203260291874837,89.8,3.0,normal_rest,False,0
2026-05-26 16:56:58,patient_001,81,True,synthetic_ad8232,97,True,synthetic_max30102,36.74,1985,1650,2048,0,False,False,-0.028,0.013,0.962,False,normal_rest,synthetic_label_demo,synthetic_normal_rest,True,0.9624951947932,6.260990336999422,91.2,0.0,normal_rest,False,0
2026-05-26 16:57:03,patient_001,99,True,synthetic_ad8232,98,True,synthetic_max30102,36.37,1956,1685,2091,0,False,False,-0.009,0.069,0.984,False,normal_rest,synthetic_label_demo,synthetic_normal_rest,True,0.9864572976059329,7.197221686178642,92.4,0.0,normal_rest,False,0
2026-05-26 16:57:08,patient_001,82,True,synthetic_ad8232,100,True,synthetic_max30102,36.27,1947,1622,2013,0,False,False,0.01,-0.061,1.032,False,normal_rest,synthetic_label_demo,synthetic_normal_rest,True,1.033849602214945,8.619744775803985,90.6,0.0,normal_rest,False,0
2026-05-26 16:57:13,patient_001,80,True,synthetic_ad8232,100,True,synthetic_max30102,36.07,1996,1592,1976,0,False,False,0.007,0.035,0.916,False,normal_rest,synthetic_label_demo,synthetic_normal_rest,True,0.9166951510725908,8.514693182963207,87.0,0.0,normal_rest,False,0
2026-05-26 16:57:18,patient_001,98,True,synthetic_ad8232,96,True,synthetic_max30102,36.13,1968,1597,1982,0,False,False,-0.043,-0.013,0.93,False,normal_rest,synthetic_label_demo,synthetic_normal_rest,True,0.9310843141198332,9.617692030835677,88.0,4.0,normal_rest,False,0
2026-05-26 16:57:23,patient_001,81,True,synthetic_ad8232,97,True,synthetic_max30102,36.32,1979,1611,1999,0,False,False,0.004,-0.002,0.916,False,normal_rest,synthetic_label_demo,synthetic_normal_rest,True,0.9160109169655131,9.617692030835677,88.0,0.0,normal_rest,False,0
2026-05-26 16:57:28,patient_001,72,True,synthetic_ad8232,100,True,synthetic_max30102,36.24,2002,1624,2015,0,False,False,0.009,-0.042,0.948,False,normal_rest,synthetic_label_demo,synthetic_normal_rest,True,0.9489726023442404,9.476286192385711,82.6,0.0,normal_rest,False,0
2026-05-26 16:57:33,patient_001,84,True,synthetic_ad8232,96,True,synthetic_max30102,35.82,2057,1645,2041,0,False,False,0.101,-0.013,0.998,False,normal_rest,synthetic_label_demo,synthetic_normal_rest,True,1.003181937636439,9.486832980505142,83.0,4.0,normal_rest,False,0
2026-05-26 16:57:38,patient_001,94,True,synthetic_ad8232,100,True,synthetic_max30102,36.63,2075,1737,2156,0,False,False,0.075,0.052,1.001,False,normal_rest,synthetic_label_demo,synthetic_normal_rest,True,1.0051517298398285,10.401922899156679,85.8,0.0,normal_rest,False,0
2026-05-26 16:57:43,patient_001,75,True,synthetic_ad8232,97,True,synthetic_max30102,36.7,2147,1684,2090,0,False,False,-0.034,0.023,0.991,False,normal_rest,synthetic_label_demo,synthetic_normal_rest,True,0.9918497870141426,8.584870412533906,81.2,3.0,normal_rest,False,0
2026-05-26 16:57:48,patient_001,84,True,synthetic_ad8232,100,True,synthetic_max30102,35.94,2064,1621,2011,0,False,False,-0.011,0.069,0.923,False,normal_rest,synthetic_label_demo,synthetic_normal_rest,True,0.9256408590808857,8.671793355471525,81.8,0.0,normal_rest,False,0
2026-05-26 16:57:53,patient_001,74,True,synthetic_ad8232,97,True,synthetic_max30102,36.35,2086,1656,2055,0,False,False,-0.059,0.047,0.888,False,normal_rest,synthetic_label_demo,synthetic_normal_rest,True,0.8911980700158635,8.136338242723204,82.2,3.0,normal_rest,False,0
2026-05-26 16:57:58,patient_001,91,True,synthetic_ad8232,98,True,synthetic_max30102,35.91,2091,1649,2046,0,False,False,-0.024,0.018,0.982,False,normal_rest,synthetic_label_demo,synthetic_normal_rest,True,0.9824581416019718,9.071934744033387,83.6,0.0,normal_rest,False,0
2026-05-26 16:58:03,patient_001,84,True,synthetic_ad8232,99,True,synthetic_max30102,36.47,2065,1645,2041,0,False,False,0.013,0.07,0.961,False,normal_rest,synthetic_label_demo,synthetic_normal_rest,True,0.9636337478523673,7.092249290598865,81.6,0.0,normal_rest,False,0
2026-05-26 16:58:08,patient_001,80,True,synthetic_ad8232,96,True,synthetic_max30102,36.08,2219,1657,2056,0,False,False,0.048,0.018,0.998,False,normal_rest,synthetic_label_demo,synthetic_normal_rest,True,0.9993157659118563,6.228964600958983,82.6,3.0,normal_rest,False,0
2026-05-26 16:58:13,patient_001,77,True,synthetic_ad8232,98,True,synthetic_max30102,36.46,2064,1669,2071,0,False,False,-0.029,0.033,1.008,False,normal_rest,synthetic_label_demo,synthetic_normal_rest,True,1.0089568870868566,6.6105975524153715,81.2,0.0,normal_rest,False,0
2026-05-26 16:58:18,patient_001,87,True,synthetic_ad8232,98,True,synthetic_max30102,36.53,2018,1646,2043,0,False,False,-0.026,-0.012,0.986,False,normal_rest,synthetic_label_demo,synthetic_normal_rest,True,0.9864157338566736,5.540758070878036,83.8,0.0,normal_rest,False,0
2026-05-26 16:58:23,patient_001,90,True,synthetic_ad8232,99,True,synthetic_max30102,36.57,2051,1701,2111,0,False,False,-0.086,0.003,1.01,False,normal_rest,synthetic_label_demo,synthetic_normal_rest,True,1.0136592129507827,5.224940191045262,83.6,0.0,normal_rest,False,0
2026-05-26 16:58:28,patient_001,93,True,synthetic_ad8232,95,True,synthetic_max30102,36.65,2085,1680,2085,0,False,False,0.08,-0.115,0.895,False,normal_light,synthetic_label_demo,synthetic_normal_light,True,0.9058973451776973,6.730527468185542,85.4,4.0,normal_light,False,0
2026-05-26 16:58:33,patient_001,116,True,synthetic_ad8232,95,True,synthetic_max30102,36.44,2022,1562,1938,0,False,False,0.237,0.053,0.992,False,normal_light,synthetic_label_demo,synthetic_normal_light,True,1.0212942768859523,14.397916515940775,92.6,0.0,normal_light,False,0
2026-05-26 16:58:38,patient_001,101,True,synthetic_ad8232,96,True,synthetic_max30102,36.3,2097,1613,2002,0,False,False,0.118,-0.054,1.05,False,normal_light,synthetic_label_demo,synthetic_normal_light,True,1.057988657784194,11.631852818876284,97.4,0.0,normal_light,False,0
2026-05-26 16:58:43,patient_001,100,True,synthetic_ad8232,95,True,synthetic_max30102,36.98,2114,1691,2098,0,False,False,0.246,-0.145,0.819,False,normal_light,synthetic_label_demo,synthetic_normal_light,True,0.8673534458339345,10.07472083980495,100.0,1.0,normal_light,False,0
2026-05-26 16:58:48,patient_001,108,True,synthetic_ad8232,98,True,synthetic_max30102,36.21,2071,1701,2111,0,False,False,-0.066,0.172,1.13,False,normal_light,synthetic_label_demo,synthetic_normal_light,True,1.1449192111236495,8.734987120768992,103.6,0.0,normal_light,False,0
2026-05-26 16:58:53,patient_001,105,True,synthetic_ad8232,99,True,synthetic_max30102,36.09,2072,1638,2033,0,False,False,0.118,0.15,1.011,False,normal_light,synthetic_label_demo,synthetic_normal_light,True,1.0288561609865587,6.442049363362576,106.0,0.0,normal_light,False,0
2026-05-26 16:58:58,patient_001,116,True,synthetic_ad8232,100,True,synthetic_max30102,36.38,2028,1668,2070,0,False,False,0.082,-0.242,0.659,False,normal_light,synthetic_label_demo,synthetic_normal_light,True,0.7068019524591029,6.442049363362576,106.0,0.0,normal_light,False,0
2026-05-26 16:59:03,patient_001,106,True,synthetic_ad8232,97,True,synthetic_max30102,36.79,2149,1732,2149,0,False,False,-0.099,0.058,0.647,False,normal_light,synthetic_label_demo,synthetic_normal_light,True,0.6570951224898873,5.830951894845315,107.0,3.0,normal_light,False,0
2026-05-26 16:59:08,patient_001,106,True,synthetic_ad8232,100,True,synthetic_max30102,36.89,2144,1664,2065,0,False,False,-0.161,0.259,0.998,False,normal_light,synthetic_label_demo,synthetic_normal_light,True,1.0435545026494784,4.494441010848866,108.2,0.0,normal_light,False,0
2026-05-26 16:59:13,patient_001,93,True,synthetic_ad8232,100,True,synthetic_max30102,37.1,2123,1747,2168,0,False,False,0.243,0.271,0.96,False,normal_light,synthetic_label_demo,synthetic_normal_light,True,1.026688852574138,8.167006795638178,105.2,0.0,normal_light,False,0
2026-05-26 16:59:18,patient_001,90,True,synthetic_ad8232,100,True,synthetic_max30102,36.33,2127,1662,2063,0,False,False,0.057,0.265,0.981,False,normal_light,synthetic_label_demo,synthetic_normal_light,True,1.0177597948435575,10.639548862616317,102.2,0.0,normal_light,False,0
2026-05-26 16:59:23,patient_001,102,True,synthetic_ad8232,97,True,synthetic_max30102,36.45,2153,1692,2099,0,False,False,-0.064,0.087,0.995,False,normal_light,synthetic_label_demo,synthetic_normal_light,True,1.0008446432888574,7.469939758793252,99.4,3.0,normal_light,False,0
2026-05-26 16:59:28,patient_001,120,True,synthetic_ad8232,96,True,synthetic_max30102,36.15,2105,1758,2181,0,False,False,0.103,-0.072,1.041,False,normal_light,synthetic_label_demo,synthetic_normal_light,True,1.0485580575247133,11.882760622010366,102.2,1.0,normal_light,False,0
2026-05-26 16:59:33,patient_001,118,True,synthetic_ad8232,100,True,synthetic_max30102,36.63,2189,1701,2111,0,False,False,0.323,-0.115,1.171,False,normal_light,synthetic_label_demo,synthetic_normal_light,True,1.2201618745068215,13.885243966167835,104.6,0.0,normal_light,False,0
2026-05-26 16:59:38,patient_001,109,True,synthetic_ad8232,96,True,synthetic_max30102,37.1,2102,1649,2046,0,False,False,-0.291,0.142,0.8,False,normal_light,synthetic_label_demo,synthetic_normal_light,True,0.8630440313216934,12.296340919151527,107.8,4.0,normal_light,False,0
2026-05-26 16:59:43,patient_001,109,True,synthetic_ad8232,97,True,synthetic_max30102,36.77,2095,1682,2087,0,False,False,-0.149,0.148,0.789,False,normal_light,synthetic_label_demo,synthetic_normal_light,True,0.8164716774022233,7.368853370776233,111.6,0.0,normal_light,False,0
2026-05-26 16:59:48,patient_001,102,True,synthetic_ad8232,95,True,synthetic_max30102,36.65,2018,1675,2079,0,False,False,-0.046,0.312,0.803,False,normal_light,synthetic_label_demo,synthetic_normal_light,True,0.8627102642254815,7.368853370776233,111.6,2.0,normal_light,False,0
2026-05-26 16:59:53,patient_001,95,True,synthetic_ad8232,99,True,synthetic_max30102,36.43,1940,1619,2009,0,False,False,0.383,0.278,1.052,False,normal_light,synthetic_label_demo,synthetic_normal_light,True,1.1535497388496085,8.619744775803992,106.6,0.0,normal_light,False,0
2026-05-26 16:59:58,patient_001,90,True,synthetic_ad8232,98,True,synthetic_max30102,37.01,2008,1653,2051,0,False,False,0.171,0.056,1.224,False,normal_light,synthetic_label_demo,synthetic_normal_light,True,1.2371552044913363,8.455767262643894,101.0,1.0,normal_light,False,0
2026-05-26 17:00:03,patient_001,100,True,synthetic_ad8232,95,True,synthetic_max30102,36.55,2088,1648,2045,0,False,False,0.258,-0.144,0.922,False,normal_light,synthetic_label_demo,synthetic_normal_light,True,0.9681859325563453,7.190271204899034,99.2,3.0,normal_light,False,0
2026-05-26 17:00:08,patient_001,99,True,synthetic_ad8232,96,True,synthetic_max30102,36.15,2042,1707,2118,0,False,False,-0.085,0.023,0.55,False,normal_light,synthetic_label_demo,synthetic_normal_light,True,0.5570044883122577,4.76445169982866,97.2,0.0,normal_light,False,0
2026-05-26 17:00:13,patient_001,95,True,synthetic_ad8232,98,True,synthetic_max30102,36.4,2107,1670,2072,0,False,False,-0.082,0.119,0.693,False,normal_light,synthetic_label_demo,synthetic_normal_light,True,0.7079081861371572,3.9623225512318165,95.8,0.0,normal_light,False,0
2026-05-26 17:00:18,patient_001,98,True,synthetic_ad8232,98,True,synthetic_max30102,36.07,1963,1662,2062,0,False,False,0.201,0.044,0.85,False,normal_light,synthetic_label_demo,synthetic_normal_light,True,0.8745495983647811,4.0373258476372955,96.4,0.0,normal_light,False,0
2026-05-26 17:00:23,patient_001,90,True,synthetic_ad8232,99,True,synthetic_max30102,36.22,2042,1658,2058,0,False,False,0.13,-0.024,0.9,False,normal_light,synthetic_label_demo,synthetic_normal_light,True,0.909657078244324,4.0373258476372955,96.4,0.0,normal_light,False,0
2026-05-26 17:00:28,patient_001,108,True,synthetic_ad8232,96,True,synthetic_max30102,36.02,2109,1692,2100,0,False,False,0.219,0.126,0.926,False,normal_light,synthetic_label_demo,synthetic_normal_light,True,0.9598505091940099,6.595452979136476,98.0,3.0,normal_light,False,0
2026-05-26 17:00:33,patient_001,118,True,synthetic_ad8232,100,True,synthetic_max30102,36.5,2329,1719,2133,0,False,False,0.086,-0.011,1.007,False,normal_light,synthetic_label_demo,synthetic_normal_light,True,1.0107254820177434,11.189280584559501,101.8,0.0,normal_light,False,0
2026-05-26 17:00:38,patient_001,111,True,synthetic_ad8232,97,True,synthetic_max30102,36.7,1940,1652,2050,0,False,False,0.17,-0.033,0.944,False,normal_light,synthetic_label_demo,synthetic_normal_light,True,0.959752572281002,11.045361017187272,105.0,3.0,normal_light,False,0
2026-05-26 17:00:43,patient_001,103,True,synthetic_ad8232,99,True,synthetic_max30102,36.38,2154,1641,2036,0,False,False,0.148,0.136,1.189,False,normal_light,synthetic_label_demo,synthetic_normal_light,True,1.2058693959131728,10.464224768228187,106.0,0.0,normal_light,False,0
2026-05-26 17:00:48,patient_001,103,True,synthetic_ad8232,96,True,synthetic_max30102,36.46,2144,1718,2132,0,False,False,0.26,0.008,0.878,False,normal_light,synthetic_label_demo,synthetic_normal_light,True,0.9157226654397062,6.26897120746301,108.6,3.0,normal_light,False,0
2026-05-26 17:00:53,patient_001,99,True,synthetic_ad8232,95,True,synthetic_max30102,37.06,2091,1658,2058,0,False,False,0.265,0.124,0.845,False,normal_light,synthetic_label_demo,synthetic_normal_light,True,0.8942180942029746,7.628892449104275,106.8,1.0,normal_light,False,0
2026-05-26 17:00:58,patient_001,94,True,synthetic_ad8232,95,True,synthetic_max30102,36.83,2014,1616,2005,0,False,False,-0.172,0.129,1.086,False,normal_light,synthetic_label_demo,synthetic_normal_light,True,1.1070776847177437,6.244997998398416,102.0,0.0,normal_light,False,0
2026-05-26 17:01:03,patient_001,108,True,synthetic_ad8232,97,True,synthetic_max30102,36.59,2146,1700,2110,0,False,False,-0.285,-0.125,0.724,False,normal_light,synthetic_label_demo,synthetic_normal_light,True,0.7880520287392198,5.224940191045273,101.4,0.0,normal_light,False,0
2026-05-26 17:01:08,patient_001,107,True,synthetic_ad8232,100,True,synthetic_max30102,36.31,2097,1700,2109,0,False,False,0.3,-0.007,1.07,False,normal_light,synthetic_label_demo,synthetic_normal_light,True,1.1112825923229428,5.805170109480015,102.2,0.0,normal_light,False,0
2026-05-26 17:01:13,patient_001,90,True,synthetic_ad8232,95,True,synthetic_max30102,36.99,2110,1607,1994,0,False,False,0.334,0.339,1.018,False,normal_light,synthetic_label_demo,synthetic_normal_light,True,1.123744187971622,7.893034904268458,99.6,5.0,normal_light,False,0
2026-05-26 17:01:18,patient_001,102,True,synthetic_ad8232,97,True,synthetic_max30102,36.26,2054,1685,2091,0,False,False,-0.064,-0.129,0.973,False,normal_light,synthetic_label_demo,synthetic_normal_light,True,0.9835984953221513,7.949842765740728,100.2,0.0,normal_light,False,0
2026-05-26 17:01:23,patient_001,98,True,synthetic_ad8232,95,True,synthetic_max30102,36.36,2199,1699,2108,0,False,False,-0.215,-0.301,1.286,False,normal_light,synthetic_label_demo,synthetic_normal_light,True,1.3381412481498356,7.348469228349547,101.0,2.0,normal_light,False,0
2026-05-26 17:01:28,patient_001,95,True,synthetic_ad8232,100,True,synthetic_max30102,37.0,2035,1682,2087,0,False,False,0.138,-0.255,0.888,False,normal_light,synthetic_label_demo,synthetic_normal_light,True,0.9341375701683345,6.5038450166036545,98.4,0.0,normal_light,False,0
2026-05-26 17:01:33,patient_001,111,True,synthetic_ad8232,99,True,synthetic_max30102,36.58,2118,1711,2123,0,False,False,0.288,0.085,1.371,False,normal_light,synthetic_label_demo,synthetic_normal_light,True,1.4034991984322613,7.918333157931674,99.2,1.0,normal_light,False,0
2026-05-26 17:01:38,patient_001,106,True,synthetic_ad8232,99,True,synthetic_max30102,36.82,1938,1631,2024,0,False,False,0.444,0.086,0.959,False,normal_light,synthetic_label_demo,synthetic_normal_light,True,1.0602891115162882,6.348228099241566,102.4,0.0,normal_light,False,0
2026-05-26 17:01:43,patient_001,109,True,synthetic_ad8232,99,True,synthetic_max30102,36.65,2142,1697,2106,0,False,False,0.213,0.059,0.77,False,normal_light,synthetic_label_demo,synthetic_normal_light,True,0.8010930033398119,6.978538528947174,103.8,0.0,normal_light,False,0
2026-05-26 17:01:48,patient_001,112,True,synthetic_ad8232,98,True,synthetic_max30102,36.72,2198,1678,2082,0,False,False,0.053,0.299,1.013,False,normal_light,synthetic_label_demo,synthetic_normal_light,True,1.0575343966037227,6.8774995456197745,106.6,1.0,normal_light,False,0
2026-05-26 17:01:53,patient_001,120,True,synthetic_ad8232,99,True,synthetic_max30102,36.33,2080,1681,2086,0,False,False,-0.041,-0.401,0.806,False,normal_light,synthetic_label_demo,synthetic_normal_light,True,0.9011758984793147,5.224940191045275,111.6,0.0,normal_light,False,0
2026-05-26 17:01:58,patient_001,114,True,synthetic_ad8232,95,True,synthetic_max30102,36.27,2122,1723,2138,0,False,False,0.122,0.151,0.865,False,normal_light,synthetic_label_demo,synthetic_normal_light,True,0.8865156513000771,5.310367218940724,112.2,4.0,normal_light,False,0
2026-05-26 17:02:03,patient_001,109,True,synthetic_ad8232,100,True,synthetic_max30102,36.35,2069,1739,2158,0,False,False,0.066,0.361,1.071,False,normal_light,synthetic_label_demo,synthetic_normal_light,True,1.132129851209657,4.549725266430955,112.8,0.0,normal_light,False,0
2026-05-26 17:02:08,patient_001,117,True,synthetic_ad8232,99,True,synthetic_max30102,36.17,2166,1760,2184,0,False,False,-0.063,-0.123,1.1,False,normal_light,synthetic_label_demo,synthetic_normal_light,True,1.108646923055307,4.277849927241514,114.4,1.0,normal_light,False,0
2026-05-26 17:02:13,patient_001,104,True,synthetic_ad8232,99,True,synthetic_max30102,36.96,2016,1727,2143,0,False,False,0.489,0.012,0.888,False,normal_light,synthetic_label_demo,synthetic_normal_light,True,1.0138091536379024,6.379655163094649,112.8,0.0,normal_light,False,0
2026-05-26 17:02:18,patient_001,120,True,synthetic_ad8232,97,True,synthetic_max30102,36.31,2030,1695,2103,0,False,False,0.441,-0.056,1.178,False,normal_light,synthetic_label_demo,synthetic_normal_light,True,1.2590873678978753,6.379655163094649,112.8,2.0,normal_light,False,0
2026-05-26 17:02:23,patient_001,113,True,synthetic_ad8232,99,True,synthetic_max30102,36.62,2131,1703,2113,0,False,False,0.324,-0.081,1.208,False,normal_light,synthetic_label_demo,synthetic_normal_light,True,1.2533160016532143,6.348228099241568,112.6,0.0,normal_light,False,0
2026-05-26 17:02:28,patient_001,110,True,synthetic_ad8232,97,True,synthetic_max30102,36.87,2234,1715,2128,0,False,False,-0.046,0.021,1.259,False,normal_light,synthetic_label_demo,synthetic_normal_light,True,1.2600150792748472,6.220932405998333,112.8,2.0,normal_light,False,0
2026-05-26 17:02:33,patient_001,118,True,synthetic_ad8232,95,True,synthetic_max30102,36.86,2335,1700,2110,0,False,False,0.274,0.337,1.095,False,normal_light,synthetic_label_demo,synthetic_normal_light,True,1.17799405770997,6.4031242374328645,113.0,2.0,normal_light,False,0
2026-05-26 17:02:38,patient_001,105,True,synthetic_ad8232,100,True,synthetic_max30102,36.48,2044,1685,2091,0,False,False,0.235,0.411,1.245,False,normal_light,synthetic_label_demo,synthetic_normal_light,True,1.3319801049565267,6.058052492344402,113.2,0.0,normal_light,False,0
2026-05-26 17:02:43,patient_001,112,True,synthetic_ad8232,96,True,synthetic_max30102,36.52,2248,1719,2133,0,False,False,0.2,0.02,0.661,False,normal_light,synthetic_label_demo,synthetic_normal_light,True,0.6908842160593915,4.722287581247062,111.6,4.0,normal_light,False,0
2026-05-26 17:02:48,patient_001,98,True,synthetic_ad8232,95,True,synthetic_max30102,37.09,2092,1670,2072,0,False,False,0.345,0.423,0.943,False,normal_light,synthetic_label_demo,synthetic_normal_light,True,1.0895884544175383,7.536577472566722,108.6,1.0,normal_light,False,0
2026-05-26 17:02:53,patient_001,119,True,synthetic_ad8232,98,True,synthetic_max30102,36.74,2062,1671,2074,0,False,False,0.234,0.086,0.844,False,normal_light,synthetic_label_demo,synthetic_normal_light,True,0.8800499985796262,8.905054744357285,110.4,0.0,normal_light,False,0
2026-05-26 17:02:58,patient_001,109,True,synthetic_ad8232,96,True,synthetic_max30102,36.9,2108,1671,2073,0,False,False,0.253,0.396,1.021,False,normal_light,synthetic_label_demo,synthetic_normal_light,True,1.123951066550497,7.829431652425366,108.6,2.0,normal_light,False,0
2026-05-26 17:03:03,patient_001,114,True,synthetic_ad8232,100,True,synthetic_max30102,36.99,2133,1715,2128,0,False,False,0.235,0.063,0.897,False,normal_light,synthetic_label_demo,synthetic_normal_light,True,0.9294100279209386,7.829431652425366,110.4,0.0,normal_light,False,0
2026-05-26 17:03:08,patient_001,104,True,synthetic_ad8232,97,True,synthetic_max30102,36.87,2093,1679,2084,0,False,False,0.181,0.104,0.97,False,normal_light,synthetic_label_demo,synthetic_normal_light,True,0.9922081434860328,8.228000972289696,108.8,3.0,normal_light,False,0
2026-05-26 17:03:13,patient_001,116,True,synthetic_ad8232,95,True,synthetic_max30102,36.2,2084,1706,2117,0,False,False,-0.201,0.146,1.339,False,normal_light,synthetic_label_demo,synthetic_normal_light,True,1.3618509463226878,5.9413803110051955,112.4,2.0,normal_light,False,0
2026-05-26 17:03:18,patient_001,92,True,synthetic_ad8232,100,True,synthetic_max30102,36.62,1984,1689,2096,0,False,False,0.135,0.652,0.969,False,normal_light,synthetic_label_demo,synthetic_normal_light,True,1.1757082971553785,9.591663046625449,107.0,0.0,normal_light,False,0
2026-05-26 17:03:23,patient_001,93,True,synthetic_ad8232,98,True,synthetic_max30102,36.11,1928,1653,2051,0,False,False,0.02,0.233,1.074,False,normal_light,synthetic_label_demo,synthetic_normal_light,True,1.0991655926201476,11.278297743897356,103.8,2.0,normal_light,False,0
2026-05-26 17:03:28,patient_001,105,True,synthetic_ad8232,96,True,synthetic_max30102,36.72,2172,1708,2120,0,False,False,-0.11,-0.047,0.958,False,normal_light,synthetic_label_demo,synthetic_normal_light,True,0.9654392782562764,9.874208829065758,102.0,2.0,normal_light,False,0
2026-05-26 17:03:33,patient_001,112,True,synthetic_ad8232,99,True,synthetic_max30102,37.05,2091,1703,2113,0,False,False,0.423,0.254,1.014,False,normal_light,synthetic_label_demo,synthetic_normal_light,True,1.1276706079347816,10.87658034494299,103.6,0.0,normal_light,False,0
2026-05-26 17:03:38,patient_001,115,True,synthetic_ad8232,98,True,synthetic_max30102,36.56,1997,1648,2045,0,False,False,0.431,0.015,1.001,False,normal_light,synthetic_label_demo,synthetic_normal_light,True,1.0899481639050546,10.597169433391171,103.4,1.0,normal_light,False,0
2026-05-26 17:03:43,patient_001,103,True,synthetic_ad8232,95,True,synthetic_max30102,36.48,2148,1730,2147,0,False,False,0.365,-0.008,1.081,False,normal_light,synthetic_label_demo,synthetic_normal_light,True,1.1409864153441969,8.590692637965818,105.6,3.0,normal_light,False,0
2026-05-26 17:03:48,patient_001,110,True,synthetic_ad8232,99,True,synthetic_max30102,36.04,2134,1668,2070,0,False,False,0.166,0.244,1.21,False,normal_light,synthetic_label_demo,synthetic_normal_light,True,1.2454685865167374,4.949747468305846,109.0,0.0,normal_light,False,0
2026-05-26 17:03:53,patient_001,107,True,synthetic_ad8232,97,True,synthetic_max30102,37.06,2028,1623,2014,0,False,False,0.363,0.086,1.297,False,normal_light,synthetic_label_demo,synthetic_normal_light,True,1.3495828985282823,4.615192303685745,109.4,2.0,normal_light,False,0
2026-05-26 17:03:58,patient_001,119,True,synthetic_ad8232,99,True,synthetic_max30102,36.11,2007,1659,2059,0,False,False,0.122,0.13,1.056,False,normal_light,synthetic_label_demo,synthetic_normal_light,True,1.0709435092478035,6.3403469936589545,110.8,0.0,normal_light,False,0
2026-05-26 17:04:03,patient_001,110,True,synthetic_ad8232,100,True,synthetic_max30102,36.05,2145,1650,2047,0,False,False,0.157,0.083,1.106,False,normal_light,synthetic_label_demo,synthetic_normal_light,True,1.1201669518424475,5.890670590009269,109.8,0.0,normal_light,False,0
2026-05-26 17:04:08,patient_001,102,True,synthetic_ad8232,98,True,synthetic_max30102,36.27,2209,1679,2083,0,False,False,-0.077,0.141,0.793,False,normal_light,synthetic_label_demo,synthetic_normal_light,True,0.8091100048819073,6.188699378706332,109.6,2.0,normal_light,False,0
2026-05-26 17:04:13,patient_001,120,True,synthetic_ad8232,99,True,synthetic_max30102,36.07,2136,1689,2096,0,False,False,0.191,0.156,0.984,False,normal_light,synthetic_label_demo,synthetic_normal_light,True,1.0144323535849988,7.765307463326881,111.6,0.0,normal_light,False,0
2026-05-26 17:04:18,patient_001,93,True,synthetic_ad8232,96,True,synthetic_max30102,36.5,2130,1654,2052,0,False,False,0.131,-0.269,1.169,False,normal_light,synthetic_label_demo,synthetic_normal_light,True,1.2066826426198398,11.476062042355826,108.8,3.0,normal_light,False,0
2026-05-26 17:04:23,patient_001,120,True,synthetic_ad8232,96,True,synthetic_max30102,36.57,2235,1721,2136,0,False,False,-0.114,0.2,1.156,False,normal_light,synthetic_label_demo,synthetic_normal_light,True,1.1786992831082912,11.704699910719631,109.0,0.0,normal_light,False,0
2026-05-26 17:04:28,patient_001,94,True,synthetic_ad8232,97,True,synthetic_max30102,36.34,2174,1679,2084,0,False,False,0.111,-0.097,1.038,False,normal_light,synthetic_label_demo,synthetic_normal_light,True,1.0484149941697707,13.423859355639872,105.8,0.0,normal_light,False,0
2026-05-26 17:04:33,patient_001,98,True,synthetic_ad8232,100,True,synthetic_max30102,36.06,2138,1683,2089,0,False,False,0.106,-0.18,1.16,False,normal_light,synthetic_label_demo,synthetic_normal_light,True,1.178658559549796,13.820274961085259,105.0,0.0,normal_light,False,0
2026-05-26 17:04:38,patient_001,115,True,synthetic_ad8232,98,True,synthetic_max30102,36.12,2167,1708,2119,0,False,False,0.444,0.069,1.088,False,normal_light,synthetic_label_demo,synthetic_normal_light,True,1.1771325328950857,12.589678312014177,104.0,2.0,normal_light,False,0
2026-05-26 17:04:43,patient_001,112,True,synthetic_ad8232,97,True,synthetic_max30102,36.42,2166,1712,2124,0,False,False,0.281,0.095,1.216,False,normal_light,synthetic_label_demo,synthetic_normal_light,True,1.2516557034584233,11.2338773359869,107.8,1.0,normal_light,False,0
2026-05-26 17:04:48,patient_001,120,True,synthetic_ad8232,99,True,synthetic_max30102,36.07,1925,1622,2013,0,False,False,0.122,-0.045,1.052,False,normal_light,synthetic_label_demo,synthetic_normal_light,True,1.060006132057735,11.233877335986902,107.8,0.0,normal_light,False,0
2026-05-26 17:04:53,patient_001,113,True,synthetic_ad8232,100,True,synthetic_max30102,36.77,2137,1677,2081,0,False,False,0.165,0.23,0.936,False,normal_light,synthetic_label_demo,synthetic_normal_light,True,0.9778655326781899,8.203657720797484,111.6,0.0,normal_light,False,0
2026-05-26 17:04:58,patient_001,109,True,synthetic_ad8232,100,True,synthetic_max30102,36.23,1885,1606,1993,0,False,False,0.128,-0.162,1.06,False,normal_light,synthetic_label_demo,synthetic_normal_light,True,1.0799203674345623,4.086563348340533,113.8,0.0,normal_light,False,0
2026-05-26 17:05:03,patient_001,100,True,synthetic_ad8232,96,True,synthetic_max30102,36.33,2016,1676,2080,0,False,False,0.083,0.007,0.472,False,normal_light,synthetic_label_demo,synthetic_normal_light,True,0.47929322966217663,7.259476565152626,110.8,4.0,normal_light,False,0
2026-05-26 17:05:08,patient_001,144,True,synthetic_ad8232,94,True,synthetic_max30102,36.51,1861,1651,2049,0,False,False,-0.093,0.264,1.339,False,normal_moderate,synthetic_label_demo,synthetic_normal_moderate,True,1.367942250243043,16.63430190900719,117.2,2.0,normal_moderate,False,0
2026-05-26 17:05:13,patient_001,127,True,synthetic_ad8232,95,True,synthetic_max30102,37.37,2192,1706,2117,0,False,False,0.432,-0.106,1.372,False,normal_moderate,synthetic_label_demo,synthetic_normal_moderate,True,1.4423050994848492,17.213366899011948,118.6,0.0,normal_moderate,False,0
2026-05-26 17:05:18,patient_001,127,True,synthetic_ad8232,94,True,synthetic_max30102,36.86,2129,1779,2208,0,False,False,0.428,0.471,1.279,False,normal_moderate,synthetic_label_demo,synthetic_normal_moderate,True,1.4285888141799234,17.213366899011948,121.4,1.0,normal_moderate,False,0
2026-05-26 17:05:23,patient_001,124,True,synthetic_ad8232,98,True,synthetic_max30102,36.87,2084,1708,2120,0,False,False,0.408,0.112,1.311,False,normal_moderate,synthetic_label_demo,synthetic_normal_moderate,True,1.3775808506218428,15.757537878742356,124.4,0.0,normal_moderate,False,0
2026-05-26 17:05:28,patient_001,122,True,synthetic_ad8232,94,True,synthetic_max30102,37.42,2003,1704,2114,0,False,False,0.738,0.061,0.955,False,normal_moderate,synthetic_label_demo,synthetic_normal_moderate,True,1.2084659697318745,8.757853618324535,128.8,4.0,normal_moderate,False,0
2026-05-26 17:05:33,patient_001,138,True,synthetic_ad8232,96,True,synthetic_max30102,36.37,2047,1741,2160,0,False,False,0.707,0.347,0.725,False,normal_moderate,synthetic_label_demo,synthetic_normal_moderate,True,1.0704592472392398,6.188699378706337,127.6,0.0,normal_moderate,False,0
2026-05-26 17:05:38,patient_001,137,True,synthetic_ad8232,98,True,synthetic_max30102,36.56,2160,1752,2174,0,False,False,0.069,-0.302,0.746,False,normal_moderate,synthetic_label_demo,synthetic_normal_moderate,True,0.8077629602798088,7.436396977031291,129.6,0.0,normal_moderate,False,0
2026-05-26 17:05:43,patient_001,139,True,synthetic_ad8232,99,True,synthetic_max30102,37.0,1989,1650,2047,0,False,False,0.331,0.273,0.478,False,normal_moderate,synthetic_label_demo,synthetic_normal_moderate,True,0.6423192352716832,8.276472678623422,132.0,0.0,normal_moderate,False,0
2026-05-26 17:05:48,patient_001,120,True,synthetic_ad8232,99,True,synthetic_max30102,36.53,2062,1638,2032,0,False,False,-0.018,0.82,1.133,False,normal_moderate,synthetic_label_demo,synthetic_normal_moderate,True,1.398718341911623,9.364827814754523,131.2,0.0,normal_moderate,False,0
2026-05-26 17:05:53,patient_001,130,True,synthetic_ad8232,94,True,synthetic_max30102,37.12,2168,1718,2132,0,False,False,0.208,0.313,1.021,False,normal_moderate,synthetic_label_demo,synthetic_normal_moderate,True,1.0879678304067633,7.98122797569396,132.8,5.0,normal_moderate,False,0
2026-05-26 17:05:58,patient_001,121,True,synthetic_ad8232,99,True,synthetic_max30102,36.56,2103,1674,2077,0,False,False,-0.01,0.018,0.896,False,normal_moderate,synthetic_label_demo,synthetic_normal_moderate,True,0.8962365759106242,8.792041856133304,129.4,0.0,normal_moderate,False,0
2026-05-26 17:06:03,patient_001,142,True,synthetic_ad8232,97,True,synthetic_max30102,36.42,2219,1773,2200,0,False,False,0.767,-0.027,0.016,False,normal_moderate,synthetic_label_demo,synthetic_normal_moderate,True,0.7676418435702942,10.064790112068902,130.4,2.0,normal_moderate,False,0
2026-05-26 17:06:08,patient_001,123,True,synthetic_ad8232,95,True,synthetic_max30102,36.55,2224,1691,2098,0,False,False,0.327,0.006,0.613,False,normal_moderate,synthetic_label_demo,synthetic_normal_moderate,True,0.6947906159412345,9.148770409186142,127.2,2.0,normal_moderate,False,0
2026-05-26 17:06:13,patient_001,119,True,synthetic_ad8232,96,True,synthetic_max30102,36.81,1934,1627,2019,0,False,False,0.124,0.061,1.442,False,normal_moderate,synthetic_label_demo,synthetic_normal_moderate,True,1.4486065718475807,9.35414346693485,127.0,0.0,normal_moderate,False,0
2026-05-26 17:06:18,patient_001,132,True,synthetic_ad8232,99,True,synthetic_max30102,36.51,2065,1667,2069,0,False,False,0.618,0.018,0.817,False,normal_moderate,synthetic_label_demo,synthetic_normal_moderate,True,1.0245667376994043,9.555103348473,127.4,0.0,normal_moderate,False,0
2026-05-26 17:06:23,patient_001,142,True,synthetic_ad8232,96,True,synthetic_max30102,36.46,2108,1625,2017,0,False,False,-0.56,0.471,1.176,False,normal_moderate,synthetic_label_demo,synthetic_normal_moderate,True,1.3850693123450537,10.597169433391162,131.6,3.0,normal_moderate,False,0
2026-05-26 17:06:28,patient_001,143,True,synthetic_ad8232,95,True,synthetic_max30102,37.33,2233,1718,2132,0,False,False,-0.505,-0.457,0.563,False,normal_moderate,synthetic_label_demo,synthetic_normal_moderate,True,0.8836532125217449,10.84896308409241,131.8,1.0,normal_moderate,False,0
2026-05-26 17:06:33,patient_001,117,True,synthetic_ad8232,99,True,synthetic_max30102,36.68,1981,1688,2095,0,False,False,0.479,0.452,1.554,False,normal_moderate,synthetic_label_demo,synthetic_normal_moderate,True,1.687797677448337,12.300406497347957,130.6,0.0,normal_moderate,False,0
2026-05-26 17:06:38,patient_001,125,True,synthetic_ad8232,99,True,synthetic_max30102,36.73,2071,1689,2096,0,False,False,0.221,0.017,1.0,False,normal_moderate,synthetic_label_demo,synthetic_normal_moderate,True,1.0242704720922107,11.12205017071942,131.8,0.0,normal_moderate,False,0
2026-05-26 17:06:43,patient_001,119,True,synthetic_ad8232,99,True,synthetic_max30102,36.37,2264,1737,2155,0,False,False,0.288,0.282,1.152,False,normal_moderate,synthetic_label_demo,synthetic_normal_moderate,True,1.2204802333507905,12.497999839974387,129.2,0.0,normal_moderate,False,0
2026-05-26 17:06:48,patient_001,124,True,synthetic_ad8232,99,True,synthetic_max30102,36.73,2209,1747,2168,0,False,False,-0.264,-0.244,1.864,False,normal_moderate,synthetic_label_demo,synthetic_normal_moderate,True,1.8983487561562549,10.28591269649902,125.6,0.0,normal_moderate,False,0
2026-05-26 17:06:53,patient_001,131,True,synthetic_ad8232,99,True,synthetic_max30102,36.62,2133,1706,2117,0,False,False,0.192,0.615,1.581,False,normal_moderate,synthetic_label_demo,synthetic_normal_moderate,True,1.7072346060222654,5.495452665613606,123.2,0.0,normal_moderate,False,0
2026-05-26 17:06:58,patient_001,123,True,synthetic_ad8232,96,True,synthetic_max30102,37.03,1999,1625,2016,0,False,False,0.901,0.586,0.943,False,normal_moderate,synthetic_label_demo,synthetic_normal_moderate,True,1.4298412499295157,4.335896677735724,124.4,3.0,normal_moderate,False,0
2026-05-26 17:07:03,patient_001,117,True,synthetic_ad8232,95,True,synthetic_max30102,36.55,2100,1717,2131,0,False,False,0.488,0.486,0.842,False,normal_moderate,synthetic_label_demo,synthetic_normal_moderate,True,1.087797775324072,5.40370243444249,122.8,1.0,normal_moderate,False,0
2026-05-26 17:07:08,patient_001,130,True,synthetic_ad8232,97,True,synthetic_max30102,37.37,2171,1731,2148,0,False,False,0.259,-0.38,0.936,False,normal_moderate,synthetic_label_demo,synthetic_normal_moderate,True,1.0428695987514451,5.700877125495663,125.0,0.0,normal_moderate,False,0
2026-05-26 17:07:13,patient_001,116,True,synthetic_ad8232,95,True,synthetic_max30102,37.42,2096,1705,2116,0,False,False,0.046,0.44,1.228,False,normal_moderate,synthetic_label_demo,synthetic_normal_moderate,True,1.3052585950684255,7.021395872616762,123.4,2.0,normal_moderate,False,0
2026-05-26 17:07:18,patient_001,122,True,synthetic_ad8232,96,True,synthetic_max30102,36.42,2152,1737,2155,0,False,False,0.062,0.292,1.013,False,normal_moderate,synthetic_label_demo,synthetic_normal_moderate,True,1.05606675925341,5.5946402922797205,121.6,0.0,normal_moderate,False,0
2026-05-26 17:07:23,patient_001,115,True,synthetic_ad8232,97,True,synthetic_max30102,36.43,2054,1650,2048,0,False,False,-0.545,-0.412,0.912,False,normal_moderate,synthetic_label_demo,synthetic_normal_moderate,True,1.1395231458816446,6.204836822995405,120.0,0.0,normal_moderate,False,0
2026-05-26 17:07:28,patient_001,117,True,synthetic_ad8232,99,True,synthetic_max30102,36.44,2140,1768,2194,0,False,False,0.29,0.141,1.564,False,normal_moderate,synthetic_label_demo,synthetic_normal_moderate,True,1.5968960517203368,6.204836822995405,120.0,0.0,normal_moderate,False,0
2026-05-26 17:07:33,patient_001,128,True,synthetic_ad8232,95,True,synthetic_max30102,37.04,2120,1674,2077,0,False,False,0.496,0.278,1.01,False,normal_moderate,synthetic_label_demo,synthetic_normal_moderate,True,1.1590513362228612,5.4129474410897185,119.6,4.0,normal_moderate,False,0
2026-05-26 17:07:38,patient_001,141,True,synthetic_ad8232,95,True,synthetic_max30102,36.45,2406,1751,2173,0,False,False,-0.351,0.345,1.855,False,normal_moderate,synthetic_label_demo,synthetic_normal_moderate,True,1.919179772715417,10.45466403094809,124.6,0.0,normal_moderate,False,0
2026-05-26 17:07:43,patient_001,139,True,synthetic_ad8232,98,True,synthetic_max30102,37.32,1919,1661,2061,0,False,False,-0.031,0.212,1.082,False,normal_moderate,synthetic_label_demo,synthetic_normal_moderate,True,1.1030090661458771,12.041594578792287,128.0,0.0,normal_moderate,False,0
2026-05-26 17:07:48,patient_001,118,True,synthetic_ad8232,94,True,synthetic_max30102,37.21,2089,1662,2063,0,False,False,-0.205,0.252,1.675,False,normal_moderate,synthetic_label_demo,synthetic_normal_moderate,True,1.7062104207863695,11.282730166054657,128.6,4.0,normal_moderate,False,0
2026-05-26 17:07:53,patient_001,116,True,synthetic_ad8232,97,True,synthetic_max30102,37.28,2109,1749,2170,0,False,False,-0.138,0.666,1.175,False,normal_moderate,synthetic_label_demo,synthetic_normal_moderate,True,1.3576542269664984,11.545561917897274,128.4,0.0,normal_moderate,False,0
2026-05-26 17:07:58,patient_001,125,True,synthetic_ad8232,98,True,synthetic_max30102,36.93,2150,1696,2104,0,False,False,0.219,0.579,1.387,False,normal_moderate,synthetic_label_demo,synthetic_normal_moderate,True,1.5188716206447468,11.64903429473876,127.8,0.0,normal_moderate,False,0
2026-05-26 17:08:03,patient_001,135,True,synthetic_ad8232,97,True,synthetic_max30102,37.5,2172,1747,2168,0,False,False,-0.53,-0.853,0.796,False,normal_moderate,synthetic_label_demo,synthetic_normal_moderate,True,1.2814542520121426,10.163660757817517,126.6,1.0,normal_moderate,False,0
2026-05-26 17:08:08,patient_001,138,True,synthetic_ad8232,96,True,synthetic_max30102,36.35,2207,1729,2146,0,False,False,0.415,0.039,0.751,False,normal_moderate,synthetic_label_demo,synthetic_normal_moderate,True,0.8589219987868514,9.864076236526142,126.4,1.0,normal_moderate,False,0
2026-05-26 17:08:13,patient_001,140,True,synthetic_ad8232,98,True,synthetic_max30102,36.78,2227,1719,2133,0,False,False,0.464,0.092,1.211,False,normal_moderate,synthetic_label_demo,synthetic_normal_moderate,True,1.3001080724309038,10.084641788382951,130.8,0.0,normal_moderate,False,0
2026-05-26 17:08:18,patient_001,125,True,synthetic_ad8232,96,True,synthetic_max30102,36.69,2192,1754,2177,0,False,False,0.112,-0.463,1.396,False,normal_moderate,synthetic_label_demo,synthetic_normal_moderate,True,1.4750352538159892,7.1624018317879665,132.6,2.0,normal_moderate,False,0
2026-05-26 17:08:23,patient_001,120,True,synthetic_ad8232,98,True,synthetic_max30102,37.44,2188,1690,2097,0,False,False,-0.668,0.183,1.064,False,normal_moderate,synthetic_label_demo,synthetic_normal_moderate,True,1.2695703997809653,8.677557259966633,131.6,0.0,normal_moderate,False,0
2026-05-26 17:08:28,patient_001,115,True,synthetic_ad8232,96,True,synthetic_max30102,36.99,1832,1628,2020,0,False,False,-0.149,0.587,0.6,False,normal_moderate,synthetic_label_demo,synthetic_normal_moderate,True,0.8525080644779848,11.013627921806673,127.6,2.0,normal_moderate,False,0
2026-05-26 17:08:33,patient_001,119,True,synthetic_ad8232,94,True,synthetic_max30102,37.27,2197,1668,2070,0,False,False,0.632,-0.23,0.574,False,normal_moderate,synthetic_label_demo,synthetic_normal_moderate,True,0.8841945487278238,9.731392500562269,123.8,2.0,normal_moderate,False,0
2026-05-26 17:08:38,patient_001,117,True,synthetic_ad8232,97,True,synthetic_max30102,36.5,2158,1715,2128,0,False,False,-0.772,0.268,0.551,False,normal_moderate,synthetic_label_demo,synthetic_normal_moderate,True,0.9856008319801685,3.7682887362832944,119.2,0.0,normal_moderate,False,0
2026-05-26 17:08:43,patient_001,141,True,synthetic_ad8232,94,True,synthetic_max30102,37.47,2243,1738,2157,0,False,False,0.078,-0.171,0.431,False,normal_moderate,synthetic_label_demo,synthetic_normal_moderate,True,0.47019783070533194,10.57355191030902,122.4,3.0,normal_moderate,False,0
2026-05-26 17:08:48,patient_001,123,True,synthetic_ad8232,99,True,synthetic_max30102,36.9,1944,1646,2042,0,False,False,-0.213,-0.085,1.088,False,normal_moderate,synthetic_label_demo,synthetic_normal_moderate,True,1.1119073702426836,10.488088481701492,123.0,0.0,normal_moderate,False,0
2026-05-26 17:08:53,patient_001,140,True,synthetic_ad8232,97,True,synthetic_max30102,36.89,2039,1696,2105,0,False,False,0.482,0.667,1.444,False,normal_moderate,synthetic_label_demo,synthetic_normal_moderate,True,1.6620315881474697,11.61895003862223,128.0,2.0,normal_moderate,False,0
2026-05-26 17:08:58,patient_001,132,True,synthetic_ad8232,96,True,synthetic_max30102,37.47,2112,1692,2100,0,False,False,-0.036,-0.04,1.045,False,normal_moderate,synthetic_label_demo,synthetic_normal_moderate,True,1.0463847284818333,10.502380682492875,130.6,1.0,normal_moderate,False,0
2026-05-26 17:09:03,patient_001,131,True,synthetic_ad8232,96,True,synthetic_max30102,36.76,2107,1699,2108,0,False,False,0.341,0.312,0.259,False,normal_moderate,synthetic_label_demo,synthetic_normal_moderate,True,0.5298169495212474,7.3688533707761845,133.4,0.0,normal_moderate,False,0
2026-05-26 17:09:08,patient_001,129,True,synthetic_ad8232,97,True,synthetic_max30102,36.78,2083,1660,2060,0,False,False,0.398,-0.505,0.983,False,normal_moderate,synthetic_label_demo,synthetic_normal_moderate,True,1.1746139791437866,6.12372435695791,131.0,0.0,normal_moderate,False,0
2026-05-26 17:09:13,patient_001,140,True,synthetic_ad8232,95,True,synthetic_max30102,37.0,2197,1700,2110,0,False,False,0.843,0.802,0.993,False,normal_moderate,synthetic_label_demo,synthetic_normal_moderate,True,1.529673821440375,5.224940191045209,134.4,2.0,normal_moderate,False,0
2026-05-26 17:09:18,patient_001,116,True,synthetic_ad8232,95,True,synthetic_max30102,36.45,1928,1667,2069,0,False,False,0.129,0.361,1.784,False,normal_moderate,synthetic_label_demo,synthetic_normal_moderate,True,1.8247240887323213,8.677557259966628,129.6,0.0,normal_moderate,False,0
2026-05-26 17:09:23,patient_001,117,True,synthetic_ad8232,96,True,synthetic_max30102,36.69,2216,1723,2138,0,False,False,0.332,0.086,0.54,False,normal_moderate,synthetic_label_demo,synthetic_normal_moderate,True,0.6397030561127561,10.114346246792202,126.6,0.0,normal_moderate,False,0
2026-05-26 17:09:28,patient_001,128,True,synthetic_ad8232,95,True,synthetic_max30102,36.53,2157,1737,2156,0,False,False,-0.32,0.351,0.913,False,normal_moderate,synthetic_label_demo,synthetic_normal_moderate,True,1.029159851529392,9.874208829065724,126.0,1.0,normal_moderate,False,0
2026-05-26 17:09:33,patient_001,127,True,synthetic_ad8232,98,True,synthetic_max30102,36.42,2096,1702,2112,0,False,False,0.617,-0.343,1.647,False,normal_moderate,synthetic_label_demo,synthetic_normal_moderate,True,1.791911549156375,9.762171889492599,125.6,0.0,normal_moderate,False,0
2026-05-26 17:09:38,patient_001,131,True,synthetic_ad8232,94,True,synthetic_max30102,37.34,1989,1698,2107,0,False,False,-0.066,0.564,1.207,False,normal_moderate,synthetic_label_demo,synthetic_normal_moderate,True,1.3339044193644463,6.833739825307916,123.8,4.0,normal_moderate,False,0
2026-05-26 17:09:43,patient_001,137,True,synthetic_ad8232,98,True,synthetic_max30102,37.01,2180,1725,2140,0,False,False,0.004,0.037,1.247,False,normal_moderate,synthetic_label_demo,synthetic_normal_moderate,True,1.2475552091991762,7.2801098892804825,128.0,0.0,normal_moderate,False,0
2026-05-26 17:09:48,patient_001,133,True,synthetic_ad8232,96,True,synthetic_max30102,36.73,1898,1685,2091,0,False,False,0.192,0.079,1.09,False,normal_moderate,synthetic_label_demo,synthetic_normal_moderate,True,1.109596773607422,4.024922359499557,131.2,2.0,normal_moderate,False,0
2026-05-26 17:09:53,patient_001,122,True,synthetic_ad8232,97,True,synthetic_max30102,36.79,2111,1659,2059,0,False,False,-0.347,-0.022,1.165,False,normal_moderate,synthetic_label_demo,synthetic_normal_moderate,True,1.2157787627689505,5.744562646537984,130.0,0.0,normal_moderate,False,0
2026-05-26 17:09:58,patient_001,125,True,synthetic_ad8232,94,True,synthetic_max30102,36.82,1954,1671,2073,0,False,False,0.28,-0.053,1.322,False,normal_moderate,synthetic_label_demo,synthetic_normal_moderate,True,1.3523657049777624,6.066300355241197,129.6,3.0,normal_moderate,False,0
2026-05-26 17:10:03,patient_001,138,True,synthetic_ad8232,96,True,synthetic_max30102,37.06,2110,1697,2106,0,False,False,0.539,0.393,0.767,False,normal_moderate,synthetic_label_demo,synthetic_normal_moderate,True,1.016493482517227,7.176350047203625,131.0,0.0,normal_moderate,False,0
2026-05-26 17:10:08,patient_001,121,True,synthetic_ad8232,98,True,synthetic_max30102,37.41,2047,1658,2057,0,False,False,0.303,0.24,1.357,False,normal_moderate,synthetic_label_demo,synthetic_normal_moderate,True,1.4109776752309016,7.395944834840202,127.8,0.0,normal_moderate,False,0
2026-05-26 17:10:13,patient_001,130,True,synthetic_ad8232,95,True,synthetic_max30102,37.42,2224,1716,2130,0,False,False,-0.356,0.378,0.569,False,normal_moderate,synthetic_label_demo,synthetic_normal_moderate,True,0.7703122743407377,6.978538528947122,127.2,3.0,normal_moderate,False,0
2026-05-26 17:10:18,patient_001,131,True,synthetic_ad8232,94,True,synthetic_max30102,36.77,2143,1738,2157,0,False,False,0.157,0.147,1.165,False,normal_moderate,synthetic_label_demo,synthetic_normal_moderate,True,1.1846868784619842,6.44204936336252,129.0,1.0,normal_moderate,False,0
2026-05-26 17:10:23,patient_001,138,True,synthetic_ad8232,97,True,synthetic_max30102,36.7,2008,1663,2064,0,False,False,0.46,0.33,1.113,False,normal_moderate,synthetic_label_demo,synthetic_normal_moderate,True,1.2487069311892203,7.021395872616746,131.6,0.0,normal_moderate,False,0
2026-05-26 17:10:28,patient_001,137,True,synthetic_ad8232,94,True,synthetic_max30102,36.84,2094,1721,2135,0,False,False,-0.457,0.003,0.834,False,normal_moderate,synthetic_label_demo,synthetic_normal_moderate,True,0.9510068348860591,6.80441033448156,131.4,3.0,normal_moderate,False,0
2026-05-26 17:10:33,patient_001,129,True,synthetic_ad8232,95,True,synthetic_max30102,36.98,2214,1702,2112,0,False,False,-0.176,0.93,1.042,False,normal_moderate,synthetic_label_demo,synthetic_normal_moderate,True,1.4077073559515132,4.183300132670309,133.0,0.0,normal_moderate,False,0
2026-05-26 17:10:38,patient_001,124,True,synthetic_ad8232,96,True,synthetic_max30102,36.85,2172,1716,2129,0,False,False,0.507,-0.399,0.832,False,normal_moderate,synthetic_label_demo,synthetic_normal_moderate,True,1.0528409186577048,5.805170109479951,131.8,0.0,normal_moderate,False,0
2026-05-26 17:10:43,patient_001,126,True,synthetic_ad8232,97,True,synthetic_max30102,37.09,2085,1705,2116,0,False,False,0.295,0.591,0.675,False,normal_moderate,synthetic_label_demo,synthetic_normal_moderate,True,0.9444209866367859,6.379655163094592,130.8,0.0,normal_moderate,False,0
2026-05-26 17:10:48,patient_001,127,True,synthetic_ad8232,97,True,synthetic_max30102,36.97,2034,1654,2053,0,False,False,0.344,0.629,0.926,False,normal_moderate,synthetic_label_demo,synthetic_normal_moderate,True,1.1710905174238242,5.029910535983667,128.6,0.0,normal_moderate,False,0
2026-05-26 17:10:53,patient_001,121,True,synthetic_ad8232,98,True,synthetic_max30102,36.68,1928,1654,2053,0,False,False,0.851,-0.148,0.664,False,normal_moderate,synthetic_label_demo,synthetic_normal_moderate,True,1.0894957549251856,3.049590136395298,125.4,0.0,normal_moderate,False,0
2026-05-26 17:10:58,patient_001,134,True,synthetic_ad8232,99,True,synthetic_max30102,36.71,2161,1716,2130,0,False,False,0.364,0.93,1.163,False,normal_moderate,synthetic_label_demo,synthetic_normal_moderate,True,1.532959555891805,4.827007354458814,126.4,0.0,normal_moderate,False,0
2026-05-26 17:11:03,patient_001,121,True,synthetic_ad8232,94,True,synthetic_max30102,36.75,2015,1737,2156,0,False,False,0.43,0.498,0.647,False,normal_moderate,synthetic_label_demo,synthetic_normal_moderate,True,0.9227746203705431,5.357238094391501,125.8,5.0,normal_moderate,False,0
2026-05-26 17:11:08,patient_001,135,True,synthetic_ad8232,96,True,synthetic_max30102,36.41,2091,1637,2031,0,False,False,1.149,0.49,1.299,False,normal_moderate,synthetic_label_demo,synthetic_normal_moderate,True,1.802138174502721,6.767569726275414,127.6,0.0,normal_moderate,False,0
2026-05-26 17:11:13,patient_001,138,True,synthetic_ad8232,94,True,synthetic_max30102,36.5,2161,1733,2151,0,False,False,0.125,0.16,0.636,False,normal_moderate,synthetic_label_demo,synthetic_normal_moderate,True,0.6676233968338737,8.167006795638134,129.8,2.0,normal_moderate,False,0
2026-05-26 17:11:18,patient_001,144,True,synthetic_ad8232,94,True,synthetic_max30102,37.17,2389,1771,2198,0,False,False,-0.079,0.074,0.852,False,normal_moderate,synthetic_label_demo,synthetic_normal_moderate,True,0.858848647900199,8.443932733033785,134.4,0.0,normal_moderate,False,0
2026-05-26 17:11:23,patient_001,118,True,synthetic_ad8232,95,True,synthetic_max30102,36.77,2010,1691,2098,0,False,False,0.35,0.077,0.831,False,normal_moderate,synthetic_label_demo,synthetic_normal_moderate,True,0.9049806627768352,11.21160113453914,131.2,0.0,normal_moderate,False,0
2026-05-26 17:11:28,patient_001,138,True,synthetic_ad8232,97,True,synthetic_max30102,36.56,2152,1741,2160,0,False,False,0.354,0.287,1.514,False,normal_moderate,synthetic_label_demo,synthetic_normal_moderate,True,1.581101198532213,9.838699100999046,134.6,0.0,normal_moderate,False,0
2026-05-26 17:11:33,patient_001,117,True,synthetic_ad8232,99,True,synthetic_max30102,36.98,2216,1670,2072,0,False,False,0.016,0.64,1.166,False,normal_moderate,synthetic_label_demo,synthetic_normal_moderate,True,1.3301924672768222,12.569805089976512,131.0,0.0,normal_moderate,False,0
2026-05-26 17:11:38,patient_001,125,True,synthetic_ad8232,98,True,synthetic_max30102,37.21,2205,1700,2110,0,False,False,-0.161,0.213,0.976,False,normal_moderate,synthetic_label_demo,synthetic_normal_moderate,True,1.0118626388991738,12.09545369136683,128.4,1.0,normal_moderate,False,0
2026-05-26 17:11:43,patient_001,120,True,synthetic_ad8232,97,True,synthetic_max30102,36.61,1979,1640,2035,0,False,False,1.008,-0.169,1.225,False,normal_moderate,synthetic_label_demo,synthetic_normal_moderate,True,1.595383966322841,8.61974477580395,123.6,1.0,normal_moderate,False,0
2026-05-26 17:11:48,patient_001,79,True,synthetic_ad8232,100,True,synthetic_max30102,36.29,2275,1659,2059,0,False,False,0.106,0.062,0.982,False,normal_morning,synthetic_label_demo,synthetic_normal_morning,True,0.989648422420811,22.083930809527534,115.8,0.0,normal_morning,False,0
2026-05-26 17:11:53,patient_001,73,True,synthetic_ad8232,98,True,synthetic_max30102,36.46,2087,1656,2055,0,False,False,0.065,0.011,0.962,False,normal_morning,synthetic_label_demo,synthetic_normal_morning,True,0.9642561900242071,24.722459424579895,102.8,2.0,normal_morning,False,0
2026-05-26 17:11:58,patient_001,79,True,synthetic_ad8232,96,True,synthetic_max30102,35.68,1975,1638,2033,0,False,False,-0.042,0.063,0.925,False,normal_morning,synthetic_label_demo,synthetic_normal_morning,True,0.9280937452649921,25.103784575238837,95.2,2.0,normal_morning,False,0
2026-05-26 17:12:03,patient_001,87,True,synthetic_ad8232,98,True,synthetic_max30102,36.37,1995,1653,2051,0,False,False,0.067,-0.061,0.96,False,normal_morning,synthetic_label_demo,synthetic_normal_morning,True,0.9642665606563363,18.782971010998217,87.6,0.0,normal_morning,False,0
2026-05-26 17:12:08,patient_001,64,True,synthetic_ad8232,96,True,synthetic_max30102,35.91,1992,1666,2067,0,False,False,0.08,0.022,0.994,False,normal_morning,synthetic_label_demo,synthetic_normal_morning,True,0.9974567659803607,8.532291603080578,76.4,2.0,normal_morning,False,0
2026-05-26 17:12:13,patient_001,70,True,synthetic_ad8232,98,True,synthetic_max30102,35.82,2107,1638,2032,0,False,False,0.129,0.03,0.926,False,normal_morning,synthetic_label_demo,synthetic_normal_morning,True,0.9354234335315746,8.792041856133268,74.6,0.0,normal_morning,False,0
2026-05-26 17:12:18,patient_001,76,True,synthetic_ad8232,96,True,synthetic_max30102,36.29,2037,1665,2066,0,False,False,-0.041,-0.013,0.924,False,normal_morning,synthetic_label_demo,synthetic_normal_morning,True,0.9250005405403826,8.75785361832449,75.2,2.0,normal_morning,False,0
2026-05-26 17:12:23,patient_001,84,True,synthetic_ad8232,99,True,synthetic_max30102,36.51,2055,1648,2045,0,False,False,0.004,0.05,0.885,False,normal_morning,synthetic_label_demo,synthetic_normal_morning,True,0.8864203291892623,9.549869109050622,76.2,0.0,normal_morning,False,0
2026-05-26 17:12:28,patient_001,79,True,synthetic_ad8232,97,True,synthetic_max30102,35.9,2026,1637,2031,0,False,False,0.072,-0.035,1.007,False,normal_morning,synthetic_label_demo,synthetic_normal_morning,True,1.0101772121761607,7.79743547584713,74.6,2.0,normal_morning,False,0
2026-05-26 17:12:33,patient_001,73,True,synthetic_ad8232,97,True,synthetic_max30102,36.17,2033,1591,1974,0,False,False,0.024,0.056,1.018,False,normal_morning,synthetic_label_demo,synthetic_normal_morning,True,1.0198215530179777,5.412947441089686,76.4,0.0,normal_morning,False,0
2026-05-26 17:12:38,patient_001,79,True,synthetic_ad8232,96,True,synthetic_max30102,35.89,1890,1578,1958,0,False,False,-0.058,0.059,0.996,False,normal_morning,synthetic_label_demo,synthetic_normal_morning,True,0.9994303377424562,4.086563348340433,78.2,1.0,normal_morning,False,0
2026-05-26 17:12:43,patient_001,90,True,synthetic_ad8232,100,True,synthetic_max30102,36.15,1965,1653,2051,0,False,False,0.049,-0.184,1.048,False,normal_morning,synthetic_label_demo,synthetic_normal_morning,True,1.065157734797997,6.363961030678878,81.0,0.0,normal_morning,False,0
2026-05-26 17:12:48,patient_001,75,True,synthetic_ad8232,100,True,synthetic_max30102,36.22,2061,1646,2043,0,False,False,0.061,0.103,0.986,False,normal_morning,synthetic_label_demo,synthetic_normal_morning,True,0.9932401522290568,6.572670690061945,79.2,0.0,normal_morning,False,0
2026-05-26 17:12:53,patient_001,87,True,synthetic_ad8232,100,True,synthetic_max30102,36.21,2049,1613,2001,0,False,False,0.026,-0.193,1.007,False,normal_morning,synthetic_label_demo,synthetic_normal_morning,True,1.0256578376827235,7.429670248402641,80.8,0.0,normal_morning,False,0
2026-05-26 17:12:58,patient_001,84,True,synthetic_ad8232,96,True,synthetic_max30102,36.22,2079,1654,2052,0,False,False,0.035,-0.023,1.001,False,normal_morning,synthetic_label_demo,synthetic_normal_morning,True,1.0018757407982288,6.041522986797235,83.0,4.0,normal_morning,False,0
2026-05-26 17:13:03,patient_001,70,True,synthetic_ad8232,97,True,synthetic_max30102,35.74,1970,1640,2035,0,False,False,0.002,0.092,0.974,False,normal_morning,synthetic_label_demo,synthetic_normal_morning,True,0.9783373651251392,8.408329203831126,81.2,0.0,normal_morning,False,0
2026-05-26 17:13:08,patient_001,69,True,synthetic_ad8232,100,True,synthetic_max30102,36.29,1988,1559,1934,0,False,False,0.123,-0.002,0.943,False,normal_morning,synthetic_label_demo,synthetic_normal_morning,True,0.9509900104627808,8.15475321515001,77.0,0.0,normal_morning,False,0
2026-05-26 17:13:13,patient_001,84,True,synthetic_ad8232,98,True,synthetic_max30102,36.27,1953,1622,2013,0,False,False,-0.043,-0.083,1.135,False,normal_morning,synthetic_label_demo,synthetic_normal_morning,True,1.138842833757143,8.584870412533867,78.8,2.0,normal_morning,False,0
2026-05-26 17:13:18,patient_001,68,True,synthetic_ad8232,96,True,synthetic_max30102,36.28,2006,1650,2048,0,False,False,-0.021,-0.057,0.948,False,normal_morning,synthetic_label_demo,synthetic_normal_morning,True,0.9499442088880798,8.246211251235286,75.0,2.0,normal_morning,False,0
2026-05-26 17:13:23,patient_001,71,True,synthetic_ad8232,96,True,synthetic_max30102,35.67,1976,1654,2052,0,False,False,0.021,0.092,0.933,False,normal_morning,synthetic_label_demo,synthetic_normal_morning,True,0.9377600972530236,6.580273550544796,72.4,0.0,normal_morning,False,0
2026-05-26 17:13:28,patient_001,68,True,synthetic_ad8232,97,True,synthetic_max30102,36.05,2082,1594,1978,0,False,False,0.082,-0.115,1.01,False,normal_morning,synthetic_label_demo,synthetic_normal_morning,True,1.0198279266621404,6.819090848492884,72.0,0.0,normal_morning,False,0
2026-05-26 17:13:33,patient_001,79,True,synthetic_ad8232,100,True,synthetic_max30102,36.01,2105,1655,2054,0,False,False,-0.085,0.099,0.998,False,normal_morning,synthetic_label_demo,synthetic_normal_morning,True,1.006493914536993,7.17635004720362,74.0,0.0,normal_morning,False,0
2026-05-26 17:13:38,patient_001,70,True,synthetic_ad8232,96,True,synthetic_max30102,35.69,2127,1675,2079,0,False,False,-0.072,0.016,0.882,False,normal_morning,synthetic_label_demo,synthetic_normal_morning,True,0.8850785275895016,4.549725266430865,71.2,4.0,normal_morning,False,0
2026-05-26 17:13:43,patient_001,81,True,synthetic_ad8232,100,True,synthetic_max30102,35.82,2184,1679,2084,0,False,False,-0.123,-0.063,1.059,False,normal_morning,synthetic_label_demo,synthetic_normal_morning,True,1.0679789323764772,5.8051701094799455,73.8,0.0,normal_morning,False,0
2026-05-26 17:13:48,patient_001,89,True,synthetic_ad8232,99,True,synthetic_max30102,36.04,2282,1658,2057,0,False,False,0.022,-0.021,0.973,False,normal_morning,synthetic_label_demo,synthetic_normal_morning,True,0.9734752179691067,8.561541917201561,77.4,1.0,normal_morning,False,0
2026-05-26 17:13:53,patient_001,86,True,synthetic_ad8232,100,True,synthetic_max30102,36.34,1899,1641,2036,0,False,False,-0.058,-0.051,0.902,False,normal_morning,synthetic_label_demo,synthetic_normal_morning,True,0.9053005025956851,7.314369419163853,81.0,0.0,normal_morning,False,0
2026-05-26 17:13:58,patient_001,89,True,synthetic_ad8232,100,True,synthetic_max30102,35.84,1974,1638,2033,0,False,False,-0.007,0.081,1.063,False,normal_morning,synthetic_label_demo,synthetic_normal_morning,True,1.0661045914918479,7.968688725254574,83.0,0.0,normal_morning,False,0
2026-05-26 17:14:03,patient_001,62,True,synthetic_ad8232,97,True,synthetic_max30102,36.43,1993,1646,2042,0,False,False,0.066,0.071,1.024,False,normal_morning,synthetic_label_demo,synthetic_normal_morning,True,1.0285781448193423,11.326958991715271,81.4,3.0,normal_morning,False,0
2026-05-26 17:14:08,patient_001,75,True,synthetic_ad8232,100,True,synthetic_max30102,36.15,1981,1651,2049,0,False,False,-0.025,-0.1,0.891,False,normal_morning,synthetic_label_demo,synthetic_normal_morning,True,0.896942584561576,11.691877522451191,80.2,0.0,normal_morning,False,0
2026-05-26 17:14:13,patient_001,68,True,synthetic_ad8232,96,True,synthetic_max30102,36.36,1972,1658,2058,0,False,False,0.036,-0.008,1.104,False,normal_morning,synthetic_label_demo,synthetic_normal_morning,True,1.104615770302054,11.510864433221313,76.0,4.0,normal_morning,False,0
2026-05-26 17:14:18,patient_001,88,True,synthetic_ad8232,97,True,synthetic_max30102,36.07,2042,1665,2066,0,False,False,-0.001,-0.04,1.026,False,normal_morning,synthetic_label_demo,synthetic_normal_morning,True,1.026779917996062,11.97079780131631,76.4,0.0,normal_morning,False,0
2026-05-26 17:14:23,patient_001,82,True,synthetic_ad8232,97,True,synthetic_max30102,36.1,1991,1683,2088,0,False,False,0.067,0.111,0.979,False,normal_morning,synthetic_label_demo,synthetic_normal_morning,True,0.9875479735182489,10.440306508910522,75.0,0.0,normal_morning,False,0
2026-05-26 17:14:28,patient_001,71,True,synthetic_ad8232,96,True,synthetic_max30102,36.22,2066,1643,2039,0,False,False,0.053,-0.075,1.091,False,normal_morning,synthetic_label_demo,synthetic_normal_morning,True,1.0948584383380346,8.167006795638132,76.8,1.0,normal_morning,False,0
2026-05-26 17:14:33,patient_001,78,True,synthetic_ad8232,96,True,synthetic_max30102,36.53,2084,1676,2080,0,False,False,-0.028,0.132,0.991,False,normal_morning,synthetic_label_demo,synthetic_normal_morning,True,1.0001444895613834,8.111719916269262,77.4,0.0,normal_morning,False,0
2026-05-26 17:14:38,patient_001,79,True,synthetic_ad8232,96,True,synthetic_max30102,36.09,2124,1681,2086,0,False,False,0.008,0.018,0.978,False,normal_morning,synthetic_label_demo,synthetic_normal_morning,True,0.9781983438955517,6.188699378706271,79.6,0.0,normal_morning,False,0
2026-05-26 17:14:43,patient_001,76,True,synthetic_ad8232,96,True,synthetic_max30102,36.13,2047,1617,2006,0,False,False,0.093,-0.061,0.934,False,normal_morning,synthetic_label_demo,synthetic_normal_morning,True,0.9405987454807709,4.086563348340434,77.2,0.0,normal_morning,False,0
2026-05-26 17:14:48,patient_001,75,True,synthetic_ad8232,97,True,synthetic_max30102,36.2,2007,1579,1959,0,False,False,0.048,-0.027,1.021,False,normal_morning,synthetic_label_demo,synthetic_normal_morning,True,1.022484229707236,3.1144823004793882,75.8,0.0,normal_morning,False,0
2026-05-26 17:14:53,patient_001,63,True,synthetic_ad8232,96,True,synthetic_max30102,36.34,2062,1686,2092,0,False,False,-0.078,-0.036,1.013,False,normal_morning,synthetic_label_demo,synthetic_normal_morning,True,1.016636119759671,6.457553716385129,74.2,1.0,normal_morning,False,0
2026-05-26 17:14:58,patient_001,75,True,synthetic_ad8232,96,True,synthetic_max30102,35.67,2222,1654,2052,0,False,False,0.066,-0.069,0.981,False,normal_morning,synthetic_label_demo,synthetic_normal_morning,True,0.9856358353874924,6.14817045957571,73.6,0.0,normal_morning,False,0
2026-05-26 17:15:03,patient_001,72,True,synthetic_ad8232,100,True,synthetic_max30102,36.12,1978,1579,1959,0,False,False,-0.056,0.027,0.925,False,normal_morning,synthetic_label_demo,synthetic_normal_morning,True,0.9270868351993787,5.357238094391493,72.2,0.0,normal_morning,False,0
2026-05-26 17:15:08,patient_001,85,True,synthetic_ad8232,96,True,synthetic_max30102,36.08,1874,1630,2023,0,False,False,0.119,-0.066,0.989,False,normal_morning,synthetic_label_demo,synthetic_normal_morning,True,0.9983175847394455,7.874007874011772,74.0,4.0,normal_morning,False,0
2026-05-26 17:15:13,patient_001,87,True,synthetic_ad8232,96,True,synthetic_max30102,36.52,2013,1687,2093,0,False,False,0.092,-0.133,0.975,False,normal_morning,synthetic_label_demo,synthetic_normal_morning,True,0.9883207981217434,9.838699100999042,76.4,0.0,normal_morning,False,0
2026-05-26 17:15:18,patient_001,83,True,synthetic_ad8232,96,True,synthetic_max30102,36.09,1901,1644,2040,0,False,False,0.04,-0.007,0.887,False,normal_morning,synthetic_label_demo,synthetic_normal_morning,True,0.887929051219747,6.5421708935184,80.4,0.0,normal_morning,False,0
2026-05-26 17:15:23,patient_001,62,True,synthetic_ad8232,96,True,synthetic_max30102,36.07,1999,1610,1998,0,False,False,0.031,-0.106,0.877,False,normal_morning,synthetic_label_demo,synthetic_normal_morning,True,0.8839264675299637,10.568822072492248,77.8,0.0,normal_morning,False,0
2026-05-26 17:15:28,patient_001,86,True,synthetic_ad8232,98,True,synthetic_max30102,36.56,2110,1708,2120,0,False,False,0.005,-0.033,1.02,False,normal_morning,synthetic_label_demo,synthetic_normal_morning,True,1.0205459323322983,10.502380682492866,80.6,0.0,normal_morning,False,0
2026-05-26 17:15:33,patient_001,73,True,synthetic_ad8232,100,True,synthetic_max30102,36.05,1953,1604,1990,0,False,False,0.067,-0.044,0.798,False,normal_morning,synthetic_label_demo,synthetic_normal_morning,True,0.8020155858834666,10.616025621672138,78.2,0.0,normal_morning,False,0
2026-05-26 17:15:38,patient_001,74,True,synthetic_ad8232,99,True,synthetic_max30102,35.78,2164,1614,2003,0,False,False,-0.006,-0.041,0.994,False,normal_morning,synthetic_label_demo,synthetic_normal_morning,True,0.9948633071935059,9.449867723941924,75.6,1.0,normal_morning,False,0
2026-05-26 17:15:43,patient_001,89,True,synthetic_ad8232,98,True,synthetic_max30102,35.82,2115,1669,2071,0,False,False,0.036,0.16,0.947,False,normal_morning,synthetic_label_demo,synthetic_normal_morning,True,0.9610957288428661,10.894952959971848,76.8,1.0,normal_morning,False,0
2026-05-26 17:15:48,patient_001,87,True,synthetic_ad8232,96,True,synthetic_max30102,35.7,2134,1673,2076,0,False,False,0.081,0.024,1.072,False,normal_morning,synthetic_label_demo,synthetic_normal_morning,True,1.0753236722029327,7.661592523751139,81.8,2.0,normal_morning,False,0
2026-05-26 17:15:53,patient_001,63,True,synthetic_ad8232,99,True,synthetic_max30102,35.6,1971,1648,2045,0,False,False,-0.019,0.037,0.945,False,normal_morning,synthetic_label_demo,synthetic_normal_morning,True,0.9459149010349716,10.779610382569462,77.2,0.0,normal_morning,False,0
2026-05-26 17:15:58,patient_001,72,True,synthetic_ad8232,96,True,synthetic_max30102,36.03,1997,1674,2077,0,False,False,-0.023,-0.104,1.026,False,normal_morning,synthetic_label_demo,synthetic_normal_morning,True,1.0315139359213719,10.885770528538592,77.0,3.0,normal_morning,False,0
2026-05-26 17:16:03,patient_001,83,True,synthetic_ad8232,99,True,synthetic_max30102,36.37,2064,1661,2061,0,False,False,-0.064,-0.026,0.952,False,normal_morning,synthetic_label_demo,synthetic_normal_morning,True,0.9545030120434402,11.009087155618278,78.8,0.0,normal_morning,False,0
2026-05-26 17:16:08,patient_001,77,True,synthetic_ad8232,98,True,synthetic_max30102,36.33,2080,1665,2066,0,False,False,-0.055,0.035,0.988,False,normal_morning,synthetic_label_demo,synthetic_normal_morning,True,0.9901484737149272,9.423375191511763,76.4,1.0,normal_morning,False,0
2026-05-26 17:16:13,patient_001,69,True,synthetic_ad8232,100,True,synthetic_max30102,35.63,1871,1628,2020,0,False,False,-0.108,-0.052,1.032,False,normal_morning,synthetic_label_demo,synthetic_normal_morning,True,1.0389379192232806,7.628892449104218,72.8,0.0,normal_morning,False,0
2026-05-26 17:16:18,patient_001,77,True,synthetic_ad8232,97,True,synthetic_max30102,36.17,2032,1649,2046,0,False,False,0.071,0.084,0.948,False,normal_morning,synthetic_label_demo,synthetic_normal_morning,True,0.954358947147246,5.366563145999436,75.6,3.0,normal_morning,False,0
2026-05-26 17:16:23,patient_001,87,True,synthetic_ad8232,99,True,synthetic_max30102,35.75,2064,1662,2063,0,False,False,0.147,-0.064,1.05,False,normal_morning,synthetic_label_demo,synthetic_normal_morning,True,1.0621699487370184,6.841052550594783,78.6,0.0,normal_morning,False,0
2026-05-26 17:16:28,patient_001,68,True,synthetic_ad8232,98,True,synthetic_max30102,36.54,2023,1644,2040,0,False,False,0.12,-0.0,0.91,False,normal_morning,synthetic_label_demo,synthetic_normal_morning,True,0.917877987534291,7.668115805072284,75.6,1.0,normal_morning,False,0
2026-05-26 17:16:33,patient_001,83,True,synthetic_ad8232,98,True,synthetic_max30102,35.77,2022,1682,2087,0,False,False,-0.094,-0.021,1.001,False,normal_morning,synthetic_label_demo,synthetic_normal_morning,True,1.005623189867855,8.378544026261327,76.8,0.0,normal_morning,False,0
2026-05-26 17:16:38,patient_001,83,True,synthetic_ad8232,100,True,synthetic_max30102,36.23,2034,1674,2077,0,False,False,0.071,0.032,1.045,False,normal_morning,synthetic_label_demo,synthetic_normal_morning,True,1.0478978957894705,7.402702209328657,79.6,0.0,normal_morning,False,0
2026-05-26 17:16:43,patient_001,87,True,synthetic_ad8232,99,True,synthetic_max30102,35.93,2046,1660,2060,0,False,False,0.12,-0.025,1.026,False,normal_morning,synthetic_label_demo,synthetic_normal_morning,True,1.0332961821278543,7.86129760281338,81.6,1.0,normal_morning,False,0
2026-05-26 17:16:48,patient_001,70,True,synthetic_ad8232,98,True,synthetic_max30102,36.24,2004,1609,1997,0,False,False,-0.012,0.001,1.114,False,normal_morning,synthetic_label_demo,synthetic_normal_morning,True,1.114065078889021,8.584870412533865,78.2,1.0,normal_morning,False,0
2026-05-26 17:16:53,patient_001,68,True,synthetic_ad8232,98,True,synthetic_max30102,36.01,2081,1638,2033,0,False,False,0.027,0.003,0.927,False,normal_morning,synthetic_label_demo,synthetic_normal_morning,True,0.9273979728250435,8.584870412533865,78.2,0.0,normal_morning,False,0
2026-05-26 17:16:58,patient_001,77,True,synthetic_ad8232,99,True,synthetic_max30102,36.36,2128,1646,2042,0,False,False,-0.121,-0.031,0.883,False,normal_morning,synthetic_label_demo,synthetic_normal_morning,True,0.8917908947729843,8.15475321515001,77.0,0.0,normal_morning,False,0
2026-05-26 17:17:03,patient_001,77,True,synthetic_ad8232,97,True,synthetic_max30102,35.83,2028,1654,2052,0,False,False,0.039,0.054,0.91,False,normal_morning,synthetic_label_demo,synthetic_normal_morning,True,0.9124346551945515,7.463243262818076,75.8,2.0,normal_morning,False,0
2026-05-26 17:17:08,patient_001,73,True,synthetic_ad8232,96,True,synthetic_max30102,36.51,2101,1722,2137,0,False,False,-0.054,0.037,1.026,False,normal_morning,synthetic_label_demo,synthetic_normal_morning,True,1.0280860858896983,4.062019202317906,73.0,1.0,normal_morning,False,0
2026-05-26 17:17:13,patient_001,84,True,synthetic_ad8232,98,True,synthetic_max30102,36.1,2065,1636,2030,0,False,False,0.034,0.014,1.015,False,normal_morning,synthetic_label_demo,synthetic_normal_morning,True,1.015665791488519,5.890670590009206,75.8,0.0,normal_morning,False,0
2026-05-26 17:17:18,patient_001,85,True,synthetic_ad8232,96,True,synthetic_max30102,36.36,2124,1672,2075,0,False,False,-0.089,-0.01,0.987,False,normal_morning,synthetic_label_demo,synthetic_normal_morning,True,0.9910549934287198,5.118593556827833,79.2,2.0,normal_morning,False,0
2026-05-26 17:17:23,patient_001,69,True,synthetic_ad8232,96,True,synthetic_max30102,36.45,2045,1676,2080,0,False,False,0.058,0.076,0.901,False,normal_morning,synthetic_label_demo,synthetic_normal_morning,True,0.9060579451668641,6.9137544069773975,77.6,0.0,normal_morning,False,0
2026-05-26 17:17:28,patient_001,85,True,synthetic_ad8232,98,True,synthetic_max30102,36.6,2123,1660,2060,0,False,False,0.092,0.003,1.034,False,normal_morning,synthetic_label_demo,synthetic_normal_morning,True,1.0380891098552185,7.62889244910422,79.2,0.0,normal_morning,False,0
2026-05-26 17:17:33,patient_001,68,True,synthetic_ad8232,99,True,synthetic_max30102,35.82,2213,1721,2135,0,False,False,-0.035,-0.001,0.894,False,normal_morning,synthetic_label_demo,synthetic_normal_morning,True,0.8946854195749476,8.871302046486715,78.2,0.0,normal_morning,False,0
2026-05-26 17:17:38,patient_001,73,True,synthetic_ad8232,99,True,synthetic_max30102,35.89,2123,1628,2020,0,False,False,-0.06,0.027,1.061,False,normal_morning,synthetic_label_demo,synthetic_normal_morning,True,1.0630380990350252,8.426149773176324,76.0,0.0,normal_morning,False,0
2026-05-26 17:17:43,patient_001,62,True,synthetic_ad8232,97,True,synthetic_max30102,35.85,2178,1641,2036,0,False,False,-0.131,0.139,1.18,False,normal_morning,synthetic_label_demo,synthetic_normal_morning,True,1.1953585236237703,8.561541917201563,71.4,2.0,normal_morning,False,0
2026-05-26 17:17:48,patient_001,71,True,synthetic_ad8232,98,True,synthetic_max30102,35.86,1930,1611,1999,0,False,False,0.001,-0.074,1.006,False,normal_morning,synthetic_label_demo,synthetic_normal_morning,True,1.0087184939317806,8.467585252006584,71.8,0.0,normal_morning,False,0
2026-05-26 17:17:53,patient_001,89,True,synthetic_ad8232,96,True,synthetic_max30102,36.18,2047,1649,2046,0,False,False,-0.021,0.074,1.021,False,normal_morning,synthetic_label_demo,synthetic_normal_morning,True,1.023893549154403,10.064790112068875,72.6,2.0,normal_morning,False,0
2026-05-26 17:17:58,patient_001,74,True,synthetic_ad8232,99,True,synthetic_max30102,36.59,2051,1652,2050,0,False,False,-0.089,-0.113,0.945,False,normal_morning,synthetic_label_demo,synthetic_normal_morning,True,0.9558844072376115,9.731392500562261,73.8,0.0,normal_morning,False,0
2026-05-26 17:18:03,patient_001,82,True,synthetic_ad8232,97,True,synthetic_max30102,36.59,2081,1683,2089,0,False,False,0.052,0.035,0.853,False,normal_morning,synthetic_label_demo,synthetic_normal_morning,True,0.8552999473868801,10.358571330062821,75.6,2.0,normal_morning,False,0
2026-05-26 17:18:08,patient_001,65,True,synthetic_ad8232,99,True,synthetic_max30102,36.13,1988,1644,2040,0,False,False,-0.011,0.13,0.938,False,normal_morning,synthetic_label_demo,synthetic_normal_morning,True,0.9470295665923001,9.418067742376854,76.2,0.0,normal_morning,False,0
2026-05-26 17:18:13,patient_001,80,True,synthetic_ad8232,100,True,synthetic_max30102,36.24,1986,1696,2105,0,False,False,-0.055,0.054,0.903,False,normal_morning,synthetic_label_demo,synthetic_normal_morning,True,0.9062836200660365,9.027735042633864,78.0,0.0,normal_morning,False,0
2026-05-26 17:18:18,patient_001,72,True,synthetic_ad8232,99,True,synthetic_max30102,36.46,2039,1638,2032,0,False,False,-0.019,0.032,0.879,False,normal_morning,synthetic_label_demo,synthetic_normal_morning,True,0.8797874743368423,6.767569726275412,74.6,1.0,normal_morning,False,0
2026-05-26 17:18:23,patient_001,83,True,synthetic_ad8232,97,True,synthetic_max30102,36.53,1977,1642,2038,0,False,False,0.095,-0.019,1.101,False,normal_morning,synthetic_label_demo,synthetic_normal_morning,True,1.1052542693878182,7.700649323271347,76.4,2.0,normal_morning,False,0
2026-05-26 17:18:28,patient_001,104,True,synthetic_ad8232,97,True,synthetic_max30102,36.46,2220,1735,2153,0,False,False,-0.098,0.026,0.961,False,normal_postmeal,synthetic_label_demo,synthetic_normal_postmeal,True,0.9663337932619349,14.754660280738404,80.8,0.0,normal_postmeal,False,0
2026-05-26 17:18:33,patient_001,116,True,synthetic_ad8232,97,True,synthetic_max30102,36.8,2207,1702,2112,0,False,False,-0.007,-0.067,1.061,False,normal_postmeal,synthetic_label_demo,synthetic_normal_postmeal,True,1.0631363976461345,18.30300521772311,91.0,0.0,normal_postmeal,False,0
2026-05-26 17:18:38,patient_001,110,True,synthetic_ad8232,95,True,synthetic_max30102,36.67,2085,1667,2068,0,False,False,0.102,-0.023,0.986,False,normal_postmeal,synthetic_label_demo,synthetic_normal_postmeal,True,0.991528617842168,18.708286933869694,97.0,2.0,normal_postmeal,False,0
2026-05-26 17:18:43,patient_001,120,True,synthetic_ad8232,96,True,synthetic_max30102,37.08,2087,1693,2101,0,False,False,-0.015,-0.03,0.946,False,normal_postmeal,synthetic_label_demo,synthetic_normal_postmeal,True,0.9465944221259704,14.518953130305212,106.6,0.0,normal_postmeal,False,0
2026-05-26 17:18:48,patient_001,107,True,synthetic_ad8232,99,True,synthetic_max30102,36.74,2181,1732,2149,0,False,False,-0.105,0.0,0.962,False,normal_postmeal,synthetic_label_demo,synthetic_normal_postmeal,True,0.9677132839844661,6.542170893518416,111.4,0.0,normal_postmeal,False,0
2026-05-26 17:18:53,patient_001,121,True,synthetic_ad8232,97,True,synthetic_max30102,36.75,1946,1753,2175,0,False,False,0.1,0.159,1.172,False,normal_postmeal,synthetic_label_demo,synthetic_normal_postmeal,True,1.1869561912724496,6.140032573203464,114.8,2.0,normal_postmeal,False,0
2026-05-26 17:18:58,patient_001,89,True,synthetic_ad8232,95,True,synthetic_max30102,37.29,2049,1632,2025,0,False,False,0.141,0.1,0.834,False,normal_postmeal,synthetic_label_demo,synthetic_normal_postmeal,True,0.8517258948746363,12.934450123604002,109.4,2.0,normal_postmeal,False,0
2026-05-26 17:19:03,patient_001,89,True,synthetic_ad8232,96,True,synthetic_max30102,36.37,2051,1660,2060,0,False,False,0.036,0.041,1.035,False,normal_postmeal,synthetic_label_demo,synthetic_normal_postmeal,True,1.036437166450528,15.78606980853688,105.2,0.0,normal_postmeal,False,0
2026-05-26 17:19:08,patient_001,91,True,synthetic_ad8232,96,True,synthetic_max30102,37.11,2065,1667,2069,0,False,False,-0.136,-0.001,0.839,False,normal_postmeal,synthetic_label_demo,synthetic_normal_postmeal,True,0.8499517633371907,14.240786495134305,99.4,0.0,normal_postmeal,False,0
2026-05-26 17:19:13,patient_001,109,True,synthetic_ad8232,96,True,synthetic_max30102,36.26,2104,1650,2047,0,False,False,0.104,0.001,0.98,False,normal_postmeal,synthetic_label_demo,synthetic_normal_postmeal,True,0.9855034246515838,14.532721699667947,99.8,0.0,normal_postmeal,False,0
2026-05-26 17:19:18,patient_001,114,True,synthetic_ad8232,95,True,synthetic_max30102,36.73,2090,1689,2096,0,False,False,-0.109,0.069,0.951,False,normal_postmeal,synthetic_label_demo,synthetic_normal_postmeal,True,0.9597098519865261,12.116104984688752,98.4,1.0,normal_postmeal,False,0
2026-05-26 17:19:23,patient_001,96,True,synthetic_ad8232,99,True,synthetic_max30102,37.17,1981,1670,2072,0,False,False,0.068,0.093,0.802,False,normal_postmeal,synthetic_label_demo,synthetic_normal_postmeal,True,0.8102326826288854,11.122050170719408,99.8,0.0,normal_postmeal,False,0
2026-05-26 17:19:28,patient_001,93,True,synthetic_ad8232,99,True,synthetic_max30102,36.93,2108,1708,2119,0,False,False,-0.04,-0.042,1.025,False,normal_postmeal,synthetic_label_demo,synthetic_normal_postmeal,True,1.0266396641470656,10.261578825892222,100.6,0.0,normal_postmeal,False,0
2026-05-26 17:19:33,patient_001,120,True,synthetic_ad8232,97,True,synthetic_max30102,36.95,2167,1742,2162,0,False,False,-0.064,0.043,0.956,False,normal_postmeal,synthetic_label_demo,synthetic_normal_postmeal,True,0.9591042696182726,11.588787684654491,106.4,2.0,normal_postmeal,False,0
2026-05-26 17:19:38,patient_001,116,True,synthetic_ad8232,98,True,synthetic_max30102,36.49,2096,1682,2087,0,False,False,0.0,-0.143,0.801,False,normal_postmeal,synthetic_label_demo,synthetic_normal_postmeal,True,0.8136645500450416,12.377398757412626,107.8,0.0,normal_postmeal,False,0
2026-05-26 17:19:43,patient_001,112,True,synthetic_ad8232,100,True,synthetic_max30102,36.66,2099,1681,2086,0,False,False,0.024,0.059,1.066,False,normal_postmeal,synthetic_label_demo,synthetic_normal_postmeal,True,1.067901212659673,12.15730233234329,107.4,0.0,normal_postmeal,False,0
2026-05-26 17:19:48,patient_001,106,True,synthetic_ad8232,100,True,synthetic_max30102,36.6,2200,1706,2117,0,False,False,-0.018,0.109,1.119,False,normal_postmeal,synthetic_label_demo,synthetic_normal_postmeal,True,1.1244403052185563,10.526157893552593,109.4,0.0,normal_postmeal,False,0
2026-05-26 17:19:53,patient_001,103,True,synthetic_ad8232,95,True,synthetic_max30102,36.77,1969,1657,2056,0,False,False,0.093,0.015,1.124,False,normal_postmeal,synthetic_label_demo,synthetic_normal_postmeal,True,1.1279406012729571,6.985699678629161,111.4,5.0,normal_postmeal,False,0
2026-05-26 17:19:58,patient_001,88,True,synthetic_ad8232,100,True,synthetic_max30102,36.71,2100,1681,2086,0,False,False,-0.0,0.203,1.022,False,normal_postmeal,synthetic_label_demo,synthetic_normal_postmeal,True,1.0419659303451336,10.77032961426899,105.0,0.0,normal_postmeal,False,0
2026-05-26 17:20:03,patient_001,95,True,synthetic_ad8232,95,True,synthetic_max30102,36.56,2170,1666,2067,0,False,False,0.128,-0.039,0.994,False,normal_postmeal,synthetic_label_demo,synthetic_normal_postmeal,True,1.0029661011220667,9.418067742376861,100.8,5.0,normal_postmeal,False,0
2026-05-26 17:20:08,patient_001,122,True,synthetic_ad8232,95,True,synthetic_max30102,36.54,1928,1666,2067,0,False,False,0.065,0.06,1.11,False,normal_postmeal,synthetic_label_demo,synthetic_normal_postmeal,True,1.1135191960626454,12.833549781724447,102.8,0.0,normal_postmeal,False,0
2026-05-26 17:20:13,patient_001,100,True,synthetic_ad8232,97,True,synthetic_max30102,36.48,2049,1640,2035,0,False,False,-0.023,0.037,1.141,False,normal_postmeal,synthetic_label_demo,synthetic_normal_postmeal,True,1.1418314236348552,12.739701723352852,101.6,0.0,normal_postmeal,False,0
2026-05-26 17:20:18,patient_001,114,True,synthetic_ad8232,99,True,synthetic_max30102,36.6,2117,1744,2164,0,False,False,-0.038,0.031,1.092,False,normal_postmeal,synthetic_label_demo,synthetic_normal_postmeal,True,1.0931006358062372,13.935566009315862,103.8,0.0,normal_postmeal,False,0
2026-05-26 17:20:23,patient_001,114,True,synthetic_ad8232,95,True,synthetic_max30102,36.36,2062,1686,2092,0,False,False,-0.108,0.03,0.905,False,normal_postmeal,synthetic_label_demo,synthetic_normal_postmeal,True,0.9119150179704247,11.135528725660027,109.0,4.0,normal_postmeal,False,0
2026-05-26 17:20:28,patient_001,99,True,synthetic_ad8232,96,True,synthetic_max30102,37.16,2078,1733,2150,0,False,False,0.066,0.05,1.008,False,normal_postmeal,synthetic_label_demo,synthetic_normal_postmeal,True,1.0113950761201085,9.959919678390968,109.8,0.0,normal_postmeal,False,0
2026-05-26 17:20:33,patient_001,95,True,synthetic_ad8232,96,True,synthetic_max30102,36.86,2033,1650,2047,0,False,False,0.008,0.116,1.03,False,normal_postmeal,synthetic_label_demo,synthetic_normal_postmeal,True,1.0365423290922566,8.96102672688792,104.4,0.0,normal_postmeal,False,0
2026-05-26 17:20:38,patient_001,114,True,synthetic_ad8232,97,True,synthetic_max30102,36.35,2259,1702,2112,0,False,False,-0.173,0.164,0.827,False,normal_postmeal,synthetic_label_demo,synthetic_normal_postmeal,True,0.8606706687229442,9.418067742376863,107.2,0.0,normal_postmeal,False,0
2026-05-26 17:20:43,patient_001,91,True,synthetic_ad8232,100,True,synthetic_max30102,36.96,2071,1750,2172,0,False,False,-0.008,0.04,1.032,False,normal_postmeal,synthetic_label_demo,synthetic_normal_postmeal,True,1.0328058868925951,10.78424777163431,102.6,0.0,normal_postmeal,False,0
2026-05-26 17:20:48,patient_001,106,True,synthetic_ad8232,96,True,synthetic_max30102,37.13,1945,1643,2039,0,False,False,-0.041,0.113,1.195,False,normal_postmeal,synthetic_label_demo,synthetic_normal_postmeal,True,1.2010308072651592,9.137833441248508,101.0,4.0,normal_postmeal,False,0
2026-05-26 17:20:53,patient_001,121,True,synthetic_ad8232,96,True,synthetic_max30102,36.46,1920,1631,2024,0,False,False,0.182,-0.023,1.048,False,normal_postmeal,synthetic_label_demo,synthetic_normal_postmeal,True,1.063934678446003,12.581732790041265,105.4,0.0,normal_postmeal,False,0
2026-05-26 17:20:58,patient_001,115,True,synthetic_ad8232,95,True,synthetic_max30102,36.37,2296,1739,2158,0,False,False,-0.113,0.109,1.123,False,normal_postmeal,synthetic_label_demo,synthetic_normal_postmeal,True,1.1339219549863209,11.588787684654488,109.4,1.0,normal_postmeal,False,0
2026-05-26 17:21:03,patient_001,117,True,synthetic_ad8232,96,True,synthetic_max30102,36.21,2029,1665,2066,0,False,False,-0.09,-0.029,1.006,False,normal_postmeal,synthetic_label_demo,synthetic_normal_postmeal,True,1.0104340651423032,11.958260743101379,110.0,0.0,normal_postmeal,False,0
2026-05-26 17:21:08,patient_001,91,True,synthetic_ad8232,95,True,synthetic_max30102,36.25,2062,1663,2064,0,False,False,0.14,0.138,0.983,False,normal_postmeal,synthetic_label_demo,synthetic_normal_postmeal,True,1.0024634656684501,11.958260743101379,110.0,1.0,normal_postmeal,False,0
2026-05-26 17:21:13,patient_001,95,True,synthetic_ad8232,98,True,synthetic_max30102,37.04,2012,1647,2044,0,False,False,0.162,0.239,1.024,False,normal_postmeal,synthetic_label_demo,synthetic_normal_postmeal,True,1.063927159160814,13.754999091239503,107.8,0.0,normal_postmeal,False,0
2026-05-26 17:21:18,patient_001,98,True,synthetic_ad8232,97,True,synthetic_max30102,37.29,2011,1682,2087,0,False,False,-0.027,0.029,0.917,False,normal_postmeal,synthetic_label_demo,synthetic_normal_postmeal,True,0.9178556531394247,11.966620241321253,103.2,1.0,normal_postmeal,False,0
2026-05-26 17:21:23,patient_001,99,True,synthetic_ad8232,97,True,synthetic_max30102,36.25,2015,1639,2034,0,False,False,-0.017,-0.157,0.903,False,normal_postmeal,synthetic_label_demo,synthetic_normal_postmeal,True,0.9167044234648375,9.999999999999977,100.0,0.0,normal_postmeal,False,0
2026-05-26 17:21:28,patient_001,95,True,synthetic_ad8232,99,True,synthetic_max30102,37.02,2259,1662,2062,0,False,False,0.095,-0.009,1.104,False,normal_postmeal,synthetic_label_demo,synthetic_normal_postmeal,True,1.1081164198765399,3.1304951684996327,95.6,0.0,normal_postmeal,False,0
2026-05-26 17:21:33,patient_001,124,True,synthetic_ad8232,98,True,synthetic_max30102,36.28,2245,1720,2134,0,False,False,-0.169,0.151,1.114,False,normal_postmeal,synthetic_label_demo,synthetic_normal_postmeal,True,1.136819246846217,12.316655390161712,102.2,1.0,normal_postmeal,False,0
2026-05-26 17:21:38,patient_001,94,True,synthetic_ad8232,95,True,synthetic_max30102,36.85,1956,1631,2024,0,False,False,-0.128,0.09,0.901,False,normal_postmeal,synthetic_label_demo,synthetic_normal_postmeal,True,0.9144861945376759,12.469963913339907,102.0,3.0,normal_postmeal,False,0
2026-05-26 17:21:43,patient_001,114,True,synthetic_ad8232,97,True,synthetic_max30102,37.03,2119,1666,2067,0,False,False,0.015,0.062,1.077,False,normal_postmeal,synthetic_label_demo,synthetic_normal_postmeal,True,1.078887389860499,13.217412757419641,105.2,0.0,normal_postmeal,False,0
2026-05-26 17:21:48,patient_001,110,True,synthetic_ad8232,96,True,synthetic_max30102,36.6,2010,1674,2077,0,False,False,0.179,0.131,0.982,False,normal_postmeal,synthetic_label_demo,synthetic_normal_postmeal,True,1.0067402842838862,12.837445228704949,107.4,1.0,normal_postmeal,False,0
2026-05-26 17:21:53,patient_001,111,True,synthetic_ad8232,99,True,synthetic_max30102,36.21,1888,1636,2030,0,False,False,0.001,0.084,1.021,False,normal_postmeal,synthetic_label_demo,synthetic_normal_postmeal,True,1.024450096393182,10.80740486888501,110.6,0.0,normal_postmeal,False,0
2026-05-26 17:21:58,patient_001,96,True,synthetic_ad8232,96,True,synthetic_max30102,36.85,2135,1654,2053,0,False,False,0.049,0.15,1.031,False,normal_postmeal,synthetic_label_demo,synthetic_normal_postmeal,True,1.0430062320043922,9.273618495495672,105.0,3.0,normal_postmeal,False,0
2026-05-26 17:22:03,patient_001,99,True,synthetic_ad8232,95,True,synthetic_max30102,37.29,2175,1678,2082,0,False,False,0.142,0.123,1.079,False,normal_postmeal,synthetic_label_demo,synthetic_normal_postmeal,True,1.0952323954303032,7.9686887252545775,106.0,1.0,normal_postmeal,False,0
2026-05-26 17:22:08,patient_001,111,True,synthetic_ad8232,99,True,synthetic_max30102,36.48,2161,1674,2077,0,False,False,0.23,0.177,0.997,False,normal_postmeal,synthetic_label_demo,synthetic_normal_postmeal,True,1.0383823958446137,7.3006848993775515,105.4,0.0,normal_postmeal,False,0
2026-05-26 17:22:13,patient_001,99,True,synthetic_ad8232,97,True,synthetic_max30102,36.41,2026,1663,2064,0,False,False,-0.012,0.072,1.117,False,normal_postmeal,synthetic_label_demo,synthetic_normal_postmeal,True,1.1193824190150568,7.224956747275337,103.2,2.0,normal_postmeal,False,0
2026-05-26 17:22:18,patient_001,114,True,synthetic_ad8232,95,True,synthetic_max30102,36.34,2085,1691,2098,0,False,False,0.038,0.121,1.018,False,normal_postmeal,synthetic_label_demo,synthetic_normal_postmeal,True,1.0258698747891957,8.105553651663744,103.8,2.0,normal_postmeal,False,0
2026-05-26 17:22:23,patient_001,89,True,synthetic_ad8232,99,True,synthetic_max30102,36.81,2092,1638,2032,0,False,False,0.204,0.012,1.046,False,normal_postmeal,synthetic_label_demo,synthetic_normal_postmeal,True,1.0657748355070127,10.139033484509236,102.4,0.0,normal_postmeal,False,0
2026-05-26 17:22:28,patient_001,90,True,synthetic_ad8232,96,True,synthetic_max30102,36.86,2125,1687,2094,0,False,False,-0.097,-0.014,0.915,False,normal_postmeal,synthetic_label_demo,synthetic_normal_postmeal,True,0.9202336659783753,11.588787684654484,100.6,3.0,normal_postmeal,False,0
2026-05-26 17:22:33,patient_001,115,True,synthetic_ad8232,100,True,synthetic_max30102,37.07,2134,1745,2165,0,False,False,0.132,0.194,1.184,False,normal_postmeal,synthetic_label_demo,synthetic_normal_postmeal,True,1.2070277544447765,12.58173279004126,101.4,0.0,normal_postmeal,False,0
2026-05-26 17:22:38,patient_001,111,True,synthetic_ad8232,99,True,synthetic_max30102,37.03,1944,1671,2074,0,False,False,-0.052,0.059,1.032,False,normal_postmeal,synthetic_label_demo,synthetic_normal_postmeal,True,1.0349922705025387,13.141537200799586,103.8,1.0,normal_postmeal,False,0
2026-05-26 17:22:43,patient_001,89,True,synthetic_ad8232,97,True,synthetic_max30102,37.18,2092,1679,2083,0,False,False,0.049,0.112,1.054,False,normal_postmeal,synthetic_label_demo,synthetic_normal_postmeal,True,1.0610659734436874,13.046072205840323,98.8,2.0,normal_postmeal,False,0
2026-05-26 17:22:48,patient_001,122,True,synthetic_ad8232,98,True,synthetic_max30102,37.09,2186,1692,2100,0,False,False,0.018,0.051,0.845,False,normal_postmeal,synthetic_label_demo,synthetic_normal_postmeal,True,0.8467290003300937,15.043270920913423,105.4,0.0,normal_postmeal,False,0
2026-05-26 17:22:53,patient_001,88,True,synthetic_ad8232,98,True,synthetic_max30102,36.47,1980,1673,2076,0,False,False,-0.046,-0.013,0.916,False,normal_postmeal,synthetic_label_demo,synthetic_normal_postmeal,True,0.9172464227240137,15.572411502397417,105.0,0.0,normal_postmeal,False,0
2026-05-26 17:22:58,patient_001,124,True,synthetic_ad8232,98,True,synthetic_max30102,36.81,2235,1760,2184,0,False,False,-0.048,0.041,1.101,False,normal_postmeal,synthetic_label_demo,synthetic_normal_postmeal,True,1.1028082335564964,17.426990560621743,106.8,0.0,normal_postmeal,False,0
2026-05-26 17:23:03,patient_001,115,True,synthetic_ad8232,95,True,synthetic_max30102,36.53,2150,1711,2123,0,False,False,0.065,0.169,1.016,False,normal_postmeal,synthetic_label_demo,synthetic_normal_postmeal,True,1.0320087208933848,17.756688880531737,107.6,3.0,normal_postmeal,False,0
2026-05-26 17:23:08,patient_001,125,True,synthetic_ad8232,96,True,synthetic_max30102,36.56,2096,1641,2036,0,False,False,0.13,0.09,0.818,False,normal_postmeal,synthetic_label_demo,synthetic_normal_postmeal,True,0.8331410444816651,15.482247898803308,114.8,0.0,normal_postmeal,False,0
2026-05-26 17:23:13,patient_001,124,True,synthetic_ad8232,96,True,synthetic_max30102,37.23,2204,1720,2134,0,False,False,0.028,-0.114,1.083,False,normal_postmeal,synthetic_label_demo,synthetic_normal_postmeal,True,1.089343380206627,15.738487856207769,115.2,0.0,normal_postmeal,False,0
2026-05-26 17:23:18,patient_001,99,True,synthetic_ad8232,99,True,synthetic_max30102,36.95,2076,1718,2132,0,False,False,0.046,0.021,0.941,False,normal_postmeal,synthetic_label_demo,synthetic_normal_postmeal,True,0.9423576815625795,11.058933040759378,117.4,0.0,normal_postmeal,False,0
2026-05-26 17:23:23,patient_001,116,True,synthetic_ad8232,95,True,synthetic_max30102,37.27,1963,1686,2092,0,False,False,0.091,0.2,1.117,False,normal_postmeal,synthetic_label_demo,synthetic_normal_postmeal,True,1.1384067814274474,10.425929215182666,115.8,4.0,normal_postmeal,False,0
2026-05-26 17:23:28,patient_001,96,True,synthetic_ad8232,98,True,synthetic_max30102,36.66,2074,1706,2117,0,False,False,-0.047,0.021,0.982,False,normal_postmeal,synthetic_label_demo,synthetic_normal_postmeal,True,0.9833483614670846,13.72953021774596,112.0,0.0,normal_postmeal,False,0
2026-05-26 17:23:33,patient_001,105,True,synthetic_ad8232,99,True,synthetic_max30102,36.79,2125,1655,2054,0,False,False,0.107,-0.122,1.008,False,normal_postmeal,synthetic_label_demo,synthetic_normal_postmeal,True,1.020978452270174,11.768602295939797,108.0,0.0,normal_postmeal,False,0
2026-05-26 17:23:38,patient_001,97,True,synthetic_ad8232,100,True,synthetic_max30102,36.74,1964,1617,2007,0,False,False,0.114,0.21,1.096,False,normal_postmeal,synthetic_label_demo,synthetic_normal_postmeal,True,1.1217450690776405,8.26438140455772,102.6,0.0,normal_postmeal,False,0
2026-05-26 17:23:43,patient_001,106,True,synthetic_ad8232,96,True,synthetic_max30102,36.32,2037,1687,2093,0,False,False,0.274,0.101,0.909,False,normal_postmeal,synthetic_label_demo,synthetic_normal_postmeal,True,0.9547554660749527,8.093207028119288,104.0,4.0,normal_postmeal,False,0
2026-05-26 17:23:48,patient_001,121,True,synthetic_ad8232,95,True,synthetic_max30102,36.46,1884,1636,2030,0,False,False,0.006,0.034,0.901,False,normal_postmeal,synthetic_label_demo,synthetic_normal_postmeal,True,0.9016612445924467,10.024968827881683,105.0,1.0,normal_postmeal,False,0
2026-05-26 17:23:53,patient_001,104,True,synthetic_ad8232,99,True,synthetic_max30102,36.78,2213,1671,2073,0,False,False,-0.001,0.007,0.972,False,normal_postmeal,synthetic_label_demo,synthetic_normal_postmeal,True,0.9720257198243264,8.792041856133276,106.6,0.0,normal_postmeal,False,0
2026-05-26 17:23:58,patient_001,91,True,synthetic_ad8232,95,True,synthetic_max30102,36.27,2188,1710,2122,0,False,False,0.109,0.137,1.064,False,normal_postmeal,synthetic_label_demo,synthetic_normal_postmeal,True,1.078307006376199,11.300442469213293,103.8,4.0,normal_postmeal,False,0
2026-05-26 17:24:03,patient_001,100,True,synthetic_ad8232,95,True,synthetic_max30102,37.22,2054,1605,1992,0,False,False,0.114,-0.009,0.87,False,normal_postmeal,synthetic_label_demo,synthetic_normal_postmeal,True,0.8774833331750524,10.922453936730493,104.4,0.0,normal_postmeal,False,0
2026-05-26 17:24:08,patient_001,117,True,synthetic_ad8232,100,True,synthetic_max30102,36.34,2123,1649,2046,0,False,False,-0.008,0.143,0.84,False,normal_postmeal,synthetic_label_demo,synthetic_normal_postmeal,True,0.8521226437549937,12.340988615179882,106.6,0.0,normal_postmeal,False,0
2026-05-26 17:24:13,patient_001,107,True,synthetic_ad8232,100,True,synthetic_max30102,36.42,2088,1646,2042,0,False,False,0.004,0.089,1.064,False,normal_postmeal,synthetic_label_demo,synthetic_normal_postmeal,True,1.0677232787571882,9.523654760647272,103.8,0.0,normal_postmeal,False,0
2026-05-26 17:24:18,patient_001,109,True,synthetic_ad8232,99,True,synthetic_max30102,37.04,2069,1683,2089,0,False,False,0.089,0.062,0.936,False,normal_postmeal,synthetic_label_demo,synthetic_normal_postmeal,True,0.9422637634972493,9.808159868191355,104.8,1.0,normal_postmeal,False,0
2026-05-26 17:24:23,patient_001,104,True,synthetic_ad8232,100,True,synthetic_max30102,36.31,2055,1667,2068,0,False,False,-0.034,0.053,0.955,False,normal_postmeal,synthetic_label_demo,synthetic_normal_postmeal,True,0.9570736648764294,6.348228099241509,107.4,0.0,normal_postmeal,False,0
2026-05-26 17:24:28,patient_001,99,True,synthetic_ad8232,95,True,synthetic_max30102,37.19,2105,1724,2139,0,False,False,0.003,0.024,0.823,False,normal_postmeal,synthetic_label_demo,synthetic_normal_postmeal,True,0.8233553303404307,6.648308055437824,107.2,5.0,normal_postmeal,False,0
2026-05-26 17:24:33,patient_001,110,True,synthetic_ad8232,95,True,synthetic_max30102,37.0,2347,1721,2136,0,False,False,0.048,0.134,0.929,False,normal_postmeal,synthetic_label_demo,synthetic_normal_postmeal,True,0.9398409439899924,4.43846820423437,105.8,0.0,normal_postmeal,False,0
2026-05-26 17:24:38,patient_001,112,True,synthetic_ad8232,96,True,synthetic_max30102,36.28,2162,1707,2118,0,False,False,0.13,-0.038,0.989,False,normal_postmeal,synthetic_label_demo,synthetic_normal_postmeal,True,0.9982309352048754,5.2630789467762575,106.8,0.0,normal_postmeal,False,0
2026-05-26 17:24:43,patient_001,122,True,synthetic_ad8232,95,True,synthetic_max30102,36.96,2081,1707,2118,0,False,False,-0.014,-0.106,1.074,False,normal_postmeal,synthetic_label_demo,synthetic_normal_postmeal,True,1.0793090382276989,8.706319543871535,109.4,1.0,normal_postmeal,False,0
2026-05-26 17:24:48,patient_001,111,True,synthetic_ad8232,100,True,synthetic_max30102,36.89,2149,1702,2112,0,False,False,-0.126,0.095,0.921,False,normal_postmeal,synthetic_label_demo,synthetic_normal_postmeal,True,0.934420676141105,8.167006795638132,110.8,0.0,normal_postmeal,False,0
2026-05-26 17:24:53,patient_001,125,True,synthetic_ad8232,95,True,synthetic_max30102,37.03,1996,1674,2077,0,False,False,-0.132,0.097,1.139,False,normal_postmeal,synthetic_label_demo,synthetic_normal_postmeal,True,1.1507189057280671,6.96419413859202,116.0,5.0,normal_postmeal,False,0
2026-05-26 17:24:58,patient_001,119,True,synthetic_ad8232,98,True,synthetic_max30102,37.11,2265,1729,2145,0,False,False,-0.073,0.083,0.928,False,normal_postmeal,synthetic_label_demo,synthetic_normal_postmeal,True,0.9345597894195962,6.140032573203456,117.8,0.0,normal_postmeal,False,0
2026-05-26 17:25:03,patient_001,90,True,synthetic_ad8232,100,True,synthetic_max30102,36.99,1960,1622,2013,0,False,False,-0.078,0.077,0.929,False,normal_postmeal,synthetic_label_demo,synthetic_normal_postmeal,True,0.9354432104622921,14.081903280451812,113.4,0.0,normal_postmeal,False,0
2026-05-26 17:25:08,patient_001,131,True,synthetic_ad8232,95,True,synthetic_max30102,37.23,2083,1735,2153,0,False,False,0.016,0.141,1.322,False,stress,synthetic_label_demo,synthetic_stress,True,1.3295942990250824,15.912259424732852,115.2,5.0,stress,False,0
2026-05-26 17:25:13,patient_001,138,True,synthetic_ad8232,95,True,synthetic_max30102,37.36,2125,1734,2152,0,False,False,-0.04,-0.247,1.095,False,stress,synthetic_label_demo,synthetic_stress,True,1.1232248216630543,18.501351301999524,120.6,0.0,stress,False,0
2026-05-26 17:25:18,patient_001,147,True,synthetic_ad8232,96,True,synthetic_max30102,37.22,2113,1696,2104,0,False,False,0.343,-0.116,0.837,False,stress,synthetic_label_demo,synthetic_stress,True,0.9119616219995226,22.079402165819605,125.0,0.0,stress,False,0
2026-05-26 17:25:23,patient_001,127,True,synthetic_ad8232,94,True,synthetic_max30102,36.91,1964,1653,2051,0,False,False,0.282,0.32,0.916,False,stress,synthetic_label_demo,synthetic_stress,True,1.0104355496517332,21.824298385056952,126.6,2.0,stress,False,0
2026-05-26 17:25:28,patient_001,138,True,synthetic_ad8232,96,True,synthetic_max30102,37.38,2129,1695,2103,0,False,False,0.084,0.144,1.125,False,stress,synthetic_label_demo,synthetic_stress,True,1.137284924722033,7.661592523751152,136.2,0.0,stress,False,0
2026-05-26 17:25:33,patient_001,121,True,synthetic_ad8232,99,True,synthetic_max30102,37.23,2264,1721,2135,0,False,False,0.033,-0.042,1.168,False,stress,synthetic_label_demo,synthetic_stress,True,1.1692206806244918,10.232301793829164,134.2,0.0,stress,False,0
2026-05-26 17:25:38,patient_001,122,True,synthetic_ad8232,96,True,synthetic_max30102,36.69,2103,1726,2142,0,False,False,0.059,0.053,0.989,False,stress,synthetic_label_demo,synthetic_stress,True,0.9921748837780565,11.202678251204018,131.0,3.0,stress,False,0
2026-05-26 17:25:43,patient_001,143,True,synthetic_ad8232,94,True,synthetic_max30102,37.19,2113,1677,2081,0,False,False,0.116,0.082,1.007,False,stress,synthetic_label_demo,synthetic_stress,True,1.016970501047105,9.833615815151594,130.2,2.0,stress,False,0
2026-05-26 17:25:48,patient_001,142,True,synthetic_ad8232,98,True,synthetic_max30102,37.63,1877,1690,2097,0,False,False,0.336,0.198,1.121,False,stress,synthetic_label_demo,synthetic_stress,True,1.1869039556762797,10.848963084092397,133.2,0.0,stress,False,0
2026-05-26 17:25:53,patient_001,131,True,synthetic_ad8232,94,True,synthetic_max30102,37.33,2089,1686,2092,0,False,False,0.148,-0.137,1.021,False,stress,synthetic_label_demo,synthetic_stress,True,1.0407276300742667,10.521406750050089,131.8,4.0,stress,False,0
2026-05-26 17:25:58,patient_001,139,True,synthetic_ad8232,95,True,synthetic_max30102,37.06,2095,1708,2120,0,False,False,0.196,-0.055,0.793,False,stress,synthetic_label_demo,synthetic_stress,True,0.8187124037169585,8.84872872225155,135.4,0.0,stress,False,0
2026-05-26 17:26:03,patient_001,131,True,synthetic_ad8232,94,True,synthetic_max30102,36.85,1998,1662,2063,0,False,False,0.267,0.124,0.87,False,stress,synthetic_label_demo,synthetic_stress,True,0.9184579467781854,5.848076606885335,137.2,1.0,stress,False,0
2026-05-26 17:26:08,patient_001,128,True,synthetic_ad8232,99,True,synthetic_max30102,36.52,2143,1657,2056,0,False,False,-0.107,0.064,1.038,False,stress,synthetic_label_demo,synthetic_stress,True,1.045461142271677,5.974947698515816,134.2,0.0,stress,False,0
2026-05-26 17:26:13,patient_001,133,True,synthetic_ad8232,99,True,synthetic_max30102,36.74,2065,1685,2091,0,False,False,0.201,0.171,1.194,False,stress,synthetic_label_demo,synthetic_stress,True,1.2228156034333222,4.098780306383769,132.4,0.0,stress,False,0
2026-05-26 17:26:18,patient_001,129,True,synthetic_ad8232,97,True,synthetic_max30102,36.42,2111,1712,2125,0,False,False,0.033,-0.117,1.259,False,stress,synthetic_label_demo,synthetic_stress,True,1.2648553276956223,4.3588989435406065,132.0,2.0,stress,False,0
2026-05-26 17:26:23,patient_001,145,True,synthetic_ad8232,97,True,synthetic_max30102,37.78,2062,1686,2092,0,False,False,-0.323,0.137,1.125,False,stress,synthetic_label_demo,synthetic_stress,True,1.178440919180932,6.870225614927028,133.2,0.0,stress,False,0
2026-05-26 17:26:28,patient_001,132,True,synthetic_ad8232,97,True,synthetic_max30102,36.71,1968,1709,2121,0,False,False,-0.261,0.255,1.046,False,stress,synthetic_label_demo,synthetic_stress,True,1.1078185772047695,6.804410334481561,133.4,0.0,stress,False,0
2026-05-26 17:26:33,patient_001,129,True,synthetic_ad8232,97,True,synthetic_max30102,37.54,2078,1748,2169,0,False,False,-0.083,0.158,1.12,False,stress,synthetic_label_demo,synthetic_stress,True,1.1341309448207468,6.618156843109678,133.6,0.0,stress,False,0
2026-05-26 17:26:38,patient_001,136,True,synthetic_ad8232,97,True,synthetic_max30102,36.64,2150,1671,2073,0,False,False,0.165,0.102,0.893,False,stress,synthetic_label_demo,synthetic_stress,True,0.9138260228292912,6.685805860178672,134.2,0.0,stress,False,0
2026-05-26 17:26:43,patient_001,143,True,synthetic_ad8232,99,True,synthetic_max30102,36.8,1964,1719,2133,0,False,False,0.098,0.065,0.975,False,stress,synthetic_label_demo,synthetic_stress,True,0.9820661892153705,6.8920243760450735,137.0,0.0,stress,False,0
2026-05-26 17:26:48,patient_001,128,True,synthetic_ad8232,98,True,synthetic_max30102,36.99,2105,1745,2166,0,False,False,0.109,-0.054,0.868,False,stress,synthetic_label_demo,synthetic_stress,True,0.8764821732357139,6.107372593840945,133.6,1.0,stress,False,0
2026-05-26 17:26:53,patient_001,149,True,synthetic_ad8232,94,True,synthetic_max30102,36.85,2101,1719,2133,0,False,False,0.392,0.068,0.8,False,stress,synthetic_label_demo,synthetic_stress,True,0.8934696413421108,9.027735042633864,137.0,4.0,stress,False,0
2026-05-26 17:26:58,patient_001,134,True,synthetic_ad8232,96,True,synthetic_max30102,37.52,2242,1695,2103,0,False,False,-0.123,0.282,1.053,False,stress,synthetic_label_demo,synthetic_stress,True,1.0970241565252792,8.154753215150013,138.0,0.0,stress,False,0
2026-05-26 17:27:03,patient_001,140,True,synthetic_ad8232,99,True,synthetic_max30102,37.74,2251,1765,2190,0,False,False,0.076,0.061,1.03,False,stress,synthetic_label_demo,synthetic_stress,True,1.0345999226754272,8.105553651663746,138.8,0.0,stress,False,0
2026-05-26 17:27:08,patient_001,149,True,synthetic_ad8232,96,True,synthetic_max30102,37.63,2093,1723,2138,0,False,False,0.129,-0.062,1.11,False,stress,synthetic_label_demo,synthetic_stress,True,1.1191894388350885,9.246621004453438,140.0,3.0,stress,False,0
2026-05-26 17:27:13,patient_001,133,True,synthetic_ad8232,95,True,synthetic_max30102,36.62,2281,1754,2177,0,False,False,-0.038,0.001,1.087,False,stress,synthetic_label_demo,synthetic_stress,True,1.0876644703216152,7.77817459305199,141.0,1.0,stress,False,0
2026-05-26 17:27:18,patient_001,126,True,synthetic_ad8232,99,True,synthetic_max30102,37.49,2077,1721,2136,0,False,False,0.085,0.112,1.039,False,stress,synthetic_label_demo,synthetic_stress,True,1.0484703143150977,8.61974477580395,136.4,0.0,stress,False,0
2026-05-26 17:27:23,patient_001,143,True,synthetic_ad8232,97,True,synthetic_max30102,36.61,2208,1714,2127,0,False,False,-0.176,0.02,1.089,False,stress,synthetic_label_demo,synthetic_stress,True,1.103311832620316,8.927485648266229,138.2,2.0,stress,False,0
2026-05-26 17:27:28,patient_001,120,True,synthetic_ad8232,97,True,synthetic_max30102,37.68,2021,1716,2130,0,False,False,0.306,0.158,0.993,False,stress,synthetic_label_demo,synthetic_stress,True,1.0510228351467916,11.903780911962361,134.2,0.0,stress,False,0
2026-05-26 17:27:33,patient_001,134,True,synthetic_ad8232,96,True,synthetic_max30102,37.13,2229,1727,2143,0,False,False,-0.029,0.164,1.066,False,stress,synthetic_label_demo,synthetic_stress,True,1.0789314157999108,8.70057469366245,131.2,1.0,stress,False,0
2026-05-26 17:27:38,patient_001,150,True,synthetic_ad8232,94,True,synthetic_max30102,36.87,2167,1772,2199,0,False,False,0.405,0.222,0.884,False,stress,synthetic_label_demo,synthetic_stress,True,0.9973790653507824,12.198360545581503,134.6,2.0,stress,False,0
2026-05-26 17:27:43,patient_001,132,True,synthetic_ad8232,96,True,synthetic_max30102,36.62,2019,1693,2101,0,False,False,0.075,0.308,1.059,False,stress,synthetic_label_demo,synthetic_stress,True,1.1054275191074265,11.410521460476707,135.8,0.0,stress,False,0
2026-05-26 17:27:48,patient_001,141,True,synthetic_ad8232,96,True,synthetic_max30102,36.42,2124,1725,2141,0,False,False,0.244,0.239,1.107,False,stress,synthetic_label_demo,synthetic_stress,True,1.1584929865994011,11.126544836560877,135.4,0.0,stress,False,0
2026-05-26 17:27:53,patient_001,136,True,synthetic_ad8232,99,True,synthetic_max30102,36.75,2151,1716,2129,0,False,False,0.071,-0.069,0.893,False,stress,synthetic_label_demo,synthetic_stress,True,0.898471479792208,7.197221686178596,138.6,0.0,stress,False,0
2026-05-26 17:27:58,patient_001,126,True,synthetic_ad8232,95,True,synthetic_max30102,37.68,2109,1732,2149,0,False,False,0.075,-0.065,1.008,False,stress,synthetic_label_demo,synthetic_stress,True,1.012874128408856,9.11043357914427,137.0,4.0,stress,False,0
2026-05-26 17:28:03,patient_001,129,True,synthetic_ad8232,94,True,synthetic_max30102,37.52,2119,1672,2075,0,False,False,-0.013,0.068,0.9,False,stress,synthetic_label_demo,synthetic_stress,True,0.9026588502861976,5.890670590009214,132.8,1.0,stress,False,0
2026-05-26 17:28:08,patient_001,136,True,synthetic_ad8232,96,True,synthetic_max30102,37.76,2131,1755,2178,0,False,False,0.099,0.008,0.916,False,stress,synthetic_label_demo,synthetic_stress,True,0.921369089995969,6.024948132556786,133.6,0.0,stress,False,0
2026-05-26 17:28:13,patient_001,123,True,synthetic_ad8232,99,True,synthetic_max30102,36.54,2183,1719,2133,0,False,False,0.131,-0.102,0.82,False,stress,synthetic_label_demo,synthetic_stress,True,0.8366391097719493,5.873670062235322,130.0,0.0,stress,False,0
2026-05-26 17:28:18,patient_001,132,True,synthetic_ad8232,96,True,synthetic_max30102,37.23,2102,1666,2067,0,False,False,-0.045,0.009,1.203,False,stress,synthetic_label_demo,synthetic_stress,True,1.2038749935105388,5.0695167422545815,129.2,3.0,stress,False,0
2026-05-26 17:28:23,patient_001,132,True,synthetic_ad8232,96,True,synthetic_max30102,36.76,2175,1757,2180,0,False,False,0.06,0.004,1.171,False,stress,synthetic_label_demo,synthetic_stress,True,1.1725429629655368,4.827007354458818,130.4,0.0,stress,False,0
2026-05-26 17:28:28,patient_001,145,True,synthetic_ad8232,98,True,synthetic_max30102,37.16,2211,1810,2246,0,False,False,-0.018,-0.027,1.086,False,stress,synthetic_label_demo,synthetic_stress,True,1.0864846984656527,7.956129712366405,133.6,0.0,stress,False,0
2026-05-26 17:28:33,patient_001,123,True,synthetic_ad8232,97,True,synthetic_max30102,36.85,2170,1739,2158,0,False,False,0.448,0.029,1.316,False,stress,synthetic_label_demo,synthetic_stress,True,1.3904679068572565,9.027735042633868,131.0,1.0,stress,False,0
2026-05-26 17:28:38,patient_001,146,True,synthetic_ad8232,95,True,synthetic_max30102,36.8,2255,1782,2211,0,False,False,0.066,0.269,0.97,False,stress,synthetic_label_demo,synthetic_stress,True,1.008770043171386,9.7621718894926,135.6,2.0,stress,False,0
2026-05-26 17:28:43,patient_001,132,True,synthetic_ad8232,99,True,synthetic_max30102,37.2,2295,1716,2130,0,False,False,0.327,0.112,1.485,False,stress,synthetic_label_demo,synthetic_stress,True,1.5246960352804755,9.7621718894926,135.6,0.0,stress,False,0
2026-05-26 17:28:48,patient_001,140,True,synthetic_ad8232,97,True,synthetic_max30102,36.66,2138,1662,2063,0,False,False,0.049,0.475,0.964,False,stress,synthetic_label_demo,synthetic_stress,True,1.0757890127715564,9.679876032264026,137.2,2.0,stress,False,0
2026-05-26 17:28:53,patient_001,137,True,synthetic_ad8232,94,True,synthetic_max30102,37.06,2129,1653,2051,0,False,False,0.121,0.107,1.041,False,stress,synthetic_label_demo,synthetic_stress,True,1.0534566910889123,8.677557259966626,135.6,3.0,stress,False,0
2026-05-26 17:28:58,patient_001,129,True,synthetic_ad8232,96,True,synthetic_max30102,37.31,2380,1719,2133,0,False,False,-0.131,0.034,0.936,False,stress,synthetic_label_demo,synthetic_stress,True,0.9457341063956614,6.685805860178678,136.8,0.0,stress,False,0
2026-05-26 17:29:03,patient_001,148,True,synthetic_ad8232,99,True,synthetic_max30102,36.58,2164,1711,2123,0,False,False,0.008,0.081,1.06,False,stress,synthetic_label_demo,synthetic_stress,True,1.0631204071035416,7.395944834840212,137.2,0.0,stress,False,0
2026-05-26 17:29:08,patient_001,126,True,synthetic_ad8232,96,True,synthetic_max30102,37.7,2115,1673,2076,0,False,False,0.114,0.121,1.134,False,stress,synthetic_label_demo,synthetic_stress,True,1.146120848776428,8.803408430829483,136.0,3.0,stress,False,0
2026-05-26 17:29:13,patient_001,121,True,synthetic_ad8232,97,True,synthetic_max30102,37.11,2163,1698,2107,0,False,False,0.334,0.15,0.982,False,stress,synthetic_label_demo,synthetic_stress,True,1.048036258914738,10.56882207249226,132.2,0.0,stress,False,0
2026-05-26 17:29:18,patient_001,143,True,synthetic_ad8232,97,True,synthetic_max30102,37.55,2089,1749,2170,0,False,False,0.116,0.412,1.284,False,stress,synthetic_label_demo,synthetic_stress,True,1.3534607493385244,11.545561917897265,133.4,0.0,stress,False,0
2026-05-26 17:29:23,patient_001,139,True,synthetic_ad8232,98,True,synthetic_max30102,37.32,2035,1669,2071,0,False,False,0.301,-0.055,1.038,False,stress,synthetic_label_demo,synthetic_stress,True,1.0821598772824652,11.458621208504955,135.4,0.0,stress,False,0
2026-05-26 17:29:28,patient_001,147,True,synthetic_ad8232,99,True,synthetic_max30102,37.39,2088,1715,2128,0,False,False,0.183,0.217,1.043,False,stress,synthetic_label_demo,synthetic_stress,True,1.080938018574608,11.189280584559473,135.2,0.0,stress,False,0
2026-05-26 17:29:33,patient_001,134,True,synthetic_ad8232,94,True,synthetic_max30102,37.4,2249,1770,2197,0,False,False,0.34,0.113,0.855,False,stress,synthetic_label_demo,synthetic_stress,True,0.9270350586682253,10.059821071967416,136.8,5.0,stress,False,0
2026-05-26 17:29:38,patient_001,120,True,synthetic_ad8232,97,True,synthetic_max30102,37.63,2046,1660,2060,0,False,False,0.071,-0.171,1.067,False,stress,synthetic_label_demo,synthetic_stress,True,1.0829455203287004,10.45466403094808,136.6,0.0,stress,False,0
2026-05-26 17:29:43,patient_001,120,True,synthetic_ad8232,97,True,synthetic_max30102,37.26,2158,1730,2147,0,False,False,0.462,0.203,0.979,False,stress,synthetic_label_demo,synthetic_stress,True,1.101405465757275,11.8953772533703,132.0,0.0,stress,False,0
2026-05-26 17:29:48,patient_001,133,True,synthetic_ad8232,94,True,synthetic_max30102,36.79,2193,1697,2106,0,False,False,0.002,0.283,0.903,False,stress,synthetic_label_demo,synthetic_stress,True,0.9463096744723685,11.300442469213298,130.8,3.0,stress,False,0
2026-05-26 17:29:53,patient_001,127,True,synthetic_ad8232,98,True,synthetic_max30102,36.54,2212,1727,2143,0,False,False,-0.043,-0.057,0.876,False,stress,synthetic_label_demo,synthetic_stress,True,0.8789050005546675,6.760177512462201,126.8,0.0,stress,False,0
2026-05-26 17:29:58,patient_001,148,True,synthetic_ad8232,94,True,synthetic_max30102,37.25,2186,1772,2199,0,False,False,-0.114,0.079,1.427,False,stress,synthetic_label_demo,synthetic_stress,True,1.433724520261825,11.631852818876256,129.6,4.0,stress,False,0
2026-05-26 17:30:03,patient_001,123,True,synthetic_ad8232,96,True,synthetic_max30102,36.49,2092,1729,2146,0,False,False,0.453,-0.196,0.958,False,stress,synthetic_label_demo,synthetic_stress,True,1.077677595572999,11.077003204838366,130.2,0.0,stress,False,0
2026-05-26 17:30:08,patient_001,147,True,synthetic_ad8232,95,True,synthetic_max30102,36.74,2280,1764,2189,0,False,False,0.211,-0.121,0.767,False,stress,synthetic_label_demo,synthetic_stress,True,0.8046433992769717,11.4367827643966,135.6,1.0,stress,False,0
2026-05-26 17:30:13,patient_001,126,True,synthetic_ad8232,94,True,synthetic_max30102,36.48,2127,1664,2065,0,False,False,0.027,0.248,0.888,False,stress,synthetic_label_demo,synthetic_stress,True,0.9223757368881729,12.235195135346196,134.2,1.0,stress,False,0
2026-05-26 17:30:18,patient_001,123,True,synthetic_ad8232,98,True,synthetic_max30102,37.17,2034,1743,2163,0,False,False,0.28,0.005,0.992,False,stress,synthetic_label_demo,synthetic_stress,True,1.030771070606854,12.934450123603993,133.4,0.0,stress,False,0
2026-05-26 17:30:23,patient_001,128,True,synthetic_ad8232,95,True,synthetic_max30102,36.62,2057,1678,2082,0,False,False,0.19,-0.097,1.087,False,stress,synthetic_label_demo,synthetic_stress,True,1.1077355280029615,10.064790112068891,129.4,3.0,stress,False,0
2026-05-26 17:30:28,patient_001,124,True,synthetic_ad8232,95,True,synthetic_max30102,37.25,2139,1713,2126,0,False,False,0.395,0.117,1.089,False,stress,synthetic_label_demo,synthetic_stress,True,1.1643173965890916,9.914635646356338,129.6,0.0,stress,False,0
2026-05-26 17:30:33,patient_001,132,True,synthetic_ad8232,99,True,synthetic_max30102,37.51,2200,1723,2138,0,False,False,-0.168,-0.004,1.108,False,stress,synthetic_label_demo,synthetic_stress,True,1.1206712274347015,3.5777087639996785,126.6,0.0,stress,False,0
2026-05-26 17:30:38,patient_001,130,True,synthetic_ad8232,99,True,synthetic_max30102,37.55,2218,1729,2145,0,False,False,0.038,0.005,0.897,False,stress,synthetic_label_demo,synthetic_stress,True,0.8978184671747402,3.8470768123342705,127.4,0.0,stress,False,0
2026-05-26 17:30:43,patient_001,136,True,synthetic_ad8232,94,True,synthetic_max30102,36.83,2170,1730,2147,0,False,False,0.006,0.198,1.054,False,stress,synthetic_label_demo,synthetic_stress,True,1.0724532623848928,4.472135954999545,130.0,5.0,stress,False,0
2026-05-26 17:30:48,patient_001,136,True,synthetic_ad8232,95,True,synthetic_max30102,37.17,2141,1687,2094,0,False,False,-0.236,-0.106,0.86,False,stress,synthetic_label_demo,synthetic_stress,True,0.8980712666598347,4.979959839195443,131.6,0.0,stress,False,0
2026-05-26 17:30:53,patient_001,120,True,synthetic_ad8232,98,True,synthetic_max30102,37.19,2052,1650,2047,0,False,False,0.25,-0.065,0.901,False,stress,synthetic_label_demo,synthetic_stress,True,0.9372971780604058,6.57267069006196,130.8,0.0,stress,False,0
2026-05-26 17:30:58,patient_001,123,True,synthetic_ad8232,98,True,synthetic_max30102,37.06,2098,1734,2152,0,False,False,0.037,0.105,0.853,False,stress,synthetic_label_demo,synthetic_stress,True,0.8602342704170766,7.348469228349519,129.0,0.0,stress,False,0
2026-05-26 17:31:03,patient_001,125,True,synthetic_ad8232,99,True,synthetic_max30102,37.32,2103,1712,2124,0,False,False,0.198,0.235,0.81,False,stress,synthetic_label_demo,synthetic_stress,True,0.8663307682403991,7.516648189186449,128.0,0.0,stress,False,0
2026-05-26 17:31:08,patient_001,126,True,synthetic_ad8232,97,True,synthetic_max30102,36.69,2171,1748,2169,0,False,False,0.458,0.278,1.17,False,stress,synthetic_label_demo,synthetic_stress,True,1.2868364309421767,6.041522986797302,126.0,2.0,stress,False,0
2026-05-26 17:31:13,patient_001,122,True,synthetic_ad8232,94,True,synthetic_max30102,37.77,2106,1700,2109,0,False,False,0.023,-0.026,1.11,False,stress,synthetic_label_demo,synthetic_stress,True,1.1105426601441297,2.3874672772627896,123.2,3.0,stress,False,0
2026-05-26 17:31:18,patient_001,129,True,synthetic_ad8232,99,True,synthetic_max30102,36.54,1907,1658,2058,0,False,False,0.013,0.23,1.156,False,stress,synthetic_label_demo,synthetic_stress,True,1.1787302490391938,2.7386127875258923,125.0,0.0,stress,False,0
2026-05-26 17:31:23,patient_001,137,True,synthetic_ad8232,94,True,synthetic_max30102,37.56,2145,1754,2177,0,False,False,0.099,-0.045,1.006,False,stress,synthetic_label_demo,synthetic_stress,True,1.0118606623443762,5.718391382198315,127.8,5.0,stress,False,0
2026-05-26 17:31:28,patient_001,129,True,synthetic_ad8232,94,True,synthetic_max30102,37.23,2109,1696,2105,0,False,False,0.238,0.372,1.124,False,stress,synthetic_label_demo,synthetic_stress,True,1.2076439872743954,5.50454357780914,128.6,0.0,stress,False,0
2026-05-26 17:31:33,patient_001,130,True,synthetic_ad8232,98,True,synthetic_max30102,36.74,2115,1723,2138,0,False,False,-0.011,-0.101,0.718,False,stress,synthetic_label_demo,synthetic_stress,True,0.7251523977758055,5.319774431308132,129.4,0.0,stress,False,0
2026-05-26 17:31:38,patient_001,134,True,synthetic_ad8232,97,True,synthetic_max30102,37.44,2080,1692,2100,0,False,False,-0.021,0.293,1.138,False,stress,synthetic_label_demo,synthetic_stress,True,1.1753016634039108,3.563705936241024,131.8,1.0,stress,False,0
2026-05-26 17:31:43,patient_001,137,True,synthetic_ad8232,94,True,synthetic_max30102,36.52,2246,1779,2207,0,False,False,0.249,-0.025,1.028,False,stress,synthetic_label_demo,synthetic_stress,True,1.0580217389070983,3.781534080237721,133.4,3.0,stress,False,0
2026-05-26 17:31:48,patient_001,172,True,synthetic_ad8232,96,True,synthetic_max30102,37.89,2191,1770,2197,0,False,False,0.022,0.075,1.004,False,anomaly_high_hr,synthetic_label_demo,synthetic_anomaly_high_hr,True,1.0070377351420352,17.95271567200903,140.4,0.0,anomaly_high_hr,True,1
2026-05-26 17:31:53,patient_001,159,True,synthetic_ad8232,97,True,synthetic_max30102,37.72,2182,1798,2231,0,False,False,-0.041,-0.043,1.038,False,anomaly_high_hr,synthetic_label_demo,synthetic_anomaly_high_hr,True,1.03969899490189,18.201648277010463,146.4,0.0,anomaly_high_hr,True,1
2026-05-26 17:31:58,patient_001,166,True,synthetic_ad8232,94,True,synthetic_max30102,37.79,2023,1753,2175,0,False,False,-0.262,0.33,0.601,False,anomaly_high_hr,synthetic_label_demo,synthetic_anomaly_high_hr,True,0.7339925067737408,17.184295155751872,153.6,3.0,anomaly_high_hr,True,1
2026-05-26 17:32:03,patient_001,172,True,synthetic_ad8232,98,True,synthetic_max30102,37.17,2258,1798,2231,0,False,False,0.024,0.05,0.952,False,anomaly_high_hr,synthetic_label_demo,synthetic_anomaly_high_hr,True,0.9536141777469543,14.549914089093322,161.2,0.0,anomaly_high_hr,True,1
2026-05-26 17:32:08,patient_001,153,True,synthetic_ad8232,93,True,synthetic_max30102,37.95,2221,1778,2206,0,False,False,-0.314,0.557,0.759,False,anomaly_high_hr,synthetic_label_demo,synthetic_anomaly_high_hr,True,0.9924343807023214,8.32466215530672,164.4,5.0,anomaly_high_hr,True,1
2026-05-26 17:32:13,patient_001,178,True,synthetic_ad8232,98,True,synthetic_max30102,37.2,2230,1761,2185,0,False,False,-0.037,0.014,1.07,False,anomaly_high_hr,synthetic_label_demo,synthetic_anomaly_high_hr,True,1.0707310586697296,9.964938534682275,165.6,0.0,anomaly_high_hr,True,1
2026-05-26 17:32:18,patient_001,176,True,synthetic_ad8232,92,True,synthetic_max30102,37.47,2112,1788,2219,0,False,False,0.044,-0.804,1.171,False,anomaly_high_hr,synthetic_label_demo,synthetic_anomaly_high_hr,True,1.4211238510418438,10.049875621120657,169.0,6.0,anomaly_high_hr,True,1
2026-05-26 17:32:23,patient_001,153,True,synthetic_ad8232,92,True,synthetic_max30102,36.5,2199,1730,2147,0,False,False,0.02,-0.172,0.833,False,anomaly_high_hr,synthetic_label_demo,synthetic_anomaly_high_hr,True,0.850807263720756,12.421755109484149,166.4,0.0,anomaly_high_hr,True,1
2026-05-26 17:32:28,patient_001,153,True,synthetic_ad8232,92,True,synthetic_max30102,37.6,2381,1787,2217,0,False,False,0.04,0.081,0.864,False,anomaly_high_hr,synthetic_label_demo,synthetic_anomaly_high_hr,True,0.8687099631062142,13.164345787011065,162.6,0.0,anomaly_high_hr,True,1
2026-05-26 17:32:33,patient_001,180,True,synthetic_ad8232,97,True,synthetic_max30102,37.72,2233,1795,2227,0,False,False,-0.101,-0.175,0.602,False,anomaly_high_hr,synthetic_label_demo,synthetic_anomaly_high_hr,True,0.6350039369956694,13.765899897936032,168.0,0.0,anomaly_high_hr,True,1
2026-05-26 17:32:38,patient_001,160,True,synthetic_ad8232,93,True,synthetic_max30102,37.46,2109,1704,2114,0,False,False,0.179,-0.28,0.981,False,anomaly_high_hr,synthetic_label_demo,synthetic_anomaly_high_hr,True,1.0357615555715514,12.817956155331306,164.4,4.0,anomaly_high_hr,True,1
2026-05-26 17:32:43,patient_001,181,True,synthetic_ad8232,95,True,synthetic_max30102,37.34,2232,1779,2207,0,False,False,0.065,-0.028,0.977,False,anomaly_high_hr,synthetic_label_demo,synthetic_anomaly_high_hr,True,0.9795601053534183,14.081903280451673,165.4,0.0,anomaly_high_hr,True,1
2026-05-26 17:32:48,patient_001,168,True,synthetic_ad8232,95,True,synthetic_max30102,37.88,2417,1816,2254,0,False,False,0.063,-0.075,0.895,False,anomaly_high_hr,synthetic_label_demo,synthetic_anomaly_high_hr,True,0.9003438232142208,12.259690045021339,168.4,0.0,anomaly_high_hr,True,1
2026-05-26 17:32:53,patient_001,162,True,synthetic_ad8232,97,True,synthetic_max30102,37.66,2081,1743,2163,0,False,False,0.082,-0.024,1.111,False,anomaly_high_hr,synthetic_label_demo,synthetic_anomaly_high_hr,True,1.1142804853357167,9.859006035092744,170.2,0.0,anomaly_high_hr,True,1
2026-05-26 17:32:58,patient_001,160,True,synthetic_ad8232,94,True,synthetic_max30102,36.97,2204,1763,2188,0,False,False,-0.106,0.307,1.076,False,anomaly_high_hr,synthetic_label_demo,synthetic_anomaly_high_hr,True,1.123948842252173,8.899438184514548,166.2,3.0,anomaly_high_hr,True,1
2026-05-26 17:33:03,patient_001,174,True,synthetic_ad8232,92,True,synthetic_max30102,38.13,2150,1784,2214,0,False,False,0.172,0.199,1.012,False,anomaly_high_hr,synthetic_label_demo,synthetic_anomaly_high_hr,True,1.0456237372975041,8.660254037844114,169.0,2.0,anomaly_high_hr,True,1
2026-05-26 17:33:08,patient_001,154,True,synthetic_ad8232,94,True,synthetic_max30102,37.7,2068,1702,2112,0,False,False,0.02,-0.133,1.08,False,anomaly_high_hr,synthetic_label_demo,synthetic_anomaly_high_hr,True,1.0883423174718514,7.668115805072061,163.6,0.0,anomaly_high_hr,True,1
2026-05-26 17:33:13,patient_001,165,True,synthetic_ad8232,94,True,synthetic_max30102,38.18,2194,1771,2198,0,False,False,0.103,-0.026,0.907,False,anomaly_high_hr,synthetic_label_demo,synthetic_anomaly_high_hr,True,0.9131998685939459,7.348469228349263,163.0,0.0,anomaly_high_hr,True,1
2026-05-26 17:33:18,patient_001,163,True,synthetic_ad8232,97,True,synthetic_max30102,38.15,2218,1700,2110,0,False,False,-0.02,0.048,0.988,False,anomaly_high_hr,synthetic_label_demo,synthetic_anomaly_high_hr,True,0.9893674747029033,7.32802838422423,163.2,0.0,anomaly_high_hr,True,1
2026-05-26 17:33:23,patient_001,156,True,synthetic_ad8232,97,True,synthetic_max30102,38.06,2278,1720,2134,0,False,False,0.076,0.015,1.069,False,anomaly_high_hr,synthetic_label_demo,synthetic_anomaly_high_hr,True,1.0718031535687884,7.956129712366186,162.4,0.0,anomaly_high_hr,True,1
2026-05-26 17:33:28,patient_001,163,True,synthetic_ad8232,92,True,synthetic_max30102,37.78,2257,1790,2221,0,False,False,-0.02,0.048,0.988,False,anomaly_high_hr,synthetic_label_demo,synthetic_anomaly_high_hr,True,0.9893674747029033,4.86826457785485,160.2,5.0,anomaly_high_hr,True,1
2026-05-26 17:33:33,patient_001,169,True,synthetic_ad8232,97,True,synthetic_max30102,37.54,2168,1771,2198,0,False,False,-0.289,0.161,1.316,False,anomaly_high_hr,synthetic_label_demo,synthetic_anomaly_high_hr,True,1.3569443614238574,4.711687595755466,163.2,0.0,anomaly_high_hr,True,1
2026-05-26 17:33:38,patient_001,174,True,synthetic_ad8232,92,True,synthetic_max30102,36.79,2374,1753,2175,0,False,False,0.058,0.012,0.941,False,anomaly_high_hr,synthetic_label_demo,synthetic_anomaly_high_hr,True,0.9428621320214318,6.819090848492611,165.0,5.0,anomaly_high_hr,True,1
2026-05-26 17:33:43,patient_001,154,True,synthetic_ad8232,96,True,synthetic_max30102,37.42,2145,1756,2179,0,False,False,0.01,0.266,0.157,False,anomaly_high_hr,synthetic_label_demo,synthetic_anomaly_high_hr,True,0.30903883251138525,8.467585252006376,163.2,0.0,anomaly_high_hr,True,1
2026-05-26 17:33:48,patient_001,181,True,synthetic_ad8232,94,True,synthetic_max30102,37.8,2151,1770,2197,0,False,False,-0.077,-0.292,0.827,False,anomaly_high_hr,synthetic_label_demo,synthetic_anomaly_high_hr,True,0.8804101316999935,10.329569206893156,168.2,2.0,anomaly_high_hr,True,1
2026-05-26 17:33:53,patient_001,181,True,synthetic_ad8232,94,True,synthetic_max30102,37.39,2058,1773,2200,0,False,False,0.051,0.062,0.935,False,anomaly_high_hr,synthetic_label_demo,synthetic_anomaly_high_hr,True,0.9384401952175749,11.166915420114677,171.8,0.0,anomaly_high_hr,True,1
2026-05-26 17:33:58,patient_001,175,True,synthetic_ad8232,95,True,synthetic_max30102,37.98,2332,1789,2220,0,False,False,-0.077,0.045,0.844,False,anomaly_high_hr,synthetic_label_demo,synthetic_anomaly_high_hr,True,0.8486990043590248,11.1130553854462,173.0,0.0,anomaly_high_hr,True,1
2026-05-26 17:34:03,patient_001,183,True,synthetic_ad8232,94,True,synthetic_max30102,36.69,2247,1749,2170,0,False,False,-0.134,0.04,0.615,False,anomaly_high_hr,synthetic_label_demo,synthetic_anomaly_high_hr,True,0.630698818771686,12.008330441822237,174.8,1.0,anomaly_high_hr,True,1
2026-05-26 17:34:08,patient_001,165,True,synthetic_ad8232,97,True,synthetic_max30102,37.15,2370,1754,2177,0,False,False,0.072,-0.009,0.996,False,anomaly_high_hr,synthetic_label_demo,synthetic_anomaly_high_hr,True,0.9986395746213946,7.348469228349156,177.0,0.0,anomaly_high_hr,True,1
2026-05-26 17:34:13,patient_001,179,True,synthetic_ad8232,98,True,synthetic_max30102,37.36,2071,1758,2182,0,False,False,0.065,0.044,1.003,False,anomaly_high_hr,synthetic_label_demo,synthetic_anomaly_high_hr,True,1.0060665981931811,7.127411872481798,176.6,0.0,anomaly_high_hr,True,1
2026-05-26 17:34:18,patient_001,176,True,synthetic_ad8232,97,True,synthetic_max30102,37.23,2238,1709,2121,0,False,False,0.045,-0.009,0.952,False,anomaly_high_hr,synthetic_label_demo,synthetic_anomaly_high_hr,True,0.9531054506191852,6.693280212272202,175.6,1.0,anomaly_high_hr,True,1
2026-05-26 17:34:23,patient_001,170,True,synthetic_ad8232,95,True,synthetic_max30102,36.68,2148,1726,2142,0,False,False,0.073,0.045,1.023,False,anomaly_high_hr,synthetic_label_demo,synthetic_anomaly_high_hr,True,1.026588038114608,7.162401831787626,174.6,2.0,anomaly_high_hr,True,1
2026-05-26 17:34:28,patient_001,157,True,synthetic_ad8232,95,True,synthetic_max30102,36.76,2298,1800,2234,0,False,False,0.022,0.034,1.042,False,anomaly_high_hr,synthetic_label_demo,synthetic_anomaly_high_hr,True,1.0427866512379222,8.79204185613304,169.4,0.0,anomaly_high_hr,True,1
2026-05-26 17:34:33,patient_001,170,True,synthetic_ad8232,95,True,synthetic_max30102,37.92,2068,1773,2200,0,False,False,-0.091,0.772,1.072,False,anomaly_high_hr,synthetic_label_demo,synthetic_anomaly_high_hr,True,1.324178613329788,8.443932733033536,170.4,0.0,anomaly_high_hr,True,1
2026-05-26 17:34:38,patient_001,182,True,synthetic_ad8232,97,True,synthetic_max30102,37.32,2258,1725,2141,0,False,False,-0.202,0.556,1.252,False,anomaly_high_hr,synthetic_label_demo,synthetic_anomaly_high_hr,True,1.384718021836937,9.27361849549544,171.0,0.0,anomaly_high_hr,True,1
2026-05-26 17:34:43,patient_001,185,True,synthetic_ad8232,95,True,synthetic_max30102,36.58,2199,1721,2136,0,False,False,0.158,0.039,0.966,False,anomaly_high_hr,synthetic_label_demo,synthetic_anomaly_high_hr,True,0.9796126785622978,11.166915420114675,172.8,2.0,anomaly_high_hr,True,1
2026-05-26 17:34:48,patient_001,166,True,synthetic_ad8232,95,True,synthetic_max30102,36.53,2169,1750,2172,0,False,False,0.063,-0.029,0.9,False,anomaly_high_hr,synthetic_label_demo,synthetic_anomaly_high_hr,True,0.9026682668621956,11.554220008291127,172.0,0.0,anomaly_high_hr,True,1
2026-05-26 17:34:53,patient_001,159,True,synthetic_ad8232,94,True,synthetic_max30102,37.3,2289,1803,2237,0,False,False,-0.218,0.04,0.43,False,anomaly_high_hr,synthetic_label_demo,synthetic_anomaly_high_hr,True,0.48376027120878784,10.922453936730284,172.4,1.0,anomaly_high_hr,True,1
2026-05-26 17:34:58,patient_001,177,True,synthetic_ad8232,94,True,synthetic_max30102,36.78,2124,1761,2185,0,False,False,0.009,0.091,0.971,False,anomaly_high_hr,synthetic_label_demo,synthetic_anomaly_high_hr,True,0.9752963652141845,10.986355173577575,173.8,0.0,anomaly_high_hr,True,1
2026-05-26 17:35:03,patient_001,153,True,synthetic_ad8232,95,True,synthetic_max30102,37.7,2170,1786,2216,0,False,False,0.063,0.174,0.87,False,anomaly_high_hr,synthetic_label_demo,synthetic_anomaly_high_hr,True,0.8894633213348373,13.038404810405122,168.0,0.0,anomaly_high_hr,True,1
2026-05-26 17:35:08,patient_001,156,True,synthetic_ad8232,96,True,synthetic_max30102,37.85,2141,1755,2178,0,False,False,-0.027,0.053,0.859,False,anomaly_high_hr,synthetic_label_demo,synthetic_anomaly_high_hr,True,0.8610569086883864,9.576011695899089,162.2,0.0,anomaly_high_hr,True,1
2026-05-26 17:35:13,patient_001,170,True,synthetic_ad8232,95,True,synthetic_max30102,36.89,2056,1776,2204,0,False,False,0.104,0.079,1.26,False,anomaly_high_hr,synthetic_label_demo,synthetic_anomaly_high_hr,True,1.2667505673967547,10.124228365658096,163.0,1.0,anomaly_high_hr,True,1
2026-05-26 17:35:18,patient_001,185,True,synthetic_ad8232,97,True,synthetic_max30102,37.51,2214,1729,2145,0,False,False,0.009,0.091,0.971,False,anomaly_high_hr,synthetic_label_demo,synthetic_anomaly_high_hr,True,0.9752963652141845,13.62717872488636,168.2,0.0,anomaly_high_hr,True,1
2026-05-26 17:35:23,patient_001,162,True,synthetic_ad8232,97,True,synthetic_max30102,36.76,2308,1783,2213,0,False,False,0.044,-0.0,0.956,False,anomaly_high_hr,synthetic_label_demo,synthetic_anomaly_high_hr,True,0.9570120166434694,12.833549781724297,165.2,0.0,anomaly_high_hr,True,1
2026-05-26 17:35:28,patient_001,166,True,synthetic_ad8232,95,True,synthetic_max30102,37.02,2106,1742,2162,0,False,False,0.078,-0.099,1.226,False,anomaly_high_hr,synthetic_label_demo,synthetic_anomaly_high_hr,True,1.2324613584206199,10.917875251164736,167.8,2.0,anomaly_high_hr,True,1
2026-05-26 17:35:33,patient_001,162,True,synthetic_ad8232,98,True,synthetic_max30102,38.01,2238,1781,2210,0,False,False,0.075,0.126,0.917,False,anomaly_high_hr,synthetic_label_demo,synthetic_anomaly_high_hr,True,0.9286495571527508,9.539392014169213,169.0,0.0,anomaly_high_hr,True,1
2026-05-26 17:35:38,patient_001,166,True,synthetic_ad8232,93,True,synthetic_max30102,37.42,2119,1725,2140,0,False,False,-0.104,0.084,1.378,False,anomaly_high_hr,synthetic_label_demo,synthetic_anomaly_high_hr,True,1.3844695735190427,9.602083107326006,168.2,5.0,anomaly_high_hr,True,1
2026-05-26 17:35:43,patient_001,151,True,synthetic_ad8232,98,True,synthetic_max30102,38.01,2188,1742,2162,0,False,False,0.541,0.509,1.075,False,anomaly_high_hr,synthetic_label_demo,synthetic_anomaly_high_hr,True,1.306670195573466,6.14817045957545,161.4,0.0,anomaly_high_hr,True,1
2026-05-26 17:35:48,patient_001,171,True,synthetic_ad8232,94,True,synthetic_max30102,36.88,2150,1773,2200,0,False,False,-0.0,-0.089,1.077,False,anomaly_high_hr,synthetic_label_demo,synthetic_anomaly_high_hr,True,1.0806710877968375,7.529940238806414,163.2,4.0,anomaly_high_hr,True,1
2026-05-26 17:35:53,patient_001,171,True,synthetic_ad8232,95,True,synthetic_max30102,37.06,2107,1755,2178,0,False,False,0.052,-0.018,0.957,False,anomaly_high_hr,synthetic_label_demo,synthetic_anomaly_high_hr,True,0.9585807216922317,8.288546314040591,164.2,0.0,anomaly_high_hr,True,1
2026-05-26 17:35:58,patient_001,162,True,synthetic_ad8232,93,True,synthetic_max30102,37.3,2273,1764,2189,0,False,False,-0.056,-0.221,0.906,False,anomaly_high_hr,synthetic_label_demo,synthetic_anomaly_high_hr,True,0.9342446146486476,8.288546314040591,164.2,2.0,anomaly_high_hr,True,1
2026-05-26 17:36:03,patient_001,160,True,synthetic_ad8232,95,True,synthetic_max30102,37.32,2151,1737,2156,0,False,False,0.075,-0.031,0.959,False,anomaly_high_hr,synthetic_label_demo,synthetic_anomaly_high_hr,True,0.9624276596191529,8.396427811873096,163.0,0.0,anomaly_high_hr,True,1
2026-05-26 17:36:08,patient_001,177,True,synthetic_ad8232,94,True,synthetic_max30102,38.2,2326,1744,2164,0,False,False,0.009,0.16,1.033,False,anomaly_high_hr,synthetic_label_demo,synthetic_anomaly_high_hr,True,1.0453563985550574,7.049822692805501,168.2,1.0,anomaly_high_hr,True,1
2026-05-26 17:36:13,patient_001,157,True,synthetic_ad8232,96,True,synthetic_max30102,36.69,2240,1802,2236,0,False,False,0.04,0.046,1.019,False,anomaly_high_hr,synthetic_label_demo,synthetic_anomaly_high_hr,True,1.020821727825187,8.324662155306706,165.4,0.0,anomaly_high_hr,True,1
2026-05-26 17:36:18,patient_001,152,True,synthetic_ad8232,92,True,synthetic_max30102,37.95,2129,1775,2203,0,False,False,0.173,-0.053,1.169,False,anomaly_high_hr,synthetic_label_demo,synthetic_anomaly_high_hr,True,1.182919692963136,9.3968079686666,161.6,4.0,anomaly_high_hr,True,1
2026-05-26 17:36:23,patient_001,152,True,synthetic_ad8232,97,True,synthetic_max30102,37.97,2220,1710,2122,0,False,False,0.199,0.226,0.883,False,anomaly_high_hr,synthetic_label_demo,synthetic_anomaly_high_hr,True,0.9329340812726267,10.310189135025427,159.6,0.0,anomaly_high_hr,True,1
2026-05-26 17:36:28,patient_001,181,True,synthetic_ad8232,98,True,synthetic_max30102,37.44,2275,1793,2225,0,False,False,0.115,0.001,0.531,False,anomaly_high_hr,synthetic_label_demo,synthetic_anomaly_high_hr,True,0.5433111447412063,14.096098751072791,163.8,0.0,anomaly_high_hr,True,1
2026-05-26 17:36:33,patient_001,163,True,synthetic_ad8232,95,True,synthetic_max30102,37.08,2197,1724,2139,0,False,False,0.046,0.06,0.999,False,anomaly_high_hr,synthetic_label_demo,synthetic_anomaly_high_hr,True,1.0018567761910881,12.062338081814662,161.0,3.0,anomaly_high_hr,True,1
2026-05-26 17:36:38,patient_001,154,True,synthetic_ad8232,95,True,synthetic_max30102,37.38,2201,1697,2106,0,False,False,-0.042,0.038,0.904,False,anomaly_high_hr,synthetic_label_demo,synthetic_anomaly_high_hr,True,0.905772598393217,12.381437719424842,160.4,0.0,anomaly_high_hr,True,1
2026-05-26 17:36:43,patient_001,181,True,synthetic_ad8232,96,True,synthetic_max30102,37.0,2194,1810,2246,0,False,False,-0.006,0.011,1.048,False,anomaly_high_hr,synthetic_label_demo,synthetic_anomaly_high_hr,True,1.0480749019034852,14.131525041551447,166.2,0.0,anomaly_high_hr,True,1
2026-05-26 17:36:48,patient_001,156,True,synthetic_ad8232,93,True,synthetic_max30102,37.86,2075,1680,2085,0,False,False,-0.003,0.009,0.908,False,anomaly_high_hr,synthetic_label_demo,synthetic_anomaly_high_hr,True,0.9080495581189388,13.20984481362274,167.0,3.0,anomaly_high_hr,True,1
2026-05-26 17:36:53,patient_001,162,True,synthetic_ad8232,97,True,synthetic_max30102,37.35,2199,1783,2213,0,False,False,0.17,0.059,1.027,False,anomaly_high_hr,synthetic_label_demo,synthetic_anomaly_high_hr,True,1.042645673275442,10.663020210052874,163.2,0.0,anomaly_high_hr,True,1
2026-05-26 17:36:58,patient_001,151,True,synthetic_ad8232,93,True,synthetic_max30102,38.07,2040,1727,2143,0,False,False,0.297,0.223,1.049,False,anomaly_high_hr,synthetic_label_demo,synthetic_anomaly_high_hr,True,1.1128068116254501,11.987493482792653,160.8,4.0,anomaly_high_hr,True,1
2026-05-26 17:37:03,patient_001,174,True,synthetic_ad8232,96,True,synthetic_max30102,37.56,2158,1756,2179,0,False,False,-0.118,0.026,0.987,False,anomaly_high_hr,synthetic_label_demo,synthetic_anomaly_high_hr,True,0.9943686439143181,12.477980605851089,164.8,0.0,anomaly_high_hr,True,1
2026-05-26 17:37:08,patient_001,175,True,synthetic_ad8232,94,True,synthetic_max30102,37.37,2316,1780,2209,0,False,False,0.117,-0.184,0.99,False,anomaly_high_hr,synthetic_label_demo,synthetic_anomaly_high_hr,True,1.0137282673379489,10.691117808723089,163.6,2.0,anomaly_high_hr,True,1
2026-05-26 17:37:13,patient_001,177,True,synthetic_ad8232,97,True,synthetic_max30102,37.71,2239,1789,2220,0,False,False,-0.022,0.027,0.984,False,anomaly_high_hr,synthetic_label_demo,synthetic_anomaly_high_hr,True,0.98461616886988,11.07700320483819,167.8,0.0,anomaly_high_hr,True,1
2026-05-26 17:37:18,patient_001,160,True,synthetic_ad8232,97,True,synthetic_max30102,37.36,2023,1717,2131,0,False,False,-0.077,-0.292,0.827,False,anomaly_high_hr,synthetic_label_demo,synthetic_anomaly_high_hr,True,0.8804101316999935,11.371015785759667,167.4,0.0,anomaly_high_hr,True,1
2026-05-26 17:37:23,patient_001,162,True,synthetic_ad8232,93,True,synthetic_max30102,38.04,2079,1775,2203,0,False,False,0.142,0.148,0.992,False,anomaly_high_hr,synthetic_label_demo,synthetic_anomaly_high_hr,True,1.012981737248999,7.956129712366143,169.6,4.0,anomaly_high_hr,True,1
2026-05-26 17:37:28,patient_001,183,True,synthetic_ad8232,96,True,synthetic_max30102,36.81,2341,1779,2208,0,False,False,0.003,-0.003,1.125,False,anomaly_high_hr,synthetic_label_demo,synthetic_anomaly_high_hr,True,1.1250079999715559,9.964938534682249,171.4,0.0,anomaly_high_hr,True,1
2026-05-26 17:37:33,patient_001,179,True,synthetic_ad8232,95,True,synthetic_max30102,38.15,2133,1725,2140,0,False,False,0.094,0.034,0.957,False,anomaly_high_hr,synthetic_label_demo,synthetic_anomaly_high_hr,True,0.9622063188318812,10.473776778220696,172.2,1.0,anomaly_high_hr,True,1
2026-05-26 17:37:38,patient_001,152,True,synthetic_ad8232,94,True,synthetic_max30102,37.88,2096,1731,2148,0,False,False,-0.428,0.067,0.904,False,anomaly_high_hr,synthetic_label_demo,synthetic_anomaly_high_hr,True,1.0024415194912868,13.217412757419497,167.2,1.0,anomaly_high_hr,True,1
2026-05-26 17:37:43,patient_001,175,True,synthetic_ad8232,96,True,synthetic_max30102,37.96,2231,1816,2253,0,False,False,0.087,-0.058,0.987,False,anomaly_high_hr,synthetic_label_demo,synthetic_anomaly_high_hr,True,0.9925230475913392,12.872451204024637,170.2,0.0,anomaly_high_hr,True,1
2026-05-26 17:37:48,patient_001,179,True,synthetic_ad8232,98,True,synthetic_max30102,37.32,2154,1831,2272,0,False,False,0.023,0.009,1.023,False,anomaly_high_hr,synthetic_label_demo,synthetic_anomaly_high_hr,True,1.0232980992848564,12.401612798341791,173.6,0.0,anomaly_high_hr,True,1
2026-05-26 17:37:53,patient_001,170,True,synthetic_ad8232,92,True,synthetic_max30102,37.92,2329,1785,2215,0,False,False,0.069,0.09,0.983,False,anomaly_high_hr,synthetic_label_demo,synthetic_anomaly_high_hr,True,0.9895200856981126,11.247221879201781,171.0,6.0,anomaly_high_hr,True,1
2026-05-26 17:37:58,patient_001,173,True,synthetic_ad8232,98,True,synthetic_max30102,37.02,2103,1720,2134,0,False,False,0.235,-0.288,1.165,False,anomaly_high_hr,synthetic_label_demo,synthetic_anomaly_high_hr,True,1.2228630340312034,10.47377677822071,169.8,0.0,anomaly_high_hr,True,1
2026-05-26 17:38:03,patient_001,151,True,synthetic_ad8232,97,True,synthetic_max30102,37.8,2286,1754,2177,0,False,False,-0.435,-0.264,1.086,False,anomaly_high_hr,synthetic_label_demo,synthetic_anomaly_high_hr,True,1.1992985449836917,10.899541274750764,169.6,1.0,anomaly_high_hr,True,1
2026-05-26 17:38:08,patient_001,152,True,synthetic_ad8232,95,True,synthetic_max30102,36.74,2198,1768,2194,0,False,False,-0.104,0.084,1.378,False,anomaly_high_hr,synthetic_label_demo,synthetic_anomaly_high_hr,True,1.3844695735190427,12.747548783981808,165.0,2.0,anomaly_high_hr,True,1
2026-05-26 17:38:13,patient_001,152,True,synthetic_ad8232,96,True,synthetic_max30102,37.02,2303,1764,2189,0,False,False,0.171,0.055,1.025,False,anomaly_high_hr,synthetic_label_demo,synthetic_anomaly_high_hr,True,1.0406204879782062,10.92245393673037,159.6,0.0,anomaly_high_hr,True,1
2026-05-26 17:38:18,patient_001,156,True,synthetic_ad8232,94,True,synthetic_max30102,37.26,2218,1770,2197,0,False,False,-0.019,-0.029,0.963,False,anomaly_high_hr,synthetic_label_demo,synthetic_anomaly_high_hr,True,0.9636238892846108,9.257429448826336,156.8,2.0,anomaly_high_hr,True,1
2026-05-26 17:38:23,patient_001,185,True,synthetic_ad8232,92,True,synthetic_max30102,37.05,2290,1791,2222,0,False,False,-0.172,-0.094,1.071,False,anomaly_high_hr,synthetic_label_demo,synthetic_anomaly_high_hr,True,1.0887887765769815,14.549914089093338,159.2,2.0,anomaly_high_hr,True,1
2026-05-26 17:38:28,patient_001,121,True,synthetic_ad8232,89,True,synthetic_max30102,37.38,2025,1710,2122,0,False,False,-0.081,0.038,0.969,False,anomaly_low_spo2,synthetic_label_demo,synthetic_anomaly_low_spo2,True,0.973121780662626,22.68700068321058,153.2,3.0,anomaly_low_spo2,True,1
2026-05-26 17:38:33,patient_001,96,True,synthetic_ad8232,84,True,synthetic_max30102,37.13,1945,1658,2058,0,False,False,0.267,0.159,1.117,False,anomaly_low_spo2,synthetic_label_demo,synthetic_anomaly_low_spo2,True,1.1594218386765018,34.28556547586752,142.0,5.0,anomaly_low_spo2,True,1
2026-05-26 17:38:38,patient_001,110,True,synthetic_ad8232,87,True,synthetic_max30102,36.97,1882,1667,2069,0,False,False,0.076,-0.024,0.974,False,anomaly_low_spo2,synthetic_label_demo,synthetic_anomaly_low_spo2,True,0.9772553402258798,36.308401231670885,133.6,0.0,anomaly_low_spo2,True,1
2026-05-26 17:38:43,patient_001,95,True,synthetic_ad8232,90,True,synthetic_max30102,36.06,1974,1659,2059,0,False,False,0.061,0.085,1.128,False,anomaly_low_spo2,synthetic_label_demo,synthetic_anomaly_low_spo2,True,1.1328415599720905,37.138928363645626,121.4,0.0,anomaly_low_spo2,True,1
2026-05-26 17:38:48,patient_001,86,True,synthetic_ad8232,86,True,synthetic_max30102,37.3,2159,1700,2109,0,False,False,0.104,0.203,0.86,False,anomaly_low_spo2,synthetic_label_demo,synthetic_anomaly_low_spo2,True,0.8897331060492242,13.831124321616217,101.6,4.0,anomaly_low_spo2,True,1
2026-05-26 17:38:53,patient_001,132,True,synthetic_ad8232,91,True,synthetic_max30102,36.98,1965,1687,2093,0,False,False,-0.016,0.104,1.028,False,anomaly_low_spo2,synthetic_label_demo,synthetic_anomaly_low_spo2,True,1.0333711821025395,17.949930361982005,103.8,0.0,anomaly_low_spo2,True,1
2026-05-26 17:38:58,patient_001,130,True,synthetic_ad8232,87,True,synthetic_max30102,36.49,2011,1708,2120,0,False,False,-0.021,-0.012,1.087,False,anomaly_low_spo2,synthetic_label_demo,synthetic_anomaly_low_spo2,True,1.0872690559378575,20.513410247933002,110.6,4.0,anomaly_low_spo2,True,1
2026-05-26 17:39:03,patient_001,113,True,synthetic_ad8232,85,True,synthetic_max30102,36.59,2249,1697,2106,0,False,False,0.045,-0.009,0.952,False,anomaly_low_spo2,synthetic_label_demo,synthetic_anomaly_low_spo2,True,0.9531054506191852,20.53533540023154,111.2,2.0,anomaly_low_spo2,True,1
2026-05-26 17:39:08,patient_001,85,True,synthetic_ad8232,86,True,synthetic_max30102,37.68,2075,1713,2126,0,False,False,-0.281,0.149,0.87,False,anomaly_low_spo2,synthetic_label_demo,synthetic_anomaly_low_spo2,True,0.926316360645757,22.86263326915784,109.2,0.0,anomaly_low_spo2,True,1
2026-05-26 17:39:13,patient_001,90,True,synthetic_ad8232,88,True,synthetic_max30102,37.12,2075,1651,2049,0,False,False,0.089,-0.1,1.118,False,anomaly_low_spo2,synthetic_label_demo,synthetic_anomaly_low_spo2,True,1.1259862343741154,21.897488440458254,110.0,0.0,anomaly_low_spo2,True,1
2026-05-26 17:39:18,patient_001,91,True,synthetic_ad8232,89,True,synthetic_max30102,36.86,2159,1699,2108,0,False,False,0.136,0.178,0.674,False,anomaly_low_spo2,synthetic_label_demo,synthetic_anomaly_low_spo2,True,0.7102506599785741,19.097120201747792,101.8,0.0,anomaly_low_spo2,True,1
2026-05-26 17:39:23,patient_001,125,True,synthetic_ad8232,91,True,synthetic_max30102,37.12,2224,1750,2171,0,False,False,-0.019,-0.029,0.963,False,anomaly_low_spo2,synthetic_label_demo,synthetic_anomaly_low_spo2,True,0.9636238892846108,17.297398648351834,100.8,0.0,anomaly_low_spo2,True,1
2026-05-26 17:39:28,patient_001,96,True,synthetic_ad8232,85,True,synthetic_max30102,36.74,1947,1667,2069,0,False,False,0.173,0.055,1.035,False,anomaly_low_spo2,synthetic_label_demo,synthetic_anomaly_low_spo2,True,1.0507992196418876,15.915401345866341,97.4,6.0,anomaly_low_spo2,True,1
2026-05-26 17:39:33,patient_001,99,True,synthetic_ad8232,91,True,synthetic_max30102,36.85,2049,1666,2067,0,False,False,0.073,0.045,1.023,False,anomaly_low_spo2,synthetic_label_demo,synthetic_anomaly_low_spo2,True,1.026588038114608,14.34224529144596,100.2,0.0,anomaly_low_spo2,True,1
2026-05-26 17:39:38,patient_001,133,True,synthetic_ad8232,88,True,synthetic_max30102,36.52,1984,1703,2113,0,False,False,-0.59,0.693,1.229,False,anomaly_low_spo2,synthetic_label_demo,synthetic_anomaly_low_spo2,True,1.5293103020642997,18.873261509341805,108.8,3.0,anomaly_low_spo2,True,1
2026-05-26 17:39:43,patient_001,134,True,synthetic_ad8232,85,True,synthetic_max30102,36.79,2313,1706,2117,0,False,False,-0.058,0.009,1.036,False,anomaly_low_spo2,synthetic_label_demo,synthetic_anomaly_low_spo2,True,1.037661312760575,18.52835664596302,117.4,3.0,anomaly_low_spo2,True,1
2026-05-26 17:39:48,patient_001,127,True,synthetic_ad8232,91,True,synthetic_max30102,37.23,2029,1738,2157,0,False,False,0.104,-0.048,0.978,False,anomaly_low_spo2,synthetic_label_demo,synthetic_anomaly_low_spo2,True,0.9846847211163582,18.753666308218293,117.8,0.0,anomaly_low_spo2,True,1
2026-05-26 17:39:53,patient_001,102,True,synthetic_ad8232,86,True,synthetic_max30102,36.07,2007,1685,2091,0,False,False,-0.077,-0.292,0.827,False,anomaly_low_spo2,synthetic_label_demo,synthetic_anomaly_low_spo2,True,0.8804101316999935,17.13184169901187,119.0,5.0,anomaly_low_spo2,True,1
2026-05-26 17:39:58,patient_001,117,True,synthetic_ad8232,88,True,synthetic_max30102,37.43,2031,1704,2114,0,False,False,0.029,0.022,0.945,False,anomaly_low_spo2,synthetic_label_demo,synthetic_anomaly_low_spo2,True,0.9457007983500912,13.352902306240448,122.6,0.0,anomaly_low_spo2,True,1
2026-05-26 17:40:03,patient_001,96,True,synthetic_ad8232,89,True,synthetic_max30102,36.51,1901,1629,2021,0,False,False,0.553,-0.256,0.975,False,anomaly_low_spo2,synthetic_label_demo,synthetic_anomaly_low_spo2,True,1.1497695421257252,16.115210206509946,115.2,0.0,anomaly_low_spo2,True,1
2026-05-26 17:40:08,patient_001,133,True,synthetic_ad8232,84,True,synthetic_max30102,37.23,2192,1679,2084,0,False,False,-0.043,-0.01,1.548,False,anomaly_low_spo2,synthetic_label_demo,synthetic_anomaly_low_spo2,True,1.548629394012654,15.82719179134449,115.0,5.0,anomaly_low_spo2,True,1
2026-05-26 17:40:13,patient_001,89,True,synthetic_ad8232,85,True,synthetic_max30102,37.16,2352,1739,2158,0,False,False,0.261,0.198,1.133,False,anomaly_low_spo2,synthetic_label_demo,synthetic_anomaly_low_spo2,True,1.1794125656444399,17.643695757975518,107.4,0.0,anomaly_low_spo2,True,1
2026-05-26 17:40:18,patient_001,126,True,synthetic_ad8232,89,True,synthetic_max30102,37.17,2071,1700,2109,0,False,False,0.006,-0.046,1.184,False,anomaly_low_spo2,synthetic_label_demo,synthetic_anomaly_low_spo2,True,1.1849084352809713,19.018412131405782,112.2,0.0,anomaly_low_spo2,True,1
2026-05-26 17:40:23,patient_001,113,True,synthetic_ad8232,86,True,synthetic_max30102,37.09,1957,1662,2063,0,False,False,0.04,0.031,1.014,False,anomaly_low_spo2,synthetic_label_demo,synthetic_anomaly_low_spo2,True,1.0152620351416672,18.849403173575624,111.4,3.0,anomaly_low_spo2,True,1
2026-05-26 17:40:28,patient_001,127,True,synthetic_ad8232,84,True,synthetic_max30102,37.73,2004,1759,2183,0,False,False,0.103,-0.016,1.024,False,anomaly_low_spo2,synthetic_label_demo,synthetic_anomaly_low_spo2,True,1.0292915038996484,17.572706109191095,117.6,2.0,anomaly_low_spo2,True,1
2026-05-26 17:40:33,patient_001,110,True,synthetic_ad8232,84,True,synthetic_max30102,36.92,2086,1697,2106,0,False,False,0.0,0.091,0.988,False,anomaly_low_spo2,synthetic_label_demo,synthetic_anomaly_low_spo2,True,0.9921819389607937,15.411035007422525,113.0,0.0,anomaly_low_spo2,True,1
2026-05-26 17:40:38,patient_001,93,True,synthetic_ad8232,90,True,synthetic_max30102,37.32,2069,1687,2094,0,False,False,0.235,-0.288,1.165,False,anomaly_low_spo2,synthetic_label_demo,synthetic_anomaly_low_spo2,True,1.2228630340312034,13.881642554107293,113.8,0.0,anomaly_low_spo2,True,1
2026-05-26 17:40:43,patient_001,127,True,synthetic_ad8232,85,True,synthetic_max30102,37.27,2060,1702,2112,0,False,False,0.095,0.388,1.262,False,anomaly_low_spo2,synthetic_label_demo,synthetic_anomaly_low_spo2,True,1.3237118266450596,14.106735979665972,114.0,5.0,anomaly_low_spo2,True,1
2026-05-26 17:40:48,patient_001,120,True,synthetic_ad8232,84,True,synthetic_max30102,36.43,2112,1687,2094,0,False,False,0.23,0.116,1.041,False,anomaly_low_spo2,synthetic_label_demo,synthetic_anomaly_low_spo2,True,1.0723977806765548,14.328293687665754,115.4,1.0,anomaly_low_spo2,True,1
2026-05-26 17:40:53,patient_001,111,True,synthetic_ad8232,88,True,synthetic_max30102,36.51,2119,1682,2087,0,False,False,-0.067,-0.142,0.678,False,anomaly_low_spo2,synthetic_label_demo,synthetic_anomaly_low_spo2,True,0.6959432448123913,12.794530081249668,112.2,0.0,anomaly_low_spo2,True,1
2026-05-26 17:40:58,patient_001,105,True,synthetic_ad8232,84,True,synthetic_max30102,36.76,2049,1630,2023,0,False,False,0.102,0.244,0.962,False,anomaly_low_spo2,synthetic_label_demo,synthetic_anomaly_low_spo2,True,0.9976893304030068,13.19848476151724,111.2,4.0,anomaly_low_spo2,True,1
2026-05-26 17:41:03,patient_001,104,True,synthetic_ad8232,89,True,synthetic_max30102,36.5,2055,1676,2080,0,False,False,-0.068,-0.064,0.978,False,anomaly_low_spo2,synthetic_label_demo,synthetic_anomaly_low_spo2,True,0.9824479629985499,9.914635646356478,113.4,0.0,anomaly_low_spo2,True,1
2026-05-26 17:41:08,patient_001,111,True,synthetic_ad8232,88,True,synthetic_max30102,36.66,2020,1699,2108,0,False,False,-0.055,0.023,0.76,False,anomaly_low_spo2,synthetic_label_demo,synthetic_anomaly_low_spo2,True,0.7623345722187863,6.379655163094861,110.2,1.0,anomaly_low_spo2,True,1
2026-05-26 17:41:13,patient_001,99,True,synthetic_ad8232,89,True,synthetic_max30102,36.7,2213,1741,2160,0,False,False,-0.039,-0.041,0.607,False,anomaly_low_spo2,synthetic_label_demo,synthetic_anomaly_low_spo2,True,0.6096318561230212,5.099019513593118,106.0,0.0,anomaly_low_spo2,True,1
2026-05-26 17:41:18,patient_001,100,True,synthetic_ad8232,87,True,synthetic_max30102,37.09,2083,1678,2082,0,False,False,-0.055,0.023,0.76,False,anomaly_low_spo2,synthetic_label_demo,synthetic_anomaly_low_spo2,True,0.7623345722187863,4.764451699829019,103.8,2.0,anomaly_low_spo2,True,1
2026-05-26 17:41:23,patient_001,100,True,synthetic_ad8232,90,True,synthetic_max30102,36.4,2044,1590,1973,0,False,False,0.058,-0.331,1.038,False,anomaly_low_spo2,synthetic_label_demo,synthetic_anomaly_low_spo2,True,1.0910403292271098,4.969909455916047,102.8,0.0,anomaly_low_spo2,True,1
2026-05-26 17:41:28,patient_001,85,True,synthetic_ad8232,89,True,synthetic_max30102,37.45,2114,1653,2051,0,False,False,-0.154,0.051,1.049,False,anomaly_low_spo2,synthetic_label_demo,synthetic_anomaly_low_spo2,True,1.0614697357908984,9.246621004453688,99.0,1.0,anomaly_low_spo2,True,1
2026-05-26 17:41:33,patient_001,136,True,synthetic_ad8232,87,True,synthetic_max30102,36.79,2141,1817,2255,0,False,False,0.008,0.082,1.024,False,anomaly_low_spo2,synthetic_label_demo,synthetic_anomaly_low_spo2,True,1.0273091063550444,18.98683754604762,104.0,2.0,anomaly_low_spo2,True,1
2026-05-26 17:41:38,patient_001,98,True,synthetic_ad8232,84,True,synthetic_max30102,37.27,1999,1704,2114,0,False,False,0.022,0.057,0.986,False,anomaly_low_spo2,synthetic_label_demo,synthetic_anomaly_low_spo2,True,0.9878911883400924,19.05780679931465,103.8,3.0,anomaly_low_spo2,True,1
2026-05-26 17:41:43,patient_001,94,True,synthetic_ad8232,86,True,synthetic_max30102,36.15,1973,1638,2033,0,False,False,0.033,0.137,1.004,False,anomaly_low_spo2,synthetic_label_demo,synthetic_anomaly_low_spo2,True,1.0138412104466852,19.53970317072406,102.6,0.0,anomaly_low_spo2,True,1
2026-05-26 17:41:48,patient_001,93,True,synthetic_ad8232,85,True,synthetic_max30102,36.85,2009,1687,2094,0,False,False,-0.091,0.772,1.072,False,anomaly_low_spo2,synthetic_label_demo,synthetic_anomaly_low_spo2,True,1.324178613329788,20.017492350441998,101.2,1.0,anomaly_low_spo2,True,1
2026-05-26 17:41:53,patient_001,140,True,synthetic_ad8232,84,True,synthetic_max30102,36.05,2165,1696,2105,0,False,False,0.002,0.012,1.008,False,anomaly_low_spo2,synthetic_label_demo,synthetic_anomaly_low_spo2,True,1.008073410025282,23.66854452643852,112.2,1.0,anomaly_low_spo2,True,1
2026-05-26 17:41:58,patient_001,111,True,synthetic_ad8232,86,True,synthetic_max30102,37.22,2062,1639,2034,0,False,False,0.188,0.037,0.803,False,anomaly_low_spo2,synthetic_label_demo,synthetic_anomaly_low_spo2,True,0.8255434573661159,19.690099034794194,107.2,0.0,anomaly_low_spo2,True,1
2026-05-26 17:42:03,patient_001,103,True,synthetic_ad8232,85,True,synthetic_max30102,36.62,2155,1666,2067,0,False,False,0.099,0.17,0.844,False,anomaly_low_spo2,synthetic_label_demo,synthetic_anomaly_low_spo2,True,0.866623909201679,19.22758435165487,108.2,1.0,anomaly_low_spo2,True,1
2026-05-26 17:42:08,patient_001,107,True,synthetic_ad8232,84,True,synthetic_max30102,37.71,2125,1687,2093,0,False,False,0.117,-0.184,0.99,False,anomaly_low_spo2,synthetic_label_demo,synthetic_anomaly_low_spo2,True,1.0137282673379489,17.640861656960038,110.8,1.0,anomaly_low_spo2,True,1
2026-05-26 17:42:13,patient_001,89,True,synthetic_ad8232,86,True,synthetic_max30102,36.58,1994,1593,1977,0,False,False,-0.172,-0.094,1.071,False,anomaly_low_spo2,synthetic_label_demo,synthetic_anomaly_low_spo2,True,1.0887887765769815,18.708286933869786,110.0,0.0,anomaly_low_spo2,True,1
2026-05-26 17:42:18,patient_001,102,True,synthetic_ad8232,88,True,synthetic_max30102,37.01,2125,1635,2029,0,False,False,-0.173,-0.072,0.878,False,anomaly_low_spo2,synthetic_label_demo,synthetic_anomaly_low_spo2,True,0.8977733566997853,8.294576541331319,102.4,0.0,anomaly_low_spo2,True,1
2026-05-26 17:42:23,patient_001,98,True,synthetic_ad8232,85,True,synthetic_max30102,36.46,2113,1672,2075,0,False,False,-0.314,0.557,0.759,False,anomaly_low_spo2,synthetic_label_demo,synthetic_anomaly_low_spo2,True,0.9924343807023214,6.833739825308256,99.8,3.0,anomaly_low_spo2,True,1
2026-05-26 17:42:28,patient_001,129,True,synthetic_ad8232,86,True,synthetic_max30102,37.12,2108,1695,2103,0,False,False,0.553,-0.256,0.975,False,anomaly_low_spo2,synthetic_label_demo,synthetic_anomaly_low_spo2,True,1.1497695421257252,14.949916387726171,105.0,0.0,anomaly_low_spo2,True,1
2026-05-26 17:42:33,patient_001,88,True,synthetic_ad8232,84,True,synthetic_max30102,36.84,2196,1675,2078,0,False,False,0.06,0.035,0.953,False,anomaly_low_spo2,synthetic_label_demo,synthetic_anomaly_low_spo2,True,0.9555281262213059,16.634301909007302,101.2,2.0,anomaly_low_spo2,True,1
2026-05-26 17:42:38,patient_001,108,True,synthetic_ad8232,84,True,synthetic_max30102,36.67,2044,1640,2035,0,False,False,0.26,0.076,1.277,False,anomaly_low_spo2,synthetic_label_demo,synthetic_anomaly_low_spo2,True,1.305413727520896,15.264337522473864,105.0,0.0,anomaly_low_spo2,True,1
2026-05-26 17:42:43,patient_001,129,True,synthetic_ad8232,85,True,synthetic_max30102,36.37,2130,1736,2154,0,False,False,0.069,0.09,0.983,False,anomaly_low_spo2,synthetic_label_demo,synthetic_anomaly_low_spo2,True,0.9895200856981126,18.392933425639395,110.4,0.0,anomaly_low_spo2,True,1
2026-05-26 17:42:48,patient_001,131,True,synthetic_ad8232,87,True,synthetic_max30102,36.2,2004,1669,2071,0,False,False,-0.073,-0.101,1.129,False,anomaly_low_spo2,synthetic_label_demo,synthetic_anomaly_low_spo2,True,1.1358569452180147,18.748333259252732,117.0,0.0,anomaly_low_spo2,True,1
2026-05-26 17:42:53,patient_001,113,True,synthetic_ad8232,89,True,synthetic_max30102,36.22,2227,1750,2171,0,False,False,-0.067,-0.077,0.977,False,anomaly_low_spo2,synthetic_label_demo,synthetic_anomaly_low_spo2,True,0.9823171585592914,17.512852423291946,113.8,0.0,anomaly_low_spo2,True,1
2026-05-26 17:42:58,patient_001,97,True,synthetic_ad8232,90,True,synthetic_max30102,37.8,2095,1608,1996,0,False,False,-0.101,0.219,0.7,False,anomaly_low_spo2,synthetic_label_demo,synthetic_anomaly_low_spo2,True,0.7403796323508636,14.380542409798123,115.6,0.0,anomaly_low_spo2,True,1
2026-05-26 17:43:03,patient_001,103,True,synthetic_ad8232,89,True,synthetic_max30102,36.74,2029,1638,2033,0,False,False,0.117,0.074,0.952,False,anomaly_low_spo2,synthetic_label_demo,synthetic_anomaly_low_spo2,True,0.9620129936752413,15.192103211866437,114.6,1.0,anomaly_low_spo2,True,1
2026-05-26 17:43:08,patient_001,97,True,synthetic_ad8232,88,True,synthetic_max30102,36.0,2197,1686,2092,0,False,False,-0.012,0.077,1.309,False,anomaly_low_spo2,synthetic_label_demo,synthetic_anomaly_low_spo2,True,1.3113176579303734,14.324803663576102,108.2,1.0,anomaly_low_spo2,True,1
2026-05-26 17:43:13,patient_001,122,True,synthetic_ad8232,91,True,synthetic_max30102,37.72,2028,1762,2186,0,False,False,0.046,0.06,0.999,False,anomaly_low_spo2,synthetic_label_demo,synthetic_anomaly_low_spo2,True,1.0018567761910881,10.89954127475113,106.4,0.0,anomaly_low_spo2,True,1
2026-05-26 17:43:18,patient_001,101,True,synthetic_ad8232,86,True,synthetic_max30102,36.04,2090,1687,2094,0,False,False,0.262,0.242,1.427,False,anomaly_low_spo2,synthetic_label_demo,synthetic_anomaly_low_spo2,True,1.470896665303175,10.392304845413443,104.0,5.0,anomaly_low_spo2,True,1
2026-05-26 17:43:23,patient_001,120,True,synthetic_ad8232,90,True,synthetic_max30102,36.75,2130,1719,2133,0,False,False,0.023,0.044,1.009,False,anomaly_low_spo2,synthetic_label_demo,synthetic_anomaly_low_spo2,True,1.0102207679512434,11.545561917897421,108.6,0.0,anomaly_low_spo2,True,1
2026-05-26 17:43:28,patient_001,121,True,synthetic_ad8232,91,True,synthetic_max30102,37.29,2052,1700,2110,0,False,False,0.085,-0.01,0.981,False,anomaly_low_spo2,synthetic_label_demo,synthetic_anomaly_low_spo2,True,0.9847263579289426,12.153188881935588,112.2,0.0,anomaly_low_spo2,True,1
2026-05-26 17:43:33,patient_001,137,True,synthetic_ad8232,88,True,synthetic_max30102,37.65,2278,1682,2087,0,False,False,0.002,-0.114,1.067,False,anomaly_low_spo2,synthetic_label_demo,synthetic_anomaly_low_spo2,True,1.073074554725812,12.794530081249638,120.2,3.0,anomaly_low_spo2,True,1
2026-05-26 17:43:38,patient_001,105,True,synthetic_ad8232,90,True,synthetic_max30102,37.28,2058,1662,2063,0,False,False,0.032,-0.013,0.984,False,anomaly_low_spo2,synthetic_label_demo,synthetic_anomaly_low_spo2,True,0.9846060125755886,14.359665734271191,116.8,0.0,anomaly_low_spo2,True,1
2026-05-26 17:43:43,patient_001,138,True,synthetic_ad8232,85,True,synthetic_max30102,36.83,2047,1676,2080,0,False,False,0.323,-0.166,0.498,False,anomaly_low_spo2,synthetic_label_demo,synthetic_anomaly_low_spo2,True,0.6163513608324395,13.700364958642577,124.2,5.0,anomaly_low_spo2,True,1
2026-05-26 17:43:48,patient_001,107,True,synthetic_ad8232,91,True,synthetic_max30102,37.75,2033,1637,2031,0,False,False,0.118,-0.014,1.051,False,anomaly_low_spo2,synthetic_label_demo,synthetic_anomaly_low_spo2,True,1.05769608111215,15.773395322504337,121.6,0.0,anomaly_low_spo2,True,1
2026-05-26 17:43:53,patient_001,123,True,synthetic_ad8232,88,True,synthetic_max30102,36.07,1971,1717,2131,0,False,False,-0.029,0.213,1.175,False,anomaly_low_spo2,synthetic_label_demo,synthetic_anomaly_low_spo2,True,1.1945019882779602,15.779733838059553,122.0,3.0,anomaly_low_spo2,True,1
2026-05-26 17:43:58,patient_001,122,True,synthetic_ad8232,85,True,synthetic_max30102,37.78,1999,1660,2060,0,False,False,0.184,0.119,0.964,False,anomaly_low_spo2,synthetic_label_demo,synthetic_anomaly_low_spo2,True,0.988591422176017,13.472193585307554,119.0,3.0,anomaly_low_spo2,True,1
2026-05-26 17:44:03,patient_001,130,True,synthetic_ad8232,84,True,synthetic_max30102,37.53,2216,1722,2137,0,False,False,-0.029,0.213,1.175,False,anomaly_low_spo2,synthetic_label_demo,synthetic_anomaly_low_spo2,True,1.1945019882779602,11.46734494117978,124.0,1.0,anomaly_low_spo2,True,1
2026-05-26 17:44:08,patient_001,111,True,synthetic_ad8232,89,True,synthetic_max30102,37.67,1986,1641,2036,0,False,False,-0.011,0.033,0.947,False,anomaly_low_spo2,synthetic_label_demo,synthetic_anomaly_low_spo2,True,0.9476386442099118,9.396807968666918,118.6,0.0,anomaly_low_spo2,True,1
2026-05-26 17:44:13,patient_001,129,True,synthetic_ad8232,87,True,synthetic_max30102,36.46,2069,1721,2135,0,False,False,-0.195,-0.146,0.857,False,anomaly_low_spo2,synthetic_label_demo,synthetic_anomaly_low_spo2,True,0.8909489323187946,7.582875444051654,123.0,2.0,anomaly_low_spo2,True,1
2026-05-26 17:44:18,patient_001,104,True,synthetic_ad8232,86,True,synthetic_max30102,36.26,2167,1662,2062,0,False,False,0.326,0.098,1.184,False,anomaly_low_spo2,synthetic_label_demo,synthetic_anomaly_low_spo2,True,1.2319642851966122,11.388590782006437,119.2,1.0,anomaly_low_spo2,True,1
2026-05-26 17:44:23,patient_001,112,True,synthetic_ad8232,87,True,synthetic_max30102,37.19,2266,1740,2159,0,False,False,0.064,0.018,1.266,False,anomaly_low_spo2,synthetic_label_demo,synthetic_anomaly_low_spo2,True,1.2677444537445235,11.649034294738867,117.2,0.0,anomaly_low_spo2,True,1
2026-05-26 17:44:28,patient_001,112,True,synthetic_ad8232,91,True,synthetic_max30102,36.93,2152,1701,2111,0,False,False,-0.083,-0.049,0.634,False,anomaly_low_spo2,synthetic_label_demo,synthetic_anomaly_low_spo2,True,0.6412846481867471,9.235799911215198,113.6,0.0,anomaly_low_spo2,True,1
2026-05-26 17:44:33,patient_001,124,True,synthetic_ad8232,87,True,synthetic_max30102,36.94,2134,1749,2170,0,False,False,0.124,-0.038,0.899,False,anomaly_low_spo2,synthetic_label_demo,synthetic_anomaly_low_spo2,True,0.9083066662752178,10.109401564880205,116.2,4.0,anomaly_low_spo2,True,1
2026-05-26 17:44:38,patient_001,119,True,synthetic_ad8232,84,True,synthetic_max30102,37.66,2053,1670,2072,0,False,False,0.027,-0.005,0.95,False,anomaly_low_spo2,synthetic_label_demo,synthetic_anomaly_low_spo2,True,0.950396759253734,7.628892449104429,114.2,3.0,anomaly_low_spo2,True,1
2026-05-26 17:44:43,patient_001,89,True,synthetic_ad8232,86,True,synthetic_max30102,37.12,2000,1663,2064,0,False,False,0.07,0.103,1.019,False,anomaly_low_spo2,synthetic_label_demo,synthetic_anomaly_low_spo2,True,1.0265817064413334,13.405222862750286,111.2,0.0,anomaly_low_spo2,True,1
2026-05-26 17:44:48,patient_001,130,True,synthetic_ad8232,85,True,synthetic_max30102,36.56,1999,1675,2079,0,False,False,0.04,0.048,0.823,False,anomaly_low_spo2,synthetic_label_demo,synthetic_anomaly_low_spo2,True,0.825368402593654,15.865055940651535,114.8,1.0,anomaly_low_spo2,True,1
2026-05-26 17:44:53,patient_001,127,True,synthetic_ad8232,89,True,synthetic_max30102,36.72,2016,1692,2100,0,False,False,0.158,-0.058,0.92,False,anomaly_low_spo2,synthetic_label_demo,synthetic_anomaly_low_spo2,True,0.9352689452772395,16.604216332004416,117.8,0.0,anomaly_low_spo2,True,1
2026-05-26 17:44:58,patient_001,90,True,synthetic_ad8232,90,True,synthetic_max30102,36.24,2002,1653,2051,0,False,False,0.022,0.034,1.042,False,anomaly_low_spo2,synthetic_label_demo,synthetic_anomaly_low_spo2,True,1.0427866512379222,20.03746490951395,111.0,0.0,anomaly_low_spo2,True,1
2026-05-26 17:45:03,patient_001,138,True,synthetic_ad8232,90,True,synthetic_max30102,36.35,2019,1694,2102,0,False,False,-0.042,0.038,0.904,False,anomaly_low_spo2,synthetic_label_demo,synthetic_anomaly_low_spo2,True,0.905772598393217,23.445681905203834,114.8,0.0,anomaly_low_spo2,True,1
2026-05-26 17:45:08,patient_001,98,True,synthetic_ad8232,94,True,synthetic_max30102,36.76,2039,1646,2043,0,False,False,-1.521,-2.634,0.05,True,fall,synthetic_label_demo,synthetic_fall,True,3.042021860539467,21.208488866489343,116.6,0.0,fall,True,1
2026-05-26 17:45:13,patient_001,92,True,synthetic_ad8232,99,True,synthetic_max30102,36.41,2034,1669,2071,0,False,False,2.013,-2.022,2.8,True,fall,synthetic_label_demo,synthetic_fall,True,3.9975808934904613,22.000000000000075,109.0,0.0,fall,True,1
2026-05-26 17:45:18,patient_001,93,True,synthetic_ad8232,97,True,synthetic_max30102,36.05,1945,1612,2000,0,False,False,0.557,0.289,2.8,True,fall,synthetic_label_demo,synthetic_fall,True,2.869454652020136,20.228692493584553,102.2,2.0,fall,True,1
2026-05-26 17:45:23,patient_001,136,True,synthetic_ad8232,92,True,synthetic_max30102,37.1,2261,1722,2137,0,False,False,-1.747,-0.841,2.8,True,fall,synthetic_label_demo,synthetic_fall,True,3.4057730400013444,23.49042358068502,111.4,5.0,fall,True,1
2026-05-26 17:45:28,patient_001,127,True,synthetic_ad8232,99,True,synthetic_max30102,36.7,2070,1674,2077,0,False,False,0.306,2.376,2.8,True,fall,synthetic_label_demo,synthetic_fall,True,3.6849710989368694,20.729206448873125,109.2,0.0,fall,True,1
2026-05-26 17:45:33,patient_001,103,True,synthetic_ad8232,97,True,synthetic_max30102,36.67,2165,1662,2063,0,False,False,-1.319,0.688,0.05,True,fall,synthetic_label_demo,synthetic_fall,True,1.4884908464616098,20.166804407243184,110.2,2.0,fall,True,1
2026-05-26 17:45:38,patient_001,132,True,synthetic_ad8232,92,True,synthetic_max30102,36.4,2130,1751,2173,0,False,False,2.571,0.11,2.8,True,fall,synthetic_label_demo,synthetic_fall,True,3.8029121735848697,19.04468429772471,118.2,5.0,fall,True,1
2026-05-26 17:45:43,patient_001,130,True,synthetic_ad8232,97,True,synthetic_max30102,36.86,2164,1728,2144,0,False,False,-2.523,1.609,0.05,True,fall,synthetic_label_demo,synthetic_fall,True,2.992809716637528,13.049904214207906,125.6,0.0,fall,True,1
2026-05-26 17:45:48,patient_001,138,True,synthetic_ad8232,96,True,synthetic_max30102,36.7,2157,1741,2161,0,False,False,1.255,-1.304,2.8,True,fall,synthetic_label_demo,synthetic_fall,True,3.333982753404702,13.472193585307526,126.0,1.0,fall,True,1
2026-05-26 17:45:53,patient_001,144,True,synthetic_ad8232,99,True,synthetic_max30102,36.76,1928,1663,2064,0,False,False,1.474,1.727,2.8,True,fall,synthetic_label_demo,synthetic_fall,True,3.6048862672766804,15.741664460913938,129.4,0.0,fall,True,1
2026-05-26 17:45:58,patient_001,142,True,synthetic_ad8232,95,True,synthetic_max30102,36.93,2338,1792,2224,0,False,False,-2.337,-2.683,0.05,True,fall,synthetic_label_demo,synthetic_fall,True,3.5584488193593566,6.099180272790772,137.2,4.0,fall,True,1
2026-05-26 17:46:03,patient_001,96,True,synthetic_ad8232,96,True,synthetic_max30102,36.01,2007,1626,2018,0,False,False,-1.772,0.646,2.8,True,fall,synthetic_label_demo,synthetic_fall,True,3.3759887440570653,19.748417658131526,130.0,0.0,fall,True,1
2026-05-26 17:46:08,patient_001,135,True,synthetic_ad8232,94,True,synthetic_max30102,37.45,2259,1772,2199,0,False,False,-0.625,2.348,2.8,True,fall,synthetic_label_demo,synthetic_fall,True,3.7072535656466767,19.874606914351812,131.0,2.0,fall,True,1
2026-05-26 17:46:13,patient_001,110,True,synthetic_ad8232,94,True,synthetic_max30102,36.11,2079,1724,2139,0,False,False,1.988,1.554,0.05,True,fall,synthetic_label_demo,synthetic_fall,True,2.5237987241458066,21.302582003128204,125.4,0.0,fall,True,1
2026-05-26 17:46:18,patient_001,111,True,synthetic_ad8232,96,True,synthetic_max30102,36.72,2107,1708,2120,0,False,False,0.2,1.91,0.05,True,fall,synthetic_label_demo,synthetic_fall,True,1.9210934386437324,19.09712020174776,118.8,0.0,fall,True,1
2026-05-26 17:46:23,patient_001,127,True,synthetic_ad8232,98,True,synthetic_max30102,36.33,2011,1676,2080,0,False,False,0.839,-0.556,2.8,True,fall,synthetic_label_demo,synthetic_fall,True,2.975408711421004,15.352524222420321,115.8,0.0,fall,True,1
2026-05-26 17:46:28,patient_001,124,True,synthetic_ad8232,99,True,synthetic_max30102,36.84,2220,1709,2121,0,False,False,1.528,1.751,0.05,True,fall,synthetic_label_demo,synthetic_fall,True,2.324496719722357,10.73778375643699,121.4,0.0,fall,True,1
2026-05-26 17:46:33,patient_001,112,True,synthetic_ad8232,98,True,synthetic_max30102,36.45,2100,1672,2075,0,False,False,1.772,0.274,2.8,True,fall,synthetic_label_demo,synthetic_fall,True,3.3249150365084517,8.043631020876244,116.8,1.0,fall,True,1
2026-05-26 17:46:38,patient_001,149,True,synthetic_ad8232,96,True,synthetic_max30102,37.38,2182,1735,2153,0,False,False,-0.128,0.64,0.05,True,fall,synthetic_label_demo,synthetic_fall,True,0.6545868926277092,15.372052563011932,124.6,2.0,fall,True,1
2026-05-26 17:46:43,patient_001,96,True,synthetic_ad8232,96,True,synthetic_max30102,36.63,2170,1661,2061,0,False,False,0.047,-2.382,2.8,True,fall,synthetic_label_demo,synthetic_fall,True,3.676429381886724,19.57804893241413,121.6,0.0,fall,True,1
2026-05-26 17:46:48,patient_001,91,True,synthetic_ad8232,94,True,synthetic_max30102,37.02,2066,1590,1973,0,False,False,1.177,-1.612,0.05,True,fall,synthetic_label_demo,synthetic_fall,True,1.9965903435607417,23.35165946993924,114.4,2.0,fall,True,1
2026-05-26 17:46:53,patient_001,86,True,synthetic_ad8232,98,True,synthetic_max30102,36.4,2168,1698,2107,0,False,False,-1.278,0.275,0.05,True,fall,synthetic_label_demo,synthetic_fall,True,1.3082083167446994,25.528415540334727,106.8,0.0,fall,True,1
2026-05-26 17:46:58,patient_001,137,True,synthetic_ad8232,94,True,synthetic_max30102,36.03,2016,1716,2130,0,False,False,1.914,-2.382,2.8,True,fall,synthetic_label_demo,synthetic_fall,True,4.144553051898359,29.012066455183838,111.8,4.0,fall,True,1
2026-05-26 17:47:03,patient_001,111,True,synthetic_ad8232,94,True,synthetic_max30102,36.65,2017,1671,2073,0,False,False,-2.588,1.304,0.05,True,fall,synthetic_label_demo,synthetic_fall,True,2.8983892078187155,20.583974348993053,104.2,0.0,fall,True,1
2026-05-26 17:47:08,patient_001,113,True,synthetic_ad8232,98,True,synthetic_max30102,36.86,1992,1670,2072,0,False,False,-1.643,1.836,2.8,True,fall,synthetic_label_demo,synthetic_fall,True,3.729657490976886,20.292855885754562,107.6,0.0,fall,True,1
2026-05-26 17:47:13,patient_001,127,True,synthetic_ad8232,96,True,synthetic_max30102,36.74,2193,1721,2135,0,False,False,1.621,2.27,0.05,True,fall,synthetic_label_demo,synthetic_fall,True,2.789810208598427,19.292485583770766,114.8,2.0,fall,True,1
2026-05-26 17:47:18,patient_001,113,True,synthetic_ad8232,94,True,synthetic_max30102,37.54,2071,1658,2057,0,False,False,-0.863,-2.15,0.05,True,fall,synthetic_label_demo,synthetic_fall,True,2.317276202786366,11.366617790706359,120.2,2.0,fall,True,1
2026-05-26 17:47:23,patient_001,122,True,synthetic_ad8232,98,True,synthetic_max30102,37.13,1899,1620,2010,0,False,False,-1.891,2.374,2.8,True,fall,synthetic_label_demo,synthetic_fall,True,4.129377313833164,6.942621983084104,117.2,0.0,fall,True,1
2026-05-26 17:47:28,patient_001,88,True,synthetic_ad8232,99,True,synthetic_max30102,37.59,2063,1675,2078,0,False,False,-1.692,-2.335,0.05,True,fall,synthetic_label_demo,synthetic_fall,True,2.8840230581602495,15.009996668887148,112.6,0.0,fall,True,1
2026-05-26 17:47:33,patient_001,95,True,synthetic_ad8232,94,True,synthetic_max30102,36.47,1974,1687,2094,0,False,False,0.166,-0.14,0.05,True,fall,synthetic_label_demo,synthetic_fall,True,0.22283626275810678,16.926310879810863,109.0,5.0,fall,True,1
2026-05-26 17:47:38,patient_001,145,True,synthetic_ad8232,96,True,synthetic_max30102,37.26,2133,1722,2137,0,False,False,1.869,1.837,2.8,True,fall,synthetic_label_demo,synthetic_fall,True,3.835065840373539,22.65612499965524,112.6,0.0,fall,True,1
2026-05-26 17:47:43,patient_001,114,True,synthetic_ad8232,95,True,synthetic_max30102,36.89,1915,1650,2047,0,False,False,-2.318,-2.32,2.8,True,fall,synthetic_label_demo,synthetic_fall,True,4.312252775522325,22.66495091545541,112.8,1.0,fall,True,1
2026-05-26 17:47:48,patient_001,95,True,synthetic_ad8232,97,True,synthetic_max30102,36.98,2117,1672,2075,0,False,False,-2.535,-2.602,2.8,True,fall,synthetic_label_demo,synthetic_fall,True,4.5865705052904175,23.136551169091813,107.4,0.0,fall,True,1
2026-05-26 17:47:53,patient_001,109,True,synthetic_ad8232,99,True,synthetic_max30102,37.58,2056,1633,2026,0,False,False,-0.188,-2.565,2.8,True,fall,synthetic_label_demo,synthetic_fall,True,3.801916490403228,20.489021450523282,111.6,0.0,fall,True,1
2026-05-26 17:47:58,patient_001,106,True,synthetic_ad8232,96,True,synthetic_max30102,37.05,2194,1645,2041,0,False,False,2.463,0.061,2.8,True,fall,synthetic_label_demo,synthetic_fall,True,3.729623305375491,18.7803088366513,113.8,3.0,fall,True,1
2026-05-26 17:48:03,patient_001,102,True,synthetic_ad8232,98,True,synthetic_max30102,37.44,2115,1650,2047,0,False,False,-1.193,1.683,2.8,True,fall,synthetic_label_demo,synthetic_fall,True,3.4778927528030534,7.190271204899287,105.2,0.0,fall,True,1
2026-05-26 17:48:08,patient_001,104,True,synthetic_ad8232,96,True,synthetic_max30102,37.16,2088,1710,2122,0,False,False,2.48,-2.012,2.8,True,fall,synthetic_label_demo,synthetic_fall,True,4.247180711954696,5.263078946776694,103.2,2.0,fall,True,1
2026-05-26 17:48:13,patient_001,132,True,synthetic_ad8232,99,True,synthetic_max30102,36.2,2175,1700,2110,0,False,False,2.093,-2.027,0.05,True,fall,synthetic_label_demo,synthetic_fall,True,2.9140827030130767,12.239281024635524,110.6,0.0,fall,True,1
2026-05-26 17:48:18,patient_001,91,True,synthetic_ad8232,95,True,synthetic_max30102,37.12,1932,1647,2044,0,False,False,-1.171,0.37,2.8,True,fall,synthetic_label_demo,synthetic_fall,True,3.0574729761683908,15.132745950421674,107.0,4.0,fall,True,1
2026-05-26 17:48:23,patient_001,105,True,synthetic_ad8232,95,True,synthetic_max30102,36.77,2096,1751,2173,0,False,False,1.712,-1.435,0.05,True,fall,synthetic_label_demo,synthetic_fall,True,2.234428114753303,15.155856953666579,106.8,0.0,fall,True,1
2026-05-26 17:48:28,patient_001,115,True,synthetic_ad8232,95,True,synthetic_max30102,37.47,2143,1705,2116,0,False,False,1.004,1.243,2.8,True,fall,synthetic_label_demo,synthetic_fall,True,3.2238276939067325,15.241391012634093,109.4,0.0,fall,True,1
2026-05-26 17:48:33,patient_001,120,True,synthetic_ad8232,99,True,synthetic_max30102,37.29,1950,1711,2123,0,False,False,0.064,2.428,0.05,True,fall,synthetic_label_demo,synthetic_fall,True,2.429357939868063,15.501612819316671,112.6,0.0,fall,True,1
2026-05-26 17:48:38,patient_001,142,True,synthetic_ad8232,96,True,synthetic_max30102,36.17,2121,1712,2124,0,False,False,-0.416,1.437,2.8,True,fall,synthetic_label_demo,synthetic_fall,True,3.1745905247763844,18.90238080242811,114.6,3.0,fall,True,1
2026-05-26 17:48:43,patient_001,145,True,synthetic_ad8232,93,True,synthetic_max30102,36.21,2037,1708,2119,0,False,False,1.704,2.037,2.8,True,fall,synthetic_label_demo,synthetic_fall,True,3.8591430395879343,17.415510328440032,125.4,3.0,fall,True,1
2026-05-26 17:48:48,patient_001,104,True,synthetic_ad8232,92,True,synthetic_max30102,36.11,1994,1600,1986,0,False,False,1.583,0.106,2.8,True,fall,synthetic_label_demo,synthetic_fall,True,3.2182487473779893,17.711578134090747,125.2,1.0,fall,True,1
2026-05-26 17:48:53,patient_001,120,True,synthetic_ad8232,96,True,synthetic_max30102,36.79,2066,1734,2152,0,False,False,1.387,1.795,2.8,True,fall,synthetic_label_demo,synthetic_fall,True,3.603580719229139,17.123083834403232,126.2,0.0,fall,True,1
2026-05-26 17:48:58,patient_001,86,True,synthetic_ad8232,98,True,synthetic_max30102,36.13,2111,1674,2077,0,False,False,2.691,-1.712,0.05,True,fall,synthetic_label_demo,synthetic_fall,True,3.1898158254043443,25.095816384409616,119.4,0.0,fall,True,1
2026-05-26 17:49:03,patient_001,125,True,synthetic_ad8232,95,True,synthetic_max30102,37.16,2109,1698,2107,0,False,False,-0.116,-2.331,0.05,True,fall,synthetic_label_demo,synthetic_fall,True,2.3344200564594195,22.259829289552123,116.0,3.0,fall,True,1
2026-05-26 17:49:08,patient_001,94,True,synthetic_ad8232,96,True,synthetic_max30102,36.88,2175,1662,2063,0,False,False,1.657,0.842,0.05,True,fall,synthetic_label_demo,synthetic_fall,True,1.8593313314199813,16.619265928433894,105.8,0.0,fall,True,1
2026-05-26 17:49:13,patient_001,89,True,synthetic_ad8232,98,True,synthetic_max30102,37.34,2096,1688,2095,0,False,False,1.957,-2.419,2.8,True,fall,synthetic_label_demo,synthetic_fall,True,4.185858334917702,18.294808006645056,102.8,0.0,fall,True,1
2026-05-26 17:49:18,patient_001,128,True,synthetic_ad8232,96,True,synthetic_max30102,36.45,1989,1652,2050,0,False,False,-1.557,2.119,2.8,True,fall,synthetic_label_demo,synthetic_fall,True,3.8411469641241274,20.40343108401143,104.4,2.0,fall,True,1
2026-05-26 17:49:23,patient_001,96,True,synthetic_ad8232,99,True,synthetic_max30102,36.83,2025,1648,2045,0,False,False,-2.473,1.034,0.05,True,fall,synthetic_label_demo,synthetic_fall,True,2.6809298759945213,18.555322686496282,106.4,0.0,fall,True,1
2026-05-26 17:49:28,patient_001,116,True,synthetic_ad8232,97,True,synthetic_max30102,36.19,1943,1653,2051,0,False,False,-0.514,2.442,0.05,True,fall,synthetic_label_demo,synthetic_fall,True,2.496008814087002,16.637307474468454,104.6,2.0,fall,True,1
2026-05-26 17:49:33,patient_001,91,True,synthetic_ad8232,97,True,synthetic_max30102,37.42,2176,1728,2144,0,False,False,1.926,-1.005,0.05,True,fall,synthetic_label_demo,synthetic_fall,True,2.1730165668949697,17.161002301730626,104.0,0.0,fall,True,1
2026-05-26 17:49:38,patient_001,133,True,synthetic_ad8232,98,True,synthetic_max30102,36.28,2214,1746,2167,0,False,False,-1.139,-0.075,2.8,True,fall,synthetic_label_demo,synthetic_fall,True,3.0237304774070055,18.75366630821832,112.8,0.0,fall,True,1
2026-05-26 17:49:43,patient_001,134,True,synthetic_ad8232,97,True,synthetic_max30102,36.16,2228,1636,2030,0,False,False,1.08,1.305,0.05,True,fall,synthetic_label_demo,synthetic_fall,True,1.6946754851593269,20.112185361118836,114.0,1.0,fall,True,1
2026-05-26 17:49:48,patient_001,122,True,synthetic_ad8232,92,True,synthetic_max30102,36.33,1993,1646,2043,0,False,False,-2.66,-1.389,2.8,True,fall,synthetic_label_demo,synthetic_fall,True,4.104256449102565,17.484278652549616,119.2,5.0,fall,True,1
2026-05-26 17:49:53,patient_001,139,True,synthetic_ad8232,95,True,synthetic_max30102,37.29,2110,1717,2131,0,False,False,-0.781,0.226,2.8,True,fall,synthetic_label_demo,synthetic_fall,True,2.915653786031531,19.35716921453139,123.8,0.0,fall,True,1
2026-05-26 17:49:58,patient_001,113,True,synthetic_ad8232,93,True,synthetic_max30102,36.17,2030,1673,2076,0,False,False,0.624,0.861,0.05,True,fall,synthetic_label_demo,synthetic_fall,True,1.0645172614852236,10.521406750050167,128.2,2.0,fall,True,1
2026-05-26 17:50:03,patient_001,97,True,synthetic_ad8232,96,True,synthetic_max30102,36.98,2031,1623,2014,0,False,False,-1.999,2.586,0.05,True,fall,synthetic_label_demo,synthetic_fall,True,3.2689290295141005,16.837458240482796,121.0,0.0,fall,True,1
2026-05-26 17:50:08,patient_001,94,True,synthetic_ad8232,93,True,synthetic_max30102,37.19,2188,1738,2157,0,False,False,2.142,1.321,2.8,True,fall,synthetic_label_demo,synthetic_fall,True,3.7647317301502374,18.533752992850715,113.0,3.0,fall,True,1
2026-05-26 17:50:13,patient_001,99,True,synthetic_ad8232,96,True,synthetic_max30102,37.2,2087,1685,2091,0,False,False,-1.856,-2.062,0.05,True,fall,synthetic_label_demo,synthetic_fall,True,2.7747216076572436,18.59569842732462,108.4,0.0,fall,True,1
2026-05-26 17:50:18,patient_001,98,True,synthetic_ad8232,94,True,synthetic_max30102,36.3,2183,1689,2096,0,False,False,2.213,-0.133,2.8,True,fall,synthetic_label_demo,synthetic_fall,True,3.5714224057089634,7.3959448348405346,100.2,2.0,fall,True,1
2026-05-26 17:50:23,patient_001,106,True,synthetic_ad8232,92,True,synthetic_max30102,36.1,2007,1657,2056,0,False,False,-1.531,0.479,2.8,True,fall,synthetic_label_demo,synthetic_fall,True,3.2269803222207596,4.438468204234942,98.8,2.0,fall,True,1
2026-05-26 17:50:28,patient_001,98,True,synthetic_ad8232,92,True,synthetic_max30102,36.72,2187,1699,2108,0,False,False,2.669,-1.908,2.8,True,fall,synthetic_label_demo,synthetic_fall,True,4.31323834259133,4.358898943541194,99.0,0.0,fall,True,1
2026-05-26 17:50:33,patient_001,123,True,synthetic_ad8232,96,True,synthetic_max30102,36.32,2138,1688,2095,0,False,False,0.566,-0.367,2.8,True,fall,synthetic_label_demo,synthetic_fall,True,2.880111976989783,10.709808588392415,104.8,0.0,fall,True,1
2026-05-26 17:50:38,patient_001,94,True,synthetic_ad8232,92,True,synthetic_max30102,37.12,2055,1657,2056,0,False,False,-2.245,-1.166,2.8,True,fall,synthetic_label_demo,synthetic_fall,True,3.773536935025282,11.584472366059838,103.8,4.0,fall,True,1
2026-05-26 17:50:43,patient_001,125,True,synthetic_ad8232,98,True,synthetic_max30102,36.57,2118,1727,2143,0,False,False,-2.348,-2.058,0.05,True,fall,synthetic_label_demo,synthetic_fall,True,3.122653999404993,14.20211251891786,109.2,0.0,fall,True,1
2026-05-26 17:50:48,patient_001,106,True,synthetic_ad8232,98,True,synthetic_max30102,36.72,2208,1623,2014,0,False,False,-2.295,0.065,0.05,True,fall,synthetic_label_demo,synthetic_fall,True,2.2964646742329826,14.20211251891786,109.2,0.0,fall,True,1
2026-05-26 17:50:53,patient_001,129,True,synthetic_ad8232,97,True,synthetic_max30102,36.18,2128,1767,2193,0,False,False,0.485,-1.806,0.05,True,fall,synthetic_label_demo,synthetic_fall,True,1.8706579056577928,14.842506526864076,115.4,1.0,fall,True,1
2026-05-26 17:50:58,patient_001,118,True,synthetic_ad8232,93,True,synthetic_max30102,36.91,2137,1703,2113,0,False,False,1.672,0.489,2.8,True,fall,synthetic_label_demo,synthetic_fall,True,3.297681761480328,14.363147287415902,114.4,4.0,fall,True,1
2026-05-26 17:51:03,patient_001,143,True,synthetic_ad8232,98,True,synthetic_max30102,36.3,2140,1773,2200,0,False,False,-0.524,-1.784,2.8,True,fall,synthetic_label_demo,synthetic_fall,True,3.3611355224090564,13.663820841916863,124.2,0.0,fall,True,1
2026-05-26 17:51:08,patient_001,113,True,synthetic_ad8232,97,True,synthetic_max30102,37.09,2192,1651,2049,0,False,False,-0.298,1.207,0.05,True,fall,synthetic_label_demo,synthetic_fall,True,1.2442479656402898,14.51550894732947,121.8,1.0,fall,True,1
2026-05-26 17:51:13,patient_001,104,True,synthetic_ad8232,95,True,synthetic_max30102,36.11,2113,1646,2042,0,False,False,0.482,-1.646,0.05,True,fall,synthetic_label_demo,synthetic_fall,True,1.7158496437625295,15.076471735787587,121.4,2.0,fall,True,1
2026-05-26 17:51:18,patient_001,123,True,synthetic_ad8232,92,True,synthetic_max30102,37.56,2006,1660,2060,0,False,False,0.178,2.14,2.8,True,fall,synthetic_label_demo,synthetic_fall,True,3.5286376974690956,14.549914089093521,120.2,3.0,fall,True,1
2026-05-26 17:51:23,patient_001,127,True,synthetic_ad8232,96,True,synthetic_max30102,37.1,2171,1716,2130,0,False,False,1.016,-2.558,0.05,True,fall,synthetic_label_demo,synthetic_fall,True,2.752838535039787,14.764823060233466,122.0,0.0,fall,True,1
2026-05-26 17:51:28,patient_001,113,True,synthetic_ad8232,98,True,synthetic_max30102,36.29,2121,1692,2100,0,False,False,-0.152,0.119,2.8,True,fall,synthetic_label_demo,synthetic_fall,True,2.8066465755417083,9.110433579144441,116.0,0.0,fall,True,1
2026-05-26 17:51:33,patient_001,121,True,synthetic_ad8232,92,True,synthetic_max30102,36.02,2048,1683,2089,0,False,False,1.155,-0.971,2.8,True,fall,synthetic_label_demo,synthetic_fall,True,3.1807021237456357,9.154233993076778,117.6,6.0,fall,True,1
2026-05-26 17:51:38,patient_001,115,True,synthetic_ad8232,92,True,synthetic_max30102,36.54,2116,1656,2055,0,False,False,2.685,-1.485,0.05,True,fall,synthetic_label_demo,synthetic_fall,True,3.0687049385693634,5.761944116355357,119.8,0.0,fall,True,1
2026-05-26 17:51:43,patient_001,104,True,synthetic_ad8232,95,True,synthetic_max30102,36.24,2058,1633,2027,0,False,False,-0.808,-0.153,0.05,True,fall,synthetic_label_demo,synthetic_fall,True,0.823876811179924,8.660254037844533,116.0,0.0,fall,True,1
