timestamp,device_id,heart_rate,heart_rate_valid,heart_rate_source,spo2,spo2_valid,spo2_source,temperature,ecg_raw,ecg_mv,ecg_raw_avg,ecg_lead_off,ecg_lo_plus,ecg_lo_minus,accel_x,accel_y,accel_z,fall_detect,label,session_id,source,is_synthetic,accel_mag,hrv_proxy,hr_mean_5,spo2_drop,label_detail,is_anomaly,target
2026-05-26 15:26:48,patient_001,0.17829457364341084,True,synthetic_ad8232,0.8235294117647065,True,synthetic_max30102,0.3758620689655192,1926,0.38045738045738053,0.3812709030100332,0.0,False,False,0.078,-0.048,0.938,False,normal_rest,synthetic_ad8232_normal_rest,real,False,0.20141792696334118,0.0,0.1485809682804674,0.0,normal_rest,False,0
2026-05-26 15:26:53,patient_001,0.16279069767441856,True,synthetic_ad8232,0.8235294117647065,True,synthetic_max30102,0.38620689655172313,1724,0.42411642411642436,0.4247491638795986,0.0,False,False,0.071,0.033,1.035,False,normal_rest,synthetic_ad8232_normal_rest,real,False,0.22234534415127374,0.03807900832586849,0.1402337228714523,0.0,normal_rest,False,0
2026-05-26 15:26:58,patient_001,0.18604651162790697,True,synthetic_ad8232,0.8235294117647065,True,synthetic_max30102,0.38620689655172313,2088,0.5384615384615388,0.5384615384615383,0.0,False,False,0.038,0.023,0.963,False,normal_rest,synthetic_ad8232_normal_rest,real,False,0.20614336743417666,0.04113002983541124,0.14579855314412904,0.0,normal_rest,False,0
2026-05-26 15:27:03,patient_001,0.13953488372093026,True,synthetic_ad8232,0.882352941176471,True,synthetic_max30102,0.35517241379310427,2052,0.6548856548856552,0.6555183946488294,0.0,False,False,0.055,0.047,1.007,False,normal_rest,synthetic_ad8232_normal_rest,real,False,0.21613007688091634,0.07123930139175613,0.1360601001669448,0.0,normal_rest,False,0
2026-05-26 15:27:08,patient_001,0.13178294573643412,True,synthetic_ad8232,0.8235294117647065,True,synthetic_max30102,0.3620689655172402,2243,0.23284823284823286,0.2324414715719061,0.0,False,False,0.085,0.025,0.956,False,normal_rest,synthetic_ad8232_normal_rest,real,False,0.2052827944225964,0.08211303531796434,0.12854757929883132,0.14285714285714285,normal_rest,False,0
2026-05-26 15:27:13,patient_001,0.2093023255813954,True,synthetic_ad8232,0.9411764705882355,True,synthetic_max30102,0.2517241379310331,2222,0.49688149688149696,0.4966555183946486,0.0,False,False,0.049,0.035,0.999,False,normal_rest,synthetic_ad8232_normal_rest,real,False,0.2142054964269903,0.1119937233484783,0.13522537562604342,0.0,normal_rest,False,0
2026-05-26 15:27:18,patient_001,0.20155038759689925,True,synthetic_ad8232,0.882352941176471,True,synthetic_max30102,0.3344827586206893,1744,0.30145530145530186,0.30267558528428085,0.0,False,False,0.065,-0.028,0.977,False,normal_rest,synthetic_ad8232_normal_rest,real,False,0.2095480309796863,0.1242683218669127,0.1435726210350584,0.14285714285714285,normal_rest,False,0
2026-05-26 15:27:23,patient_001,0.14728682170542629,True,synthetic_ad8232,1.0,True,synthetic_max30102,0.23448275862068968,2302,0.3762993762993765,0.37625418060200655,0.0,False,False,0.079,-0.037,0.977,False,normal_rest,synthetic_ad8232_normal_rest,real,False,0.209838776712088,0.12715196127924805,0.13522537562604342,0.0,normal_rest,False,0
2026-05-26 15:27:28,patient_001,0.2093023255813954,True,synthetic_ad8232,0.9411764705882355,True,synthetic_max30102,0.27931034482758754,1469,0.18918918918918948,0.19063545150501637,0.0,False,False,0.022,0.064,0.982,False,normal_rest,synthetic_ad8232_normal_rest,real,False,0.21059314876042698,0.12969242904250847,0.1502504173622704,0.14285714285714285,normal_rest,False,0
2026-05-26 15:27:33,patient_001,0.10852713178294571,True,synthetic_ad8232,0.9411764705882355,True,synthetic_max30102,0.32413793103448185,1959,0.43035343035343043,0.43143812709030094,0.0,False,False,0.068,0.013,0.996,False,normal_rest,synthetic_ad8232_normal_rest,real,False,0.21367737342625742,0.15769491592200666,0.1452420701168613,0.0,normal_rest,False,0
2026-05-26 15:27:48,patient_001,0.07751937984496127,True,synthetic_ad8232,0.8235294117647065,True,synthetic_max30102,0.3448275862068968,2310,0.2827442827442832,0.28260869565217384,0.0,False,False,0.004,0.015,1.042,False,normal_rest,synthetic_ad8232_normal_rest,real,False,0.22325665317559282,0.2062954657369953,0.12520868113522532,0.2857142857142857,normal_rest,False,0
2026-05-26 15:27:53,patient_001,0.10852713178294571,True,synthetic_ad8232,0.882352941176471,True,synthetic_max30102,0.22758620689655018,2172,0.4033264033264037,0.4030100334448159,0.0,False,False,0.026,0.064,0.921,False,normal_rest,synthetic_ad8232_normal_rest,real,False,0.19728190929755798,0.18713033595122858,0.10350584307178623,0.0,normal_rest,False,0
2026-05-26 15:27:58,patient_001,0.12403100775193798,True,synthetic_ad8232,0.7647058823529411,True,synthetic_max30102,0.3172413793103459,2073,0.5738045738045741,0.5735785953177257,0.0,False,False,0.019,0.039,0.991,False,normal_rest,synthetic_ad8232_normal_rest,real,False,0.21226299360996645,0.18162529396564095,0.10684474123539223,0.2857142857142857,normal_rest,False,0
2026-05-26 15:28:03,patient_001,0.10077519379844957,True,synthetic_ad8232,0.882352941176471,True,synthetic_max30102,0.3275862068965534,1659,0.5467775467775469,0.5468227424749164,0.0,False,False,0.094,0.063,1.004,False,normal_rest,synthetic_ad8232_normal_rest,real,False,0.2162969334486859,0.15302834911403568,0.08681135225375614,0.0,normal_rest,False,0
2026-05-26 15:28:13,patient_001,0.18604651162790697,True,synthetic_ad8232,0.9411764705882355,True,synthetic_max30102,0.4827586206896548,1980,0.06029106029106046,0.061872909698996725,0.0,False,False,0.157,0.047,0.95,False,normal_rest,synthetic_ad8232_normal_rest,real,False,0.20614518599749357,0.11674802878749878,0.09515859766277113,0.0,normal_rest,False,0
2026-05-26 15:28:18,patient_001,0.10852713178294571,True,synthetic_ad8232,0.882352941176471,True,synthetic_max30102,0.2586206896551726,1587,0.3180873180873185,0.31939799331103647,0.0,False,False,0.034,0.073,0.996,False,normal_rest,synthetic_ad8232_normal_rest,real,False,0.21386298638835244,0.11674802878749878,0.09515859766277113,0.14285714285714285,normal_rest,False,0
2026-05-26 15:28:23,patient_001,0.06201550387596899,True,synthetic_ad8232,0.8235294117647065,True,synthetic_max30102,0.30689655172413843,1487,0.25779625779625803,0.2575250836120402,0.0,False,False,0.111,0.035,1.029,False,normal_rest,synthetic_ad8232_normal_rest,real,False,0.2218202927768615,0.15700377344633,0.08180300500834714,0.14285714285714285,normal_rest,False,0
2026-05-26 15:28:28,patient_001,0.10077519379844957,True,synthetic_ad8232,0.8235294117647065,True,synthetic_max30102,0.4931034482758623,2275,0.47193347193347224,0.47157190635451496,0.0,False,False,0.007,0.064,0.954,False,normal_rest,synthetic_ad8232_normal_rest,real,False,0.20442223946218904,0.15700377344633,0.08180300500834714,0.0,normal_rest,False,0
2026-05-26 15:28:33,patient_001,0.15503875968992242,True,synthetic_ad8232,0.882352941176471,True,synthetic_max30102,0.2551724137931046,2007,0.17255717255717284,0.17391304347826075,0.0,False,False,0.058,0.012,0.941,False,normal_rest,synthetic_ad8232_normal_rest,real,False,0.20150591796558734,0.16858295629036338,0.08848080133555913,0.0,normal_rest,False,0
2026-05-26 15:28:38,patient_001,0.26356589147286824,True,synthetic_ad8232,0.882352941176471,True,synthetic_max30102,0.29999999999999893,2493,0.3284823284823286,0.3294314381270902,0.0,False,False,0.051,0.082,0.999,False,normal_rest,synthetic_ad8232_normal_rest,real,False,0.21482855273731502,0.2695283748357234,0.10517529215358923,0.0,normal_rest,False,0
2026-05-26 15:28:43,patient_001,0.18604651162790697,True,synthetic_ad8232,1.0,True,synthetic_max30102,0.3275862068965534,2121,0.6112266112266114,0.6103678929765883,0.0,False,False,-0.009,-0.025,1.056,False,normal_rest,synthetic_ad8232_normal_rest,real,False,0.22637256133071706,0.2708699877785042,0.12186978297161932,0.0,normal_rest,False,0
2026-05-26 15:28:48,patient_001,0.13953488372093026,True,synthetic_ad8232,1.0,True,synthetic_max30102,0.21379310344827474,1972,0.35135135135135176,0.3511705685618729,0.0,False,False,0.004,0.056,0.974,False,normal_rest,synthetic_ad8232_normal_rest,real,False,0.2086838664697124,0.21235662978827985,0.1385642737896493,0.0,normal_rest,False,0
2026-05-26 15:29:03,patient_001,0.1937984496124031,True,synthetic_ad8232,1.0,True,synthetic_max30102,0.29655172413793096,1611,0.3929313929313931,0.3929765886287626,0.0,False,False,0.012,0.021,1.0,False,normal_rest,synthetic_ad8232_normal_rest,real,False,0.2140913858774201,0.12913219994810718,0.1318864774624373,0.0,normal_rest,False,0
2026-05-26 15:29:13,patient_001,0.18604651162790697,True,synthetic_ad8232,0.9411764705882355,True,synthetic_max30102,0.24827586206896513,1737,0.2141372141372142,0.21404682274247477,0.0,False,False,0.014,-0.056,0.983,False,normal_rest,synthetic_ad8232_normal_rest,real,False,0.2106729475958377,0.12101698161135797,0.1385642737896493,0.0,normal_rest,False,0
2026-05-26 15:29:23,patient_001,0.33333333333333337,True,synthetic_ad8232,0.8235294117647065,True,synthetic_max30102,0.27931034482758754,2381,0.37422037422037446,0.37458193979933085,0.0,False,False,0.054,0.099,0.951,False,normal_rest,synthetic_ad8232_normal_rest,real,False,0.20474937999059367,0.28660620382917473,0.17028380634390639,0.14285714285714285,normal_rest,False,0
2026-05-26 15:29:28,patient_001,0.18604651162790697,True,synthetic_ad8232,0.882352941176471,True,synthetic_max30102,0.29999999999999893,1836,0.39708939708939717,0.39799331103678925,0.0,False,False,-0.015,0.02,0.979,False,normal_rest,synthetic_ad8232_normal_rest,real,False,0.2094952275146561,0.28723791322202025,0.1686143572621035,0.0,normal_rest,False,0
2026-05-26 15:29:33,patient_001,0.1937984496124031,True,synthetic_ad8232,0.9411764705882355,True,synthetic_max30102,0.32413793103448185,2122,0.2640332640332641,0.2642140468227425,0.0,False,False,0.054,0.032,0.99,False,normal_rest,synthetic_ad8232_normal_rest,real,False,0.2122714989354998,0.2830425778010373,0.1736227045075125,0.0,normal_rest,False,0
2026-05-26 15:29:38,patient_001,0.15503875968992242,True,synthetic_ad8232,1.0,True,synthetic_max30102,0.44482758620689644,2255,0.5259875259875262,0.5250836120401337,0.0,False,False,0.055,-0.001,0.946,False,normal_rest,synthetic_ad8232_normal_rest,real,False,0.20254375496388557,0.2921183664177073,0.1669449081803005,0.0,normal_rest,False,0
2026-05-26 15:29:48,patient_001,0.14728682170542629,True,synthetic_ad8232,0.882352941176471,True,synthetic_max30102,0.289655172413795,2096,0.3180873180873185,0.31939799331103647,0.0,False,False,0.046,0.089,0.887,False,normal_rest,synthetic_ad8232_normal_rest,real,False,0.1905000560923682,0.07757283758886538,0.1452420701168613,0.0,normal_rest,False,0
2026-05-26 15:29:53,patient_001,0.17829457364341084,True,synthetic_ad8232,0.882352941176471,True,synthetic_max30102,0.15862068965517295,1983,0.4844074844074848,0.48494983277591963,0.0,False,False,0.053,0.099,0.929,False,normal_rest,synthetic_ad8232_normal_rest,real,False,0.19995002811364027,0.07520001604267178,0.1435726210350584,0.0,normal_rest,False,0
2026-05-26 15:30:08,patient_001,0.2093023255813954,True,synthetic_ad8232,0.882352941176471,True,synthetic_max30102,0.41034482758620605,1892,0.14760914760914767,0.1488294314381271,0.0,False,False,0.07,0.103,1.019,False,normal_rest,synthetic_ad8232_normal_rest,real,False,0.21985249729535855,0.17029450226484485,0.1652754590984974,0.14285714285714285,normal_rest,False,0
2026-05-26 15:30:13,patient_001,0.09302325581395343,True,synthetic_ad8232,0.8235294117647065,True,synthetic_max30102,0.44137931034482847,1524,0.3409563409563412,0.34113712374581917,0.0,False,False,0.066,0.002,0.949,False,normal_rest,synthetic_ad8232_normal_rest,real,False,0.2033537884596968,0.22656209960601814,0.1535893155258764,0.14285714285714285,normal_rest,False,0
2026-05-26 15:30:18,patient_001,0.12403100775193798,True,synthetic_ad8232,0.882352941176471,True,synthetic_max30102,0.41034482758620605,2218,0.3555093555093558,0.35618729096989954,0.0,False,False,0.064,-0.062,1.002,False,normal_rest,synthetic_ad8232_normal_rest,real,False,0.21533213463405076,0.2448631243871208,0.1419031719532554,0.0,normal_rest,False,0
2026-05-26 15:30:23,patient_001,0.26356589147286824,True,synthetic_ad8232,0.7647058823529411,True,synthetic_max30102,0.2586206896551726,2451,0.440748440748441,0.4414715719063542,0.0,False,False,0.064,-0.033,1.049,False,normal_rest,synthetic_ad8232_normal_rest,real,False,0.22530626935298464,0.2807277881875659,0.1636060100166944,0.2857142857142857,normal_rest,False,0
2026-05-26 15:30:28,patient_001,0.12403100775193798,True,synthetic_ad8232,0.9411764705882355,True,synthetic_max30102,0.4034482758620701,1903,0.22453222453222477,0.2240802675585285,0.0,False,False,0.049,0.039,1.001,False,normal_rest,synthetic_ad8232_normal_rest,real,False,0.21467533041351167,0.24678017901246765,0.1318864774624373,0.0,normal_rest,False,0
2026-05-26 15:30:38,patient_001,0.17829457364341084,True,synthetic_ad8232,0.9411764705882355,True,synthetic_max30102,0.3103448275862064,3073,0.440748440748441,0.4414715719063542,0.0,False,False,0.093,0.064,1.024,False,normal_rest,synthetic_ad8232_normal_rest,real,False,0.22064637487209857,0.20005074394325834,0.1385642737896493,0.0,normal_rest,False,0
2026-05-26 15:30:43,patient_001,0.14728682170542629,True,synthetic_ad8232,0.7647058823529411,True,synthetic_max30102,0.4482758620689644,1380,0.12474012474012497,0.1254180602006687,0.0,False,False,0.022,0.034,1.042,False,normal_rest,synthetic_ad8232_normal_rest,real,False,0.2234037015066225,0.18713033595122872,0.1435726210350584,0.42857142857142855,normal_rest,False,0
2026-05-26 15:30:48,patient_001,0.06201550387596899,True,synthetic_ad8232,0.8235294117647065,True,synthetic_max30102,0.34827586206896477,1854,0.0,0.0,0.0,False,False,0.061,0.041,0.933,False,normal_rest,synthetic_ad8232_normal_rest,real,False,0.1999781286143319,0.15397297752392647,0.10016694490818023,0.0,normal_rest,False,0
2026-05-26 15:30:53,patient_001,0.13178294573643412,True,synthetic_ad8232,0.9411764705882355,True,synthetic_max30102,0.3724137931034477,1789,0.42411642411642436,0.4247491638795986,0.0,False,False,0.046,0.06,0.999,False,normal_rest,synthetic_ad8232_normal_rest,real,False,0.21443419581207543,0.1530283491140359,0.10183639398998334,0.0,normal_rest,False,0
2026-05-26 15:31:03,patient_001,0.03875968992248058,True,synthetic_ad8232,0.7647058823529411,True,synthetic_max30102,0.18275862068965587,2082,0.28066528066528074,0.28093645484949814,0.0,False,False,-0.053,0.003,1.02,False,normal_rest,synthetic_ad8232_normal_rest,real,False,0.21871267453689935,0.184004766060976,0.07178631051752915,0.2857142857142857,normal_rest,False,0
2026-05-26 15:31:18,patient_001,0.15503875968992242,True,synthetic_ad8232,0.7647058823529411,True,synthetic_max30102,0.38965517241379466,2168,0.2619542619542621,0.2625418060200668,0.0,False,False,0.016,0.009,0.947,False,normal_rest,synthetic_ad8232_normal_rest,real,False,0.20245169235033533,0.24707379027516005,0.10517529215358923,0.2857142857142857,normal_rest,False,0
2026-05-26 15:31:23,patient_001,0.14728682170542629,True,synthetic_ad8232,0.882352941176471,True,synthetic_max30102,0.3413793103448288,1994,0.5051975051975055,0.5050167224080266,0.0,False,False,0.093,0.016,0.931,False,normal_rest,synthetic_ad8232_normal_rest,real,False,0.1999517845077447,0.24574977710497942,0.10350584307178623,0.0,normal_rest,False,0
2026-05-26 15:31:33,patient_001,0.2325581395348837,True,synthetic_ad8232,0.8235294117647065,True,synthetic_max30102,0.3379310344827573,1052,0.1538461538461542,0.15384615384615374,0.0,False,False,0.039,0.043,0.957,False,normal_rest,synthetic_ad8232_normal_rest,real,False,0.20498962978480825,0.19191215758015887,0.1452420701168613,0.14285714285714285,normal_rest,False,0
2026-05-26 15:31:38,patient_001,0.09302325581395343,True,synthetic_ad8232,0.8235294117647065,True,synthetic_max30102,0.2862068965517235,1891,0.38669438669438705,0.3862876254180603,0.0,False,False,0.117,0.074,0.952,False,normal_rest,synthetic_ad8232_normal_rest,real,False,0.20570269996071375,0.2089146412771376,0.1419031719532554,0.0,normal_rest,False,0
2026-05-26 15:31:43,patient_001,0.14728682170542629,True,synthetic_ad8232,0.882352941176471,True,synthetic_max30102,0.3620689655172402,3134,0.3534303534303538,0.35451505016722384,0.0,False,False,0.026,0.073,0.944,False,normal_rest,synthetic_ad8232_normal_rest,real,False,0.20245111393853793,0.2111583159829565,0.1402337228714523,0.0,normal_rest,False,0
2026-05-26 15:31:48,patient_001,0.17829457364341084,True,synthetic_ad8232,1.0,True,synthetic_max30102,0.3172413793103459,2163,0.25155925155925196,0.2525083612040131,0.0,False,False,0.063,0.028,0.983,False,normal_rest,synthetic_ad8232_normal_rest,real,False,0.21083101129350684,0.20629546573699556,0.1469115191986643,0.0,normal_rest,False,0
2026-05-26 15:31:53,patient_001,0.10852713178294571,True,synthetic_ad8232,0.9411764705882355,True,synthetic_max30102,0.4034482758620701,2402,0.29729729729729737,0.2976588628762542,0.0,False,False,0.055,0.019,1.008,False,normal_rest,synthetic_ad8232_normal_rest,real,False,0.21614820068623522,0.19472489410289304,0.12020033388981621,0.14285714285714285,normal_rest,False,0
2026-05-26 15:31:58,patient_001,0.046511627906976716,True,synthetic_ad8232,0.882352941176471,True,synthetic_max30102,0.137931034482758,1332,0.22037422037422072,0.2207357859531771,0.0,False,False,-0.02,0.085,1.026,False,normal_rest,synthetic_ad8232_normal_rest,real,False,0.22053786249620264,0.17594809513885448,0.08013355592654414,0.14285714285714285,normal_rest,False,0
2026-05-26 15:32:08,patient_001,0.1705426356589147,True,synthetic_ad8232,0.882352941176471,True,synthetic_max30102,0.3793103448275872,2807,0.48856548856548887,0.4882943143812706,0.0,False,False,0.054,0.057,0.962,False,normal_rest,synthetic_ad8232_normal_rest,real,False,0.20640087928777148,0.2606396161322587,0.06677796327212016,0.0,normal_rest,False,0
2026-05-26 15:32:13,patient_001,0.10077519379844957,True,synthetic_ad8232,0.8235294117647065,True,synthetic_max30102,0.4241379310344815,2213,0.5467775467775469,0.5468227424749164,0.0,False,False,0.032,0.086,0.972,False,normal_rest,synthetic_ad8232_normal_rest,real,False,0.2088383493712641,0.21658220566078037,0.05008347245409006,0.14285714285714285,normal_rest,False,0
2026-05-26 15:32:18,patient_001,0.17829457364341084,True,synthetic_ad8232,1.0,True,synthetic_max30102,0.27931034482758754,2183,0.13929313929313958,0.14046822742474907,0.0,False,False,0.002,0.012,1.008,False,normal_rest,synthetic_ad8232_normal_rest,real,False,0.2157965291324902,0.2603613035957207,0.06510851419031716,0.0,normal_rest,False,0
2026-05-26 15:32:23,patient_001,0.13178294573643412,True,synthetic_ad8232,0.9411764705882355,True,synthetic_max30102,0.10344827586206762,1986,0.384615384615385,0.3846153846153846,0.0,False,False,0.009,-0.037,0.957,False,normal_rest,synthetic_ad8232_normal_rest,real,False,0.20477008820416925,0.2396256051702945,0.08347245409015025,0.14285714285714285,normal_rest,False,0
2026-05-26 15:32:28,patient_001,0.14728682170542629,True,synthetic_ad8232,0.882352941176471,True,synthetic_max30102,0.3275862068965534,2309,0.40748440748440773,0.40802675585284254,0.0,False,False,-0.0,0.058,1.017,False,normal_rest,synthetic_ad8232_normal_rest,real,False,0.21811487431573506,0.10837475761523384,0.11352253756260422,0.14285714285714285,normal_rest,False,0
2026-05-26 15:32:33,patient_001,0.17829457364341084,True,synthetic_ad8232,1.0,True,synthetic_max30102,0.30344827586207046,1569,0.18503118503118543,0.18561872909698973,0.0,False,False,0.028,-0.0,0.949,False,normal_rest,synthetic_ad8232_normal_rest,real,False,0.20294149129777247,0.11423702497760561,0.11519198664440733,0.0,normal_rest,False,0
2026-05-26 15:32:38,patient_001,0.15503875968992242,True,synthetic_ad8232,0.882352941176471,True,synthetic_max30102,0.3137931034482744,1756,0.33264033264033266,0.33277591973244114,0.0,False,False,0.009,0.066,1.02,False,normal_rest,synthetic_ad8232_normal_rest,real,False,0.2188862902417038,0.07021422202999435,0.12687813021702832,0.2857142857142857,normal_rest,False,0
2026-05-26 15:32:43,patient_001,0.1937984496124031,True,synthetic_ad8232,0.882352941176471,True,synthetic_max30102,0.18620689655172384,1456,0.39501039501039514,0.39464882943143786,0.0,False,False,0.037,0.04,0.954,False,normal_rest,synthetic_ad8232_normal_rest,real,False,0.20428743320713857,0.08599450832998584,0.13021702838063431,0.0,normal_rest,False,0
2026-05-26 15:32:48,patient_001,0.24806201550387597,True,synthetic_ad8232,0.9411764705882355,True,synthetic_max30102,0.289655172413795,1586,0.3430353430353432,0.34280936454849487,0.0,False,False,0.055,-0.066,0.944,False,normal_rest,synthetic_ad8232_normal_rest,real,False,0.20261023209803336,0.13913175475907322,0.1552587646076794,0.0,normal_rest,False,0
2026-05-26 15:32:53,patient_001,0.2093023255813954,True,synthetic_ad8232,1.0,True,synthetic_max30102,0.21034482758620676,2055,0.19750519750519757,0.1989966555183944,0.0,False,False,0.007,0.039,1.054,False,normal_rest,synthetic_ad8232_normal_rest,real,False,0.22602418743116673,0.12131615878388954,0.1686143572621035,0.0,normal_rest,False,0
2026-05-26 15:32:58,patient_001,0.2790697674418604,True,synthetic_ad8232,0.7647058823529411,True,synthetic_max30102,0.1999999999999993,1342,0.4282744282744284,0.42809364548494955,0.0,False,False,0.023,0.009,1.023,False,normal_rest,synthetic_ad8232_normal_rest,real,False,0.21913291696302242,0.1670709709833522,0.19031719532554248,0.5714285714285714,normal_rest,False,0
2026-05-26 15:33:08,patient_001,0.06201550387596899,True,synthetic_ad8232,0.9411764705882355,True,synthetic_max30102,0.22068965517241423,1419,0.21205821205821218,0.21237458193979908,0.0,False,False,0.049,-0.027,1.008,False,normal_rest,synthetic_ad8232_normal_rest,real,False,0.21612041747999508,0.28912476017880595,0.17028380634390639,0.0,normal_rest,False,0
2026-05-26 15:33:13,patient_001,0.2093023255813954,True,synthetic_ad8232,0.882352941176471,True,synthetic_max30102,0.2586206896551726,1816,0.40956340956340975,0.40969899665551823,0.0,False,False,0.098,0.012,0.991,False,normal_rest,synthetic_ad8232_normal_rest,real,False,0.2131301497119771,0.27498739450291804,0.1619365609348914,0.14285714285714285,normal_rest,False,0
2026-05-26 15:33:18,patient_001,0.1937984496124031,True,synthetic_ad8232,0.8235294117647065,True,synthetic_max30102,0.275862068965516,3259,0.5966735966735968,0.5969899665551837,0.0,False,False,0.095,-0.012,0.893,False,normal_rest,synthetic_ad8232_normal_rest,real,False,0.1917007947027573,0.2728700394609826,0.1585976627712854,0.14285714285714285,normal_rest,False,0
2026-05-26 15:33:23,patient_001,0.13953488372093026,True,synthetic_ad8232,0.7647058823529411,True,synthetic_max30102,0.2827586206896555,2310,0.43243243243243246,0.43311036789297663,0.0,False,False,0.029,0.022,0.945,False,normal_rest,synthetic_ad8232_normal_rest,real,False,0.20212799252043745,0.2108146895290978,0.12854757929883132,0.14285714285714285,normal_rest,False,0
2026-05-26 15:33:28,patient_001,0.06976744186046513,True,synthetic_ad8232,0.9411764705882355,True,synthetic_max30102,0.4862068965517228,1354,0.4178794178794183,0.41806020066889626,0.0,False,False,0.047,0.017,0.984,False,normal_rest,synthetic_ad8232_normal_rest,real,False,0.21079898521372714,0.23673385968615132,0.10183639398998334,0.0,normal_rest,False,0
2026-05-26 15:33:33,patient_001,0.1705426356589147,True,synthetic_ad8232,0.882352941176471,True,synthetic_max30102,0.46896551724137936,2231,0.44490644490644504,0.4448160535117056,0.0,False,False,0.033,0.097,0.946,False,normal_rest,synthetic_ad8232_normal_rest,real,False,0.2034059592032974,0.19172317461203692,0.12520868113522532,0.14285714285714285,normal_rest,False,0
2026-05-26 15:33:38,patient_001,0.10852713178294571,True,synthetic_ad8232,0.882352941176471,True,synthetic_max30102,0.4137931034482776,1815,0.2141372141372142,0.21404682274247477,0.0,False,False,0.027,-0.038,0.989,False,normal_rest,synthetic_ad8232_normal_rest,real,False,0.2118573339337356,0.17093191373436814,0.10350584307178623,0.0,normal_rest,False,0
2026-05-26 15:33:43,patient_001,0.15503875968992242,True,synthetic_ad8232,0.7647058823529411,True,synthetic_max30102,0.1724137931034484,2225,0.4677754677754682,0.46822742474916357,0.0,False,False,0.059,0.009,0.887,False,normal_rest,synthetic_ad8232_normal_rest,real,False,0.18970362801650076,0.13939205761481868,0.09515859766277113,0.2857142857142857,normal_rest,False,0
2026-05-26 15:33:48,patient_001,0.11627906976744184,True,synthetic_ad8232,0.7647058823529411,True,synthetic_max30102,0.38275862068965516,2000,0.3991683991683992,0.39966555183946495,0.0,False,False,0.054,0.125,1.007,False,normal_rest,synthetic_ad8232_normal_rest,real,False,0.21756960547223772,0.1386096825435752,0.09015025041736224,0.0,normal_rest,False,0
2026-05-26 15:34:03,patient_001,0.01550387596899222,True,synthetic_ad8232,0.8235294117647065,True,synthetic_max30102,0.2310344827586217,1907,0.16632016632016633,0.16722408026755842,0.0,False,False,0.032,0.075,0.98,False,normal_rest,synthetic_ad8232_normal_rest,real,False,0.21038655859076297,0.25444642967114267,0.09348914858096824,0.0,normal_rest,False,0
2026-05-26 15:34:08,patient_001,0.22480620155038755,True,synthetic_ad8232,0.8235294117647065,True,synthetic_max30102,0.2310344827586217,2350,0.37422037422037446,0.37458193979933085,0.0,False,False,0.062,0.021,1.016,False,normal_rest,synthetic_ad8232_normal_rest,real,False,0.21799522968619509,0.29704067355955316,0.10851419031719534,0.0,normal_rest,False,0
2026-05-26 15:34:13,patient_001,0.10077519379844957,True,synthetic_ad8232,0.882352941176471,True,synthetic_max30102,0.293103448275863,1575,0.2889812889812893,0.2892976588628762,0.0,False,False,-0.009,-0.033,1.017,False,normal_rest,synthetic_ad8232_normal_rest,real,False,0.21787875126018413,0.3018827313691132,0.10517529215358923,0.0,normal_rest,False,0
2026-05-26 15:34:18,patient_001,0.15503875968992242,True,synthetic_ad8232,0.9411764705882355,True,synthetic_max30102,0.11379310344827509,2390,0.39708939708939717,0.39632107023411356,0.0,False,False,-0.02,-0.007,1.048,False,normal_rest,synthetic_ad8232_normal_rest,real,False,0.22459311121328934,0.2661447561905631,0.09181969949916524,0.0,normal_rest,False,0
2026-05-26 15:34:23,patient_001,0.09302325581395343,True,synthetic_ad8232,0.8235294117647065,True,synthetic_max30102,0.34827586206896477,2122,0.3762993762993765,0.37625418060200655,0.0,False,False,0.042,0.052,0.982,False,normal_rest,synthetic_ad8232_normal_rest,real,False,0.21058068100441457,0.27020001399029686,0.08347245409015025,0.2857142857142857,normal_rest,False,0
2026-05-26 15:34:28,patient_001,0.2093023255813954,True,synthetic_ad8232,0.9411764705882355,True,synthetic_max30102,0.1724137931034484,1186,0.2266112266112268,0.22742474916387945,0.0,False,False,-0.05,0.07,1.038,False,normal_rest,synthetic_ad8232_normal_rest,real,False,0.22313454899862653,0.2097804329739201,0.12520868113522532,0.0,normal_rest,False,0
2026-05-26 15:34:33,patient_001,0.1705426356589147,True,synthetic_ad8232,0.9411764705882355,True,synthetic_max30102,0.4655172413793114,1922,0.3617463617463619,0.3628762541806019,0.0,False,False,0.061,0.015,0.954,False,normal_rest,synthetic_ad8232_normal_rest,real,False,0.20439943395637958,0.16965469598678665,0.11352253756260422,0.0,normal_rest,False,0
2026-05-26 15:34:38,patient_001,0.10077519379844957,True,synthetic_ad8232,1.0,True,synthetic_max30102,0.4655172413793114,2274,0.43035343035343043,0.42976588628762524,0.0,False,False,0.085,-0.007,1.024,False,normal_rest,synthetic_ad8232_normal_rest,real,False,0.22006373231594692,0.16965469598678665,0.11352253756260422,0.0,normal_rest,False,0
2026-05-26 15:34:43,patient_001,0.24031007751937983,True,synthetic_ad8232,0.9411764705882355,True,synthetic_max30102,0.3758620689655192,1832,0.3929313929313931,0.3929765886287626,0.0,False,False,0.065,0.044,0.919,False,normal_rest,synthetic_ad8232_normal_rest,real,False,0.19700992911683712,0.2260815855982637,0.1318864774624373,0.14285714285714285,normal_rest,False,0
2026-05-26 15:34:48,patient_001,0.0852713178294574,True,synthetic_ad8232,1.0,True,synthetic_max30102,0.4586206896551719,2117,0.33679833679833715,0.33612040133779253,0.0,False,False,0.094,0.04,1.044,False,normal_rest,synthetic_ad8232_normal_rest,real,False,0.22476228575692797,0.23349605757499786,0.13021702838063431,0.0,normal_rest,False,0
2026-05-26 15:34:58,patient_001,0.16279069767441856,True,synthetic_ad8232,0.882352941176471,True,synthetic_max30102,0.3137931034482744,1457,0.25155925155925196,0.2525083612040131,0.0,False,False,0.032,-0.013,0.984,False,normal_rest,synthetic_ad8232_normal_rest,real,False,0.2106538074696371,0.22815650421460276,0.10350584307178623,0.0,normal_rest,False,0
2026-05-26 15:35:03,patient_001,0.1937984496124031,True,synthetic_ad8232,0.882352941176471,True,synthetic_max30102,0.15517241379310498,2154,0.5135135135135136,0.5133779264214047,0.0,False,False,0.035,0.07,1.032,False,normal_rest,synthetic_ad8232_normal_rest,real,False,0.2216892634936602,0.23005520411517968,0.12353923205342232,0.0,normal_rest,False,0
2026-05-26 15:35:08,patient_001,0.10852713178294571,True,synthetic_ad8232,0.8235294117647065,True,synthetic_max30102,0.3413793103448288,1501,0.32224532224532254,0.32274247491638786,0.0,False,False,0.055,0.081,1.034,False,normal_rest,synthetic_ad8232_normal_rest,real,False,0.22249171528246567,0.1644466564581692,0.09515859766277113,0.14285714285714285,normal_rest,False,0
2026-05-26 15:35:13,patient_001,0.13953488372093026,True,synthetic_ad8232,0.882352941176471,True,synthetic_max30102,0.293103448275863,2119,0.2619542619542621,0.2625418060200668,0.0,False,False,0.017,0.04,0.97,False,normal_rest,synthetic_ad8232_normal_rest,real,False,0.20766627372836288,0.14120074196820454,0.10684474123539223,0.0,normal_rest,False,0
2026-05-26 15:35:18,patient_001,0.13953488372093026,True,synthetic_ad8232,0.882352941176471,True,synthetic_max30102,0.3344827586206893,1053,0.18503118503118543,0.18561872909698973,0.0,False,False,-0.006,0.011,1.048,False,normal_rest,synthetic_ad8232_normal_rest,real,False,0.22456258592551417,0.1100344982581874,0.11686143572621033,0.0,normal_rest,False,0
2026-05-26 15:35:23,patient_001,0.046511627906976716,True,synthetic_ad8232,0.882352941176471,True,synthetic_max30102,0.3137931034482744,2714,0.3783783783783785,0.37959866220735794,0.0,False,False,0.035,0.079,0.883,False,normal_rest,synthetic_ad8232_normal_rest,real,False,0.18931178595711684,0.18693651887596935,0.09181969949916524,0.0,normal_rest,False,0
2026-05-26 15:35:28,patient_001,0.09302325581395343,True,synthetic_ad8232,0.882352941176471,True,synthetic_max30102,0.24482758620689715,2048,0.5987525987525988,0.5986622073578594,0.0,False,False,0.004,0.017,1.047,False,normal_rest,synthetic_ad8232_normal_rest,real,False,0.22435894535810588,0.13409002517343108,0.07011686143572615,0.0,normal_rest,False,0
2026-05-26 15:35:43,patient_001,0.18604651162790697,True,synthetic_ad8232,0.9411764705882355,True,synthetic_max30102,0.1448275862068975,2079,0.3555093555093558,0.35618729096989954,0.0,False,False,0.067,-0.009,0.932,False,normal_rest,synthetic_ad8232_normal_rest,real,False,0.19966212742938247,0.31492974431701243,0.11185308848080122,0.0,normal_rest,False,0
2026-05-26 15:35:48,patient_001,0.11627906976744184,True,synthetic_ad8232,0.9411764705882355,True,synthetic_max30102,0.19310344827586334,1638,0.384615384615385,0.3846153846153846,0.0,False,False,0.024,0.007,0.988,False,normal_rest,synthetic_ad8232_normal_rest,real,False,0.21146687983369336,0.26423100430338836,0.12687813021702832,0.0,normal_rest,False,0
2026-05-26 15:35:53,patient_001,0.2093023255813954,True,synthetic_ad8232,0.882352941176471,True,synthetic_max30102,0.14827586206896548,2033,0.35758835758835783,0.35785953177257523,0.0,False,False,-0.038,0.03,0.981,False,normal_rest,synthetic_ad8232_normal_rest,real,False,0.21012522521981858,0.23826020599219497,0.1519198664440734,0.14285714285714285,normal_rest,False,0
2026-05-26 15:35:58,patient_001,0.17829457364341084,True,synthetic_ad8232,0.9411764705882355,True,synthetic_max30102,0.21379310344827474,1973,0.5405405405405408,0.540133779264214,0.0,False,False,-0.007,-0.014,1.002,False,normal_rest,synthetic_ad8232_normal_rest,real,False,0.21449237217305628,0.1479701463597696,0.13021702838063431,0.0,normal_rest,False,0
2026-05-26 15:36:03,patient_001,0.007751937984496138,True,synthetic_ad8232,0.7647058823529411,True,synthetic_max30102,0.23793103448275765,2432,0.2661122661122661,0.26755852842809347,0.0,False,False,0.018,0.014,0.992,False,normal_rest,synthetic_ad8232_normal_rest,real,False,0.2123315790303229,0.2824014839364091,0.10684474123539223,0.42857142857142855,normal_rest,False,0
2026-05-26 15:36:13,patient_001,0.12403100775193798,True,synthetic_ad8232,1.0,True,synthetic_max30102,0.289655172413795,2141,0.23908523908523938,0.23913043478260843,0.0,False,False,-0.011,0.033,0.947,False,normal_rest,synthetic_ad8232_normal_rest,real,False,0.2025526583532778,0.266960735896234,0.09515859766277113,0.0,normal_rest,False,0
2026-05-26 15:36:23,patient_001,0.13953488372093026,True,synthetic_ad8232,0.8235294117647065,True,synthetic_max30102,0.3206896551724139,2201,0.3264033264033266,0.3277591973244145,0.0,False,False,0.017,0.023,1.065,False,normal_rest,synthetic_ad8232_normal_rest,real,False,0.22835575093785002,0.23581330975875373,0.08347245409015025,0.0,normal_rest,False,0
2026-05-26 15:36:33,patient_001,0.09302325581395343,True,synthetic_ad8232,0.882352941176471,True,synthetic_max30102,0.39310344827586263,2578,0.4054054054054057,0.4063545150501673,0.0,False,False,0.075,0.038,1.025,False,normal_rest,synthetic_ad8232_normal_rest,real,False,0.22026028021441169,0.12772087669863375,0.10684474123539223,0.0,normal_rest,False,0
2026-05-26 15:36:38,patient_001,0.17829457364341084,True,synthetic_ad8232,0.882352941176471,True,synthetic_max30102,0.3379310344827573,2092,0.1185031185031189,0.11872909698996637,0.0,False,False,-0.077,0.045,0.844,False,normal_rest,synthetic_ad8232_normal_rest,real,False,0.18087070447378237,0.1354349938892522,0.11853088480801333,0.0,normal_rest,False,0
2026-05-26 15:36:43,patient_001,0.1937984496124031,True,synthetic_ad8232,0.8235294117647065,True,synthetic_max30102,0.24827586206896513,2222,0.3679833679833684,0.3678929765886285,0.0,False,False,0.095,0.011,1.08,False,normal_rest,synthetic_ad8232_normal_rest,real,False,0.23248485299729282,0.1354349938892522,0.11853088480801333,0.14285714285714285,normal_rest,False,0
2026-05-26 15:36:48,patient_001,0.26356589147286824,True,synthetic_ad8232,0.882352941176471,True,synthetic_max30102,0.2241379310344822,1730,0.3534303534303538,0.35284280936454815,0.0,False,False,0.036,0.029,0.935,False,normal_rest,synthetic_ad8232_normal_rest,real,False,0.20003326465781043,0.21758413331723672,0.1452420701168613,0.0,normal_rest,False,0
2026-05-26 15:36:58,patient_001,0.2325581395348837,True,synthetic_ad8232,0.882352941176471,True,synthetic_max30102,0.18965517241379182,2386,0.4116424116424118,0.41137123745819393,0.0,False,False,0.058,0.049,0.929,False,normal_rest,synthetic_ad8232_normal_rest,real,False,0.199146951004069,0.11581278251775352,0.19031719532554248,0.0,normal_rest,False,0
2026-05-26 15:37:03,patient_001,0.18604651162790697,True,synthetic_ad8232,0.9411764705882355,True,synthetic_max30102,0.18965517241379182,2744,0.48856548856548887,0.4882943143812706,0.0,False,False,0.053,0.018,0.971,False,normal_rest,synthetic_ad8232_normal_rest,real,False,0.2080253890635557,0.10837475761523384,0.19198664440734559,0.0,normal_rest,False,0
2026-05-26 15:37:08,patient_001,0.27131782945736427,True,synthetic_ad8232,1.0,True,synthetic_max30102,0.29999999999999893,2422,0.40956340956340975,0.40969899665551823,0.0,False,False,0.054,0.061,0.995,False,normal_rest,synthetic_ad8232_normal_rest,real,False,0.21366124004238984,0.12101698161135817,0.20868113522537557,0.0,normal_rest,False,0
2026-05-26 15:37:13,patient_001,0.16279069767441856,True,synthetic_ad8232,0.8235294117647065,True,synthetic_max30102,0.275862068965516,1945,0.4532224532224536,0.45317725752508364,0.0,False,False,0.065,0.03,1.004,False,normal_rest,synthetic_ad8232_normal_rest,real,False,0.2154624770102932,0.14574861687146434,0.18697829716193648,0.42857142857142855,normal_rest,False,0
2026-05-26 15:37:18,patient_001,0.2093023255813954,True,synthetic_ad8232,0.882352941176471,True,synthetic_max30102,0.20344827586207082,1536,0.22453222453222477,0.2240802675585285,0.0,False,False,0.098,0.01,0.924,False,normal_rest,synthetic_ad8232_normal_rest,real,False,0.19851989696330985,0.14574861687146434,0.18530884808013348,0.0,normal_rest,False,0
2026-05-26 15:37:23,patient_001,0.16279069767441856,True,synthetic_ad8232,0.882352941176471,True,synthetic_max30102,0.2827586206896555,2339,0.41580041580041627,0.41638795986622057,0.0,False,False,0.065,0.044,1.003,False,normal_rest,synthetic_ad8232_normal_rest,real,False,0.2153567498725898,0.1565413165553376,0.17028380634390639,0.0,normal_rest,False,0
2026-05-26 15:37:28,patient_001,0.031007751937984496,True,synthetic_ad8232,0.882352941176471,True,synthetic_max30102,0.12068965517241459,2207,0.48648648648648685,0.4866220735785953,0.0,False,False,0.041,0.03,1.032,False,normal_rest,synthetic_ad8232_normal_rest,real,False,0.22131374914342322,0.3067665330390415,0.1368948247078463,0.0,normal_rest,False,0
2026-05-26 15:37:38,patient_001,0.10077519379844957,True,synthetic_ad8232,0.9411764705882355,True,synthetic_max30102,0.3689655172413797,2216,0.2619542619542621,0.2625418060200668,0.0,False,False,0.044,-0.0,0.956,False,normal_rest,synthetic_ad8232_normal_rest,real,False,0.20460676961855045,0.2328742294201967,0.09348914858096824,0.0,normal_rest,False,0
2026-05-26 15:37:43,patient_001,0.10077519379844957,True,synthetic_ad8232,0.9411764705882355,True,synthetic_max30102,0.20344827586207082,2535,0.14345114345114363,0.14381270903010002,0.0,False,False,0.032,0.034,1.088,False,normal_rest,synthetic_ad8232_normal_rest,real,False,0.23353134663367098,0.16986823250426517,0.07011686143572615,0.0,normal_rest,False,0
2026-05-26 15:37:48,patient_001,0.1705426356589147,True,synthetic_ad8232,0.882352941176471,True,synthetic_max30102,0.3206896551724139,2484,0.29521829521829535,0.2959866220735785,0.0,False,False,0.058,0.024,1.048,False,normal_rest,synthetic_ad8232_normal_rest,real,False,0.22495774201587734,0.17799645395493732,0.07178631051752915,0.14285714285714285,normal_rest,False,0
2026-05-26 15:37:58,patient_001,0.14728682170542629,True,synthetic_ad8232,0.7647058823529411,True,synthetic_max30102,0.2310344827586217,2596,0.2702702702702706,0.27090301003344486,0.0,False,False,0.049,0.083,1.102,False,normal_rest,synthetic_ad8232_normal_rest,real,False,0.23730184987104833,0.1053213330449912,0.09515859766277113,0.2857142857142857,normal_rest,False,0
2026-05-26 15:38:03,patient_001,0.17829457364341084,True,synthetic_ad8232,0.882352941176471,True,synthetic_max30102,0.34827586206896477,1281,0.1642411642411643,0.16387959866220703,0.0,False,False,0.042,0.034,0.974,False,normal_rest,synthetic_ad8232_normal_rest,real,False,0.2086578089359887,0.11199372334847844,0.11185308848080122,0.0,normal_rest,False,0
2026-05-26 15:38:08,patient_001,0.20155038759689925,True,synthetic_ad8232,0.882352941176471,True,synthetic_max30102,0.2586206896551726,2511,0.27442827442827467,0.2759197324414715,0.0,False,False,0.04,0.062,0.997,False,normal_rest,synthetic_ad8232_normal_rest,real,False,0.21396735197327932,0.10323555556032767,0.1335559265442403,0.0,normal_rest,False,0
2026-05-26 15:38:18,patient_001,0.09302325581395343,True,synthetic_ad8232,0.9411764705882355,True,synthetic_max30102,0.19310344827586334,2045,0.5488565488565493,0.548494983277592,0.0,False,False,0.008,0.082,1.024,False,normal_rest,synthetic_ad8232_normal_rest,real,False,0.22001190207391644,0.2199042125198381,0.1469115191986643,0.0,normal_rest,False,0
2026-05-26 15:38:23,patient_001,0.09302325581395343,True,synthetic_ad8232,0.882352941176471,True,synthetic_max30102,0.3206896551724139,1648,0.38669438669438705,0.3879598662207355,0.0,False,False,0.043,0.075,0.976,False,normal_rest,synthetic_ad8232_normal_rest,real,False,0.2096052946321049,0.25515777137128737,0.13522537562604342,0.14285714285714285,normal_rest,False,0
2026-05-26 15:38:28,patient_001,0.4031007751937984,True,synthetic_ad8232,0.8235294117647065,True,synthetic_max30102,0.3413793103448288,2198,0.6819126819126824,0.6822742474916388,0.0,False,False,-0.002,-0.003,0.941,False,normal_light,synthetic_ad8232_normal_light,real,False,0.20109935804540918,0.0,0.39065108514190305,0.0,normal_light,False,0
2026-05-26 15:38:33,patient_001,0.3565891472868217,True,synthetic_ad8232,0.6470588235294121,True,synthetic_max30102,0.3275862068965534,2607,0.3929313929313931,0.3929765886287626,0.0,False,False,-0.007,-0.093,1.239,False,normal_light,synthetic_ad8232_normal_light,real,False,0.26717065748819774,0.11423702497760545,0.36560934891485797,0.42857142857142855,normal_light,False,0
2026-05-26 15:38:38,patient_001,0.3798449612403101,True,synthetic_ad8232,0.8235294117647065,True,synthetic_max30102,0.4068965517241381,1686,0.13721413721413755,0.13879598662207338,0.0,False,False,0.041,0.339,0.572,False,normal_light,synthetic_ad8232_normal_light,real,False,0.14087128668137486,0.08077777502424183,0.36560934891485797,0.0,normal_light,False,0
2026-05-26 15:38:43,patient_001,0.37209302325581395,True,synthetic_ad8232,0.882352941176471,True,synthetic_max30102,0.4586206896551719,2503,0.44906444906444953,0.44816053511705656,0.0,False,False,-0.029,0.213,1.175,False,normal_light,synthetic_ad8232_normal_light,real,False,0.256651093001799,0.06731481252020152,0.3635225375626042,0.0,normal_light,False,0
2026-05-26 15:38:48,patient_001,0.3875968992248062,True,synthetic_ad8232,0.7647058823529411,True,synthetic_max30102,0.4827586206896548,1282,0.0769230769230771,0.07692307692307665,0.0,False,False,0.06,0.03,1.255,False,normal_light,synthetic_ad8232_normal_light,real,False,0.2703014297643009,0.06020819867512982,0.36560934891485797,0.2857142857142857,normal_light,False,0
2026-05-26 15:38:53,patient_001,0.28682170542635654,True,synthetic_ad8232,0.7647058823529411,True,synthetic_max30102,0.38965517241379466,3033,0.7442827442827444,0.7441471571906355,0.0,False,False,-0.231,-0.147,0.835,False,normal_light,synthetic_ad8232_normal_light,real,False,0.18745535893559653,0.1412007419682045,0.340567612687813,0.0,normal_light,False,0
2026-05-26 15:38:58,patient_001,0.3410852713178294,True,synthetic_ad8232,0.7647058823529411,True,synthetic_max30102,0.30344827586207046,1398,0.3991683991683992,0.39966555183946495,0.0,False,False,-0.303,0.009,0.81,False,normal_light,synthetic_ad8232_normal_light,real,False,0.18441318722793676,0.14323984739730802,0.3372287145242069,0.0,normal_light,False,0
2026-05-26 15:39:03,patient_001,0.3178294573643411,True,synthetic_ad8232,0.8235294117647065,True,synthetic_max30102,0.4482758620689644,2271,0.2910602910602913,0.29096989966555187,0.0,False,False,0.115,-0.208,1.144,False,normal_light,synthetic_ad8232_normal_light,real,False,0.25093724916635124,0.14120074196820448,0.3238731218697829,0.0,normal_light,False,0
2026-05-26 15:39:13,patient_001,0.3565891472868217,True,synthetic_ad8232,0.882352941176471,True,synthetic_max30102,0.6000000000000014,1762,0.627858627858628,0.6270903010033444,0.0,False,False,0.393,-0.191,0.823,False,normal_light,synthetic_ad8232_normal_light,real,False,0.19908263894861924,0.11643711471009831,0.3171953255425709,0.0,normal_light,False,0
2026-05-26 15:39:18,patient_001,0.2790697674418604,True,synthetic_ad8232,0.7647058823529411,True,synthetic_max30102,0.4551724137931039,1637,0.2931392931392933,0.2926421404682271,0.0,False,False,0.022,-0.087,0.869,False,normal_light,synthetic_ad8232_normal_light,real,False,0.1863322351985621,0.12629378300572505,0.3155258764607679,0.2857142857142857,normal_light,False,0
2026-05-26 15:39:23,patient_001,0.5348837209302325,True,synthetic_ad8232,0.8235294117647065,True,synthetic_max30102,0.5000000000000018,1308,0.09355509355509373,0.09364548494983271,0.0,False,False,-0.048,-0.003,0.862,False,normal_light,synthetic_ad8232_normal_light,real,False,0.1840793123407829,0.3400564178011562,0.357262103505843,0.0,normal_light,False,0
2026-05-26 15:39:28,patient_001,0.24806201550387597,True,synthetic_ad8232,0.6470588235294121,True,synthetic_max30102,0.29999999999999893,2425,0.442827442827443,0.4431438127090299,0.0,False,False,0.278,0.022,1.222,False,normal_light,synthetic_ad8232_normal_light,real,False,0.2695617297225411,0.38758370277715465,0.342237061769616,0.42857142857142855,normal_light,False,0
2026-05-26 15:39:33,patient_001,0.31007751937984496,True,synthetic_ad8232,0.882352941176471,True,synthetic_max30102,0.4827586206896548,1553,0.32432432432432456,0.32441471571906355,0.0,False,False,-0.064,0.131,1.092,False,normal_light,synthetic_ad8232_normal_light,real,False,0.23631198689307958,0.39278640137952603,0.3288814691151919,0.0,normal_light,False,0
2026-05-26 15:39:38,patient_001,0.28682170542635654,True,synthetic_ad8232,0.8235294117647065,True,synthetic_max30102,0.44482758620689644,2772,0.4823284823284828,0.48327759197324394,0.0,False,False,-0.103,0.035,1.093,False,normal_light,synthetic_ad8232_normal_light,real,False,0.23559103519277697,0.4018192515800255,0.3138564273789648,0.14285714285714285,normal_light,False,0
2026-05-26 15:39:43,patient_001,0.45736434108527135,True,synthetic_ad8232,0.7647058823529411,True,synthetic_max30102,0.5758620689655185,1304,0.38669438669438705,0.3879598662207355,0.0,False,False,-0.056,0.218,1.002,False,normal_light,synthetic_ad8232_normal_light,real,False,0.2199372284840633,0.4259916208289283,0.352253756260434,0.14285714285714285,normal_light,False,0
2026-05-26 15:39:48,patient_001,0.3565891472868217,True,synthetic_ad8232,0.7058823529411766,True,synthetic_max30102,0.5068965517241377,1755,0.313929313929314,0.3143812709030098,0.0,False,False,0.313,-0.113,1.044,False,normal_light,synthetic_ad8232_normal_light,real,False,0.2350108554281645,0.2794335084114682,0.3138564273789648,0.14285714285714285,normal_light,False,0
2026-05-26 15:39:53,patient_001,0.4263565891472868,True,synthetic_ad8232,0.8235294117647065,True,synthetic_max30102,0.5827586206896544,1972,0.5509355509355514,0.5501672240802673,0.0,False,False,-0.047,0.21,1.008,False,normal_light,synthetic_ad8232_normal_light,real,False,0.2207582369484723,0.2544464296711426,0.352253756260434,0.0,normal_light,False,0
2026-05-26 15:40:03,patient_001,0.34883720930232553,True,synthetic_ad8232,0.882352941176471,True,synthetic_max30102,0.35517241379310427,2018,0.4656964656964657,0.4665551839464883,0.0,False,False,0.044,-0.078,1.282,False,normal_light,synthetic_ad8232_normal_light,real,False,0.2765103208230803,0.16444665645816914,0.37896494156928207,0.0,normal_light,False,0
2026-05-26 15:40:08,patient_001,0.45736434108527135,True,synthetic_ad8232,0.6470588235294121,True,synthetic_max30102,0.22068965517241423,1976,0.25779625779625803,0.25919732441471544,0.0,False,False,0.183,0.041,1.035,False,normal_light,synthetic_ad8232_normal_light,real,False,0.2253905583577633,0.16444665645816914,0.37896494156928207,0.5714285714285714,normal_light,False,0
2026-05-26 15:40:13,patient_001,0.5116279069767442,True,synthetic_ad8232,0.882352941176471,True,synthetic_max30102,0.431034482758621,2485,0.498960498960499,0.5,0.0,False,False,-0.039,-0.041,0.607,False,normal_light,synthetic_ad8232_normal_light,real,False,0.12848075348985372,0.2273606995429458,0.41235392320534214,0.0,normal_light,False,0
2026-05-26 15:40:18,patient_001,0.26356589147286824,True,synthetic_ad8232,0.7647058823529411,True,synthetic_max30102,0.30344827586207046,2433,0.4760914760914763,0.4765886287625416,0.0,False,False,-0.134,0.04,0.615,False,normal_light,synthetic_ad8232_normal_light,real,False,0.13309743607751837,0.3355493174632952,0.37729549248747907,0.2857142857142857,normal_light,False,0
2026-05-26 15:40:23,patient_001,0.3565891472868217,True,synthetic_ad8232,0.6470588235294121,True,synthetic_max30102,0.3172413793103459,2318,0.24948024948024994,0.24916387959866215,0.0,False,False,0.262,-0.47,0.927,False,normal_light,synthetic_ad8232_normal_light,real,False,0.2297738194068337,0.33898873410515246,0.37395659432387307,0.2857142857142857,normal_light,False,0
2026-05-26 15:40:33,patient_001,0.3178294573643411,True,synthetic_ad8232,0.7647058823529411,True,synthetic_max30102,0.41034482758620605,1431,0.44698544698544707,0.4464882943143813,0.0,False,False,-0.241,0.071,1.164,False,normal_light,synthetic_ad8232_normal_light,real,False,0.255841056591561,0.32556995403209765,0.3388981636060099,0.2857142857142857,normal_light,False,0
2026-05-26 15:40:38,patient_001,0.3643410852713178,True,synthetic_ad8232,0.882352941176471,True,synthetic_max30102,0.2310344827586217,2898,0.4781704781704783,0.4782608695652173,0.0,False,False,-0.153,0.188,1.039,False,normal_light,synthetic_ad8232_normal_light,real,False,0.2286878136885627,0.13860968254357525,0.3071786310517528,0.0,normal_light,False,0
2026-05-26 15:40:48,patient_001,0.3023255813953488,True,synthetic_ad8232,1.0,True,synthetic_max30102,0.44482758620689644,2285,0.3638253638253639,0.36454849498327757,0.0,False,False,-0.092,0.195,0.97,False,normal_light,synthetic_ad8232_normal_light,real,False,0.21264110392646793,0.14171326903250683,0.3255425709515859,0.0,normal_light,False,0
2026-05-26 15:40:53,patient_001,0.2790697674418604,True,synthetic_ad8232,0.8235294117647065,True,synthetic_max30102,0.6000000000000014,1924,0.3347193347193351,0.33444816053511683,0.0,False,False,0.124,-0.038,0.899,False,normal_light,synthetic_ad8232_normal_light,real,False,0.19393332101937782,0.17345813805625387,0.3155258764607679,0.42857142857142855,normal_light,False,0
2026-05-26 15:40:58,patient_001,0.34883720930232553,True,synthetic_ad8232,0.882352941176471,True,synthetic_max30102,0.24482758620689715,2541,0.253638253638254,0.2541806020066888,0.0,False,False,0.195,-0.038,1.058,False,normal_light,synthetic_ad8232_normal_light,real,False,0.23078979483238624,0.17177811649890043,0.3222036727879799,0.0,normal_light,False,0
2026-05-26 15:41:03,patient_001,0.45736434108527135,True,synthetic_ad8232,0.882352941176471,True,synthetic_max30102,0.26896551724138007,2249,0.442827442827443,0.4431438127090299,0.0,False,False,0.189,0.103,0.701,False,normal_light,synthetic_ad8232_normal_light,real,False,0.15558210730293823,0.25359018575226305,0.342237061769616,0.0,normal_light,False,0
2026-05-26 15:41:08,patient_001,0.4108527131782945,True,synthetic_ad8232,0.8235294117647065,True,synthetic_max30102,0.44137931034482847,1994,0.38669438669438705,0.3879598662207355,0.0,False,False,0.305,0.251,0.474,False,normal_light,synthetic_ad8232_normal_light,real,False,0.13009774108001473,0.25798352498995686,0.343906510851419,0.14285714285714285,normal_light,False,0
2026-05-26 15:41:13,patient_001,0.24806201550387597,True,synthetic_ad8232,0.8235294117647065,True,synthetic_max30102,0.5344827586206886,2624,0.28690228690228725,0.2876254180602005,0.0,False,False,-0.156,0.091,0.825,False,normal_light,synthetic_ad8232_normal_light,real,False,0.17995853275112064,0.30403649992467935,0.3322203672787979,0.0,normal_light,False,0
2026-05-26 15:41:18,patient_001,0.33333333333333337,True,synthetic_ad8232,0.882352941176471,True,synthetic_max30102,0.23448275862068968,1533,0.4906444906444909,0.49163879598662197,0.0,False,False,0.375,0.138,0.957,False,normal_light,synthetic_ad8232_normal_light,real,False,0.22215133907952803,0.27695771390559715,0.343906510851419,0.0,normal_light,False,0
2026-05-26 15:41:23,patient_001,0.45736434108527135,True,synthetic_ad8232,0.8235294117647065,True,synthetic_max30102,0.39310344827586263,2394,0.4823284823284828,0.48327759197324394,0.0,False,False,-0.048,-0.075,1.115,False,normal_light,synthetic_ad8232_normal_light,real,False,0.2400067176754916,0.3130826331106751,0.3672787979966611,0.14285714285714285,normal_light,False,0
2026-05-26 15:41:28,patient_001,0.37209302325581395,True,synthetic_ad8232,0.882352941176471,True,synthetic_max30102,0.3724137931034477,1841,0.6153846153846159,0.6153846153846154,0.0,False,False,0.441,-0.252,1.217,False,normal_light,synthetic_ad8232_normal_light,real,False,0.2838769155475682,0.27656477299278803,0.348914858096828,0.0,normal_light,False,0
2026-05-26 15:41:33,patient_001,0.5271317829457364,True,synthetic_ad8232,0.882352941176471,True,synthetic_max30102,0.5068965517241377,2732,0.5239085239085242,0.523411371237458,0.0,False,False,0.045,-0.009,0.952,False,normal_light,synthetic_ad8232_normal_light,real,False,0.20375067205751843,0.3764818229864792,0.37395659432387307,0.0,normal_light,False,0
2026-05-26 15:41:43,patient_001,0.31007751937984496,True,synthetic_ad8232,0.7058823529411766,True,synthetic_max30102,0.4379310344827605,2437,0.22453222453222477,0.22575250836120375,0.0,False,False,0.025,-0.049,0.458,False,normal_light,synthetic_ad8232_normal_light,real,False,0.09597300238103047,0.2900010875061171,0.39899833055091816,0.14285714285714285,normal_light,False,0
2026-05-26 15:41:48,patient_001,0.32558139534883723,True,synthetic_ad8232,0.882352941176471,True,synthetic_max30102,0.27931034482758754,2909,0.7380457380457384,0.7374581939799332,0.0,False,False,0.299,0.004,1.042,False,normal_light,synthetic_ad8232_normal_light,real,False,0.2324479633195593,0.2983800726087583,0.37061769616026696,0.0,normal_light,False,0
2026-05-26 15:41:58,patient_001,0.5348837209302325,True,synthetic_ad8232,0.8235294117647065,True,synthetic_max30102,0.586206896551726,2233,0.34927234927234974,0.3494983277591972,0.0,False,False,0.104,0.203,0.86,False,normal_light,synthetic_ad8232_normal_light,real,False,0.18986305073332307,0.3148146173731848,0.3672787979966611,0.0,normal_light,False,0
2026-05-26 15:42:03,patient_001,0.4418604651162791,True,synthetic_ad8232,0.8235294117647065,True,synthetic_max30102,0.289655172413795,2578,0.45738045738045763,0.4581939799331103,0.0,False,False,-0.205,-0.227,0.672,False,normal_light,synthetic_ad8232_normal_light,real,False,0.156685093347036,0.32900351339284906,0.37896494156928207,0.0,normal_light,False,0
2026-05-26 15:42:08,patient_001,0.37209302325581395,True,synthetic_ad8232,0.6470588235294121,True,synthetic_max30102,0.3965517241379306,2766,0.3659043659043659,0.36622073578595327,0.0,False,False,0.011,0.407,0.728,False,normal_light,synthetic_ad8232_normal_light,real,False,0.17767552849490992,0.2945898010346446,0.39232053422370616,0.42857142857142855,normal_light,False,0
2026-05-26 15:42:13,patient_001,0.4031007751937984,True,synthetic_ad8232,0.882352941176471,True,synthetic_max30102,0.4241379310344815,1586,0.5550935550935554,0.5551839464882944,0.0,False,False,0.099,0.17,0.844,False,normal_light,synthetic_ad8232_normal_light,real,False,0.184798826313305,0.25359018575226305,0.40901502504173615,0.0,normal_light,False,0
2026-05-26 15:42:18,patient_001,0.39534883720930225,True,synthetic_ad8232,0.8235294117647065,True,synthetic_max30102,0.35517241379310427,1593,0.3783783783783785,0.37792642140468224,0.0,False,False,0.036,-0.082,0.797,False,normal_light,synthetic_ad8232_normal_light,real,False,0.17064034859367488,0.2225261139372981,0.41903171953255425,0.14285714285714285,normal_light,False,0
2026-05-26 15:42:23,patient_001,0.39534883720930225,True,synthetic_ad8232,0.7058823529411766,True,synthetic_max30102,0.4827586206896548,2339,0.6174636174636179,0.6170568561872907,0.0,False,False,-0.173,-0.072,0.878,False,normal_light,synthetic_ad8232_normal_light,real,False,0.19162501736315699,0.08807700143446306,0.38898163606010006,0.2857142857142857,normal_light,False,0
2026-05-26 15:42:28,patient_001,0.3565891472868217,True,synthetic_ad8232,0.882352941176471,True,synthetic_max30102,0.21034482758620676,2316,0.4261954261954264,0.4264214046822743,0.0,False,False,0.032,0.39,1.014,False,normal_light,synthetic_ad8232_normal_light,real,False,0.2330676573048041,0.06758353539514611,0.37061769616026696,0.0,normal_light,False,0
2026-05-26 15:42:33,patient_001,0.43410852713178294,True,synthetic_ad8232,0.6470588235294121,True,synthetic_max30102,0.2517241379310331,1254,0.39501039501039514,0.39464882943143786,0.0,False,False,0.078,-0.099,1.226,False,normal_light,synthetic_ad8232_normal_light,real,False,0.2649696326080503,0.09595607879007959,0.38397328881469106,0.5714285714285714,normal_light,False,0
2026-05-26 15:42:38,patient_001,0.28682170542635654,True,synthetic_ad8232,0.6470588235294121,True,synthetic_max30102,0.38965517241379466,2097,0.5654885654885655,0.5652173913043477,0.0,False,False,0.006,-0.046,1.184,False,normal_light,synthetic_ad8232_normal_light,real,False,0.25454873065305084,0.19360470325087253,0.358931552587646,0.0,normal_light,False,0
2026-05-26 15:42:53,patient_001,0.4651162790697674,True,synthetic_ad8232,0.8235294117647065,True,synthetic_max30102,0.24137931034482918,1663,0.2266112266112268,0.22742474916387945,0.0,False,False,-0.105,0.129,1.061,False,normal_light,synthetic_ad8232_normal_light,real,False,0.23023481595415435,0.36553864657347235,0.352253756260434,0.0,normal_light,False,0
2026-05-26 15:42:58,patient_001,0.33333333333333337,True,synthetic_ad8232,0.7647058823529411,True,synthetic_max30102,0.27931034482758754,2084,0.5259875259875262,0.5250836120401337,0.0,False,False,-0.073,-0.101,1.129,False,normal_light,synthetic_ad8232_normal_light,real,False,0.24379942787745537,0.3429225597261205,0.3305509181969949,0.14285714285714285,normal_light,False,0
2026-05-26 15:43:03,patient_001,0.3410852713178294,True,synthetic_ad8232,0.8235294117647065,True,synthetic_max30102,0.3344827586206893,2047,0.24740124740124747,0.24749163879598646,0.0,False,False,-0.166,-0.139,0.876,False,normal_light,synthetic_ad8232_normal_light,real,False,0.192630080100965,0.32389548748346436,0.342237061769616,0.0,normal_light,False,0
2026-05-26 15:43:13,patient_001,0.37209302325581395,True,synthetic_ad8232,0.882352941176471,True,synthetic_max30102,0.1999999999999993,1835,0.498960498960499,0.5,0.0,False,False,0.102,0.244,0.962,False,normal_light,synthetic_ad8232_normal_light,real,False,0.2135209282126718,0.19694616246180532,0.37395659432387307,0.0,normal_light,False,0
2026-05-26 15:43:18,patient_001,0.3643410852713178,True,synthetic_ad8232,0.7058823529411766,True,synthetic_max30102,0.18620689655172384,1372,0.22245322245322274,0.2224080267558528,0.0,False,False,0.21,-0.147,0.908,False,normal_light,synthetic_ad8232_normal_light,real,False,0.20164346685007128,0.12715196127924827,0.352253756260434,0.42857142857142855,normal_light,False,0
2026-05-26 15:43:23,patient_001,0.3565891472868217,True,synthetic_ad8232,0.7647058823529411,True,synthetic_max30102,0.45172413793103594,1766,0.6403326403326406,0.6404682274247491,0.0,False,False,0.121,0.088,1.033,False,normal_light,synthetic_ad8232_normal_light,real,False,0.22362110496213078,0.11263922565857643,0.357262103505843,0.0,normal_light,False,0
2026-05-26 15:43:28,patient_001,0.37209302325581395,True,synthetic_ad8232,0.9411764705882355,True,synthetic_max30102,0.5344827586206886,2208,0.4927234927234929,0.49331103678929766,0.0,False,False,-0.216,-0.026,1.234,False,normal_light,synthetic_ad8232_normal_light,real,False,0.2694774454610785,0.09595607879007953,0.36393989983305497,0.0,normal_light,False,0
2026-05-26 15:43:33,patient_001,0.3565891472868217,True,synthetic_ad8232,0.7647058823529411,True,synthetic_max30102,0.44137931034482847,2246,0.3201663201663205,0.32107023411371216,0.0,False,False,-0.005,0.022,1.004,False,normal_light,synthetic_ad8232_normal_light,real,False,0.214959411581897,0.02692592500808118,0.348914858096828,0.42857142857142855,normal_light,False,0
2026-05-26 15:43:38,patient_001,0.5658914728682171,True,synthetic_ad8232,0.7058823529411766,True,synthetic_max30102,0.44482758620689644,2677,0.5883575883575887,0.5886287625418061,0.0,False,False,-0.097,0.134,0.998,False,normal_light,synthetic_ad8232_normal_light,real,False,0.21657308785142282,0.3168805028704009,0.39065108514190305,0.14285714285714285,normal_light,False,0
2026-05-26 15:43:43,patient_001,0.3875968992248062,True,synthetic_ad8232,0.9411764705882355,True,synthetic_max30102,0.18620689655172384,1633,0.25155925155925196,0.2525083612040131,0.0,False,False,0.326,0.098,1.184,False,normal_light,synthetic_ad8232_normal_light,real,False,0.26486070236801795,0.3102913503554614,0.39565943238731205,0.0,normal_light,False,0
2026-05-26 15:43:48,patient_001,0.3798449612403101,True,synthetic_ad8232,0.8235294117647065,True,synthetic_max30102,0.44137931034482847,1999,0.42411642411642436,0.4247491638795986,0.0,False,False,0.235,-0.288,1.165,False,normal_light,synthetic_ad8232_normal_light,real,False,0.26286622464087545,0.3006795271735929,0.40066777963272115,0.2857142857142857,normal_light,False,0
2026-05-26 15:43:53,patient_001,0.27131782945736427,True,synthetic_ad8232,0.882352941176471,True,synthetic_max30102,0.1793103448275879,2546,0.37422037422037446,0.37458193979933085,0.0,False,False,0.157,-0.239,1.0,False,normal_light,synthetic_ad8232_normal_light,real,False,0.22281093575000185,0.3733879291555796,0.37896494156928207,0.0,normal_light,False,0
2026-05-26 15:43:58,patient_001,0.3565891472868217,True,synthetic_ad8232,0.7647058823529411,True,synthetic_max30102,0.36551724137931174,1402,0.382536382536383,0.3829431438127089,0.0,False,False,0.269,0.127,0.921,False,normal_light,synthetic_ad8232_normal_light,real,False,0.20698154357924697,0.3733879291555796,0.37896494156928207,0.2857142857142857,normal_light,False,0
2026-05-26 15:44:03,patient_001,0.39534883720930225,True,synthetic_ad8232,0.7058823529411766,True,synthetic_max30102,0.4862068965517228,2833,0.4137214137214138,0.4130434782608696,0.0,False,False,0.063,0.46,0.792,False,normal_light,synthetic_ad8232_normal_light,real,False,0.19607055935835374,0.17594809513885426,0.342237061769616,0.14285714285714285,normal_light,False,0
2026-05-26 15:44:13,patient_001,0.3798449612403101,True,synthetic_ad8232,0.882352941176471,True,synthetic_max30102,0.39310344827586263,1905,0.3201663201663205,0.32107023411371216,0.0,False,False,-0.251,0.208,1.056,False,normal_light,synthetic_ad8232_normal_light,real,False,0.23707461795684917,0.2347347721431559,0.357262103505843,0.0,normal_light,False,0
2026-05-26 15:44:18,patient_001,0.26356589147286824,True,synthetic_ad8232,0.7647058823529411,True,synthetic_max30102,0.3620689655172402,2122,0.311850311850312,0.31270903010033413,0.0,False,False,0.261,-0.085,1.105,False,normal_light,synthetic_ad8232_normal_light,real,False,0.24439680051676133,0.24486312438712068,0.35559265442404,0.2857142857142857,normal_light,False,0
2026-05-26 15:44:23,patient_001,0.3643410852713178,True,synthetic_ad8232,0.882352941176471,True,synthetic_max30102,0.3620689655172402,2147,0.2411642411642414,0.24080267558528412,0.0,False,False,-0.243,-0.219,0.894,False,normal_light,synthetic_ad8232_normal_light,real,False,0.20350174433114668,0.24382462114877568,0.357262103505843,0.0,normal_light,False,0
2026-05-26 15:44:28,patient_001,0.3410852713178294,True,synthetic_ad8232,1.0,True,synthetic_max30102,0.24482758620689715,1112,0.43035343035343043,0.43143812709030094,0.0,False,False,0.077,-0.173,0.901,False,normal_light,synthetic_ad8232_normal_light,real,False,0.1966457267990455,0.24278167573370407,0.3455759599332219,0.0,normal_light,False,0
2026-05-26 15:44:48,patient_001,0.3798449612403101,True,synthetic_ad8232,0.8235294117647065,True,synthetic_max30102,0.4034482758620701,2424,0.34927234927234974,0.3494983277591972,0.0,False,False,0.034,-0.009,0.73,False,normal_light,synthetic_ad8232_normal_light,real,False,0.15504418305216283,0.13381940930693587,0.38063439065108506,0.0,normal_light,False,0
2026-05-26 15:44:53,patient_001,0.2790697674418604,True,synthetic_ad8232,0.8235294117647065,True,synthetic_max30102,0.3344827586206893,1558,0.4656964656964657,0.4648829431438126,0.0,False,False,0.06,-0.04,1.256,False,normal_light,synthetic_ad8232_normal_light,real,False,0.27058123420247054,0.21658220566078018,0.3672787979966611,0.0,normal_light,False,0
2026-05-26 15:44:58,patient_001,0.41860465116279066,True,synthetic_ad8232,0.7647058823529411,True,synthetic_max30102,0.35862068965517224,1766,0.3264033264033266,0.3260869565217388,0.0,False,False,0.096,-0.059,1.151,False,normal_light,synthetic_ad8232_normal_light,real,False,0.24832375869736567,0.22447244354059187,0.37395659432387307,0.14285714285714285,normal_light,False,0
2026-05-26 15:45:03,patient_001,0.32558139534883723,True,synthetic_ad8232,0.7647058823529411,True,synthetic_max30102,0.5206896551724132,2017,0.25987525987526006,0.26086956521739113,0.0,False,False,0.153,0.338,1.398,False,normal_light,synthetic_ad8232_normal_light,real,False,0.31185163201721616,0.23209460142209243,0.353923205342237,0.0,normal_light,False,0
2026-05-26 15:45:08,patient_001,0.28682170542635654,True,synthetic_ad8232,0.7647058823529411,True,synthetic_max30102,0.3517241379310363,2318,0.22245322245322274,0.2224080267558528,0.0,False,False,-0.15,-0.159,0.964,False,normal_light,synthetic_ad8232_normal_light,real,False,0.21150102416769692,0.20908808642222781,0.3205342237061768,0.0,normal_light,False,0
2026-05-26 15:45:13,patient_001,0.31007751937984496,True,synthetic_ad8232,1.0,True,synthetic_max30102,0.3689655172413797,2292,0.5613305613305615,0.5618729096989967,0.0,False,False,0.053,-0.203,1.297,False,normal_light,synthetic_ad8232_normal_light,real,False,0.2828075034773025,0.1945386435637626,0.3055091819699498,0.0,normal_light,False,0
2026-05-26 15:45:23,patient_001,0.41860465116279066,True,synthetic_ad8232,0.9411764705882355,True,synthetic_max30102,0.5206896551724132,1947,0.19750519750519757,0.1989966555183944,0.0,False,False,-0.247,0.084,1.173,False,normal_light,synthetic_ad8232_normal_light,real,False,0.25822038349796467,0.1945386435637626,0.3055091819699498,0.0,normal_light,False,0
2026-05-26 15:45:28,patient_001,0.3875968992248062,True,synthetic_ad8232,0.8235294117647065,True,synthetic_max30102,0.23448275862068968,1852,0.34511434511434524,0.3461538461538458,0.0,False,False,-0.019,-0.029,0.963,False,normal_light,synthetic_ad8232_normal_light,real,False,0.2060557168542427,0.21841556215202085,0.3188647746243739,0.2857142857142857,normal_light,False,0
2026-05-26 15:45:33,patient_001,0.37209302325581395,True,synthetic_ad8232,0.882352941176471,True,synthetic_max30102,0.38275862068965516,2124,0.4906444906444909,0.4899665551839463,0.0,False,False,-0.034,0.047,0.644,False,normal_light,synthetic_ad8232_normal_light,real,False,0.13658367222994194,0.19932460454553694,0.3372287145242069,0.0,normal_light,False,0
2026-05-26 15:45:38,patient_001,0.37209302325581395,True,synthetic_ad8232,0.882352941176471,True,synthetic_max30102,0.2241379310344822,1903,0.44490644490644504,0.4448160535117056,0.0,False,False,-0.315,0.079,0.989,False,normal_light,synthetic_ad8232_normal_light,real,False,0.22300227466401676,0.18102553901823687,0.350584307178631,0.0,normal_light,False,0
2026-05-26 15:45:43,patient_001,0.41860465116279066,True,synthetic_ad8232,0.882352941176471,True,synthetic_max30102,0.4620689655172434,2466,0.6091476091476093,0.6086956521739131,0.0,False,False,-0.007,-0.349,1.128,False,normal_light,synthetic_ad8232_normal_light,real,False,0.25364332447225757,0.08167037422085861,0.38063439065108506,0.0,normal_light,False,0
2026-05-26 15:45:48,patient_001,0.31007751937984496,True,synthetic_ad8232,0.882352941176471,True,synthetic_max30102,0.49655172413793025,2159,0.5093555093555096,0.5083612040133776,0.0,False,False,0.321,-0.128,0.949,False,normal_light,synthetic_ad8232_normal_light,real,False,0.21621070014861082,0.13729581703773863,0.357262103505843,0.0,normal_light,False,0
2026-05-26 15:45:53,patient_001,0.2945736434108527,True,synthetic_ad8232,0.882352941176471,True,synthetic_max30102,0.46896551724137936,1817,0.6091476091476093,0.6086956521739131,0.0,False,False,0.056,0.07,0.943,False,normal_light,synthetic_ad8232_normal_light,real,False,0.20246777155311216,0.1761540028689252,0.3372287145242069,0.0,normal_light,False,0
2026-05-26 15:45:58,patient_001,0.33333333333333337,True,synthetic_ad8232,0.8235294117647065,True,synthetic_max30102,0.5000000000000018,1609,0.4137214137214138,0.4147157190635449,0.0,False,False,-0.23,-0.206,0.623,False,normal_light,synthetic_ad8232_normal_light,real,False,0.1472579589773203,0.17408396620368152,0.3288814691151919,0.14285714285714285,normal_light,False,0
2026-05-26 15:46:03,patient_001,0.34883720930232553,True,synthetic_ad8232,0.882352941176471,True,synthetic_max30102,0.3517241379310363,1828,0.4823284823284828,0.48160535117056824,0.0,False,False,0.082,-0.024,1.111,False,normal_light,synthetic_ad8232_normal_light,real,False,0.23907109241195515,0.16707097098335172,0.3238731218697829,0.0,normal_light,False,0
2026-05-26 15:46:08,patient_001,0.3565891472868217,True,synthetic_ad8232,0.882352941176471,True,synthetic_max30102,0.45172413793103594,2630,0.6174636174636179,0.6170568561872907,0.0,False,False,-0.211,0.148,0.795,False,normal_light,synthetic_ad8232_normal_light,real,False,0.17802933842843557,0.09051276950911791,0.3105175292153589,0.0,normal_light,False,0
2026-05-26 15:46:13,patient_001,0.39534883720930225,True,synthetic_ad8232,0.8235294117647065,True,synthetic_max30102,0.39310344827586263,1925,0.5509355509355514,0.551839464882943,0.0,False,False,0.162,-0.037,1.032,False,normal_light,synthetic_ad8232_normal_light,real,False,0.22395290312723323,0.12715196127924766,0.3288814691151919,0.14285714285714285,normal_light,False,0
2026-05-26 15:46:18,patient_001,0.32558139534883723,True,synthetic_ad8232,0.7058823529411766,True,synthetic_max30102,0.3103448275862064,1513,0.6112266112266114,0.6103678929765883,0.0,False,False,-0.289,0.161,1.316,False,normal_light,synthetic_ad8232_normal_light,real,False,0.2922492420139975,0.09443286971045359,0.335559265442404,0.2857142857142857,normal_light,False,0
2026-05-26 15:46:23,patient_001,0.4263565891472868,True,synthetic_ad8232,0.9411764705882355,True,synthetic_max30102,0.3689655172413797,2086,0.2848232848232852,0.2859531772575248,0.0,False,False,0.058,-0.331,1.038,False,normal_light,synthetic_ad8232_normal_light,real,False,0.23397816915431535,0.1391317547590727,0.35559265442404,0.0,normal_light,False,0
2026-05-26 15:46:28,patient_001,0.26356589147286824,True,synthetic_ad8232,0.882352941176471,True,synthetic_max30102,0.5137931034482772,1797,0.35135135135135176,0.3511705685618729,0.0,False,False,-0.101,-0.175,0.602,False,normal_light,synthetic_ad8232_normal_light,real,False,0.13404087366147222,0.21924383801820668,0.3372287145242069,0.14285714285714285,normal_light,False,0
2026-05-26 15:46:33,patient_001,0.26356589147286824,True,synthetic_ad8232,0.882352941176471,True,synthetic_max30102,0.3689655172413797,2060,0.47401247401247426,0.4749163879598659,0.0,False,False,-0.154,-0.07,1.183,False,normal_light,synthetic_ad8232_normal_light,real,False,0.25676756414339896,0.259245065642589,0.3171953255425709,0.0,normal_light,False,0
2026-05-26 15:46:48,patient_001,0.2945736434108527,True,synthetic_ad8232,0.882352941176471,True,synthetic_max30102,0.22758620689655018,1592,0.313929313929314,0.3143812709030098,0.0,False,False,0.243,0.02,0.775,False,normal_light,synthetic_ad8232_normal_light,real,False,0.17292684477507606,0.2716717753864972,0.3121869782971618,0.0,normal_light,False,0
2026-05-26 15:46:53,patient_001,0.43410852713178294,True,synthetic_ad8232,0.882352941176471,True,synthetic_max30102,0.24827586206896513,2653,0.24740124740124747,0.24749163879598646,0.0,False,False,-0.033,-0.125,1.223,False,normal_light,synthetic_ad8232_normal_light,real,False,0.26438952870067933,0.2745916340754778,0.348914858096828,0.0,normal_light,False,0
2026-05-26 15:46:58,patient_001,0.37209302325581395,True,synthetic_ad8232,0.7058823529411766,True,synthetic_max30102,0.34827586206896477,1063,0.24740124740124747,0.24749163879598646,0.0,False,False,-0.104,-0.199,1.007,False,normal_light,synthetic_ad8232_normal_light,real,False,0.2209806268520275,0.1945386435637626,0.37228714524206996,0.42857142857142855,normal_light,False,0
2026-05-26 15:47:03,patient_001,0.34883720930232553,True,synthetic_ad8232,0.6470588235294121,True,synthetic_max30102,0.3413793103448288,2187,0.42203742203742234,0.4230769230769229,0.0,False,False,-0.124,-0.127,1.35,False,normal_light,synthetic_ad8232_normal_light,real,False,0.29327355278106154,0.18944067450858743,0.357262103505843,0.14285714285714285,normal_light,False,0
2026-05-26 15:47:08,patient_001,0.24806201550387597,True,synthetic_ad8232,0.7647058823529411,True,synthetic_max30102,0.43448275862068897,1790,0.3430353430353432,0.34280936454849487,0.0,False,False,-0.144,0.193,0.774,False,normal_light,synthetic_ad8232_normal_light,real,False,0.1725200293946667,0.24853664373382534,0.3222036727879799,0.0,normal_light,False,0
2026-05-26 15:47:13,patient_001,0.3798449612403101,True,synthetic_ad8232,0.7647058823529411,True,synthetic_max30102,0.38620689655172313,2068,0.45738045738045763,0.4581939799331103,0.0,False,False,-0.003,-0.102,1.077,False,normal_light,synthetic_ad8232_normal_light,real,False,0.23195835465093598,0.23703991522401963,0.340567612687813,0.0,normal_light,False,0
2026-05-26 15:47:18,patient_001,0.3410852713178294,True,synthetic_ad8232,0.882352941176471,True,synthetic_max30102,0.38965517241379466,2286,0.22037422037422072,0.2207357859531771,0.0,False,False,-0.015,0.049,1.295,False,normal_light,synthetic_ad8232_normal_light,real,False,0.27889665589354434,0.18321504239046002,0.3205342237061768,0.0,normal_light,False,0
2026-05-26 15:47:23,patient_001,0.24031007751937983,True,synthetic_ad8232,0.8235294117647065,True,synthetic_max30102,0.565517241379311,1956,0.38669438669438705,0.3862876254180603,0.0,False,False,0.128,0.061,0.889,False,normal_light,synthetic_ad8232_normal_light,real,False,0.19216482828896145,0.21990421251983777,0.2921535893155258,0.14285714285714285,normal_light,False,0
2026-05-26 15:47:33,patient_001,0.3875968992248062,True,synthetic_ad8232,0.882352941176471,True,synthetic_max30102,0.4206896551724135,2971,0.35135135135135176,0.3511705685618729,0.0,False,False,0.111,0.085,0.974,False,normal_light,synthetic_ad8232_normal_light,real,False,0.2105172178618249,0.20594372555660825,0.3155258764607679,0.0,normal_light,False,0
2026-05-26 15:47:43,patient_001,0.45736434108527135,True,synthetic_ad8232,0.882352941176471,True,synthetic_max30102,0.293103448275863,2301,0.6735966735966739,0.6739130434782608,0.0,False,False,0.36,0.149,0.988,False,normal_light,synthetic_ad8232_normal_light,real,False,0.22762459754966338,0.2804694100488939,0.3322203672787979,0.0,normal_light,False,0
2026-05-26 15:47:48,patient_001,0.37209302325581395,True,synthetic_ad8232,0.7647058823529411,True,synthetic_max30102,0.46896551724137936,2065,0.43866943866943897,0.43979933110367897,0.0,False,False,0.126,0.033,0.848,False,normal_light,synthetic_ad8232_normal_light,real,False,0.1828968224061487,0.1851830370084658,0.3606010016694491,0.2857142857142857,normal_light,False,0
2026-05-26 15:47:53,patient_001,0.2790697674418604,True,synthetic_ad8232,0.7058823529411766,True,synthetic_max30102,0.46896551724137936,1970,0.5779625779625781,0.5785953177257523,0.0,False,False,-0.428,0.067,0.904,False,normal_light,synthetic_ad8232_normal_light,real,False,0.21456233835722072,0.2265620996060179,0.352253756260434,0.14285714285714285,normal_light,False,0
2026-05-26 15:47:58,patient_001,0.41860465116279066,True,synthetic_ad8232,0.7647058823529411,True,synthetic_max30102,0.4241379310344815,2131,0.2931392931392933,0.2943143812709028,0.0,False,False,0.173,-0.053,1.169,False,normal_light,synthetic_ad8232_normal_light,real,False,0.2541129112051683,0.23962560517029424,0.358931552587646,0.0,normal_light,False,0
2026-05-26 15:48:03,patient_001,0.43410852713178294,True,synthetic_ad8232,0.882352941176471,True,synthetic_max30102,0.6000000000000014,2359,0.5343035343035347,0.5334448160535117,0.0,False,False,-0.097,-0.218,0.811,False,normal_light,synthetic_ad8232_normal_light,real,False,0.18014163747747694,0.24501112266257744,0.37896494156928207,0.0,normal_light,False,0
2026-05-26 15:48:13,patient_001,0.3410852713178294,True,synthetic_ad8232,0.6470588235294121,True,synthetic_max30102,0.35517241379310427,2260,0.45114345114345156,0.45150501672240795,0.0,False,False,-0.157,-0.23,1.3,False,normal_light,synthetic_ad8232_normal_light,real,False,0.2862332442167415,0.217417466013333,0.35559265442404,0.14285714285714285,normal_light,False,0
2026-05-26 15:48:18,patient_001,0.34883720930232553,True,synthetic_ad8232,0.8235294117647065,True,synthetic_max30102,0.5068965517241377,1459,0.3659043659043659,0.36622073578595327,0.0,False,False,0.034,0.126,0.955,False,normal_light,synthetic_ad8232_normal_light,real,False,0.20611097165178832,0.14323984739730772,0.37061769616026696,0.0,normal_light,False,0
2026-05-26 15:48:23,patient_001,0.2325581395348837,True,synthetic_ad8232,0.8235294117647065,True,synthetic_max30102,0.4206896551724135,1491,0.07276507276507305,0.0735785953177257,0.0,False,False,-0.192,0.024,1.0,False,normal_light,synthetic_ad8232_normal_light,real,False,0.21809196173994067,0.2564332138880389,0.3305509181969949,0.0,normal_light,False,0
2026-05-26 15:48:28,patient_001,0.6124031007751939,True,synthetic_ad8232,0.8235294117647065,True,synthetic_max30102,0.38965517241379466,1921,0.48024948024948033,0.479933110367893,0.0,False,False,0.095,0.388,1.262,False,normal_moderate,synthetic_ad8232_normal_moderate,real,False,0.2849665564548165,0.0,0.6160267111853087,0.0,normal_moderate,False,0
2026-05-26 15:48:33,patient_001,0.5348837209302325,True,synthetic_ad8232,0.8235294117647065,True,synthetic_max30102,0.5379310344827601,2450,0.4823284823284828,0.48327759197324394,0.0,False,False,0.26,0.076,1.277,False,normal_moderate,synthetic_ad8232_normal_moderate,real,False,0.2809566516088874,0.19039504162934243,0.5742904841402335,0.0,normal_moderate,False,0
2026-05-26 15:48:43,patient_001,0.5581395348837209,True,synthetic_ad8232,0.7058823529411766,True,synthetic_max30102,0.6724137931034502,2358,0.5343035343035347,0.5334448160535117,0.0,False,False,-0.327,-0.249,1.064,False,normal_moderate,synthetic_ad8232_normal_moderate,real,False,0.24484437341988766,0.18262050850568753,0.5909849749582637,0.0,normal_moderate,False,0
2026-05-26 15:48:48,patient_001,0.6511627906976744,True,synthetic_ad8232,0.7647058823529411,True,synthetic_max30102,0.572413793103447,2476,0.5363825363825367,0.5367892976588626,0.0,False,False,-0.051,0.052,1.028,False,normal_moderate,synthetic_ad8232_normal_moderate,real,False,0.2207280439009442,0.1851830370084661,0.6043405676126877,0.0,normal_moderate,False,0
2026-05-26 15:48:53,patient_001,0.6279069767441859,True,synthetic_ad8232,0.7647058823529411,True,synthetic_max30102,0.427586206896553,2097,0.812889812889813,0.8127090301003341,0.0,False,False,0.064,0.02,1.058,False,normal_moderate,synthetic_ad8232_normal_moderate,real,False,0.22720276514054946,0.18944067450858765,0.6076794657762937,0.0,normal_moderate,False,0
2026-05-26 15:48:58,patient_001,0.6124031007751939,True,synthetic_ad8232,0.882352941176471,True,synthetic_max30102,0.5275862068965527,1911,0.38045738045738053,0.3812709030100332,0.0,False,False,0.858,-0.102,1.103,False,normal_moderate,synthetic_ad8232_normal_moderate,real,False,0.3019331430703342,0.13327652914053967,0.6243739565943237,0.0,normal_moderate,False,0
2026-05-26 15:49:03,patient_001,0.5968992248062016,True,synthetic_ad8232,0.8235294117647065,True,synthetic_max30102,0.5517241379310356,2519,0.8731808731808735,0.8729096989966552,0.0,False,False,0.481,-0.003,0.874,False,normal_moderate,synthetic_ad8232_normal_moderate,real,False,0.2135057717830396,0.12131615878388931,0.6126878130217027,0.14285714285714285,normal_moderate,False,0
2026-05-26 15:49:08,patient_001,0.5271317829457364,True,synthetic_ad8232,0.7058823529411766,True,synthetic_max30102,0.4137931034482776,2413,0.45945945945945965,0.459866220735786,0.0,False,False,0.368,-0.098,1.035,False,normal_moderate,synthetic_ad8232_normal_moderate,real,False,0.2365636827345499,0.1631186671038808,0.6060100166944907,0.2857142857142857,normal_moderate,False,0
2026-05-26 15:49:13,patient_001,0.5193798449612402,True,synthetic_ad8232,0.6470588235294121,True,synthetic_max30102,0.5413793103448281,1855,0.5613305613305615,0.5618729096989967,0.0,False,False,0.25,0.146,0.707,False,normal_moderate,synthetic_ad8232_normal_moderate,real,False,0.16230504365944365,0.17408396620368197,0.5776293823038398,0.14285714285714285,normal_moderate,False,0
2026-05-26 15:49:18,patient_001,0.5426356589147286,True,synthetic_ad8232,0.6470588235294121,True,synthetic_max30102,0.6620689655172427,1635,0.8731808731808735,0.8729096989966552,0.0,False,False,0.262,0.242,1.427,False,normal_moderate,synthetic_ad8232_normal_moderate,real,False,0.317221119826543,0.14674011549321214,0.5592654424040066,0.0,normal_moderate,False,0
2026-05-26 15:49:28,patient_001,0.6201550387596898,True,synthetic_ad8232,0.8235294117647065,True,synthetic_max30102,0.5827586206896544,1548,0.23076923076923084,0.23076923076923084,0.0,False,False,-0.091,0.772,1.072,False,normal_moderate,synthetic_ad8232_normal_moderate,real,False,0.2850688496043074,0.14449967682031156,0.5459098497495826,0.0,normal_moderate,False,0
2026-05-26 15:49:33,patient_001,0.4496124031007752,True,synthetic_ad8232,0.7647058823529411,True,synthetic_max30102,0.5034482758620697,1768,0.5488565488565493,0.548494983277592,0.0,False,False,-0.124,0.734,1.182,False,normal_moderate,synthetic_ad8232_normal_moderate,real,False,0.30099947640660163,0.21167270971955796,0.5292153589315524,0.14285714285714285,normal_moderate,False,0
2026-05-26 15:49:38,patient_001,0.5038759689922481,True,synthetic_ad8232,0.7647058823529411,True,synthetic_max30102,0.5379310344827601,1747,0.43035343035343043,0.43143812709030094,0.0,False,False,-0.61,-0.033,0.995,False,normal_moderate,synthetic_ad8232_normal_moderate,real,False,0.2507485942753516,0.21574371158881575,0.5258764607679466,0.0,normal_moderate,False,0
2026-05-26 15:49:43,patient_001,0.5426356589147286,True,synthetic_ad8232,0.7647058823529411,True,synthetic_max30102,0.5275862068965527,2259,0.40748440748440773,0.40802675585284254,0.0,False,False,0.252,0.408,0.887,False,normal_moderate,synthetic_ad8232_normal_moderate,real,False,0.21585358616208797,0.21574371158881575,0.5258764607679466,0.0,normal_moderate,False,0
2026-05-26 15:49:48,patient_001,0.6279069767441859,True,synthetic_ad8232,0.7058823529411766,True,synthetic_max30102,0.6034482758620694,2062,0.3762993762993765,0.37625418060200655,0.0,False,False,0.383,0.482,1.612,False,normal_moderate,synthetic_ad8232_normal_moderate,real,False,0.3730288498303928,0.26477920199704785,0.5475792988313856,0.14285714285714285,normal_moderate,False,0
2026-05-26 15:49:53,patient_001,0.5813953488372093,True,synthetic_ad8232,0.7647058823529411,True,synthetic_max30102,0.44482758620689644,1795,0.49688149688149696,0.4966555183946486,0.0,False,False,-0.48,0.062,0.721,False,normal_moderate,synthetic_ad8232_normal_moderate,real,False,0.1851838100882947,0.23886801362773424,0.5392320534223706,0.0,normal_moderate,False,0
2026-05-26 15:49:58,patient_001,0.49612403100775193,True,synthetic_ad8232,0.7647058823529411,True,synthetic_max30102,0.5344827586206886,1694,0.5280665280665282,0.5284280936454846,0.0,False,False,0.243,0.795,1.087,False,normal_moderate,synthetic_ad8232_normal_moderate,real,False,0.29476963193575706,0.19134464872530252,0.5492487479131886,0.0,normal_moderate,False,0
2026-05-26 15:50:03,patient_001,0.48062015503875966,True,synthetic_ad8232,0.9411764705882355,True,synthetic_max30102,0.4137931034482776,1898,0.3264033264033266,0.3260869565217388,0.0,False,False,-0.325,0.016,0.958,False,normal_moderate,synthetic_ad8232_normal_moderate,real,False,0.21660298031920824,0.2108146895290977,0.5442404006677796,0.0,normal_moderate,False,0
2026-05-26 15:50:08,patient_001,0.6744186046511628,True,synthetic_ad8232,0.7058823529411766,True,synthetic_max30102,0.3620689655172402,1690,0.28690228690228725,0.2876254180602005,0.0,False,False,0.37,0.202,0.773,False,normal_moderate,synthetic_ad8232_normal_moderate,real,False,0.18783379790105847,0.2896258433280226,0.5726210350584308,0.5714285714285714,normal_moderate,False,0
2026-05-26 15:50:13,patient_001,0.5736434108527132,True,synthetic_ad8232,0.882352941176471,True,synthetic_max30102,0.4034482758620701,1710,0.62993762993763,0.6287625418060201,0.0,False,False,0.01,0.266,0.157,False,normal_moderate,synthetic_ad8232_normal_moderate,real,False,0.06260782243544442,0.26966283649279577,0.5609348914858096,0.0,normal_moderate,False,0
2026-05-26 15:50:18,patient_001,0.6046511627906977,True,synthetic_ad8232,0.7647058823529411,True,synthetic_max30102,0.6379310344827598,2055,0.5114345114345116,0.511705685618729,0.0,False,False,0.233,-0.802,0.715,False,normal_moderate,synthetic_ad8232_normal_moderate,real,False,0.23581388590546967,0.27721936508715034,0.5659432387312185,0.2857142857142857,normal_moderate,False,0
2026-05-26 15:50:23,patient_001,0.6201550387596898,True,synthetic_ad8232,0.8235294117647065,True,synthetic_max30102,0.5827586206896544,1705,0.5550935550935554,0.5551839464882944,0.0,False,False,-0.035,-0.616,0.831,False,normal_moderate,synthetic_ad8232_normal_moderate,real,False,0.22169910919537658,0.24853664373382553,0.5926544240400665,0.0,normal_moderate,False,0
2026-05-26 15:50:28,patient_001,0.6279069767441859,True,synthetic_ad8232,0.8235294117647065,True,synthetic_max30102,0.5310344827586206,1250,0.42203742203742234,0.4214046822742472,0.0,False,False,-1.032,-0.417,1.65,False,normal_moderate,synthetic_ad8232_normal_moderate,real,False,0.43105139909028284,0.12772087669863377,0.6243739565943237,0.0,normal_moderate,False,0
2026-05-26 15:50:33,patient_001,0.6744186046511628,True,synthetic_ad8232,0.7647058823529411,True,synthetic_max30102,0.6379310344827598,3154,0.6112266112266114,0.612040133779264,0.0,False,False,0.137,0.19,1.117,False,normal_moderate,synthetic_ad8232_normal_moderate,real,False,0.24499149828591954,0.12772087669863377,0.6243739565943237,0.14285714285714285,normal_moderate,False,0
2026-05-26 15:50:38,patient_001,0.6589147286821705,True,synthetic_ad8232,0.5882352941176476,True,synthetic_max30102,0.565517241379311,2624,0.6735966735966739,0.6739130434782608,0.0,False,False,0.44,0.451,0.841,False,normal_moderate,synthetic_ad8232_normal_moderate,real,False,0.22517034178799233,0.09966230227276883,0.6427378964941567,0.42857142857142855,normal_moderate,False,0
2026-05-26 15:50:43,patient_001,0.7131782945736435,True,synthetic_ad8232,0.7058823529411766,True,synthetic_max30102,0.4620689655172434,1727,0.13097713097713104,0.13210702341137104,0.0,False,False,-0.067,-0.142,0.678,False,normal_moderate,synthetic_ad8232_normal_moderate,real,False,0.14739531141283113,0.1305282643039752,0.6661101836393989,0.0,normal_moderate,False,0
2026-05-26 15:50:58,patient_001,0.6124031007751939,True,synthetic_ad8232,0.882352941176471,True,synthetic_max30102,0.6413793103448278,2555,0.17879417879417892,0.1789297658862874,0.0,False,False,0.044,-0.804,1.171,False,normal_moderate,synthetic_ad8232_normal_moderate,real,False,0.306313743724373,0.15746487215850644,0.6644407345575959,0.0,normal_moderate,False,0
2026-05-26 15:51:03,patient_001,0.5968992248062016,True,synthetic_ad8232,0.882352941176471,True,synthetic_max30102,0.41724137931034555,2118,0.4199584199584203,0.41973244147157196,0.0,False,False,-0.503,0.121,0.978,False,normal_moderate,synthetic_ad8232_normal_moderate,real,False,0.2373454286765878,0.18301707902374612,0.6510851419031717,0.0,normal_moderate,False,0
2026-05-26 15:51:08,patient_001,0.7131782945736435,True,synthetic_ad8232,0.8235294117647065,True,synthetic_max30102,0.6344827586206918,1891,0.23284823284823286,0.2324414715719061,0.0,False,False,0.335,0.548,0.923,False,normal_moderate,synthetic_ad8232_normal_moderate,real,False,0.24130651314534252,0.18301707902374612,0.6510851419031717,0.14285714285714285,normal_moderate,False,0
2026-05-26 15:51:13,patient_001,0.6434108527131782,True,synthetic_ad8232,0.6470588235294121,True,synthetic_max30102,0.49655172413793025,2448,0.5945945945945947,0.5953177257525084,0.0,False,False,-0.202,0.556,1.252,False,normal_moderate,synthetic_ad8232_normal_moderate,real,False,0.2983356521227135,0.1724100430345404,0.6577629382303839,0.42857142857142855,normal_moderate,False,0
2026-05-26 15:51:18,patient_001,0.5813953488372093,True,synthetic_ad8232,0.7647058823529411,True,synthetic_max30102,0.38620689655172313,2884,0.6569646569646572,0.6571906354515047,0.0,False,False,-0.725,0.083,1.103,False,normal_moderate,synthetic_ad8232_normal_moderate,real,False,0.28471066562630915,0.18102553901823723,0.6343906510851417,0.0,normal_moderate,False,0
2026-05-26 15:51:23,patient_001,0.7054263565891473,True,synthetic_ad8232,0.6470588235294121,True,synthetic_max30102,0.47931034482758683,2075,0.6819126819126824,0.6806020066889631,0.0,False,False,0.208,0.916,1.508,False,normal_moderate,synthetic_ad8232_normal_moderate,real,False,0.3842186554431645,0.2099531628780084,0.6544240400667779,0.2857142857142857,normal_moderate,False,0
2026-05-26 15:51:28,patient_001,0.5116279069767442,True,synthetic_ad8232,0.8235294117647065,True,synthetic_max30102,0.3965517241379306,1054,0.4137214137214138,0.4130434782608696,0.0,False,False,-0.043,-0.01,1.548,False,normal_moderate,synthetic_ad8232_normal_moderate,real,False,0.33425572235133827,0.29655211948946986,0.6360601001669449,0.0,normal_moderate,False,0
2026-05-26 15:51:38,patient_001,0.6356589147286821,True,synthetic_ad8232,0.7058823529411766,True,synthetic_max30102,0.3413793103448288,2261,0.22245322245322274,0.2224080267558528,0.0,False,False,0.274,0.423,0.974,False,normal_moderate,synthetic_ad8232_normal_moderate,real,False,0.23521146494919207,0.24780629644886792,0.6143572621035059,0.0,normal_moderate,False,0
2026-05-26 15:51:43,patient_001,0.4496124031007752,True,synthetic_ad8232,0.7647058823529411,True,synthetic_max30102,0.4206896551724135,2289,0.3534303534303538,0.35284280936454815,0.0,False,False,-0.366,-0.125,0.926,False,normal_moderate,synthetic_ad8232_normal_moderate,real,False,0.21479918338626125,0.35599290790987476,0.5859766277128547,0.0,normal_moderate,False,0
2026-05-26 15:51:48,patient_001,0.5503875968992248,True,synthetic_ad8232,0.882352941176471,True,synthetic_max30102,0.5482758620689676,1991,0.5176715176715181,0.5167224080267556,0.0,False,False,-0.204,-0.273,0.413,False,normal_moderate,synthetic_ad8232_normal_moderate,real,False,0.11222579402323893,0.2676388186138723,0.5525876460767946,0.0,normal_moderate,False,0
2026-05-26 15:51:53,patient_001,0.39534883720930225,True,synthetic_ad8232,0.7058823529411766,True,synthetic_max30102,0.41724137931034555,2752,0.5862785862785866,0.5869565217391304,0.0,False,False,0.591,-0.566,0.486,False,normal_moderate,synthetic_ad8232_normal_moderate,real,False,0.20345420264462682,0.36553864657347246,0.5275459098497496,0.42857142857142855,normal_moderate,False,0
2026-05-26 15:51:58,patient_001,0.5271317829457364,True,synthetic_ad8232,0.7058823529411766,True,synthetic_max30102,0.586206896551726,2060,0.6902286902286905,0.6889632107023411,0.0,False,False,-0.774,-0.621,0.892,False,normal_moderate,synthetic_ad8232_normal_moderate,real,False,0.2872888958719906,0.32254965553710047,0.5075125208681134,0.0,normal_moderate,False,0
2026-05-26 15:52:03,patient_001,0.5891472868217055,True,synthetic_ad8232,0.882352941176471,True,synthetic_max30102,0.7482758620689669,2425,0.2702702702702706,0.27090301003344486,0.0,False,False,-0.162,0.024,1.628,False,normal_moderate,synthetic_ad8232_normal_moderate,real,False,0.3534498159826908,0.2728700394609828,0.4974958263772954,0.0,normal_moderate,False,0
2026-05-26 15:52:08,patient_001,0.5038759689922481,True,synthetic_ad8232,0.7647058823529411,True,synthetic_max30102,0.4896551724137943,2137,0.6029106029106033,0.6020066889632107,0.0,False,False,-0.295,-0.314,1.087,False,normal_moderate,synthetic_ad8232_normal_moderate,real,False,0.2511214545613655,0.25359018575226333,0.5091819699499164,0.2857142857142857,normal_moderate,False,0
2026-05-26 15:52:13,patient_001,0.5891472868217055,True,synthetic_ad8232,0.8235294117647065,True,synthetic_max30102,0.41034482758620605,1898,0.43243243243243246,0.43311036789297663,0.0,False,False,0.299,0.317,1.901,False,normal_moderate,synthetic_ad8232_normal_moderate,real,False,0.4222802977134527,0.2768267955745265,0.5175292153589316,0.0,normal_moderate,False,0
2026-05-26 15:52:23,patient_001,0.6589147286821705,True,synthetic_ad8232,0.7058823529411766,True,synthetic_max30102,0.3137931034482744,1623,0.48648648648648685,0.4866220735785953,0.0,False,False,-0.631,-0.411,0.53,False,normal_moderate,synthetic_ad8232_normal_moderate,real,False,0.19668416372641098,0.21115831598295667,0.5993322203672787,0.2857142857142857,normal_moderate,False,0
2026-05-26 15:52:28,patient_001,0.5271317829457364,True,synthetic_ad8232,0.7058823529411766,True,synthetic_max30102,0.46896551724137936,1890,0.4033264033264037,0.4030100334448159,0.0,False,False,0.503,0.262,0.996,False,normal_moderate,synthetic_ad8232_normal_moderate,real,False,0.24605595868319619,0.23826020599219525,0.5859766277128547,0.0,normal_moderate,False,0
2026-05-26 15:52:48,patient_001,0.5736434108527132,True,synthetic_ad8232,0.5882352941176476,True,synthetic_max30102,0.4551724137931039,2408,0.625779625779626,0.6254180602006687,0.0,False,False,0.471,0.224,1.077,False,normal_moderate,synthetic_ad8232_normal_moderate,real,False,0.2571195057478827,0.2722049884125343,0.6260434056761267,0.42857142857142855,normal_moderate,False,0
2026-05-26 15:52:58,patient_001,0.5968992248062016,True,synthetic_ad8232,0.8235294117647065,True,synthetic_max30102,0.5310344827586206,1452,0.56964656964657,0.5685618729096991,0.0,False,False,-0.165,0.034,1.493,False,normal_moderate,synthetic_ad8232_normal_moderate,real,False,0.3241412165205472,0.21150138414740072,0.6560934891485809,0.0,normal_moderate,False,0
2026-05-26 15:53:03,patient_001,0.5658914728682171,True,synthetic_ad8232,0.9411764705882355,True,synthetic_max30102,0.4931034482758623,1956,0.4698544698544702,0.46989966555183926,0.0,False,False,-0.59,0.693,1.229,False,normal_moderate,synthetic_ad8232_normal_moderate,real,False,0.3300220738233141,0.2014951724044126,0.6243739565943237,0.0,normal_moderate,False,0
2026-05-26 15:53:13,patient_001,0.5116279069767442,True,synthetic_ad8232,0.5882352941176476,True,synthetic_max30102,0.586206896551726,2412,0.4178794178794183,0.41806020066889626,0.0,False,False,0.261,0.198,1.133,False,normal_moderate,synthetic_ad8232_normal_moderate,real,False,0.25334434793883653,0.23886801362773477,0.6060100166944907,0.2857142857142857,normal_moderate,False,0
2026-05-26 15:53:18,patient_001,0.5813953488372093,True,synthetic_ad8232,0.7058823529411766,True,synthetic_max30102,0.4827586206896548,1933,0.24532224532224545,0.24581939799331076,0.0,False,False,0.747,-0.577,1.165,False,normal_moderate,synthetic_ad8232_normal_moderate,real,False,0.32346470295934937,0.19472489410289354,0.5859766277128547,0.0,normal_moderate,False,0
2026-05-26 15:53:23,patient_001,0.5503875968992248,True,synthetic_ad8232,0.5882352941176476,True,synthetic_max30102,0.5586206896551715,2863,0.6798336798336799,0.6789297658862874,0.0,False,False,-0.093,-0.705,1.284,False,normal_moderate,synthetic_ad8232_normal_moderate,real,False,0.3165345308082442,0.19914265598681005,0.5759599332220365,0.2857142857142857,normal_moderate,False,0
2026-05-26 15:53:28,patient_001,0.6124031007751939,True,synthetic_ad8232,0.7647058823529411,True,synthetic_max30102,0.6655172413793107,2329,0.5239085239085242,0.523411371237458,0.0,False,False,0.629,0.427,0.66,False,normal_moderate,synthetic_ad8232_normal_moderate,real,False,0.2155091724506776,0.2055913835952951,0.5859766277128547,0.0,normal_moderate,False,0
2026-05-26 15:53:33,patient_001,0.4418604651162791,True,synthetic_ad8232,0.8235294117647065,True,synthetic_max30102,0.7689655172413783,2249,0.43035343035343043,0.43143812709030094,0.0,False,False,0.264,0.546,1.054,False,normal_moderate,synthetic_ad8232_normal_moderate,real,False,0.26136872479728723,0.2297398438516251,0.5375626043405676,0.0,normal_moderate,False,0
2026-05-26 15:53:38,patient_001,0.5193798449612402,True,synthetic_ad8232,0.6470588235294121,True,synthetic_max30102,0.6586206896551712,2245,0.4532224532224536,0.45317725752508364,0.0,False,False,0.52,-0.317,1.329,False,normal_moderate,synthetic_ad8232_normal_moderate,real,False,0.3152479416783986,0.2272012041185166,0.5392320534223706,0.42857142857142855,normal_moderate,False,0
2026-05-26 15:53:43,patient_001,0.6201550387596898,True,synthetic_ad8232,0.882352941176471,True,synthetic_max30102,0.5275862068965527,2964,0.3783783783783785,0.37792642140468224,0.0,False,False,0.534,0.138,1.208,False,normal_moderate,synthetic_ad8232_normal_moderate,real,False,0.2858963794664355,0.2543039225584967,0.5475792988313856,0.0,normal_moderate,False,0
2026-05-26 15:53:48,patient_001,0.6201550387596898,True,synthetic_ad8232,0.8235294117647065,True,synthetic_max30102,0.3413793103448288,2401,0.22453222453222477,0.2240802675585285,0.0,False,False,-0.248,0.463,1.09,False,normal_moderate,synthetic_ad8232_normal_moderate,real,False,0.2600358768619912,0.27761137946882736,0.5626043405676125,0.14285714285714285,normal_moderate,False,0
2026-05-26 15:53:58,patient_001,0.6434108527131782,True,synthetic_ad8232,0.6470588235294121,True,synthetic_max30102,0.3344827586206893,1689,0.23908523908523938,0.23913043478260843,0.0,False,False,0.328,-0.181,0.853,False,normal_moderate,synthetic_ad8232_normal_moderate,real,False,0.19904677059584858,0.18944067450858834,0.5909849749582637,0.5714285714285714,normal_moderate,False,0
2026-05-26 15:54:03,patient_001,0.5813953488372093,True,synthetic_ad8232,0.8235294117647065,True,synthetic_max30102,0.431034482758621,2340,0.7027027027027031,0.7023411371237458,0.0,False,False,0.62,-0.21,0.751,False,normal_moderate,synthetic_ad8232_normal_moderate,real,False,0.213204072003887,0.1380856364989596,0.6043405676126877,0.0,normal_moderate,False,0
2026-05-26 15:54:08,patient_001,0.5348837209302325,True,synthetic_ad8232,0.7647058823529411,True,synthetic_max30102,0.6655172413793107,1706,0.4823284823284828,0.48327759197324394,0.0,False,False,0.553,-0.256,0.975,False,normal_moderate,synthetic_ad8232_normal_moderate,real,False,0.24684827953035826,0.16444665645817003,0.5859766277128547,0.14285714285714285,normal_moderate,False,0
2026-05-26 15:54:13,patient_001,0.5736434108527132,True,synthetic_ad8232,0.7647058823529411,True,synthetic_max30102,0.6413793103448278,1930,0.5779625779625781,0.5769230769230766,0.0,False,False,0.463,-0.085,0.915,False,normal_moderate,synthetic_ad8232_normal_moderate,real,False,0.22038010734532984,0.14919003630438007,0.5759599332220365,0.0,normal_moderate,False,0
2026-05-26 15:54:18,patient_001,0.6279069767441859,True,synthetic_ad8232,0.7647058823529411,True,synthetic_max30102,0.41034482758620605,2053,0.7318087318087318,0.7324414715719061,0.0,False,False,-0.295,0.536,0.935,False,normal_moderate,synthetic_ad8232_normal_moderate,real,False,0.23975110829112406,0.15183929963549328,0.5943238731218697,0.0,normal_moderate,False,0
2026-05-26 15:54:23,patient_001,0.6046511627906977,True,synthetic_ad8232,1.0,True,synthetic_max30102,0.3999999999999986,1877,0.48856548856548887,0.4882943143812706,0.0,False,False,-0.624,0.48,0.701,False,normal_moderate,synthetic_ad8232_normal_moderate,real,False,0.2258881625755033,0.12131615878389052,0.5859766277128547,0.0,normal_moderate,False,0
2026-05-26 15:54:28,patient_001,0.6046511627906977,True,synthetic_ad8232,0.6470588235294121,True,synthetic_max30102,0.49655172413793025,1495,0.440748440748441,0.4414715719063542,0.0,False,False,0.197,-0.323,0.745,False,normal_moderate,synthetic_ad8232_normal_moderate,real,False,0.17799170645857823,0.12485037808163447,0.5909849749582637,0.8571428571428571,normal_moderate,False,0
2026-05-26 15:54:43,patient_001,0.6744186046511628,True,synthetic_ad8232,0.7647058823529411,True,synthetic_max30102,0.6275862068965523,1887,0.2619542619542621,0.2625418060200668,0.0,False,False,-0.202,-0.49,1.039,False,normal_moderate,synthetic_ad8232_normal_moderate,real,False,0.25048672358545776,0.18400476606097654,0.5976627712854757,0.14285714285714285,normal_moderate,False,0
2026-05-26 15:54:48,patient_001,0.6821705426356589,True,synthetic_ad8232,0.5882352941176476,True,synthetic_max30102,0.3758620689655192,2659,0.7151767151767157,0.7140468227424748,0.0,False,False,-0.321,0.008,0.862,False,normal_moderate,synthetic_ad8232_normal_moderate,real,False,0.19646593991984576,0.2295820012745228,0.6143572621035059,0.42857142857142855,normal_moderate,False,0
2026-05-26 15:54:53,patient_001,0.6201550387596898,True,synthetic_ad8232,0.7647058823529411,True,synthetic_max30102,0.5620689655172431,2697,0.6153846153846159,0.6153846153846154,0.0,False,False,-0.262,0.33,0.601,False,normal_moderate,synthetic_ad8232_normal_moderate,real,False,0.15573355020405938,0.2295820012745228,0.6176961602671117,0.0,normal_moderate,False,0
2026-05-26 15:55:03,patient_001,0.5736434108527132,True,synthetic_ad8232,0.6470588235294121,True,synthetic_max30102,0.5000000000000018,1752,0.62993762993763,0.6304347826086953,0.0,False,False,0.064,0.07,1.047,False,normal_moderate,synthetic_ad8232_normal_moderate,real,False,0.2252665626134873,0.16532605661325028,0.6343906510851417,0.2857142857142857,normal_moderate,False,0
2026-05-26 15:55:18,patient_001,0.5116279069767442,True,synthetic_ad8232,0.7647058823529411,True,synthetic_max30102,0.7896551724137932,1292,0.34511434511434524,0.3461538461538458,0.0,False,False,0.527,-0.269,1.217,False,normal_moderate,synthetic_ad8232_normal_moderate,real,False,0.2914310192479168,0.2535901857522633,0.6010016694490815,0.0,normal_moderate,False,0
2026-05-26 15:55:23,patient_001,0.6589147286821705,True,synthetic_ad8232,0.882352941176471,True,synthetic_max30102,0.6310344827586203,2003,0.5634095634095635,0.563545150501672,0.0,False,False,-0.124,-0.028,1.252,False,normal_moderate,synthetic_ad8232_normal_moderate,real,False,0.2706620466361368,0.2702000139902971,0.6143572621035059,0.0,normal_moderate,False,0
2026-05-26 15:55:33,patient_001,0.5271317829457364,True,synthetic_ad8232,0.5882352941176476,True,synthetic_max30102,0.4586206896551719,2692,0.20790020790020813,0.20903010033444813,0.0,False,False,0.351,-0.16,0.747,False,normal_moderate,synthetic_ad8232_normal_moderate,real,False,0.1791221441239536,0.37358204818567026,0.5742904841402335,0.42857142857142855,normal_moderate,False,0
2026-05-26 15:55:38,patient_001,0.6434108527131782,True,synthetic_ad8232,0.8235294117647065,True,synthetic_max30102,0.6241379310344843,3203,0.442827442827443,0.4431438127090299,0.0,False,False,0.242,-0.056,0.933,False,normal_moderate,synthetic_ad8232_normal_moderate,real,False,0.20646671198841218,0.3042748664841674,0.5592654424040066,0.0,normal_moderate,False,0
2026-05-26 15:55:43,patient_001,0.6279069767441859,True,synthetic_ad8232,0.7058823529411766,True,synthetic_max30102,0.568965517241379,2620,0.56964656964657,0.5702341137123743,0.0,False,False,-0.314,0.557,0.759,False,normal_moderate,synthetic_ad8232_normal_moderate,real,False,0.21236934147533332,0.3024825386987599,0.5843071786310515,0.2857142857142857,normal_moderate,False,0
2026-05-26 15:55:48,patient_001,0.6124031007751939,True,synthetic_ad8232,0.7647058823529411,True,synthetic_max30102,0.5172413793103452,2206,0.7047817047817051,0.704013377926421,0.0,False,False,0.02,-0.172,0.833,False,normal_moderate,synthetic_ad8232_normal_moderate,real,False,0.1813327152746703,0.2745916340754783,0.5742904841402335,0.0,normal_moderate,False,0
2026-05-26 15:55:53,patient_001,0.5193798449612402,True,synthetic_ad8232,0.7058823529411766,True,synthetic_max30102,0.6379310344827598,1888,0.5467775467775469,0.5468227424749164,0.0,False,False,0.276,0.226,0.9,False,normal_moderate,synthetic_ad8232_normal_moderate,real,False,0.2070405185857397,0.20292931984392137,0.5876460767946575,0.14285714285714285,normal_moderate,False,0
2026-05-26 15:56:03,patient_001,0.6046511627906977,True,synthetic_ad8232,0.6470588235294121,True,synthetic_max30102,0.4482758620689644,1901,0.4927234927234929,0.49331103678929766,0.0,False,False,-0.088,-0.117,0.803,False,normal_moderate,synthetic_ad8232_normal_moderate,real,False,0.17375676266798926,0.15537915262385818,0.5859766277128547,0.5714285714285714,normal_moderate,False,0
2026-05-26 15:56:08,patient_001,0.4651162790697674,True,synthetic_ad8232,0.8235294117647065,True,synthetic_max30102,0.6000000000000014,1724,0.5446985446985448,0.5451505016722407,0.0,False,False,0.335,-0.509,1.095,False,normal_moderate,synthetic_ad8232_normal_moderate,real,False,0.26949869382857955,0.2132084447994665,0.5509181969949916,0.0,normal_moderate,False,0
2026-05-26 15:56:13,patient_001,0.5813953488372093,True,synthetic_ad8232,0.7647058823529411,True,synthetic_max30102,0.720689655172416,2455,0.3534303534303538,0.35451505016722384,0.0,False,False,0.714,-0.553,1.863,False,normal_moderate,synthetic_ad8232_normal_moderate,real,False,0.4485885863070961,0.1909653725372782,0.5442404006677796,0.14285714285714285,normal_moderate,False,0
2026-05-26 15:56:18,patient_001,0.6589147286821705,True,synthetic_ad8232,0.6470588235294121,True,synthetic_max30102,0.572413793103447,2268,0.6777546777546779,0.6772575250836117,0.0,False,False,0.002,0.224,1.071,False,normal_moderate,synthetic_ad8232_normal_moderate,real,False,0.23466531831293608,0.24751355411814555,0.5742904841402335,0.2857142857142857,normal_moderate,False,0
2026-05-26 15:56:23,patient_001,0.5658914728682171,True,synthetic_ad8232,0.882352941176471,True,synthetic_max30102,0.5827586206896544,1809,0.3991683991683992,0.39966555183946495,0.0,False,False,0.296,-0.203,0.624,False,normal_moderate,synthetic_ad8232_normal_moderate,real,False,0.1526368995575941,0.24633910595389344,0.5759599332220365,0.0,normal_moderate,False,0
2026-05-26 15:56:28,patient_001,0.6434108527131782,True,synthetic_ad8232,0.882352941176471,True,synthetic_max30102,0.5000000000000018,2724,0.38669438669438705,0.3862876254180603,0.0,False,False,0.541,0.509,1.075,False,normal_moderate,synthetic_ad8232_normal_moderate,real,False,0.28123199809698807,0.2668249125672205,0.5843071786310515,0.0,normal_moderate,False,0
2026-05-26 15:56:38,patient_001,0.49612403100775193,True,synthetic_ad8232,0.6470588235294121,True,synthetic_max30102,0.572413793103447,1664,0.19750519750519757,0.19732441471571915,0.0,False,False,0.575,0.053,1.19,False,normal_moderate,synthetic_ad8232_normal_moderate,real,False,0.28474471461617795,0.22799756549506017,0.5893155258764607,0.2857142857142857,normal_moderate,False,0
2026-05-26 15:56:43,patient_001,0.49612403100775193,True,synthetic_ad8232,0.5882352941176476,True,synthetic_max30102,0.5310344827586206,2201,0.3409563409563412,0.34113712374581917,0.0,False,False,-0.745,-0.433,0.802,False,normal_moderate,synthetic_ad8232_normal_moderate,real,False,0.252851861490525,0.21422615198974118,0.5542570951585976,0.14285714285714285,normal_moderate,False,0
2026-05-26 15:56:48,patient_001,0.6046511627906977,True,synthetic_ad8232,0.8235294117647065,True,synthetic_max30102,0.6000000000000014,2227,0.5634095634095635,0.563545150501672,0.0,False,False,0.439,0.029,1.096,False,normal_moderate,synthetic_ad8232_normal_moderate,real,False,0.2536938006898248,0.2281565042146034,0.5626043405676125,0.0,normal_moderate,False,0
2026-05-26 15:56:53,patient_001,0.5503875968992248,True,synthetic_ad8232,0.7058823529411766,True,synthetic_max30102,0.427586206896553,1551,0.38045738045738053,0.3812709030100332,0.0,False,False,0.188,-0.003,0.758,False,normal_moderate,synthetic_ad8232_normal_moderate,real,False,0.16602875171660367,0.16641877212038939,0.5425709515859766,0.2857142857142857,normal_moderate,False,0
2026-05-26 15:57:03,patient_001,0.5503875968992248,True,synthetic_ad8232,0.7647058823529411,True,synthetic_max30102,0.6448275862068957,2867,0.4054054054054057,0.4063545150501673,0.0,False,False,0.047,-0.39,1.18,False,normal_moderate,synthetic_ad8232_normal_moderate,real,False,0.2674253960204682,0.2149019459459313,0.5726210350584308,0.0,normal_moderate,False,0
2026-05-26 15:57:08,patient_001,0.5813953488372093,True,synthetic_ad8232,0.5882352941176476,True,synthetic_max30102,0.5551724137931036,2417,0.3388773388773392,0.3394648829431435,0.0,False,False,0.721,0.582,1.631,False,normal_moderate,synthetic_ad8232_normal_moderate,real,False,0.4059588134049304,0.1570037734463308,0.5909849749582637,0.42857142857142855,normal_moderate,False,0
2026-05-26 15:57:18,patient_001,0.4728682170542635,True,synthetic_ad8232,0.7647058823529411,True,synthetic_max30102,0.43448275862068897,886,0.34511434511434524,0.34448160535117056,0.0,False,False,0.344,0.442,1.36,False,normal_moderate,synthetic_ad8232_normal_moderate,real,False,0.317203464483023,0.23932285633788075,0.5575959933222036,0.0,normal_moderate,False,0
2026-05-26 15:57:23,patient_001,0.4418604651162791,True,synthetic_ad8232,0.882352941176471,True,synthetic_max30102,0.47241379310344733,1975,0.44698544698544707,0.4464882943143813,0.0,False,False,-0.223,0.605,1.433,False,normal_moderate,synthetic_ad8232_normal_moderate,real,False,0.3392419145623148,0.19749757603498388,0.5108514190317196,0.0,normal_moderate,False,0
2026-05-26 15:57:28,patient_001,0.5736434108527132,True,synthetic_ad8232,0.7647058823529411,True,synthetic_max30102,0.6931034482758616,2337,0.31600831600831647,0.3160535117056855,0.0,False,False,0.188,0.284,1.399,False,normal_moderate,synthetic_ad8232_normal_moderate,real,False,0.3104199623563078,0.21286812783105655,0.5158597662771284,0.2857142857142857,normal_moderate,False,0
2026-05-26 15:57:33,patient_001,0.5581395348837209,True,synthetic_ad8232,0.5882352941176476,True,synthetic_max30102,0.2827586206896555,2951,0.5031185031185035,0.503344481605351,0.0,False,False,-0.316,0.216,1.03,False,normal_moderate,synthetic_ad8232_normal_moderate,real,False,0.23568369035648828,0.19472489410289345,0.5108514190317196,0.42857142857142855,normal_moderate,False,0
2026-05-26 15:57:38,patient_001,0.48062015503875966,True,synthetic_ad8232,0.7647058823529411,True,synthetic_max30102,0.5517241379310356,1936,0.6548856548856552,0.6538461538461537,0.0,False,False,-0.218,0.04,0.43,False,normal_moderate,synthetic_ad8232_normal_moderate,real,False,0.10089684573596946,0.19914265598680997,0.5008347245409014,0.0,normal_moderate,False,0
2026-05-26 15:57:48,patient_001,0.5193798449612402,True,synthetic_ad8232,0.7647058823529411,True,synthetic_max30102,0.4482758620689644,2202,0.43866943866943897,0.4381270903010033,0.0,False,False,0.845,-0.001,1.531,False,normal_moderate,synthetic_ad8232_normal_moderate,real,False,0.37810205694604904,0.3067665330390418,0.5692821368948248,0.0,normal_moderate,False,0
2026-05-26 15:57:53,patient_001,0.48062015503875966,True,synthetic_ad8232,0.7058823529411766,True,synthetic_max30102,0.5413793103448281,2841,0.5446985446985448,0.5451505016722407,0.0,False,False,0.595,0.108,1.474,False,normal_moderate,synthetic_ad8232_normal_moderate,real,False,0.3440284862856821,0.3352250629335778,0.5492487479131886,0.14285714285714285,normal_moderate,False,0
2026-05-26 15:57:58,patient_001,0.5736434108527132,True,synthetic_ad8232,1.0,True,synthetic_max30102,0.4620689655172434,2049,0.5987525987525988,0.5986622073578594,0.0,False,False,-0.228,-0.394,1.806,False,normal_moderate,synthetic_ad8232_normal_moderate,real,False,0.40303538967417213,0.3371659125807272,0.5525876460767946,0.0,normal_moderate,False,0
2026-05-26 15:58:03,patient_001,0.6744186046511628,True,synthetic_ad8232,0.8235294117647065,True,synthetic_max30102,0.7344827586206915,2415,0.23284823284823286,0.2324414715719061,0.0,False,False,-0.502,-0.063,0.828,False,normal_moderate,synthetic_ad8232_normal_moderate,real,False,0.20752720051183207,0.34513532619532067,0.5943238731218697,0.42857142857142855,normal_moderate,False,0
2026-05-26 15:58:08,patient_001,0.5581395348837209,True,synthetic_ad8232,0.8235294117647065,True,synthetic_max30102,0.7793103448275858,1963,0.6195426195426199,0.6187290969899664,0.0,False,False,-0.084,-0.117,1.032,False,normal_moderate,synthetic_ad8232_normal_moderate,real,False,0.22323183797545848,0.25301774667965704,0.5609348914858096,0.0,normal_moderate,False,0
2026-05-26 15:58:18,patient_001,0.5658914728682171,True,synthetic_ad8232,0.7647058823529411,True,synthetic_max30102,0.6000000000000014,2350,0.4656964656964657,0.4665551839464883,0.0,False,False,-0.435,-0.264,1.086,False,normal_moderate,synthetic_ad8232_normal_moderate,real,False,0.2577022260100734,0.18751736911744465,0.5826377295492488,0.2857142857142857,normal_moderate,False,0
2026-05-26 15:58:23,patient_001,0.4883720930232558,True,synthetic_ad8232,0.8235294117647065,True,synthetic_max30102,0.6379310344827598,2003,0.33679833679833715,0.3377926421404682,0.0,False,False,0.21,0.079,0.956,False,normal_moderate,synthetic_ad8232_normal_moderate,real,False,0.21007747308660626,0.23810801165792217,0.5642737896494158,0.0,normal_moderate,False,0
2026-05-26 15:58:28,patient_001,0.15503875968992242,True,synthetic_ad8232,0.882352941176471,True,synthetic_max30102,0.137931034482758,2305,0.42411642411642436,0.4247491638795986,0.0,False,False,0.01,0.042,0.968,False,normal_morning,synthetic_ad8232_normal_morning,real,False,0.20722560042747004,0.0,0.12353923205342232,0.0,normal_morning,False,0
2026-05-26 15:58:33,patient_001,0.13178294573643412,True,synthetic_ad8232,1.0,True,synthetic_max30102,0.2827586206896555,1523,0.2848232848232852,0.28428093645484953,0.0,False,False,-0.016,-0.024,0.985,False,normal_morning,synthetic_ad8232_normal_morning,real,False,0.2108326791883658,0.057118512488802724,0.11101836393989972,0.0,normal_morning,False,0
2026-05-26 15:58:43,patient_001,0.06976744186046513,True,synthetic_ad8232,0.882352941176471,True,synthetic_max30102,0.22758620689655018,2188,0.45114345114345156,0.45150501672240795,0.0,False,False,0.066,0.155,0.939,False,normal_morning,synthetic_ad8232_normal_morning,real,False,0.20394509853744247,0.15929592058156206,0.06928213689482465,0.0,normal_morning,False,0
2026-05-26 15:58:53,patient_001,0.06201550387596899,True,synthetic_ad8232,0.8235294117647065,True,synthetic_max30102,0.2241379310344822,1548,0.16216216216216228,0.16220735785953178,0.0,False,False,0.009,0.002,1.034,False,normal_morning,synthetic_ad8232_normal_morning,real,False,0.22148717338837032,0.16222730159480042,0.026711185308848084,0.2857142857142857,normal_morning,False,0
2026-05-26 15:58:58,patient_001,0.09302325581395343,True,synthetic_ad8232,0.9411764705882355,True,synthetic_max30102,0.29999999999999893,1712,0.5966735966735968,0.5969899665551837,0.0,False,False,0.0,0.086,0.943,False,normal_morning,synthetic_ad8232_normal_morning,real,False,0.20239372747541692,0.1198128025851472,0.018363939899833093,0.0,normal_morning,False,0
2026-05-26 15:59:03,patient_001,0.15503875968992242,True,synthetic_ad8232,0.8235294117647065,True,synthetic_max30102,0.35862068965517224,2552,0.4656964656964657,0.4665551839464883,0.0,False,False,0.075,-0.031,0.959,False,normal_morning,synthetic_ad8232_normal_morning,real,False,0.2057935712018547,0.19453864356376283,0.03839732888146907,0.2857142857142857,normal_morning,False,0
2026-05-26 15:59:18,patient_001,0.10077519379844957,True,synthetic_ad8232,0.882352941176471,True,synthetic_max30102,0.2586206896551726,2203,0.33264033264033266,0.33277591973244114,0.0,False,False,0.073,0.045,1.023,False,normal_morning,synthetic_ad8232_normal_morning,real,False,0.2198538848387954,0.13543499388925215,0.08681135225375614,0.14285714285714285,normal_morning,False,0
2026-05-26 15:59:23,patient_001,0.046511627906976716,True,synthetic_ad8232,0.882352941176471,True,synthetic_max30102,0.2586206896551726,1507,0.24740124740124747,0.24749163879598646,0.0,False,False,-0.0,0.033,0.953,False,normal_morning,synthetic_ad8232_normal_morning,real,False,0.20385273404300258,0.17717995215462679,0.07679465776293826,0.0,normal_morning,False,0
2026-05-26 15:59:33,patient_001,0.06201550387596899,True,synthetic_ad8232,0.882352941176471,True,synthetic_max30102,0.26896551724138007,1668,0.3659043659043659,0.36622073578595327,0.0,False,False,0.033,0.137,1.004,False,normal_morning,synthetic_ad8232_normal_morning,real,False,0.2170605036417109,0.19077545168219945,0.07178631051752915,0.14285714285714285,normal_morning,False,0
2026-05-26 15:59:38,patient_001,0.10852713178294571,True,synthetic_ad8232,0.882352941176471,True,synthetic_max30102,0.16206896551724093,1619,0.13513513513513553,0.13545150501672243,0.0,False,False,-0.007,0.19,0.974,False,normal_morning,synthetic_ad8232_normal_morning,real,False,0.21235819009052925,0.1479701463597695,0.058430717863105164,0.0,normal_morning,False,0
2026-05-26 15:59:43,patient_001,0.0852713178294574,True,synthetic_ad8232,0.9411764705882355,True,synthetic_max30102,0.24827586206896513,1697,0.20997920997921016,0.21070234113712383,0.0,False,False,0.081,-0.009,1.01,False,normal_morning,synthetic_ad8232_normal_morning,real,False,0.21693812821934805,0.1479701463597695,0.055091819699499056,0.0,normal_morning,False,0
2026-05-26 15:59:53,patient_001,0.13178294573643412,True,synthetic_ad8232,0.882352941176471,True,synthetic_max30102,0.2551724137931046,2216,0.24740124740124747,0.24749163879598646,0.0,False,False,0.063,-0.029,0.9,False,normal_morning,synthetic_ad8232_normal_morning,real,False,0.1926977038672276,0.12772087669863363,0.04841402337228706,0.0,normal_morning,False,0
2026-05-26 15:59:58,patient_001,0.12403100775193798,True,synthetic_ad8232,0.7647058823529411,True,synthetic_max30102,0.13103448275862206,1572,0.14345114345114363,0.14381270903010002,0.0,False,False,-0.003,0.009,0.908,False,normal_morning,synthetic_ad8232_normal_morning,real,False,0.19387697750332214,0.12997163803961312,0.06176961602671105,0.2857142857142857,normal_morning,False,0
2026-05-26 16:00:03,patient_001,0.09302325581395343,True,synthetic_ad8232,0.8235294117647065,True,synthetic_max30102,0.19655172413793132,1944,0.4823284823284828,0.48327759197324394,0.0,False,False,0.104,-0.048,0.978,False,normal_morning,synthetic_ad8232_normal_morning,real,False,0.2106710559147847,0.12828726917420813,0.058430717863105164,0.0,normal_morning,False,0
2026-05-26 16:00:08,patient_001,0.054263565891472854,True,synthetic_ad8232,0.9411764705882355,True,synthetic_max30102,0.18275862068965587,2201,0.3929313929313931,0.3929765886287626,0.0,False,False,0.106,0.056,0.969,False,normal_morning,synthetic_ad8232_normal_morning,real,False,0.20885282642494724,0.1432398473973081,0.05175292153589317,0.0,normal_morning,False,0
2026-05-26 16:00:13,patient_001,0.13953488372093026,True,synthetic_ad8232,0.8235294117647065,True,synthetic_max30102,0.21034482758620676,2323,0.49480249480249494,0.4949832775919729,0.0,False,False,0.036,0.072,0.928,False,normal_morning,synthetic_ad8232_normal_morning,real,False,0.19901266041516147,0.12191231057438791,0.07345575959933215,0.2857142857142857,normal_morning,False,0
2026-05-26 16:00:18,patient_001,0.01550387596899222,True,synthetic_ad8232,0.9411764705882355,True,synthetic_max30102,0.3758620689655192,1102,0.0769230769230771,0.07692307692307665,0.0,False,False,0.1,0.116,0.995,False,normal_morning,synthetic_ad8232_normal_morning,real,False,0.21549948586414974,0.1765650979504545,0.04841402337228706,0.0,normal_morning,False,0
2026-05-26 16:00:23,patient_001,0.10077519379844957,True,synthetic_ad8232,0.8235294117647065,True,synthetic_max30102,0.137931034482758,2630,0.27442827442827467,0.2759197324414715,0.0,False,False,0.036,0.067,0.903,False,normal_morning,synthetic_ad8232_normal_morning,real,False,0.19347112247690793,0.16444665645816925,0.04340567612687807,0.2857142857142857,normal_morning,False,0
2026-05-26 16:00:28,patient_001,0.023255813953488358,True,synthetic_ad8232,0.9411764705882355,True,synthetic_max30102,0.16896551724138043,1613,0.44490644490644504,0.4448160535117056,0.0,False,False,0.073,0.096,1.034,False,normal_morning,synthetic_ad8232_normal_morning,real,False,0.22301427406680221,0.18321504239046027,0.02838063439065097,0.0,normal_morning,False,0
2026-05-26 16:00:33,patient_001,0.14728682170542629,True,synthetic_ad8232,0.8235294117647065,True,synthetic_max30102,0.22758620689655018,1404,0.23284823284823286,0.23411371237458178,0.0,False,False,0.055,0.059,1.01,False,normal_morning,synthetic_ad8232_normal_morning,real,False,0.21692342133347955,0.21791708551401184,0.04841402337228706,0.2857142857142857,normal_morning,False,0
2026-05-26 16:00:38,patient_001,0.13178294573643412,True,synthetic_ad8232,0.882352941176471,True,synthetic_max30102,0.293103448275863,2152,0.29521829521829535,0.2959866220735785,0.0,False,False,0.037,-0.054,1.048,False,normal_morning,synthetic_ad8232_normal_morning,real,False,0.2249937454841839,0.2123566297882799,0.046744574290484064,0.0,normal_morning,False,0
2026-05-26 16:00:43,patient_001,0.046511627906976716,True,synthetic_ad8232,1.0,True,synthetic_max30102,0.14137931034482598,2729,0.3700623700623704,0.3695652173913042,0.0,False,False,0.02,0.036,0.924,False,normal_morning,synthetic_ad8232_normal_morning,real,False,0.19757342781685672,0.18615923268656143,0.05342237061769606,0.0,normal_morning,False,0
2026-05-26 16:00:48,patient_001,0.06201550387596899,True,synthetic_ad8232,0.882352941176471,True,synthetic_max30102,0.0,1982,0.4823284823284828,0.48160535117056824,0.0,False,False,0.038,0.011,0.941,False,normal_morning,synthetic_ad8232_normal_morning,real,False,0.20127999509435296,0.18905757871812623,0.045075125208681066,0.2857142857142857,normal_morning,False,0
2026-05-26 16:00:53,patient_001,0.07751937984496127,True,synthetic_ad8232,0.882352941176471,True,synthetic_max30102,0.06206896551724128,1797,0.22453222453222477,0.2240802675585285,0.0,False,False,-0.028,0.088,0.863,False,normal_morning,synthetic_ad8232_normal_morning,real,False,0.18508435484980784,0.15350138996137913,0.056761268781302054,0.0,normal_morning,False,0
2026-05-26 16:00:58,patient_001,0.17829457364341084,True,synthetic_ad8232,0.9411764705882355,True,synthetic_max30102,0.1655172413793089,2383,0.1683991683991688,0.1688963210702341,0.0,False,False,0.118,-0.014,1.051,False,normal_morning,synthetic_ad8232_normal_morning,real,False,0.22667100237197613,0.18982299714675463,0.06343906510851416,0.0,normal_morning,False,0
2026-05-26 16:01:03,patient_001,0.06201550387596899,True,synthetic_ad8232,0.8235294117647065,True,synthetic_max30102,0.18965517241379182,2238,0.24324324324324342,0.2441471571906355,0.0,False,False,0.057,0.0,1.023,False,normal_morning,synthetic_ad8232_normal_morning,real,False,0.21941531517927143,0.1845948416517014,0.04841402337228706,0.2857142857142857,normal_morning,False,0
2026-05-26 16:01:08,patient_001,0.10852713178294571,True,synthetic_ad8232,0.882352941176471,True,synthetic_max30102,0.1724137931034484,2525,0.47401247401247426,0.4749163879598659,0.0,False,False,0.049,0.063,1.114,False,normal_morning,synthetic_ad8232_normal_morning,real,False,0.23963536909058122,0.16986823250426517,0.06176961602671105,0.0,normal_morning,False,0
2026-05-26 16:01:13,patient_001,0.2558139534883721,True,synthetic_ad8232,0.9411764705882355,True,synthetic_max30102,0.24482758620689715,2291,0.313929313929314,0.3143812709030098,0.0,False,False,0.082,-0.031,0.963,False,normal_morning,synthetic_ad8232_normal_morning,real,False,0.20679160279879397,0.27891411482412615,0.10350584307178623,0.0,normal_morning,False,0
2026-05-26 16:01:18,patient_001,0.07751937984496127,True,synthetic_ad8232,0.882352941176471,True,synthetic_max30102,0.289655172413795,2451,0.4927234927234929,0.49331103678929766,0.0,False,False,0.092,0.02,0.95,False,normal_morning,synthetic_ad8232_normal_morning,real,False,0.20408999638688266,0.27891411482412615,0.10350584307178623,0.14285714285714285,normal_morning,False,0
2026-05-26 16:01:23,patient_001,0.0,True,synthetic_ad8232,0.882352941176471,True,synthetic_max30102,0.22068965517241423,2093,0.3929313929313931,0.3929765886287626,0.0,False,False,0.087,0.085,1.007,False,normal_morning,synthetic_ad8232_normal_morning,real,False,0.21716520434851824,0.33087130590103747,0.06510851419031716,0.0,normal_morning,False,0
2026-05-26 16:01:38,patient_001,0.007751937984496138,True,synthetic_ad8232,0.882352941176471,True,synthetic_max30102,0.22758620689655018,2200,0.3201663201663205,0.32107023411371216,0.0,False,False,0.051,0.062,0.935,False,normal_morning,synthetic_ad8232_normal_morning,real,False,0.20053688037879439,0.1225055613312886,0.0,0.14285714285714285,normal_morning,False,0
2026-05-26 16:01:43,patient_001,0.13178294573643412,True,synthetic_ad8232,0.8235294117647065,True,synthetic_max30102,0.1793103448275879,2023,0.2037422037422041,0.2040133779264215,0.0,False,False,-0.122,-0.007,0.959,False,normal_morning,synthetic_ad8232_normal_morning,real,False,0.20674173921082165,0.18518303700846603,0.011686143572620988,0.14285714285714285,normal_morning,False,0
2026-05-26 16:01:48,patient_001,0.0852713178294574,True,synthetic_ad8232,0.7647058823529411,True,synthetic_max30102,0.2241379310344822,1915,0.3388773388773392,0.3394648829431435,0.0,False,False,-0.016,0.059,0.913,False,normal_morning,synthetic_ad8232_normal_morning,real,False,0.19540981944984023,0.1597504034468629,0.03005008347245397,0.14285714285714285,normal_morning,False,0
2026-05-26 16:01:53,patient_001,0.10077519379844957,True,synthetic_ad8232,0.882352941176471,True,synthetic_max30102,0.18620689655172384,1778,0.33679833679833715,0.3377926421404682,0.0,False,False,-0.052,-0.059,0.955,False,normal_morning,synthetic_ad8232_normal_morning,real,False,0.2048742847265752,0.1597504034468629,0.04173622704507507,0.0,normal_morning,False,0
2026-05-26 16:01:58,patient_001,0.11627906976744184,True,synthetic_ad8232,0.882352941176471,True,synthetic_max30102,0.13448275862069003,1915,0.6112266112266114,0.6103678929765883,0.0,False,False,0.023,0.044,1.009,False,normal_morning,synthetic_ad8232_normal_morning,real,False,0.21626710811967506,0.16772063372341,0.05175292153589317,0.0,normal_morning,False,0
2026-05-26 16:02:03,patient_001,0.07751937984496127,True,synthetic_ad8232,0.882352941176471,True,synthetic_max30102,0.20344827586207082,1214,0.18087318087318094,0.1806020066889631,0.0,False,False,0.01,-0.063,0.959,False,normal_morning,synthetic_ad8232_normal_morning,real,False,0.20550681781919022,0.07710411524577893,0.06677796327212016,0.0,normal_morning,False,0
2026-05-26 16:02:08,patient_001,0.03875968992248058,True,synthetic_ad8232,0.8235294117647065,True,synthetic_max30102,0.2517241379310331,1657,0.056133056133056414,0.05685618729096964,0.0,False,False,0.076,-0.024,0.974,False,normal_morning,synthetic_ad8232_normal_morning,real,False,0.20904295726733327,0.10146465992196023,0.046744574290484064,0.14285714285714285,normal_morning,False,0
2026-05-26 16:02:13,patient_001,0.10852713178294571,True,synthetic_ad8232,0.9411764705882355,True,synthetic_max30102,0.15172413793103345,2798,0.442827442827443,0.4431438127090299,0.0,False,False,0.103,-0.061,0.915,False,normal_morning,synthetic_ad8232_normal_morning,real,False,0.19710886252993776,0.10870873300666639,0.05175292153589317,0.0,normal_morning,False,0
2026-05-26 16:02:18,patient_001,0.10852713178294571,True,synthetic_ad8232,0.882352941176471,True,synthetic_max30102,0.04137931034482634,1969,0.1829521829521834,0.18394648829431404,0.0,False,False,-0.081,0.038,0.969,False,normal_morning,synthetic_ad8232_normal_morning,real,False,0.2081371156052483,0.11199372334847817,0.05342237061769606,0.14285714285714285,normal_morning,False,0
2026-05-26 16:02:23,patient_001,0.09302325581395343,True,synthetic_ad8232,0.9411764705882355,True,synthetic_max30102,0.21724137931034626,1712,0.48856548856548887,0.4882943143812706,0.0,False,False,0.114,0.03,0.983,False,normal_morning,synthetic_ad8232_normal_morning,real,False,0.21184527084578916,0.10074758620220577,0.04841402337228706,0.0,normal_morning,False,0
2026-05-26 16:02:33,patient_001,0.06976744186046513,True,synthetic_ad8232,0.882352941176471,True,synthetic_max30102,0.11034482758620712,2813,0.2889812889812893,0.2892976588628762,0.0,False,False,0.072,-0.009,0.996,False,normal_morning,synthetic_ad8232_normal_morning,real,False,0.21372916781560947,0.23240676646085004,0.09015025041736224,0.0,normal_morning,False,0
2026-05-26 16:02:38,patient_001,0.1937984496124031,True,synthetic_ad8232,0.882352941176471,True,synthetic_max30102,0.21034482758620676,2426,0.30769230769230793,0.3076923076923075,0.0,False,False,0.018,0.096,0.97,False,normal_morning,synthetic_ad8232_normal_morning,real,False,0.20852792316365779,0.2521566514536676,0.10851419031719534,0.0,normal_morning,False,0
2026-05-26 16:02:43,patient_001,0.054263565891472854,True,synthetic_ad8232,0.882352941176471,True,synthetic_max30102,0.0862068965517242,1795,0.5343035343035347,0.5334448160535117,0.0,False,False,0.082,0.146,1.033,False,normal_morning,synthetic_ad8232_normal_morning,real,False,0.2242139754104755,0.285211518161654,0.09682804674457424,0.0,normal_morning,False,0
2026-05-26 16:02:48,patient_001,0.10077519379844957,True,synthetic_ad8232,0.8235294117647065,True,synthetic_max30102,0.18965517241379182,1342,0.15176715176715216,0.15217391304347805,0.0,False,False,0.086,0.036,0.905,False,normal_morning,synthetic_ad8232_normal_morning,real,False,0.1942582819271979,0.28240148393640885,0.09849749582637723,0.14285714285714285,normal_morning,False,0
2026-05-26 16:02:53,patient_001,0.10852713178294571,True,synthetic_ad8232,1.0,True,synthetic_max30102,0.3103448275862064,1777,0.12058212058212092,0.12207357859531776,0.0,False,False,-0.074,0.115,1.046,False,normal_morning,synthetic_ad8232_normal_morning,real,False,0.2260585706484338,0.18809642567574222,0.07011686143572615,0.0,normal_morning,False,0
2026-05-26 16:02:58,patient_001,0.14728682170542629,True,synthetic_ad8232,0.9411764705882355,True,synthetic_max30102,0.10689655172413914,2147,0.5155925155925161,0.5150501672240799,0.0,False,False,0.077,-0.098,0.977,False,normal_morning,synthetic_ad8232_normal_morning,real,False,0.2107220142343184,0.18222307493664924,0.08681135225375614,0.14285714285714285,normal_morning,False,0
2026-05-26 16:03:03,patient_001,0.06201550387596899,True,synthetic_ad8232,0.9411764705882355,True,synthetic_max30102,0.27931034482758754,2201,0.43035343035343043,0.43143812709030094,0.0,False,False,0.119,0.082,1.055,False,normal_morning,synthetic_ad8232_normal_morning,real,False,0.22823919611013074,0.1310825269428249,0.058430717863105164,0.0,normal_morning,False,0
2026-05-26 16:03:08,patient_001,0.09302325581395343,True,synthetic_ad8232,0.882352941176471,True,synthetic_max30102,0.11379310344827509,2137,0.5426195426195428,0.5418060200668897,0.0,False,False,-0.017,0.013,1.004,False,normal_morning,synthetic_ad8232_normal_morning,real,False,0.21495384702704254,0.10668919987229339,0.06677796327212016,0.14285714285714285,normal_morning,False,0
2026-05-26 16:03:13,patient_001,0.13953488372093026,True,synthetic_ad8232,0.9411764705882355,True,synthetic_max30102,0.18965517241379182,1595,0.440748440748441,0.4414715719063542,0.0,False,False,0.076,0.015,1.069,False,normal_morning,synthetic_ad8232_normal_morning,real,False,0.2297624720280261,0.12101698161135767,0.07512520868113515,0.0,normal_morning,False,0
2026-05-26 16:03:18,patient_001,0.09302325581395343,True,synthetic_ad8232,1.0,True,synthetic_max30102,0.19310344827586334,1491,0.40956340956340975,0.40969899665551823,0.0,False,False,0.067,0.063,0.928,False,normal_morning,synthetic_ad8232_normal_morning,real,False,0.19924520235509052,0.12397626900283966,0.07178631051752915,0.0,normal_morning,False,0
2026-05-26 16:03:23,patient_001,0.054263565891472854,True,synthetic_ad8232,0.9411764705882355,True,synthetic_max30102,0.23448275862068968,2303,0.3264033264033266,0.3277591973244145,0.0,False,False,0.022,0.057,0.986,False,normal_morning,synthetic_ad8232_normal_morning,real,False,0.2113737315518286,0.11674802878749854,0.05175292153589317,0.14285714285714285,normal_morning,False,0
2026-05-26 16:03:28,patient_001,0.046511627906976716,True,synthetic_ad8232,0.882352941176471,True,synthetic_max30102,0.18275862068965587,1501,0.3783783783783785,0.37792642140468224,0.0,False,False,-0.055,-0.025,1.084,False,normal_morning,synthetic_ad8232_normal_morning,real,False,0.2328039875293363,0.1291321999481069,0.04841402337228706,0.14285714285714285,normal_morning,False,0
2026-05-26 16:03:53,patient_001,0.12403100775193798,True,synthetic_ad8232,0.882352941176471,True,synthetic_max30102,0.11034482758620712,1599,0.44906444906444953,0.44816053511705656,0.0,False,False,0.03,0.113,1.091,False,normal_morning,synthetic_ad8232_normal_morning,real,False,0.235338221372793,0.20891464127713713,0.058430717863105164,0.0,normal_morning,False,0
2026-05-26 16:03:58,patient_001,0.10852713178294571,True,synthetic_ad8232,0.9411764705882355,True,synthetic_max30102,0.26206896551724057,1187,0.255717255717256,0.2558528428093645,0.0,False,False,0.087,0.052,0.986,False,normal_morning,synthetic_ad8232_normal_morning,real,False,0.21209790228401315,0.10074758620220539,0.08180300500834714,0.0,normal_morning,False,0
2026-05-26 16:04:03,patient_001,0.10077519379844957,True,synthetic_ad8232,0.882352941176471,True,synthetic_max30102,0.24827586206896513,2015,0.35135135135135176,0.3511705685618729,0.0,False,False,-0.04,0.069,1.113,False,normal_morning,synthetic_ad8232_normal_morning,real,False,0.23941590286169204,0.09131025425284311,0.07345575959933215,0.14285714285714285,normal_morning,False,0
2026-05-26 16:04:13,patient_001,0.18604651162790697,True,synthetic_ad8232,0.882352941176471,True,synthetic_max30102,0.1793103448275879,2485,0.11226611226611238,0.11371237458193972,0.0,False,False,0.19,0.004,0.956,False,normal_morning,synthetic_ad8232_normal_morning,real,False,0.20848431058173525,0.12485037808163282,0.09015025041736224,0.2857142857142857,normal_morning,False,0
2026-05-26 16:04:18,patient_001,0.13953488372093026,True,synthetic_ad8232,1.0,True,synthetic_max30102,0.09999999999999964,2518,0.11642411642411687,0.11705685618729067,0.0,False,False,0.127,0.034,1.038,False,normal_morning,synthetic_ad8232_normal_morning,real,False,0.22417208977494926,0.1271519612792476,0.09348914858096824,0.0,normal_morning,False,0
2026-05-26 16:04:23,patient_001,0.13178294573643412,True,synthetic_ad8232,0.882352941176471,True,synthetic_max30102,0.2551724137931046,2244,0.08523908523908563,0.08528428093645468,0.0,False,False,-0.006,-0.005,0.962,False,normal_morning,synthetic_ad8232_normal_morning,real,False,0.20570680025884128,0.12191231057438733,0.09849749582637723,0.2857142857142857,normal_morning,False,0
2026-05-26 16:04:33,patient_001,0.0852713178294574,True,synthetic_ad8232,1.0,True,synthetic_max30102,0.21034482758620676,2593,0.43866943866943897,0.4381270903010033,0.0,False,False,-0.016,0.104,1.028,False,normal_morning,synthetic_ad8232_normal_morning,real,False,0.221340365033447,0.1254297332957174,0.10517529215358923,0.0,normal_morning,False,0
2026-05-26 16:04:38,patient_001,0.046511627906976716,True,synthetic_ad8232,0.882352941176471,True,synthetic_max30102,0.19310344827586334,1479,0.3555093555093558,0.35618729096989954,0.0,False,False,-0.037,0.014,1.07,False,normal_morning,synthetic_ad8232_normal_morning,real,False,0.22952752967134413,0.1491900363043787,0.07512520868113515,0.2857142857142857,normal_morning,False,0
2026-05-26 16:04:43,patient_001,0.0,True,synthetic_ad8232,1.0,True,synthetic_max30102,0.1999999999999993,1972,0.5114345114345116,0.511705685618729,0.0,False,False,0.001,0.014,0.901,False,normal_morning,synthetic_ad8232_normal_morning,real,False,0.1923560703893784,0.21081468952909738,0.045075125208681066,0.0,normal_morning,False,0
2026-05-26 16:04:58,patient_001,0.07751937984496127,True,synthetic_ad8232,0.7647058823529411,True,synthetic_max30102,0.2068965517241388,2292,0.40124740124740166,0.4013377926421402,0.0,False,False,-0.026,-0.074,0.998,False,normal_morning,synthetic_ad8232_normal_morning,real,False,0.21426340507495098,0.20629546573699498,0.03338898163606008,0.5714285714285714,normal_morning,False,0
2026-05-26 16:05:03,patient_001,0.11627906976744184,True,synthetic_ad8232,0.7647058823529411,True,synthetic_max30102,0.10344827586206762,2011,0.24532224532224545,0.24581939799331076,0.0,False,False,0.158,-0.033,1.027,False,normal_morning,synthetic_ad8232_normal_morning,real,False,0.22270682711085954,0.2094345457922763,0.04841402337228706,0.0,normal_morning,False,0
2026-05-26 16:05:08,patient_001,0.054263565891472854,True,synthetic_ad8232,0.9411764705882355,True,synthetic_max30102,0.21724137931034626,2103,0.1538461538461542,0.15384615384615374,0.0,False,False,0.013,-0.033,1.006,False,normal_morning,synthetic_ad8232_normal_morning,real,False,0.2154791317628814,0.15183929963549186,0.06010016694490816,0.0,normal_morning,False,0
2026-05-26 16:05:13,patient_001,0.22480620155038755,True,synthetic_ad8232,0.9411764705882355,True,synthetic_max30102,0.26206896551724057,1833,0.5592515592515594,0.5585284280936453,0.0,False,False,0.035,-0.086,0.911,False,normal_morning,synthetic_ad8232_normal_morning,real,False,0.1955577692152452,0.23932285633787997,0.07345575959933215,0.0,normal_morning,False,0
2026-05-26 16:05:18,patient_001,0.046511627906976716,True,synthetic_ad8232,0.882352941176471,True,synthetic_max30102,0.12758620689655054,1633,0.21621621621621667,0.21739130434782616,0.0,False,False,-0.034,0.027,0.937,False,normal_morning,synthetic_ad8232_normal_morning,real,False,0.20044158270739676,0.2530177466796565,0.06844741235392315,0.14285714285714285,normal_morning,False,0
2026-05-26 16:05:28,patient_001,0.07751937984496127,True,synthetic_ad8232,0.882352941176471,True,synthetic_max30102,0.14827586206896548,2187,0.39708939708939717,0.39799331103678925,0.0,False,False,-0.012,0.076,1.017,False,normal_morning,synthetic_ad8232_normal_morning,real,False,0.21838964201329203,0.2530177466796565,0.06844741235392315,0.0,normal_morning,False,0
2026-05-26 16:05:33,patient_001,0.0852713178294574,True,synthetic_ad8232,0.9411764705882355,True,synthetic_max30102,0.27931034482758754,2317,0.3679833679833684,0.3678929765886285,0.0,False,False,0.095,0.024,1.073,False,normal_morning,synthetic_ad8232_normal_morning,real,False,0.2310031434138004,0.238868013627734,0.07512520868113515,0.0,normal_morning,False,0
2026-05-26 16:05:38,patient_001,0.10077519379844957,True,synthetic_ad8232,0.882352941176471,True,synthetic_max30102,0.15172413793103345,1853,0.34927234927234974,0.3494983277591972,0.0,False,False,0.082,0.201,0.968,False,normal_morning,synthetic_ad8232_normal_morning,real,False,0.21228353837285405,0.09131025425284311,0.04841402337228706,0.14285714285714285,normal_morning,False,0
2026-05-26 16:05:43,patient_001,0.06201550387596899,True,synthetic_ad8232,1.0,True,synthetic_max30102,0.15517241379310498,2147,0.08523908523908563,0.08528428093645468,0.0,False,False,0.012,-0.065,0.945,False,normal_morning,synthetic_ad8232_normal_morning,real,False,0.2024803795531342,0.0727498432578901,0.05175292153589317,0.0,normal_morning,False,0
2026-05-26 16:05:48,patient_001,0.24031007751937983,True,synthetic_ad8232,0.882352941176471,True,synthetic_max30102,0.0793103448275847,1770,0.3409563409563412,0.34113712374581917,0.0,False,False,0.094,-0.014,1.068,False,normal_morning,synthetic_ad8232_normal_morning,real,False,0.2298538488634054,0.251580950585115,0.07846410684474114,0.2857142857142857,normal_morning,False,0
2026-05-26 16:05:53,patient_001,0.07751937984496127,True,synthetic_ad8232,0.9411764705882355,True,synthetic_max30102,0.18965517241379182,1314,0.3887733887733891,0.3896321070234112,0.0,False,False,0.01,0.018,0.914,False,normal_morning,synthetic_ad8232_normal_morning,real,False,0.1952317999315673,0.251580950585115,0.07846410684474114,0.0,normal_morning,False,0
2026-05-26 16:05:58,patient_001,0.06201550387596899,True,synthetic_ad8232,0.9411764705882355,True,synthetic_max30102,0.2310344827586217,2293,0.45945945945945965,0.459866220735786,0.0,False,False,0.075,0.026,1.06,False,normal_morning,synthetic_ad8232_normal_morning,real,False,0.22782631098511122,0.2617499070632188,0.07345575959933215,0.0,normal_morning,False,0
2026-05-26 16:06:03,patient_001,0.13178294573643412,True,synthetic_ad8232,0.9411764705882355,True,synthetic_max30102,0.1724137931034484,1739,0.5031185031185035,0.503344481605351,0.0,False,False,-0.041,0.055,1.023,False,normal_morning,synthetic_ad8232_normal_morning,real,False,0.21957107602671166,0.26340656858296574,0.08013355592654414,0.0,normal_morning,False,0
2026-05-26 16:06:08,patient_001,0.03875968992248058,True,synthetic_ad8232,0.9411764705882355,True,synthetic_max30102,0.1999999999999993,2510,0.18503118503118543,0.18561872909698973,0.0,False,False,-0.073,0.053,0.879,False,normal_morning,synthetic_ad8232_normal_morning,real,False,0.18852274706461947,0.27943350841146813,0.07512520868113515,0.0,normal_morning,False,0
2026-05-26 16:06:23,patient_001,0.06976744186046513,True,synthetic_ad8232,0.8235294117647065,True,synthetic_max30102,0.18965517241379182,2025,0.21205821205821218,0.21237458193979908,0.0,False,False,0.058,0.089,0.832,False,normal_morning,synthetic_ad8232_normal_morning,real,False,0.17869141896829874,0.20908808642222784,0.06176961602671105,0.2857142857142857,normal_morning,False,0
2026-05-26 16:06:28,patient_001,0.07751937984496127,True,synthetic_ad8232,0.882352941176471,True,synthetic_max30102,0.22758620689655018,1820,0.49480249480249494,0.4949832775919729,0.0,False,False,0.022,-0.002,0.975,False,normal_morning,synthetic_ad8232_normal_morning,real,False,0.20860354965414238,0.19914265598680922,0.05008347245409006,0.0,normal_morning,False,0
2026-05-26 16:06:33,patient_001,0.0852713178294574,True,synthetic_ad8232,0.882352941176471,True,synthetic_max30102,0.32413793103448185,1937,0.3264033264033266,0.3260869565217388,0.0,False,False,0.022,0.088,1.064,False,normal_morning,synthetic_ad8232_normal_morning,real,False,0.2288982560383023,0.17717995215462654,0.06010016694490816,0.0,normal_morning,False,0
2026-05-26 16:06:38,patient_001,0.06976744186046513,True,synthetic_ad8232,0.882352941176471,True,synthetic_max30102,0.27241379310344804,2846,0.1912681912681915,0.19230769230769207,0.0,False,False,0.054,0.044,0.922,False,normal_morning,synthetic_ad8232_normal_morning,real,False,0.19750991987642946,0.030700277992275073,0.035058430717863076,0.0,normal_morning,False,0
2026-05-26 16:06:53,patient_001,0.34883720930232553,True,synthetic_ad8232,0.7647058823529411,True,synthetic_max30102,0.5000000000000018,1301,0.4282744282744284,0.42809364548494955,0.0,False,False,-0.019,-0.078,0.962,False,normal_postmeal,synthetic_ad8232_normal_postmeal,real,False,0.20643266314932837,0.38079008325868485,0.24874791318864764,0.14285714285714285,normal_postmeal,False,0
2026-05-26 16:06:58,patient_001,0.2093023255813954,True,synthetic_ad8232,0.8235294117647065,True,synthetic_max30102,0.4137931034482776,2643,0.2037422037422041,0.2040133779264215,0.0,False,False,0.072,-0.067,1.047,False,normal_postmeal,synthetic_ad8232_normal_postmeal,real,False,0.22533711291131703,0.29659286306587807,0.22648859209794092,0.0,normal_postmeal,False,0
2026-05-26 16:07:03,patient_001,0.1705426356589147,True,synthetic_ad8232,0.7647058823529411,True,synthetic_max30102,0.4827586206896548,1617,0.3617463617463619,0.3628762541806019,0.0,False,False,0.173,0.055,1.035,False,normal_postmeal,synthetic_ad8232_normal_postmeal,real,False,0.2251596017590684,0.2792821183954121,0.20492487479131882,0.14285714285714285,normal_postmeal,False,0
2026-05-26 16:07:08,patient_001,0.2558139534883721,True,synthetic_ad8232,0.7647058823529411,True,synthetic_max30102,0.3379310344827573,2075,0.1995841995841996,0.2006688963210701,0.0,False,False,0.072,-0.06,1.016,False,normal_postmeal,synthetic_ad8232_normal_postmeal,real,False,0.21847890103130857,0.2450111226625776,0.21035058430717857,0.0,normal_postmeal,False,0
2026-05-26 16:07:13,patient_001,0.2558139534883721,True,synthetic_ad8232,0.9411764705882355,True,synthetic_max30102,0.47586206896551886,1805,0.24740124740124747,0.24749163879598646,0.0,False,False,0.139,-0.03,0.994,False,normal_postmeal,synthetic_ad8232_normal_postmeal,real,False,0.21493016881852703,0.23162556503550671,0.22370617696160255,0.0,normal_postmeal,False,0
2026-05-26 16:07:18,patient_001,0.27131782945736427,True,synthetic_ad8232,0.7647058823529411,True,synthetic_max30102,0.3448275862068968,1447,0.48024948024948033,0.479933110367893,0.0,False,False,-0.073,-0.157,0.905,False,normal_postmeal,synthetic_ad8232_normal_postmeal,real,False,0.19680561437914929,0.14500054375305846,0.20701168614357257,0.42857142857142855,normal_postmeal,False,0
2026-05-26 16:07:23,patient_001,0.1937984496124031,True,synthetic_ad8232,0.9411764705882355,True,synthetic_max30102,0.39310344827586263,1824,0.14968814968815014,0.15050167224080235,0.0,False,False,0.066,0.081,1.043,False,normal_postmeal,synthetic_ad8232_normal_postmeal,real,False,0.22459447012151104,0.15420823049155835,0.20367278797996646,0.0,normal_postmeal,False,0
2026-05-26 16:07:28,patient_001,0.1705426356589147,True,synthetic_ad8232,1.0,True,synthetic_max30102,0.3103448275862064,3179,0.5530145530145534,0.5535117056856187,0.0,False,False,-0.044,-0.053,0.87,False,normal_postmeal,synthetic_ad8232_normal_postmeal,real,False,0.18613534629038436,0.15420823049155835,0.20367278797996646,0.0,normal_postmeal,False,0
2026-05-26 16:07:33,patient_001,0.2558139534883721,True,synthetic_ad8232,0.7058823529411766,True,synthetic_max30102,0.2551724137931046,2247,0.4178794178794183,0.41806020066889626,0.0,False,False,0.02,0.005,0.938,False,normal_postmeal,synthetic_ad8232_normal_postmeal,real,False,0.200490054567272,0.15420823049155835,0.20367278797996646,0.7142857142857142,normal_postmeal,False,0
2026-05-26 16:07:38,patient_001,0.31007751937984496,True,synthetic_ad8232,0.8235294117647065,True,synthetic_max30102,0.3517241379310363,1542,0.5155925155925161,0.5150501672240799,0.0,False,False,0.093,0.031,1.061,False,normal_postmeal,synthetic_ad8232_normal_postmeal,real,False,0.2283853690163326,0.1987782592387118,0.21535893155258756,0.0,normal_postmeal,False,0
2026-05-26 16:07:43,patient_001,0.18604651162790697,True,synthetic_ad8232,0.7647058823529411,True,synthetic_max30102,0.35862068965517224,2171,0.42203742203742234,0.4214046822742472,0.0,False,False,0.1,0.058,1.078,False,normal_postmeal,synthetic_ad8232_normal_postmeal,real,False,0.23247494893396323,0.20275060618543717,0.19699499165275447,0.14285714285714285,normal_postmeal,False,0
2026-05-26 16:07:48,patient_001,0.37209302325581395,True,synthetic_ad8232,0.882352941176471,True,synthetic_max30102,0.4551724137931039,2307,0.30145530145530186,0.30267558528428085,0.0,False,False,0.158,0.039,0.966,False,normal_postmeal,synthetic_ad8232_normal_postmeal,real,False,0.20955955204335647,0.29348023098642384,0.23539232053422365,0.0,normal_postmeal,False,0
2026-05-26 16:07:53,patient_001,0.37209302325581395,True,synthetic_ad8232,0.8235294117647065,True,synthetic_max30102,0.5620689655172431,3022,0.3180873180873185,0.3177257525083612,0.0,False,False,-0.118,0.026,0.987,False,normal_postmeal,synthetic_ad8232_normal_postmeal,real,False,0.21279322219509866,0.27695771390559704,0.2787979966611017,0.14285714285714285,normal_postmeal,False,0
2026-05-26 16:07:58,patient_001,0.2790697674418604,True,synthetic_ad8232,0.8235294117647065,True,synthetic_max30102,0.45172413793103594,1665,0.3035343035343039,0.30434782608695654,0.0,False,False,-0.12,-0.031,1.069,False,normal_postmeal,synthetic_ad8232_normal_postmeal,real,False,0.23071741394559933,0.268180050346862,0.2838063439065108,0.0,normal_postmeal,False,0
2026-05-26 16:08:03,patient_001,0.3798449612403101,True,synthetic_ad8232,0.9411764705882355,True,synthetic_max30102,0.4931034482758623,1561,0.2827442827442832,0.28260869565217384,0.0,False,False,0.004,0.011,0.926,False,normal_postmeal,synthetic_ad8232_normal_postmeal,real,False,0.19782690588538673,0.2937271643334216,0.2988313856427378,0.0,normal_postmeal,False,0
2026-05-26 16:08:13,patient_001,0.31007751937984496,True,synthetic_ad8232,0.8235294117647065,True,synthetic_max30102,0.5137931034482772,1467,0.35135135135135176,0.3511705685618729,0.0,False,False,0.102,0.056,0.97,False,normal_postmeal,synthetic_ad8232_normal_postmeal,real,False,0.2089770195008415,0.20804524657195264,0.2971619365609348,0.0,normal_postmeal,False,0
2026-05-26 16:08:18,patient_001,0.2325581395348837,True,synthetic_ad8232,0.7647058823529411,True,synthetic_max30102,0.3517241379310363,1648,0.4199584199584203,0.41973244147157196,0.0,False,False,0.075,0.126,0.917,False,normal_postmeal,synthetic_ad8232_normal_postmeal,real,False,0.198391328168454,0.20804524657195264,0.26711185308848073,0.14285714285714285,normal_postmeal,False,0
2026-05-26 16:08:23,patient_001,0.26356589147286824,True,synthetic_ad8232,0.7647058823529411,True,synthetic_max30102,0.5000000000000018,1482,0.29521829521829535,0.2959866220735785,0.0,False,False,-0.014,0.111,0.97,False,normal_postmeal,synthetic_ad8232_normal_postmeal,real,False,0.2088622528170738,0.2115013841474002,0.26377295492487474,0.0,normal_postmeal,False,0
2026-05-26 16:08:28,patient_001,0.3023255813953488,True,synthetic_ad8232,0.882352941176471,True,synthetic_max30102,0.47241379310344733,2240,0.3534303534303538,0.35451505016722384,0.0,False,False,0.219,0.144,0.965,False,normal_postmeal,synthetic_ad8232_normal_postmeal,real,False,0.21401874909635324,0.12250556133128863,0.24707846410684464,0.0,normal_postmeal,False,0
2026-05-26 16:08:33,patient_001,0.22480620155038755,True,synthetic_ad8232,0.882352941176471,True,synthetic_max30102,0.47931034482758683,2024,0.40124740124740166,0.4013377926421402,0.0,False,False,0.061,0.085,1.128,False,normal_postmeal,synthetic_ad8232_normal_postmeal,real,False,0.24313862656536678,0.13543499388925198,0.24373956594323876,0.0,normal_postmeal,False,0
2026-05-26 16:08:38,patient_001,0.39534883720930225,True,synthetic_ad8232,0.882352941176471,True,synthetic_max30102,0.4206896551724135,1324,0.23492723492723533,0.23578595317725748,0.0,False,False,0.04,0.046,1.019,False,normal_postmeal,synthetic_ad8232_normal_postmeal,real,False,0.2185902368819349,0.24128393364359071,0.2621035058430716,0.0,normal_postmeal,False,0
2026-05-26 16:08:43,patient_001,0.22480620155038755,True,synthetic_ad8232,0.7647058823529411,True,synthetic_max30102,0.39310344827586263,1758,0.20166320166320206,0.2023411371237458,0.0,False,False,0.091,0.016,1.006,False,normal_postmeal,synthetic_ad8232_normal_postmeal,real,False,0.21627003660259064,0.24648621800400414,0.26043405676126874,0.2857142857142857,normal_postmeal,False,0
2026-05-26 16:08:53,patient_001,0.2945736434108527,True,synthetic_ad8232,0.8235294117647065,True,synthetic_max30102,0.44482758620689644,1817,0.37422037422037446,0.37458193979933085,0.0,False,False,-0.075,-0.047,0.978,False,normal_postmeal,synthetic_ad8232_normal_postmeal,real,False,0.21008204793210597,0.2507149206465098,0.27212020033388973,0.14285714285714285,normal_postmeal,False,0
2026-05-26 16:08:58,patient_001,0.27131782945736427,True,synthetic_ad8232,0.8235294117647065,True,synthetic_max30102,0.5241379310344847,2271,0.47193347193347224,0.47157190635451496,0.0,False,False,0.032,0.062,0.947,False,normal_postmeal,synthetic_ad8232_normal_postmeal,real,False,0.2029751882495065,0.2212190476292734,0.2821368948247077,0.0,normal_postmeal,False,0
2026-05-26 16:09:03,patient_001,0.34883720930232553,True,synthetic_ad8232,0.882352941176471,True,synthetic_max30102,0.5000000000000018,1759,0.3201663201663205,0.32107023411371216,0.0,False,False,0.032,0.05,1.075,False,normal_postmeal,synthetic_ad8232_normal_postmeal,real,False,0.2308219569878834,0.16750435944424924,0.27212020033388973,0.0,normal_postmeal,False,0
2026-05-26 16:09:13,patient_001,0.2790697674418604,True,synthetic_ad8232,0.9411764705882355,True,synthetic_max30102,0.3448275862068968,1819,0.33679833679833715,0.3377926421404682,0.0,False,False,-0.026,-0.179,0.952,False,normal_postmeal,synthetic_ad8232_normal_postmeal,real,False,0.20724063972193807,0.1053213330449913,0.2787979966611017,0.0,normal_postmeal,False,0
2026-05-26 16:09:18,patient_001,0.3643410852713178,True,synthetic_ad8232,0.882352941176471,True,synthetic_max30102,0.4551724137931039,1291,0.30145530145530186,0.30267558528428085,0.0,False,False,0.01,0.112,0.988,False,normal_postmeal,synthetic_ad8232_normal_postmeal,real,False,0.21279531583597616,0.14449967682031165,0.2938230383973288,0.14285714285714285,normal_postmeal,False,0
2026-05-26 16:09:23,patient_001,0.2558139534883721,True,synthetic_ad8232,0.882352941176471,True,synthetic_max30102,0.6448275862068957,1368,0.4656964656964657,0.4648829431438126,0.0,False,False,0.045,-0.031,0.895,False,normal_postmeal,synthetic_ad8232_normal_postmeal,real,False,0.19138248013883682,0.1592959205815621,0.2904841402337228,0.0,normal_postmeal,False,0
2026-05-26 16:09:28,patient_001,0.32558139534883723,True,synthetic_ad8232,0.882352941176471,True,synthetic_max30102,0.4862068965517228,2785,0.29521829521829535,0.2959866220735785,0.0,False,False,0.022,0.075,1.004,False,normal_postmeal,synthetic_ad8232_normal_postmeal,real,False,0.215569567976309,0.14574861687146431,0.2854757929883138,0.0,normal_postmeal,False,0
2026-05-26 16:09:33,patient_001,0.26356589147286824,True,synthetic_ad8232,0.882352941176471,True,synthetic_max30102,0.24137931034482918,2346,0.4677754677754682,0.46822742474916357,0.0,False,False,0.142,0.148,0.992,False,normal_postmeal,synthetic_ad8232_normal_postmeal,real,False,0.21687215589493342,0.15997716069861215,0.27712854757929883,0.0,normal_postmeal,False,0
2026-05-26 16:09:43,patient_001,0.24031007751937983,True,synthetic_ad8232,0.882352941176471,True,synthetic_max30102,0.3620689655172402,2017,0.5259875259875262,0.5250836120401337,0.0,False,False,0.069,0.09,0.983,False,normal_postmeal,synthetic_ad8232_normal_postmeal,real,False,0.2117306934069986,0.12250556133128897,0.24207011686143565,0.0,normal_postmeal,False,0
2026-05-26 16:09:48,patient_001,0.27131782945736427,True,synthetic_ad8232,0.7647058823529411,True,synthetic_max30102,0.5344827586206886,1719,0.2411642411642414,0.24080267558528412,0.0,False,False,-0.021,0.058,0.984,False,normal_postmeal,synthetic_ad8232_normal_postmeal,real,False,0.21094428767855747,0.12131615878388949,0.24540901502504164,0.2857142857142857,normal_postmeal,False,0
2026-05-26 16:09:58,patient_001,0.3875968992248062,True,synthetic_ad8232,0.7058823529411766,True,synthetic_max30102,0.4551724137931039,2663,0.3700623700623704,0.3695652173913042,0.0,False,False,0.2,0.021,0.851,False,normal_postmeal,synthetic_ad8232_normal_postmeal,real,False,0.18651125461460435,0.25713905946728366,0.2838063439065108,0.2857142857142857,normal_postmeal,False,0
2026-05-26 16:10:03,patient_001,0.31007751937984496,True,synthetic_ad8232,0.7647058823529411,True,synthetic_max30102,0.38965517241379466,2353,0.5509355509355514,0.551839464882943,0.0,False,False,-0.005,0.059,1.097,False,normal_postmeal,synthetic_ad8232_normal_postmeal,real,False,0.23563412577554096,0.22608158559826375,0.2988313856427378,0.0,normal_postmeal,False,0
2026-05-26 16:10:08,patient_001,0.1937984496124031,True,synthetic_ad8232,0.7058823529411766,True,synthetic_max30102,0.4931034482758623,1524,0.2058212058212061,0.20568561872909674,0.0,False,False,-0.068,0.012,1.014,False,normal_postmeal,synthetic_ad8232_normal_postmeal,real,False,0.21760992973356938,0.27943350841146825,0.2888146911519198,0.14285714285714285,normal_postmeal,False,0
2026-05-26 16:10:13,patient_001,0.2790697674418604,True,synthetic_ad8232,0.882352941176471,True,synthetic_max30102,0.5413793103448281,1760,0.2411642411642414,0.24080267558528412,0.0,False,False,0.089,0.036,0.93,False,normal_postmeal,synthetic_ad8232_normal_postmeal,real,False,0.19977032803808403,0.27656477299278803,0.2904841402337228,0.0,normal_postmeal,False,0
2026-05-26 16:10:18,patient_001,0.3178294573643411,True,synthetic_ad8232,0.8235294117647065,True,synthetic_max30102,0.26896551724138007,2942,0.2037422037422041,0.2040133779264215,0.0,False,False,-0.023,0.126,0.996,False,normal_postmeal,synthetic_ad8232_normal_postmeal,real,False,0.21494806410525988,0.24427023459604377,0.27712854757929883,0.14285714285714285,normal_postmeal,False,0
2026-05-26 16:10:23,patient_001,0.28682170542635654,True,synthetic_ad8232,0.8235294117647065,True,synthetic_max30102,0.4827586206896548,2498,0.5384615384615388,0.5384615384615383,0.0,False,False,0.011,-0.028,1.16,False,normal_postmeal,synthetic_ad8232_normal_postmeal,real,False,0.24917568567074155,0.17177811649890043,0.25542570951585963,0.0,normal_postmeal,False,0
2026-05-26 16:10:28,patient_001,0.32558139534883723,True,synthetic_ad8232,0.7647058823529411,True,synthetic_max30102,0.5586206896551715,2035,0.11642411642411687,0.11705685618729067,0.0,False,False,-0.027,0.053,0.859,False,normal_postmeal,synthetic_ad8232_normal_postmeal,real,False,0.18357885574783445,0.18202403274187096,0.25876460767946574,0.14285714285714285,normal_postmeal,False,0
2026-05-26 16:10:33,patient_001,0.2325581395348837,True,synthetic_ad8232,0.7058823529411766,True,synthetic_max30102,0.49655172413793025,2432,0.38045738045738053,0.3812709030100332,0.0,False,False,0.21,0.141,0.969,False,normal_postmeal,synthetic_ad8232_normal_postmeal,real,False,0.2143494188177142,0.12828726917420818,0.26711185308848073,0.14285714285714285,normal_postmeal,False,0
2026-05-26 16:10:38,patient_001,0.3643410852713178,True,synthetic_ad8232,0.8235294117647065,True,synthetic_max30102,0.45172413793103594,2651,0.40124740124740166,0.4013377926421402,0.0,False,False,0.064,0.074,0.979,False,normal_postmeal,synthetic_ad8232_normal_postmeal,real,False,0.2104939433625236,0.17093191373436817,0.2854757929883138,0.0,normal_postmeal,False,0
2026-05-26 16:10:43,patient_001,0.37209302325581395,True,synthetic_ad8232,0.882352941176471,True,synthetic_max30102,0.5965517241379299,1860,0.8877338877338881,0.8862876254180603,0.0,False,False,0.009,0.16,1.033,False,normal_postmeal,synthetic_ad8232_normal_postmeal,real,False,0.2239668442762551,0.20095472841170348,0.2971619365609348,0.0,normal_postmeal,False,0
2026-05-26 16:10:53,patient_001,0.21705426356589141,True,synthetic_ad8232,0.9411764705882355,True,synthetic_max30102,0.5551724137931036,2317,0.3617463617463619,0.3628762541806019,0.0,False,False,0.088,0.046,1.008,False,normal_postmeal,synthetic_ad8232_normal_postmeal,real,False,0.21684965593086158,0.26477920199704785,0.26377295492487474,0.0,normal_postmeal,False,0
2026-05-26 16:10:58,patient_001,0.28682170542635654,True,synthetic_ad8232,0.7647058823529411,True,synthetic_max30102,0.35862068965517224,2296,0.4261954261954264,0.4264214046822743,0.0,False,False,-0.02,0.048,0.988,False,normal_postmeal,synthetic_ad8232_normal_postmeal,real,False,0.21169724973806453,0.24486312438712074,0.2754590984974957,0.42857142857142855,normal_postmeal,False,0
2026-05-26 16:11:03,patient_001,0.24031007751937983,True,synthetic_ad8232,0.9411764705882355,True,synthetic_max30102,0.4241379310344815,2404,0.2681912681912686,0.26923076923076916,0.0,False,False,0.005,0.069,0.843,False,normal_postmeal,synthetic_ad8232_normal_postmeal,real,False,0.180242837966307,0.21456431502894321,0.24874791318864764,0.0,normal_postmeal,False,0
2026-05-26 16:11:13,patient_001,0.24031007751937983,True,synthetic_ad8232,0.7647058823529411,True,synthetic_max30102,0.3793103448275872,1496,0.1995841995841996,0.2006688963210701,0.0,False,False,0.067,0.123,0.975,False,normal_postmeal,synthetic_ad8232_normal_postmeal,real,False,0.21074214946767536,0.1565413165553375,0.20367278797996646,0.2857142857142857,normal_postmeal,False,0
2026-05-26 16:11:23,patient_001,0.3875968992248062,True,synthetic_ad8232,0.6470588235294121,True,synthetic_max30102,0.5172413793103452,1739,0.32432432432432456,0.32441471571906355,0.0,False,False,0.003,-0.003,1.125,False,normal_postmeal,synthetic_ad8232_normal_postmeal,real,False,0.24142195479559048,0.2976502384804746,0.24707846410684464,0.7142857142857142,normal_postmeal,False,0
2026-05-26 16:11:33,patient_001,0.27131782945736427,True,synthetic_ad8232,0.7647058823529411,True,synthetic_max30102,0.5931034482758619,1753,0.28690228690228725,0.2876254180602005,0.0,False,False,0.025,-0.005,1.078,False,normal_postmeal,synthetic_ad8232_normal_postmeal,real,False,0.23118652806957282,0.19657769410826761,0.2787979966611017,0.14285714285714285,normal_postmeal,False,0
2026-05-26 16:11:38,patient_001,0.28682170542635654,True,synthetic_ad8232,0.8235294117647065,True,synthetic_max30102,0.46896551724137936,2111,0.440748440748441,0.4414715719063542,0.0,False,False,0.207,0.057,0.8,False,normal_postmeal,synthetic_ad8232_normal_postmeal,real,False,0.17640266381556782,0.16532605661324976,0.2888146911519198,0.0,normal_postmeal,False,0
2026-05-26 16:11:43,patient_001,0.28682170542635654,True,synthetic_ad8232,0.8235294117647065,True,synthetic_max30102,0.44482758620689644,3257,0.25987525987526006,0.26086956521739113,0.0,False,False,0.036,0.079,0.947,False,normal_postmeal,synthetic_ad8232_normal_postmeal,real,False,0.20328293972742567,0.1670709709833521,0.2821368948247077,0.0,normal_postmeal,False,0
2026-05-26 16:11:48,patient_001,0.24031007751937983,True,synthetic_ad8232,0.8235294117647065,True,synthetic_max30102,0.3206896551724139,2346,0.5301455301455302,0.5301003344481603,0.0,False,False,0.049,-0.045,0.955,False,normal_postmeal,synthetic_ad8232_normal_postmeal,real,False,0.204673050861791,0.06704501258671572,0.25041736227045075,0.0,normal_postmeal,False,0
2026-05-26 16:11:53,patient_001,0.32558139534883723,True,synthetic_ad8232,0.7058823529411766,True,synthetic_max30102,0.6068965517241374,1765,0.4906444906444909,0.4899665551839463,0.0,False,False,-0.055,0.152,1.072,False,normal_postmeal,synthetic_ad8232_normal_postmeal,real,False,0.23246130490528846,0.10702843506818344,0.26043405676126874,0.2857142857142857,normal_postmeal,False,0
2026-05-26 16:12:03,patient_001,0.24806201550387597,True,synthetic_ad8232,0.8235294117647065,True,synthetic_max30102,0.3724137931034477,1562,0.3555093555093558,0.35618729096989954,0.0,False,False,-0.14,0.063,1.032,False,normal_postmeal,synthetic_ad8232_normal_postmeal,real,False,0.2235286024785767,0.12191231057438795,0.25709515859766274,0.0,normal_postmeal,False,0
2026-05-26 16:12:08,patient_001,0.2945736434108527,True,synthetic_ad8232,0.7058823529411766,True,synthetic_max30102,0.35862068965517224,2852,0.3347193347193351,0.33444816053511683,0.0,False,False,-0.02,0.098,0.961,False,normal_postmeal,synthetic_ad8232_normal_postmeal,real,False,0.20661827633238442,0.1239762690028401,0.25876460767946574,0.2857142857142857,normal_postmeal,False,0
2026-05-26 16:12:13,patient_001,0.31007751937984496,True,synthetic_ad8232,0.8235294117647065,True,synthetic_max30102,0.41724137931034555,2035,0.4656964656964657,0.4665551839464883,0.0,False,False,-0.008,-0.145,1.067,False,normal_postmeal,synthetic_ad8232_normal_postmeal,real,False,0.23086561315243784,0.10074758620220609,0.2737896494156927,0.0,normal_postmeal,False,0
2026-05-26 16:12:18,patient_001,0.2790697674418604,True,synthetic_ad8232,0.882352941176471,True,synthetic_max30102,0.3137931034482744,1216,0.5176715176715181,0.5183946488294313,0.0,False,False,-0.007,-0.061,1.132,False,normal_postmeal,synthetic_ad8232_normal_postmeal,real,False,0.24331885247072302,0.08167037422085931,0.26377295492487474,0.0,normal_postmeal,False,0
2026-05-26 16:12:23,patient_001,0.17829457364341084,True,synthetic_ad8232,0.8235294117647065,True,synthetic_max30102,0.4068965517241381,1797,0.43035343035343043,0.42976588628762524,0.0,False,False,-0.066,0.186,1.015,False,normal_postmeal,synthetic_ad8232_normal_postmeal,real,False,0.22148039156043958,0.18102553901823715,0.23873121869782965,0.14285714285714285,normal_postmeal,False,0
2026-05-26 16:12:28,patient_001,0.3410852713178294,True,synthetic_ad8232,0.8235294117647065,True,synthetic_max30102,0.4241379310344815,2631,0.43866943866943897,0.4381270903010033,0.0,False,False,0.089,-0.1,1.118,False,normal_postmeal,synthetic_ad8232_normal_postmeal,real,False,0.24163632825835624,0.21405687013636668,0.25876460767946574,0.0,normal_postmeal,False,0
2026-05-26 16:12:33,patient_001,0.2093023255813954,True,synthetic_ad8232,0.7647058823529411,True,synthetic_max30102,0.34827586206896477,1435,0.2266112266112268,0.22742474916387945,0.0,False,False,0.06,0.035,0.953,False,normal_postmeal,synthetic_ad8232_normal_postmeal,real,False,0.20428158505406183,0.23703991522401982,0.24040066777963265,0.14285714285714285,normal_postmeal,False,0
2026-05-26 16:12:38,patient_001,0.28682170542635654,True,synthetic_ad8232,0.7647058823529411,True,synthetic_max30102,0.38965517241379466,2125,0.3180873180873185,0.31939799331103647,0.0,False,False,0.164,0.023,1.092,False,normal_postmeal,synthetic_ad8232_normal_postmeal,real,False,0.2369246649359953,0.22576067474012582,0.23539232053422365,0.0,normal_postmeal,False,0
2026-05-26 16:12:43,patient_001,0.28682170542635654,True,synthetic_ad8232,0.7058823529411766,True,synthetic_max30102,0.572413793103447,1690,0.37214137214137244,0.3729096989966556,0.0,False,False,0.029,0.09,0.93,False,normal_postmeal,synthetic_ad8232_normal_postmeal,real,False,0.19973797934942128,0.22815650421460282,0.23706176961602654,0.14285714285714285,normal_postmeal,False,0
2026-05-26 16:12:48,patient_001,0.37209302325581395,True,synthetic_ad8232,0.8235294117647065,True,synthetic_max30102,0.47931034482758683,1670,0.2182952182952187,0.21906354515050142,0.0,False,False,0.149,0.123,1.051,False,normal_postmeal,synthetic_ad8232_normal_postmeal,real,False,0.22906309008219797,0.2159116709070453,0.2787979966611017,0.0,normal_postmeal,False,0
2026-05-26 16:12:53,patient_001,0.21705426356589141,True,synthetic_ad8232,0.882352941176471,True,synthetic_max30102,0.4620689655172434,1355,0.3659043659043659,0.36622073578595327,0.0,False,False,-0.071,0.015,0.87,False,normal_postmeal,synthetic_ad8232_normal_postmeal,real,False,0.18620074742319387,0.22894954276914045,0.25208681135225375,0.0,normal_postmeal,False,0
2026-05-26 16:13:03,patient_001,0.31007751937984496,True,synthetic_ad8232,0.6470588235294121,True,synthetic_max30102,0.44482758620689644,2116,0.4636174636174637,0.4632107023411369,0.0,False,False,-0.042,0.038,0.904,False,normal_postmeal,synthetic_ad8232_normal_postmeal,real,False,0.19337799715699205,0.19786433136672757,0.2821368948247077,0.42857142857142855,normal_postmeal,False,0
2026-05-26 16:13:08,patient_001,0.3875968992248062,True,synthetic_ad8232,0.8235294117647065,True,synthetic_max30102,0.38275862068965516,3173,0.5093555093555096,0.5100334448160533,0.0,False,False,0.02,-0.078,1.022,False,normal_postmeal,synthetic_ad8232_normal_postmeal,real,False,0.2195425404253218,0.23287422942019675,0.3038397328881468,0.0,normal_postmeal,False,0
2026-05-26 16:13:13,patient_001,0.24031007751937983,True,synthetic_ad8232,0.8235294117647065,True,synthetic_max30102,0.3999999999999986,1893,0.5363825363825367,0.5367892976588626,0.0,False,False,0.057,0.061,0.986,False,normal_postmeal,synthetic_ad8232_normal_postmeal,real,False,0.21173246511313684,0.23810801165792195,0.2754590984974957,0.0,normal_postmeal,False,0
2026-05-26 16:13:18,patient_001,0.3565891472868217,True,synthetic_ad8232,0.882352941176471,True,synthetic_max30102,0.4482758620689644,1791,0.45945945945945965,0.459866220735786,0.0,False,False,0.015,0.224,0.925,False,normal_postmeal,synthetic_ad8232_normal_postmeal,real,False,0.20347642081046838,0.19266623576041544,0.3055091819699498,0.0,normal_postmeal,False,0
2026-05-26 16:13:23,patient_001,0.4108527131782945,True,synthetic_ad8232,0.882352941176471,True,synthetic_max30102,0.38965517241379466,2318,0.5405405405405408,0.540133779264214,0.0,False,False,0.081,0.051,0.949,False,normal_postmeal,synthetic_ad8232_normal_postmeal,real,False,0.20390615878312882,0.23550566016949517,0.3238731218697829,0.0,normal_postmeal,False,0
2026-05-26 16:13:28,patient_001,0.3023255813953488,True,synthetic_ad8232,0.8235294117647065,True,synthetic_max30102,0.4862068965517228,1773,0.6403326403326406,0.6404682274247491,0.0,False,False,0.058,0.035,0.939,False,normal_postmeal,synthetic_ad8232_normal_postmeal,real,False,0.2011943518812198,0.23886801362773427,0.3222036727879799,0.14285714285714285,normal_postmeal,False,0
2026-05-26 16:13:33,patient_001,0.3178294573643411,True,synthetic_ad8232,0.8235294117647065,True,synthetic_max30102,0.6000000000000014,1524,0.45114345114345156,0.45150501672240795,0.0,False,False,-0.032,-0.029,0.912,False,normal_postmeal,synthetic_ad8232_normal_postmeal,real,False,0.1949666338601426,0.22039819490012233,0.3071786310517528,0.0,normal_postmeal,False,0
2026-05-26 16:13:38,patient_001,0.2558139534883721,True,synthetic_ad8232,0.6470588235294121,True,synthetic_max30102,0.46896551724137936,2286,0.1995841995841996,0.2006688963210701,0.0,False,False,-0.0,-0.089,1.077,False,normal_postmeal,synthetic_ad8232_normal_postmeal,real,False,0.23170581992406392,0.20292931984392093,0.3105175292153589,0.42857142857142855,normal_postmeal,False,0
2026-05-26 16:13:43,patient_001,0.24031007751937983,True,synthetic_ad8232,0.9411764705882355,True,synthetic_max30102,0.5137931034482772,1966,0.34511434511434524,0.34448160535117056,0.0,False,False,-0.041,-0.043,1.038,False,normal_postmeal,synthetic_ad8232_normal_postmeal,real,False,0.22272706247322316,0.23287422942019675,0.2854757929883138,0.0,normal_postmeal,False,0
2026-05-26 16:13:48,patient_001,0.37209302325581395,True,synthetic_ad8232,0.7647058823529411,True,synthetic_max30102,0.4551724137931039,1328,0.3783783783783785,0.37959866220735794,0.0,False,False,0.116,0.095,0.977,False,normal_postmeal,synthetic_ad8232_normal_postmeal,real,False,0.2114935971245265,0.18222307493664955,0.27712854757929883,0.42857142857142855,normal_postmeal,False,0
2026-05-26 16:13:53,patient_001,0.2093023255813954,True,synthetic_ad8232,0.8235294117647065,True,synthetic_max30102,0.4379310344827605,2113,0.3388773388773392,0.3394648829431435,0.0,False,False,0.046,0.113,0.895,False,normal_postmeal,synthetic_ad8232_normal_postmeal,real,False,0.19283118383844214,0.22688187689940217,0.25709515859766274,0.0,normal_postmeal,False,0
2026-05-26 16:13:58,patient_001,0.24031007751937983,True,synthetic_ad8232,0.9411764705882355,True,synthetic_max30102,0.5275862068965527,2213,0.38045738045738053,0.3812709030100332,0.0,False,False,0.063,0.174,0.87,False,normal_postmeal,synthetic_ad8232_normal_postmeal,real,False,0.1898039292351698,0.2187472488459948,0.24040066777963265,0.0,normal_postmeal,False,0
2026-05-26 16:14:08,patient_001,0.32558139534883723,True,synthetic_ad8232,0.8235294117647065,True,synthetic_max30102,0.21724137931034626,1874,0.5488565488565493,0.548494983277592,0.0,False,False,0.139,0.041,0.924,False,normal_postmeal,synthetic_ad8232_normal_postmeal,real,False,0.199847780048014,0.24574977710497942,0.25208681135225375,0.0,normal_postmeal,False,0
2026-05-26 16:14:23,patient_001,0.33333333333333337,True,synthetic_ad8232,0.882352941176471,True,synthetic_max30102,0.4379310344827605,2317,0.5592515592515594,0.5585284280936453,0.0,False,False,0.171,0.055,1.025,False,normal_postmeal,synthetic_ad8232_normal_postmeal,real,False,0.22292900145754807,0.18809642567574256,0.27045075125208673,0.0,normal_postmeal,False,0
2026-05-26 16:14:28,patient_001,0.22480620155038755,True,synthetic_ad8232,0.6470588235294121,True,synthetic_max30102,0.4068965517241381,2610,0.39708939708939717,0.39799331103678925,0.0,False,False,0.101,0.002,1.054,False,normal_postmeal,synthetic_ad8232_normal_postmeal,real,False,0.22691949625661265,0.18809642567574256,0.27045075125208673,0.5714285714285714,normal_postmeal,False,0
2026-05-26 16:14:33,patient_001,0.26356589147286824,True,synthetic_ad8232,0.882352941176471,True,synthetic_max30102,0.4931034482758623,2785,0.5093555093555096,0.5100334448160533,0.0,False,False,0.16,-0.107,0.953,False,normal_postmeal,synthetic_ad8232_normal_postmeal,real,False,0.20794471132436984,0.17860638077010124,0.25709515859766274,0.0,normal_postmeal,False,0
2026-05-26 16:14:38,patient_001,0.3023255813953488,True,synthetic_ad8232,0.8235294117647065,True,synthetic_max30102,0.5137931034482772,2965,0.56964656964657,0.5685618729096991,0.0,False,False,0.109,0.001,1.016,False,normal_postmeal,synthetic_ad8232_normal_postmeal,real,False,0.21881134852215253,0.16334074844171853,0.27045075125208673,0.14285714285714285,normal_postmeal,False,0
2026-05-26 16:14:43,patient_001,0.3410852713178294,True,synthetic_ad8232,0.8235294117647065,True,synthetic_max30102,0.44482758620689644,2532,0.25987525987526006,0.26086956521739113,0.0,False,False,0.085,0.021,1.005,False,normal_postmeal,synthetic_ad8232_normal_postmeal,real,False,0.21595722924378585,0.16965469598678676,0.27212020033388973,0.0,normal_postmeal,False,0
2026-05-26 16:14:48,patient_001,0.2093023255813954,True,synthetic_ad8232,0.7647058823529411,True,synthetic_max30102,0.4551724137931039,2704,0.2931392931392933,0.2943143812709028,0.0,False,False,0.199,-0.004,0.937,False,normal_postmeal,synthetic_ad8232_normal_postmeal,real,False,0.20480291969215017,0.18905757871812628,0.24540901502504164,0.14285714285714285,normal_postmeal,False,0
2026-05-26 16:14:53,patient_001,0.11627906976744184,True,synthetic_ad8232,0.7647058823529411,True,synthetic_max30102,0.6551724137931032,2398,0.3534303534303538,0.35451505016722384,0.0,False,False,0.087,-0.058,0.987,False,normal_postmeal,synthetic_ad8232_normal_postmeal,real,False,0.2123887722252453,0.30427486648416713,0.22203672787979956,0.0,normal_postmeal,False,0
2026-05-26 16:14:58,patient_001,0.41860465116279066,True,synthetic_ad8232,0.8235294117647065,True,synthetic_max30102,0.4034482758620701,1285,0.18503118503118543,0.18561872909698973,0.0,False,False,0.103,-0.026,0.907,False,normal_postmeal,synthetic_ad8232_normal_postmeal,real,False,0.19500563326103948,0.40808546776762017,0.25542570951585963,0.0,normal_postmeal,False,0
2026-05-26 16:15:03,patient_001,0.22480620155038755,True,synthetic_ad8232,0.7647058823529411,True,synthetic_max30102,0.47586206896551886,1762,0.30977130977130996,0.3093645484949832,0.0,False,False,-0.056,-0.221,0.906,False,normal_postmeal,synthetic_ad8232_normal_postmeal,real,False,0.19961744723217803,0.41162333601641254,0.23873121869782965,0.14285714285714285,normal_postmeal,False,0
2026-05-26 16:15:08,patient_001,0.6821705426356589,True,synthetic_ad8232,0.7058823529411766,True,synthetic_max30102,0.6586206896551712,1813,0.5072765072765075,0.5066889632107023,0.0,False,False,0.037,0.023,0.856,False,stress,synthetic_ad8232_stress,real,False,0.18271346326887472,0.0,0.6911519198664441,0.0,stress,False,0
2026-05-26 16:15:13,patient_001,0.5658914728682171,True,synthetic_ad8232,0.7647058823529411,True,synthetic_max30102,0.4379310344827605,2095,0.498960498960499,0.5,0.0,False,False,0.199,0.098,0.918,False,stress,synthetic_ad8232_stress,real,False,0.2018472983868202,0.28559256244401365,0.6285475792988312,0.0,stress,False,0
2026-05-26 16:15:23,patient_001,0.7209302325581396,True,synthetic_ad8232,0.882352941176471,True,synthetic_max30102,0.7103448275862085,1741,0.16216216216216228,0.16220735785953178,0.0,False,False,0.167,0.326,0.864,False,stress,synthetic_ad8232_stress,real,False,0.20053582954238142,0.39227847776551633,0.6139398998330551,0.0,stress,False,0
2026-05-26 16:15:33,patient_001,0.689922480620155,True,synthetic_ad8232,0.7647058823529411,True,synthetic_max30102,0.47586206896551886,1401,0.3347193347193351,0.33444816053511683,0.0,False,False,-0.059,-0.074,0.877,False,stress,synthetic_ad8232_stress,real,False,0.18818851712108753,0.3456600875234523,0.6126878130217027,0.0,stress,False,0
2026-05-26 16:15:38,patient_001,0.5348837209302325,True,synthetic_ad8232,0.7058823529411766,True,synthetic_max30102,0.6862068965517256,2254,0.4532224532224536,0.45317725752508364,0.0,False,False,0.087,0.072,0.871,False,stress,synthetic_ad8232_stress,real,False,0.18735545564653955,0.3604455221074441,0.6060100166944907,0.14285714285714285,stress,False,0
2026-05-26 16:15:43,patient_001,0.6124031007751939,True,synthetic_ad8232,0.7647058823529411,True,synthetic_max30102,0.6827586206896541,2085,0.23492723492723533,0.23578595317725748,0.0,False,False,0.041,0.157,0.912,False,stress,synthetic_ad8232_stress,real,False,0.19788144335604171,0.25938485808501716,0.6360601001669449,0.0,stress,False,0
2026-05-26 16:15:53,patient_001,0.6434108527131782,True,synthetic_ad8232,0.6470588235294121,True,synthetic_max30102,0.4827586206896548,2221,0.5426195426195428,0.543478260869565,0.0,False,False,0.302,0.169,0.933,False,stress,synthetic_ad8232_stress,real,False,0.21295679615095,0.1963932006897631,0.6227045075125209,0.42857142857142855,stress,False,0
2026-05-26 16:16:03,patient_001,0.5813953488372093,True,synthetic_ad8232,0.7058823529411766,True,synthetic_max30102,0.5344827586206886,2086,0.43035343035343043,0.42976588628762524,0.0,False,False,-0.007,0.389,0.631,False,stress,synthetic_ad8232_stress,real,False,0.15733572286277858,0.4401379930327495,0.5559265442404008,0.0,stress,False,0
2026-05-26 16:16:13,patient_001,0.5348837209302325,True,synthetic_ad8232,0.7647058823529411,True,synthetic_max30102,0.6413793103448278,2291,0.5945945945945947,0.5936454849498327,0.0,False,False,-0.157,-0.138,0.71,False,stress,synthetic_ad8232_stress,real,False,0.15707862671901499,0.4090614317977341,0.5108514190317196,0.2857142857142857,stress,False,0
2026-05-26 16:16:18,patient_001,0.5968992248062016,True,synthetic_ad8232,0.5882352941176476,True,synthetic_max30102,0.7655172413793103,1811,0.34927234927234974,0.3494983277591972,0.0,False,False,-0.057,0.057,1.127,False,stress,synthetic_ad8232_stress,real,False,0.24248944474459946,0.3693860085942279,0.5008347245409014,0.42857142857142855,stress,False,0
2026-05-26 16:16:23,patient_001,0.5658914728682171,True,synthetic_ad8232,1.0,True,synthetic_max30102,0.589655172413794,2479,0.3388773388773392,0.3394648829431435,0.0,False,False,0.297,0.223,1.049,False,stress,synthetic_ad8232_stress,real,False,0.23874814677087966,0.15975040344686314,0.5509181969949916,0.0,stress,False,0
2026-05-26 16:16:28,patient_001,0.4263565891472868,True,synthetic_ad8232,0.9411764705882355,True,synthetic_max30102,0.5758620689655185,2373,0.4054054054054057,0.4046822742474916,0.0,False,False,-0.384,-0.024,1.095,False,stress,synthetic_ad8232_stress,real,False,0.24922780378396664,0.2365806834425589,0.5175292153589316,0.14285714285714285,stress,False,0
2026-05-26 16:16:33,patient_001,0.48062015503875966,True,synthetic_ad8232,0.6470588235294121,True,synthetic_max30102,0.5413793103448281,2162,0.33264033264033266,0.33277591973244114,0.0,False,False,0.045,-0.026,1.186,False,stress,synthetic_ad8232_stress,real,False,0.25503735875800787,0.2365806834425589,0.5175292153589316,0.7142857142857142,stress,False,0
2026-05-26 16:16:38,patient_001,0.5581395348837209,True,synthetic_ad8232,0.5882352941176476,True,synthetic_max30102,0.39310344827586263,664,0.23284823284823286,0.2324414715719061,0.0,False,False,0.042,0.347,1.083,False,stress,synthetic_ad8232_stress,real,False,0.24427079697249798,0.24337819180666492,0.5225375626043404,0.14285714285714285,stress,False,0
2026-05-26 16:16:48,patient_001,0.5503875968992248,True,synthetic_ad8232,0.8235294117647065,True,synthetic_max30102,0.5482758620689676,2029,0.756756756756757,0.7558528428093645,0.0,False,False,0.196,-0.044,0.777,False,stress,synthetic_ad8232_stress,real,False,0.17075671058381311,0.2521566514536677,0.5225375626043404,0.0,stress,False,0
2026-05-26 16:16:53,patient_001,0.5038759689922481,True,synthetic_ad8232,0.7647058823529411,True,synthetic_max30102,0.5586206896551715,1132,0.48648648648648685,0.4866220735785953,0.0,False,False,-0.022,0.027,0.984,False,stress,synthetic_ad8232_stress,real,False,0.21065603315294001,0.17799645395493754,0.5392320534223706,0.14285714285714285,stress,False,0
2026-05-26 16:16:58,patient_001,0.7131782945736435,True,synthetic_ad8232,0.7647058823529411,True,synthetic_max30102,0.6206896551724128,2024,0.7338877338877343,0.7341137123745818,0.0,False,False,-0.18,-0.045,0.882,False,stress,synthetic_ad8232_stress,real,False,0.19239874610445934,0.2781332058305905,0.5893155258764607,0.0,stress,False,0
2026-05-26 16:17:03,patient_001,0.6124031007751939,True,synthetic_ad8232,0.7058823529411766,True,synthetic_max30102,0.49655172413793025,1197,0.30769230769230793,0.3076923076923075,0.0,False,False,0.001,0.235,0.688,False,stress,synthetic_ad8232_stress,real,False,0.15420736886654504,0.27353347355343716,0.6010016694490815,0.14285714285714285,stress,False,0
2026-05-26 16:17:13,patient_001,0.5658914728682171,True,synthetic_ad8232,0.6470588235294121,True,synthetic_max30102,0.36551724137931174,2460,0.6091476091476093,0.6086956521739131,0.0,False,False,-0.142,0.023,1.129,False,stress,synthetic_ad8232_stress,real,False,0.24429698476659076,0.34460976577743735,0.5709515859766275,0.14285714285714285,stress,False,0
2026-05-26 16:17:18,patient_001,0.4883720930232558,True,synthetic_ad8232,0.7647058823529411,True,synthetic_max30102,0.5137931034482772,2593,0.42203742203742234,0.4230769230769229,0.0,False,False,0.008,0.356,0.708,False,stress,synthetic_ad8232_stress,real,False,0.16855614372860048,0.3543599043092538,0.5676126878130215,0.0,stress,False,0
2026-05-26 16:17:23,patient_001,0.4263565891472868,True,synthetic_ad8232,0.7058823529411766,True,synthetic_max30102,0.4862068965517228,2363,0.5322245322245323,0.531772575250836,0.0,False,False,0.004,-0.225,1.085,False,stress,synthetic_ad8232_stress,real,False,0.23771474169861154,0.2681800503468623,0.5058430717863104,0.14285714285714285,stress,False,0
2026-05-26 16:17:33,patient_001,0.43410852713178294,True,synthetic_ad8232,0.6470588235294121,True,synthetic_max30102,0.427586206896553,1677,0.5155925155925161,0.5150501672240799,0.0,False,False,-0.031,0.18,1.083,False,stress,synthetic_ad8232_stress,real,False,0.23556779100460007,0.1937918513885773,0.4707846410684473,0.2857142857142857,stress,False,0
2026-05-26 16:17:38,patient_001,0.5038759689922481,True,synthetic_ad8232,0.7647058823529411,True,synthetic_max30102,0.47586206896551886,2795,0.4927234927234929,0.49331103678929766,0.0,False,False,-0.005,0.101,0.934,False,stress,synthetic_ad8232_stress,real,False,0.200760003128027,0.11736738607157766,0.4574290484140233,0.0,stress,False,0
2026-05-26 16:17:43,patient_001,0.5348837209302325,True,synthetic_ad8232,0.882352941176471,True,synthetic_max30102,0.6206896551724128,2002,0.34927234927234974,0.3494983277591972,0.0,False,False,-0.195,-0.146,0.857,False,stress,synthetic_ad8232_stress,real,False,0.19012949084915565,0.1597504034468629,0.4674457429048413,0.0,stress,False,0
2026-05-26 16:17:48,patient_001,0.6046511627906977,True,synthetic_ad8232,0.882352941176471,True,synthetic_max30102,0.589655172413794,2204,0.49480249480249494,0.4949832775919729,0.0,False,False,-0.031,-0.303,1.001,False,stress,synthetic_ad8232_stress,real,False,0.22417648812619928,0.2247951934463737,0.5058430717863104,0.0,stress,False,0
2026-05-26 16:17:53,patient_001,0.7209302325581396,True,synthetic_ad8232,0.882352941176471,True,synthetic_max30102,0.6448275862068957,2290,0.41580041580041627,0.41638795986622057,0.0,False,False,-0.114,-0.052,0.975,False,stress,synthetic_ad8232_stress,real,False,0.21030587341857657,0.37859420888573125,0.5592654424040066,0.0,stress,False,0
2026-05-26 16:17:58,patient_001,0.5813953488372093,True,synthetic_ad8232,0.6470588235294121,True,synthetic_max30102,0.6965517241379331,2554,0.5259875259875262,0.5250836120401337,0.0,False,False,0.056,-0.247,0.982,False,stress,synthetic_ad8232_stress,real,False,0.21712479939442714,0.29000108750611775,0.5909849749582637,0.5714285714285714,stress,False,0
2026-05-26 16:18:03,patient_001,0.5193798449612402,True,synthetic_ad8232,0.8235294117647065,True,synthetic_max30102,0.5758620689655185,2347,0.6361746361746365,0.6354515050167224,0.0,False,False,-0.17,-0.196,1.17,False,stress,synthetic_ad8232_stress,real,False,0.2575102020042404,0.2769577139055979,0.5943238731218697,0.0,stress,False,0
2026-05-26 16:18:08,patient_001,0.6744186046511628,True,synthetic_ad8232,0.882352941176471,True,synthetic_max30102,0.6344827586206918,1824,0.45738045738045763,0.4581939799331103,0.0,False,False,-0.106,0.307,1.076,False,stress,synthetic_ad8232_stress,real,False,0.2411898475344626,0.2745916340754787,0.6243739565943237,0.0,stress,False,0
2026-05-26 16:18:18,patient_001,0.5348837209302325,True,synthetic_ad8232,0.9411764705882355,True,synthetic_max30102,0.7172413793103445,1859,0.62993762993763,0.6304347826086953,0.0,False,False,0.097,0.026,1.125,False,stress,synthetic_ad8232_stress,real,False,0.24240050140587258,0.20995316287800916,0.5776293823038398,0.0,stress,False,0
2026-05-26 16:18:28,patient_001,0.49612403100775193,True,synthetic_ad8232,0.8235294117647065,True,synthetic_max30102,0.5827586206896544,1605,0.40124740124740166,0.4013377926421402,0.0,False,False,-0.038,-0.074,1.01,False,stress,synthetic_ad8232_stress,real,False,0.21696818779415541,0.23427102172876077,0.5642737896494158,0.0,stress,False,0
2026-05-26 16:18:33,patient_001,0.5193798449612402,True,synthetic_ad8232,0.8235294117647065,True,synthetic_max30102,0.5310344827586206,1812,0.4033264033264037,0.4030100334448159,0.0,False,False,-0.186,0.188,0.552,False,stress,synthetic_ad8232_stress,real,False,0.12901761889223476,0.09966230227277105,0.5308848080133556,0.0,stress,False,0
2026-05-26 16:18:38,patient_001,0.5658914728682171,True,synthetic_ad8232,0.8235294117647065,True,synthetic_max30102,0.6862068965517256,2771,0.23700623700623735,0.23745819397993317,0.0,False,False,-0.074,0.124,1.021,False,stress,synthetic_ad8232_stress,real,False,0.22085601771056235,0.0905127695091213,0.5292153589315524,0.0,stress,False,0
2026-05-26 16:18:43,patient_001,0.4263565891472868,True,synthetic_ad8232,0.8235294117647065,True,synthetic_max30102,0.6000000000000014,1932,0.2141372141372142,0.21571906354515047,0.0,False,False,0.084,-0.049,1.122,False,stress,synthetic_ad8232_stress,real,False,0.241684590136795,0.18596440350426152,0.5058430717863104,0.0,stress,False,0
2026-05-26 16:18:48,patient_001,0.5038759689922481,True,synthetic_ad8232,0.7058823529411766,True,synthetic_max30102,0.6034482758620694,1736,0.4677754677754682,0.46822742474916357,0.0,False,False,0.212,-0.025,1.115,False,stress,synthetic_ad8232_stress,real,False,0.24366655867599632,0.17491492064492817,0.4974958263772954,0.2857142857142857,stress,False,0
2026-05-26 16:18:53,patient_001,0.5271317829457364,True,synthetic_ad8232,0.7058823529411766,True,synthetic_max30102,0.46896551724137936,2149,0.23284823284823286,0.23411371237458178,0.0,False,False,0.109,0.068,0.735,False,stress,synthetic_ad8232_stress,real,False,0.15839634030450422,0.17819999484928936,0.5041736227045074,0.0,stress,False,0
2026-05-26 16:18:58,patient_001,0.48062015503875966,True,synthetic_ad8232,0.8235294117647065,True,synthetic_max30102,0.6448275862068957,1956,0.5031185031185035,0.503344481605351,0.0,False,False,-0.163,-0.196,1.258,False,stress,synthetic_ad8232_stress,real,False,0.27616949485464976,0.18122567787319196,0.4958263772954924,0.0,stress,False,0
2026-05-26 16:19:03,patient_001,0.4728682170542635,True,synthetic_ad8232,0.7058823529411766,True,synthetic_max30102,0.4068965517241381,1629,0.39501039501039514,0.39464882943143786,0.0,False,False,0.181,-0.094,1.165,False,stress,synthetic_ad8232_stress,real,False,0.2540687238275353,0.1310825269428276,0.4757929883138564,0.2857142857142857,stress,False,0
2026-05-26 16:19:08,patient_001,0.5116279069767442,True,synthetic_ad8232,0.5882352941176476,True,synthetic_max30102,0.5379310344827601,2552,0.62993762993763,0.6287625418060201,0.0,False,False,0.013,0.162,0.688,False,stress,synthetic_ad8232_stress,real,False,0.14980406572438928,0.07757283758886883,0.4941569282136894,0.2857142857142857,stress,False,0
2026-05-26 16:19:13,patient_001,0.6589147286821705,True,synthetic_ad8232,0.7647058823529411,True,synthetic_max30102,0.6724137931034502,1522,0.27234927234927264,0.2725752508361201,0.0,False,False,-0.195,0.144,0.867,False,stress,synthetic_ad8232_stress,real,False,0.19216774940923653,0.26147277632689797,0.5275459098497496,0.0,stress,False,0
2026-05-26 16:19:18,patient_001,0.5503875968992248,True,synthetic_ad8232,0.7058823529411766,True,synthetic_max30102,0.5965517241379299,1751,0.6029106029106033,0.603678929765886,0.0,False,False,-0.249,-0.31,1.21,False,stress,synthetic_ad8232_stress,real,False,0.27399727999588197,0.26313118265447927,0.5325542570951586,0.14285714285714285,stress,False,0
2026-05-26 16:19:23,patient_001,0.5503875968992248,True,synthetic_ad8232,0.882352941176471,True,synthetic_max30102,0.6034482758620694,2111,0.48024948024948033,0.479933110367893,0.0,False,False,0.064,0.205,0.873,False,stress,synthetic_ad8232_stress,real,False,0.19189980006961654,0.24113364777809607,0.5475792988313856,0.0,stress,False,0
2026-05-26 16:19:28,patient_001,0.5271317829457364,True,synthetic_ad8232,0.7058823529411766,True,synthetic_max30102,0.5620689655172431,1936,0.3284823284823286,0.3294314381270902,0.0,False,False,0.046,-0.138,1.118,False,stress,synthetic_ad8232_stress,real,False,0.2419513197706717,0.20095472841170395,0.5592654424040066,0.42857142857142855,stress,False,0
2026-05-26 16:19:33,patient_001,0.5271317829457364,True,synthetic_ad8232,0.8235294117647065,True,synthetic_max30102,0.29655172413793096,2049,0.3991683991683992,0.39966555183946495,0.0,False,False,0.183,-0.078,1.185,False,stress,synthetic_ad8232_stress,real,False,0.2582025109607341,0.19096537253727827,0.5626043405676125,0.0,stress,False,0
2026-05-26 16:19:38,patient_001,0.7131782945736435,True,synthetic_ad8232,0.7647058823529411,True,synthetic_max30102,0.7000000000000011,1929,0.6465696465696467,0.6454849498327757,0.0,False,False,0.046,0.096,1.001,False,stress,synthetic_ad8232_stress,real,False,0.21548337689086638,0.2739307627585316,0.5742904841402335,0.14285714285714285,stress,False,0
2026-05-26 16:19:43,patient_001,0.4651162790697674,True,synthetic_ad8232,0.7058823529411766,True,synthetic_max30102,0.5620689655172431,1709,0.30977130977130996,0.3110367892976589,0.0,False,False,0.005,0.144,1.199,False,stress,synthetic_ad8232_stress,real,False,0.25952726256679387,0.32333540494876334,0.5559265442404008,0.14285714285714285,stress,False,0
2026-05-26 16:19:48,patient_001,0.4263565891472868,True,synthetic_ad8232,1.0,True,synthetic_max30102,0.589655172413794,2030,0.5093555093555096,0.5100334448160533,0.0,False,False,0.117,-0.184,0.99,False,stress,synthetic_ad8232_stress,real,False,0.2170357529221983,0.38249980038652265,0.5292153589315524,0.0,stress,False,0
2026-05-26 16:19:53,patient_001,0.6434108527131782,True,synthetic_ad8232,1.0,True,synthetic_max30102,0.4379310344827605,2164,0.6528066528066532,0.652173913043478,0.0,False,False,-0.124,-0.11,1.247,False,stress,synthetic_ad8232_stress,real,False,0.2705593724589002,0.41912864077289125,0.5542570951585976,0.0,stress,False,0
2026-05-26 16:19:58,patient_001,0.5503875968992248,True,synthetic_ad8232,0.7058823529411766,True,synthetic_max30102,0.6586206896551712,2000,0.44906444906444953,0.44816053511705656,0.0,False,False,-0.021,-0.012,1.087,False,stress,synthetic_ad8232_stress,real,False,0.23315172008245927,0.4160033628962445,0.5592654424040066,0.7142857142857142,stress,False,0
2026-05-26 16:20:03,patient_001,0.5503875968992248,True,synthetic_ad8232,0.8235294117647065,True,synthetic_max30102,0.7517241379310349,2330,0.37422037422037446,0.37458193979933085,0.0,False,False,0.134,0.159,0.958,False,stress,synthetic_ad8232_stress,real,False,0.20971161688641335,0.29372716433342183,0.5242070116861436,0.0,stress,False,0
2026-05-26 16:20:18,patient_001,0.5891472868217055,True,synthetic_ad8232,0.8235294117647065,True,synthetic_max30102,0.4827586206896548,2534,0.4178794178794183,0.41806020066889626,0.0,False,False,0.115,0.001,0.531,False,stress,synthetic_ad8232_stress,real,False,0.11394701749078394,0.057118512488804195,0.5659432387312185,0.0,stress,False,0
2026-05-26 16:20:23,patient_001,0.4108527131782945,True,synthetic_ad8232,0.7647058823529411,True,synthetic_max30102,0.7413793103448274,2193,0.6632016632016633,0.663879598662207,0.0,False,False,-0.082,0.03,0.781,False,stress,synthetic_ad8232_stress,real,False,0.16710122433216734,0.25158095058511554,0.5358931552587646,0.14285714285714285,stress,False,0
2026-05-26 16:20:28,patient_001,0.5581395348837209,True,synthetic_ad8232,0.882352941176471,True,synthetic_max30102,0.6310344827586203,1175,0.3887733887733891,0.3896321070234112,0.0,False,False,-0.1,-0.074,1.069,False,stress,synthetic_ad8232_stress,real,False,0.23072912262727976,0.2530177466796571,0.5375626043405676,0.0,stress,False,0
2026-05-26 16:20:33,patient_001,0.5426356589147286,True,synthetic_ad8232,0.5882352941176476,True,synthetic_max30102,0.7482758620689669,1491,0.2037422037422041,0.2040133779264215,0.0,False,False,0.068,-0.115,0.878,False,stress,synthetic_ad8232_stress,real,False,0.18950657183739067,0.2482447626657339,0.5325542570951586,0.7142857142857142,stress,False,0
2026-05-26 16:20:48,patient_001,0.45736434108527135,True,synthetic_ad8232,0.7647058823529411,True,synthetic_max30102,0.6275862068965523,2322,0.4615384615384617,0.46153846153846123,0.0,False,False,0.04,0.048,0.823,False,stress,synthetic_ad8232_stress,real,False,0.17575796066129204,0.3466026557897494,0.5843071786310515,0.42857142857142855,stress,False,0
2026-05-26 16:20:53,patient_001,0.5813953488372093,True,synthetic_ad8232,0.8235294117647065,True,synthetic_max30102,0.720689655172416,1978,0.3991683991683992,0.39966555183946495,0.0,False,False,0.19,0.041,0.803,False,stress,synthetic_ad8232_stress,real,False,0.1759380193112452,0.34345070197611355,0.5893155258764607,0.0,stress,False,0
2026-05-26 16:20:58,patient_001,0.5736434108527132,True,synthetic_ad8232,0.7058823529411766,True,synthetic_max30102,0.4379310344827605,1574,0.27234927234927264,0.2725752508361201,0.0,False,False,-0.15,-0.234,0.952,False,stress,synthetic_ad8232_stress,real,False,0.21221847329452825,0.33446724654671733,0.5959933222036727,0.2857142857142857,stress,False,0
2026-05-26 16:21:13,patient_001,0.6356589147286821,True,synthetic_ad8232,0.8235294117647065,True,synthetic_max30102,0.5586206896551715,1538,0.623700623700624,0.623745819397993,0.0,False,False,-0.004,0.089,0.94,False,stress,synthetic_ad8232_stress,real,False,0.201801813539028,0.2076964697188581,0.5575959933222036,0.14285714285714285,stress,False,0
2026-05-26 16:21:18,patient_001,0.5038759689922481,True,synthetic_ad8232,1.0,True,synthetic_max30102,0.47586206896551886,1966,0.3555093555093558,0.35618729096989954,0.0,False,False,0.002,-0.111,1.044,False,stress,synthetic_ad8232_stress,real,False,0.2249595162317922,0.21624719818157284,0.5409015025041736,0.0,stress,False,0
2026-05-26 16:21:28,patient_001,0.5813953488372093,True,synthetic_ad8232,0.6470588235294121,True,synthetic_max30102,0.5413793103448281,1661,0.5966735966735968,0.5969899665551837,0.0,False,False,0.268,0.304,1.227,False,stress,synthetic_ad8232_stress,real,False,0.27805994849203514,0.2403808090759334,0.5642737896494158,0.14285714285714285,stress,False,0
2026-05-26 16:21:33,patient_001,0.5891472868217055,True,synthetic_ad8232,0.6470588235294121,True,synthetic_max30102,0.3724137931034477,2387,0.5571725571725574,0.5568561872909696,0.0,False,False,0.078,0.114,1.135,False,stress,synthetic_ad8232_stress,real,False,0.24544682554330888,0.17717995215462692,0.5876460767946575,0.0,stress,False,0
2026-05-26 16:21:38,patient_001,0.4651162790697674,True,synthetic_ad8232,0.7647058823529411,True,synthetic_max30102,0.3689655172413797,2640,0.5738045738045741,0.5735785953177257,0.0,False,False,-0.281,0.149,0.87,False,stress,synthetic_ad8232_stress,real,False,0.1978800239113061,0.22479519344637347,0.5509181969949916,0.0,stress,False,0
2026-05-26 16:21:43,patient_001,0.49612403100775193,True,synthetic_ad8232,0.8235294117647065,True,synthetic_max30102,0.47241379310344733,2898,0.39708939708939717,0.39632107023411356,0.0,False,False,-0.255,0.05,0.915,False,stress,synthetic_ad8232_stress,real,False,0.20332948372212198,0.23005520411517982,0.5492487479131886,0.0,stress,False,0
2026-05-26 16:21:48,patient_001,0.41860465116279066,True,synthetic_ad8232,0.8235294117647065,True,synthetic_max30102,0.431034482758621,1689,0.30145530145530186,0.30100334448160515,0.0,False,False,0.185,0.078,1.051,False,stress,synthetic_ad8232_stress,real,False,0.22936834713274015,0.25713905946728366,0.5058430717863104,0.0,stress,False,0
2026-05-26 16:21:58,patient_001,0.4883720930232558,True,synthetic_ad8232,0.7647058823529411,True,synthetic_max30102,0.6275862068965523,2688,0.5966735966735968,0.5969899665551837,0.0,False,False,0.104,-0.093,0.86,False,stress,synthetic_ad8232_stress,real,False,0.18581114872090704,0.27100378377963863,0.4941569282136894,0.42857142857142855,stress,False,0
2026-05-26 16:22:03,patient_001,0.6821705426356589,True,synthetic_ad8232,0.9411764705882355,True,synthetic_max30102,0.568965517241379,1621,0.37422037422037446,0.37458193979933085,0.0,False,False,-0.01,0.246,1.104,False,stress,synthetic_ad8232_stress,real,False,0.2427613143063814,0.3774434639476003,0.5409015025041736,0.0,stress,False,0
2026-05-26 16:22:08,patient_001,0.5891472868217055,True,synthetic_ad8232,0.7647058823529411,True,synthetic_max30102,0.5482758620689676,2064,0.21205821205821218,0.21237458193979908,0.0,False,False,0.212,0.151,1.203,False,stress,synthetic_ad8232_stress,real,False,0.2646131561731425,0.3704639379568136,0.5609348914858096,0.42857142857142855,stress,False,0
2026-05-26 16:22:13,patient_001,0.6124031007751939,True,synthetic_ad8232,0.5882352941176476,True,synthetic_max30102,0.47241379310344733,1956,0.7817047817047822,0.7809364548494981,0.0,False,False,-0.094,0.033,1.25,False,stress,synthetic_ad8232_stress,real,False,0.26968172896304854,0.24722046514131435,0.6026711185308847,0.42857142857142855,stress,False,0
2026-05-26 16:22:18,patient_001,0.5968992248062016,True,synthetic_ad8232,0.8235294117647065,True,synthetic_max30102,0.6000000000000014,1772,0.6465696465696467,0.6454849498327757,0.0,False,False,0.104,0.079,1.26,False,stress,synthetic_ad8232_stress,real,False,0.2724838811812754,0.24128393364359071,0.5959933222036727,0.0,stress,False,0
2026-05-26 16:22:23,patient_001,0.6201550387596898,True,synthetic_ad8232,0.882352941176471,True,synthetic_max30102,0.589655172413794,1290,0.5135135135135136,0.5133779264214047,0.0,False,False,0.221,0.06,1.022,False,stress,synthetic_ad8232_stress,real,False,0.22440194770284794,0.12772087669863363,0.6243739565943237,0.0,stress,False,0
2026-05-26 16:22:33,patient_001,0.6356589147286821,True,synthetic_ad8232,0.7058823529411766,True,synthetic_max30102,0.5517241379310356,2038,0.43866943866943897,0.43979933110367897,0.0,False,False,0.179,-0.28,0.981,False,stress,synthetic_ad8232_stress,real,False,0.2218641992356737,0.12426832186691288,0.6043405676126877,0.0,stress,False,0
2026-05-26 16:22:38,patient_001,0.5038759689922481,True,synthetic_ad8232,0.7647058823529411,True,synthetic_max30102,0.7827586206896573,2822,0.382536382536383,0.3829431438127089,0.0,False,False,-0.012,0.077,1.309,False,stress,synthetic_ad8232_stress,real,False,0.28225045808563387,0.19172317461203703,0.5809682804674458,0.0,stress,False,0
2026-05-26 16:22:43,patient_001,0.5503875968992248,True,synthetic_ad8232,0.9411764705882355,True,synthetic_max30102,0.6413793103448278,2499,0.48648648648648685,0.4866220735785953,0.0,False,False,0.089,0.019,0.89,False,stress,synthetic_ad8232_stress,real,False,0.19093851899669584,0.19285429460046283,0.5709515859766275,0.0,stress,False,0
2026-05-26 16:22:48,patient_001,0.5503875968992248,True,synthetic_ad8232,0.7058823529411766,True,synthetic_max30102,0.5206896551724132,2217,0.3783783783783785,0.37959866220735794,0.0,False,False,0.199,0.226,0.883,False,stress,synthetic_ad8232_stress,real,False,0.19933025269357602,0.1675043594442493,0.5559265442404008,0.5714285714285714,stress,False,0
2026-05-26 16:22:53,patient_001,0.6821705426356589,True,synthetic_ad8232,0.882352941176471,True,synthetic_max30102,0.3999999999999986,1678,0.7422037422037424,0.7424749163879598,0.0,False,False,-0.002,-0.119,0.947,False,stress,synthetic_ad8232_stress,real,False,0.20404522884618018,0.2515809505851152,0.5859766277128547,0.0,stress,False,0
2026-05-26 16:22:58,patient_001,0.4108527131782945,True,synthetic_ad8232,0.7058823529411766,True,synthetic_max30102,0.586206896551726,2439,0.18087318087318094,0.18227424749163879,0.0,False,False,0.139,0.1,1.178,False,stress,synthetic_ad8232_stress,real,False,0.25574782904562243,0.3403760698389603,0.5375626043405676,0.42857142857142855,stress,False,0
2026-05-26 16:23:03,patient_001,0.5271317829457364,True,synthetic_ad8232,0.8235294117647065,True,synthetic_max30102,0.39310344827586263,1989,0.2411642411642414,0.24247491638795982,0.0,False,False,0.041,0.068,1.175,False,stress,synthetic_ad8232_stress,real,False,0.25296465090828735,0.33490049445702347,0.5425709515859766,0.0,stress,False,0
2026-05-26 16:23:08,patient_001,0.45736434108527135,True,synthetic_ad8232,0.8235294117647065,True,synthetic_max30102,0.6448275862068957,1524,0.6403326403326406,0.6404682274247491,0.0,False,False,0.246,-0.056,1.138,False,stress,synthetic_ad8232_stress,real,False,0.2503242458559535,0.3599423171683729,0.5225375626043404,0.0,stress,False,0
2026-05-26 16:23:23,patient_001,0.45736434108527135,True,synthetic_ad8232,0.882352941176471,True,synthetic_max30102,0.4379310344827605,2329,0.4927234927234929,0.49331103678929766,0.0,False,False,-0.068,-0.064,0.978,False,stress,synthetic_ad8232_stress,real,False,0.21018088547932526,0.26285550821247095,0.5292153589315524,0.0,stress,False,0
2026-05-26 16:23:33,patient_001,0.6589147286821705,True,synthetic_ad8232,0.7647058823529411,True,synthetic_max30102,0.5275862068965527,2312,0.4054054054054057,0.4046822742474916,0.0,False,False,-0.099,0.311,0.825,False,stress,synthetic_ad8232_stress,real,False,0.1893107979523119,0.267638818613872,0.5776293823038398,0.0,stress,False,0
2026-05-26 16:23:38,patient_001,0.39534883720930225,True,synthetic_ad8232,0.882352941176471,True,synthetic_max30102,0.6275862068965523,1938,0.2765072765072767,0.2775919732441472,0.0,False,False,0.184,0.119,0.964,False,stress,synthetic_ad8232_stress,real,False,0.2115271830679071,0.37696295011312847,0.5325542570951586,0.0,stress,False,0
2026-05-26 16:23:43,patient_001,0.4651162790697674,True,synthetic_ad8232,0.8235294117647065,True,synthetic_max30102,0.6482758620689673,1874,0.40748440748440773,0.40802675585284254,0.0,False,False,0.276,0.089,1.138,False,stress,synthetic_ad8232_stress,real,False,0.2522389401424206,0.35435990430925335,0.5008347245409014,0.14285714285714285,stress,False,0
2026-05-26 16:23:53,patient_001,0.6046511627906977,True,synthetic_ad8232,0.7058823529411766,True,synthetic_max30102,0.5551724137931036,1991,0.7629937629937631,0.7625418060200668,0.0,False,False,0.267,0.159,1.117,False,stress,synthetic_ad8232_stress,real,False,0.24896351513219145,0.3774434639476002,0.5409015025041736,0.0,stress,False,0
2026-05-26 16:23:58,patient_001,0.4651162790697674,True,synthetic_ad8232,0.7058823529411766,True,synthetic_max30102,0.5206896551724132,2314,0.5592515592515594,0.560200668896321,0.0,False,False,-0.337,-0.003,0.903,False,stress,synthetic_ad8232_stress,real,False,0.2061030140328911,0.31169011635030164,0.4991652754590984,0.0,stress,False,0
2026-05-26 16:24:03,patient_001,0.49612403100775193,True,synthetic_ad8232,0.8235294117647065,True,synthetic_max30102,0.6379310344827598,1701,0.3035343035343039,0.30434782608695654,0.0,False,False,-0.083,-0.049,0.634,False,stress,synthetic_ad8232_stress,real,False,0.13541724910189845,0.23596698413789144,0.5208681135225374,0.0,stress,False,0
2026-05-26 16:24:08,patient_001,0.5581395348837209,True,synthetic_ad8232,0.6470588235294121,True,synthetic_max30102,0.4896551724137943,2156,0.5343035343035347,0.5351170568561874,0.0,False,False,-0.156,0.057,1.058,False,stress,synthetic_ad8232_stress,real,False,0.22957705384385105,0.20856731827505195,0.5409015025041736,0.42857142857142855,stress,False,0
2026-05-26 16:24:13,patient_001,0.41860465116279066,True,synthetic_ad8232,0.7058823529411766,True,synthetic_max30102,0.5034482758620697,1745,0.5509355509355514,0.5501672240802673,0.0,False,False,-0.025,0.042,1.218,False,stress,synthetic_ad8232_stress,real,False,0.26201535223608685,0.25657453834841615,0.5041736227045074,0.0,stress,False,0
2026-05-26 16:24:18,patient_001,0.6046511627906977,True,synthetic_ad8232,0.8235294117647065,True,synthetic_max30102,0.4551724137931039,2255,0.5571725571725574,0.5568561872909696,0.0,False,False,0.176,0.004,0.764,False,stress,synthetic_ad8232_stress,real,False,0.16669682686942178,0.25657453834841615,0.5041736227045074,0.0,stress,False,0
2026-05-26 16:24:23,patient_001,0.5271317829457364,True,synthetic_ad8232,0.7647058823529411,True,synthetic_max30102,0.4655172413793114,1656,0.5176715176715181,0.5183946488294313,0.0,False,False,0.138,0.023,1.017,False,stress,synthetic_ad8232_stress,real,False,0.2198516434182206,0.24263231756777862,0.5175292153589316,0.14285714285714285,stress,False,0
2026-05-26 16:24:28,patient_001,0.4728682170542635,True,synthetic_ad8232,0.5882352941176476,True,synthetic_max30102,0.6206896551724128,1646,0.5363825363825367,0.5367892976588626,0.0,False,False,-0.154,0.051,1.049,False,stress,synthetic_ad8232_stress,real,False,0.22749797330925742,0.2523003714148683,0.5125208681135224,0.42857142857142855,stress,False,0
2026-05-26 16:24:33,patient_001,0.5426356589147286,True,synthetic_ad8232,0.9411764705882355,True,synthetic_max30102,0.7586206896551744,2109,0.5758835758835761,0.5752508361204014,0.0,False,False,0.198,0.084,0.829,False,stress,synthetic_ad8232_stress,real,False,0.1825685660534862,0.2456022239382064,0.5091819699499164,0.0,stress,False,0
2026-05-26 16:24:38,patient_001,0.5968992248062016,True,synthetic_ad8232,0.7058823529411766,True,synthetic_max30102,0.5310344827586206,1510,0.4054054054054057,0.4063545150501673,0.0,False,False,0.066,0.069,1.069,False,stress,synthetic_ad8232_stress,real,False,0.23008080843393972,0.18790360509643225,0.5475792988313856,0.5714285714285714,stress,False,0
2026-05-26 16:24:43,patient_001,0.689922480620155,True,synthetic_ad8232,1.0,True,synthetic_max30102,0.6068965517241374,1745,0.7068607068607071,0.7073578595317724,0.0,False,False,-0.172,-0.094,1.071,False,stress,synthetic_ad8232_stress,real,False,0.23348475659701362,0.28559256244401354,0.5659432387312185,0.0,stress,False,0
2026-05-26 16:24:48,patient_001,0.5426356589147286,True,synthetic_ad8232,0.7647058823529411,True,synthetic_max30102,0.6551724137931032,2174,0.632016632016632,0.632107023411371,0.0,False,False,-0.015,-0.22,1.089,False,stress,synthetic_ad8232_stress,real,False,0.2383743856671421,0.2802107936637461,0.5692821368948248,0.5714285714285714,stress,False,0
2026-05-26 16:24:53,patient_001,0.5813953488372093,True,synthetic_ad8232,0.7058823529411766,True,synthetic_max30102,0.4482758620689644,1805,0.6985446985446986,0.6973244147157187,0.0,False,False,0.204,0.092,1.068,False,stress,synthetic_ad8232_stress,real,False,0.2340118103595266,0.20978043297391993,0.5926544240400665,0.14285714285714285,stress,False,0
2026-05-26 16:24:58,patient_001,0.5038759689922481,True,synthetic_ad8232,0.7647058823529411,True,synthetic_max30102,0.4827586206896548,2184,0.4698544698544702,0.46989966555183926,0.0,False,False,0.165,0.0,0.831,False,stress,synthetic_ad8232_stress,real,False,0.18054714310556919,0.24263231756777845,0.5843071786310515,0.0,stress,False,0
2026-05-26 16:25:08,patient_001,0.9689922480620156,True,synthetic_ad8232,0.9411764705882355,True,synthetic_max30102,0.7172413793103445,2215,0.56964656964657,0.5702341137123743,0.0,False,False,0.116,0.012,0.738,False,anomaly_high_hr,synthetic_ad8232_anomaly_high_hr,real,False,0.1586185211926267,0.0,0.9999999999999999,0.0,anomaly_high_hr,True,1
2026-05-26 16:25:18,patient_001,0.8294573643410853,True,synthetic_ad8232,0.7647058823529411,True,synthetic_max30102,0.6241379310344843,1514,0.6548856548856552,0.6538461538461537,0.0,False,False,0.135,0.537,1.028,False,anomaly_high_hr,synthetic_ad8232_anomaly_high_hr,real,False,0.25076398456748245,0.2596642171946158,0.9081803005008345,0.14285714285714285,anomaly_high_hr,True,1
2026-05-26 16:25:23,patient_001,0.7984496124031008,True,synthetic_ad8232,0.882352941176471,True,synthetic_max30102,0.6827586206896541,2628,0.2661122661122661,0.26588628762541777,0.0,False,False,-0.838,0.165,1.374,False,anomaly_high_hr,synthetic_ad8232_anomaly_high_hr,real,False,0.34941860987001755,0.2586150645518103,0.8852253756260432,0.0,anomaly_high_hr,True,1
2026-05-26 16:25:28,patient_001,0.7286821705426357,True,synthetic_ad8232,0.882352941176471,True,synthetic_max30102,0.6206896551724128,2424,0.5800415800415801,0.580267558528428,0.0,False,False,-0.43,0.119,1.22,False,anomaly_high_hr,synthetic_ad8232_anomaly_high_hr,real,False,0.2795561875380777,0.3054639091799529,0.8564273789649416,0.0,anomaly_high_hr,True,1
2026-05-26 16:25:33,patient_001,0.8062015503875969,True,synthetic_ad8232,0.5294117647058831,True,synthetic_max30102,0.727586206896552,1678,0.33679833679833715,0.3377926421404682,0.0,False,False,0.39,0.256,0.592,False,anomaly_high_hr,synthetic_ad8232_anomaly_high_hr,real,False,0.1600575928507011,0.1622273015948007,0.8213689482470784,0.8571428571428571,anomaly_high_hr,True,1
2026-05-26 16:25:38,patient_001,0.7286821705426357,True,synthetic_ad8232,0.7647058823529411,True,synthetic_max30102,0.6827586206896541,2029,0.45114345114345156,0.45150501672240795,0.0,False,False,-0.246,0.185,1.11,False,anomaly_high_hr,synthetic_ad8232_anomaly_high_hr,real,False,0.24731205302112919,0.1622273015948007,0.7946577629382304,0.0,anomaly_high_hr,True,1
2026-05-26 16:25:43,patient_001,0.7286821705426357,True,synthetic_ad8232,0.7058823529411766,True,synthetic_max30102,0.6206896551724128,2245,0.4906444906444909,0.49163879598662197,0.0,False,False,0.074,0.106,1.039,False,anomaly_high_hr,synthetic_ad8232_anomaly_high_hr,real,False,0.2243295400894685,0.14042844405998856,0.7729549248747912,0.14285714285714285,anomaly_high_hr,True,1
2026-05-26 16:25:48,patient_001,0.9147286821705426,True,synthetic_ad8232,0.7647058823529411,True,synthetic_max30102,0.6689655172413786,2296,0.5072765072765075,0.5066889632107023,0.0,False,False,0.003,-0.099,1.095,False,anomaly_high_hr,synthetic_ad8232_anomaly_high_hr,real,False,0.23582554623846635,0.28393767741272885,0.7979966611018364,0.0,anomaly_high_hr,True,1
2026-05-26 16:25:53,patient_001,0.8372093023255814,True,synthetic_ad8232,0.7058823529411766,True,synthetic_max30102,0.568965517241379,2544,0.5945945945945947,0.5953177257525084,0.0,False,False,-0.062,-0.299,1.067,False,anomaly_high_hr,synthetic_ad8232_anomaly_high_hr,real,False,0.23809692125392903,0.2730028552583147,0.8213689482470784,0.14285714285714285,anomaly_high_hr,True,1
2026-05-26 16:25:58,patient_001,0.7984496124031008,True,synthetic_ad8232,1.0,True,synthetic_max30102,0.5620689655172431,2866,0.7671517671517676,0.7675585284280935,0.0,False,False,-0.135,-0.169,0.643,False,anomaly_high_hr,synthetic_ad8232_anomaly_high_hr,real,False,0.14355219096983,0.2730028552583147,0.8196994991652754,0.0,anomaly_high_hr,True,1
2026-05-26 16:26:03,patient_001,0.883720930232558,True,synthetic_ad8232,0.6470588235294121,True,synthetic_max30102,0.9034482758620683,3155,0.6694386694386698,0.6688963210702341,0.0,False,False,-0.03,-0.024,1.277,False,anomaly_high_hr,synthetic_ad8232_anomaly_high_hr,real,False,0.27485659307770616,0.2537330937296539,0.8530884808013356,0.8571428571428571,anomaly_high_hr,True,1
2026-05-26 16:26:08,patient_001,0.8527131782945737,True,synthetic_ad8232,0.7058823529411766,True,synthetic_max30102,0.5241379310344847,2230,0.6528066528066532,0.652173913043478,0.0,False,False,-0.329,-0.026,1.219,False,anomaly_high_hr,synthetic_ad8232_anomaly_high_hr,real,False,0.27163672279603396,0.15420823049155843,0.8797996661101836,0.0,anomaly_high_hr,True,1
2026-05-26 16:26:13,patient_001,0.7596899224806201,True,synthetic_ad8232,0.7647058823529411,True,synthetic_max30102,0.7793103448275858,912,0.6632016632016633,0.6622073578595318,0.0,False,False,0.126,0.063,0.831,False,anomaly_high_hr,synthetic_ad8232_anomaly_high_hr,real,False,0.17959021875374648,0.1677206337234101,0.8464106844741234,0.0,anomaly_high_hr,True,1
2026-05-26 16:26:23,patient_001,0.8527131782945737,True,synthetic_ad8232,0.882352941176471,True,synthetic_max30102,0.6241379310344843,1796,0.32224532224532254,0.32274247491638786,0.0,False,False,0.676,0.06,1.029,False,anomaly_high_hr,synthetic_ad8232_anomaly_high_hr,real,False,0.2650101701149662,0.16858295629036338,0.8647746243739566,0.2857142857142857,anomaly_high_hr,True,1
2026-05-26 16:26:28,patient_001,0.9224806201550387,True,synthetic_ad8232,0.5882352941176476,True,synthetic_max30102,0.3103448275862064,1373,0.5405405405405408,0.540133779264214,0.0,False,False,0.046,0.304,0.998,False,anomaly_high_hr,synthetic_ad8232_anomaly_high_hr,real,False,0.2237325622266527,0.20364260611996846,0.8731218697829716,0.7142857142857142,anomaly_high_hr,True,1
2026-05-26 16:26:33,patient_001,0.8759689922480619,True,synthetic_ad8232,0.8235294117647065,True,synthetic_max30102,0.3448275862068968,2499,0.6569646569646572,0.6571906354515047,0.0,False,False,0.267,0.183,1.216,False,anomaly_high_hr,synthetic_ad8232_anomaly_high_hr,real,False,0.2706420198998712,0.20734710619193183,0.8781302170283806,0.0,anomaly_high_hr,True,1
2026-05-26 16:26:38,patient_001,0.8759689922480619,True,synthetic_ad8232,0.882352941176471,True,synthetic_max30102,0.3379310344827573,2343,0.62993762993763,0.6287625418060201,0.0,False,False,-0.26,-0.117,0.964,False,anomaly_high_hr,synthetic_ad8232_anomaly_high_hr,real,False,0.2151840584562187,0.09051276950911823,0.9031719532554258,0.0,anomaly_high_hr,True,1
2026-05-26 16:26:43,patient_001,0.9224806201550387,True,synthetic_ad8232,0.882352941176471,True,synthetic_max30102,0.4862068965517228,778,0.6340956340956345,0.6337792642140467,0.0,False,False,0.088,-0.14,0.952,False,anomaly_high_hr,synthetic_ad8232_anomaly_high_hr,real,False,0.20663222478160181,0.10837475761523332,0.9148580968280468,0.0,anomaly_high_hr,True,1
2026-05-26 16:26:58,patient_001,0.8449612403100776,True,synthetic_ad8232,0.7647058823529411,True,synthetic_max30102,0.8241379310344836,1851,0.39708939708939717,0.39632107023411356,0.0,False,False,-0.08,-0.026,0.683,False,anomaly_high_hr,synthetic_ad8232_anomaly_high_hr,real,False,0.145689795548742,0.2706021973148386,0.9248747913188647,0.0,anomaly_high_hr,True,1
2026-05-26 16:27:03,patient_001,0.8294573643410853,True,synthetic_ad8232,1.0,True,synthetic_max30102,0.703448275862069,2273,0.7193347193347197,0.7190635451505014,0.0,False,False,-0.142,-0.116,1.265,False,anomaly_high_hr,synthetic_ad8232_anomaly_high_hr,real,False,0.27499721257482634,0.29149723374292846,0.9148580968280468,0.0,anomaly_high_hr,True,1
2026-05-26 16:27:08,patient_001,0.8062015503875969,True,synthetic_ad8232,0.882352941176471,True,synthetic_max30102,0.4655172413793114,2267,0.440748440748441,0.4414715719063542,0.0,False,False,0.118,0.485,1.031,False,anomaly_high_hr,synthetic_ad8232_anomaly_high_hr,real,False,0.24590687499019204,0.3078282161962741,0.8898163606010016,0.2857142857142857,anomaly_high_hr,True,1
2026-05-26 16:27:13,patient_001,0.7984496124031008,True,synthetic_ad8232,0.5882352941176476,True,synthetic_max30102,0.7310344827586199,2015,0.4137214137214138,0.4130434782608696,0.0,False,False,0.264,-0.032,0.915,False,anomaly_high_hr,synthetic_ad8232_anomaly_high_hr,real,False,0.20369720753619647,0.06595477712224299,0.8414023372287144,0.7142857142857142,anomaly_high_hr,True,1
2026-05-26 16:27:18,patient_001,0.7906976744186046,True,synthetic_ad8232,0.6470588235294121,True,synthetic_max30102,0.9137931034482758,2050,0.6569646569646572,0.6571906354515047,0.0,False,False,0.133,0.144,1.167,False,anomaly_high_hr,synthetic_ad8232_anomaly_high_hr,real,False,0.25420691170046233,0.07850188672316544,0.8330550918196994,0.0,anomaly_high_hr,True,1
2026-05-26 16:27:23,patient_001,0.8604651162790699,True,synthetic_ad8232,0.7058823529411766,True,synthetic_max30102,0.6896551724137936,2098,0.5904365904365907,0.5903010033444813,0.0,False,False,0.108,-0.047,0.724,False,anomaly_high_hr,synthetic_ad8232_anomaly_high_hr,real,False,0.15562961658690505,0.0981966003448818,0.8363939899833054,0.0,anomaly_high_hr,True,1
2026-05-26 16:27:28,patient_001,0.7286821705426357,True,synthetic_ad8232,0.8235294117647065,True,synthetic_max30102,0.7689655172413783,2141,0.3700623700623704,0.3712374581939799,0.0,False,False,0.546,-0.048,0.882,False,anomaly_high_hr,synthetic_ad8232_anomaly_high_hr,real,False,0.2224497236810814,0.16311866710388095,0.8146911519198664,0.0,anomaly_high_hr,True,1
2026-05-26 16:27:33,patient_001,0.8527131782945737,True,synthetic_ad8232,0.6470588235294121,True,synthetic_max30102,0.5931034482758619,1568,0.5613305613305615,0.5618729096989967,0.0,False,False,-0.356,0.215,0.836,False,anomaly_high_hr,synthetic_ad8232_anomaly_high_hr,real,False,0.19950529333863115,0.1855741315032544,0.8247078464106844,0.42857142857142855,anomaly_high_hr,True,1
2026-05-26 16:27:38,patient_001,0.7906976744186046,True,synthetic_ad8232,0.7058823529411766,True,synthetic_max30102,0.6172413793103448,2847,0.6839916839916844,0.683946488294314,0.0,False,False,0.136,0.318,1.137,False,anomaly_high_hr,synthetic_ad8232_anomaly_high_hr,real,False,0.25532259079405645,0.18693651887596954,0.8230383973288814,0.0,anomaly_high_hr,True,1
2026-05-26 16:27:43,patient_001,0.883720930232558,True,synthetic_ad8232,0.7647058823529411,True,synthetic_max30102,0.7758620689655178,1989,0.45738045738045763,0.4565217391304346,0.0,False,False,0.255,0.16,0.699,False,anomaly_high_hr,synthetic_ad8232_anomaly_high_hr,real,False,0.16166717755522056,0.2190784333639434,0.8430717863105174,0.0,anomaly_high_hr,True,1
2026-05-26 16:27:48,patient_001,0.8992248062015503,True,synthetic_ad8232,0.7647058823529411,True,synthetic_max30102,0.7965517241379327,2293,0.43243243243243246,0.43311036789297663,0.0,False,False,0.303,0.27,1.231,False,anomaly_high_hr,synthetic_ad8232_anomaly_high_hr,real,False,0.2789320780918561,0.2456022239382068,0.8514190317195324,0.0,anomaly_high_hr,True,1
2026-05-26 16:27:53,patient_001,0.7906976744186046,True,synthetic_ad8232,0.5882352941176476,True,synthetic_max30102,0.5758620689655185,3202,0.5738045738045741,0.5735785953177257,0.0,False,False,0.305,0.122,1.394,False,anomaly_high_hr,synthetic_ad8232_anomaly_high_hr,real,False,0.30873704087889775,0.1769752381034191,0.8647746243739566,0.42857142857142855,anomaly_high_hr,True,1
2026-05-26 16:27:58,patient_001,0.8527131782945737,True,synthetic_ad8232,0.7647058823529411,True,synthetic_max30102,0.4206896551724135,2765,0.750519750519751,0.7491638795986622,0.0,False,False,0.262,-0.07,0.861,False,anomaly_high_hr,synthetic_ad8232_anomaly_high_hr,real,False,0.19270438000485787,0.1769752381034191,0.8647746243739566,0.0,anomaly_high_hr,True,1
2026-05-26 16:28:03,patient_001,0.9224806201550387,True,synthetic_ad8232,0.7058823529411766,True,synthetic_max30102,0.6137931034482769,3043,0.6403326403326406,0.6404682274247491,0.0,False,False,0.028,0.187,1.301,False,anomaly_high_hr,synthetic_ad8232_anomaly_high_hr,real,False,0.28298483376298394,0.1769752381034191,0.8931552587646076,0.14285714285714285,anomaly_high_hr,True,1
2026-05-26 16:28:08,patient_001,0.9069767441860465,True,synthetic_ad8232,0.7647058823529411,True,synthetic_max30102,0.7482758620689669,2091,0.5862785862785866,0.5869565217391304,0.0,False,False,0.381,0.43,1.227,False,anomaly_high_hr,synthetic_ad8232_anomaly_high_hr,real,False,0.2917879701255645,0.18596440350426047,0.8981636060100168,0.0,anomaly_high_hr,True,1
2026-05-26 16:28:18,patient_001,0.9689922480620156,True,synthetic_ad8232,0.7647058823529411,True,synthetic_max30102,0.6275862068965523,2414,0.8336798336798341,0.8327759197324411,0.0,False,False,-0.133,0.173,1.263,False,anomaly_high_hr,synthetic_ad8232_anomaly_high_hr,real,False,0.27576269342222653,0.15112137930330952,0.9332220367278797,0.42857142857142855,anomaly_high_hr,True,1
2026-05-26 16:28:23,patient_001,0.883720930232558,True,synthetic_ad8232,0.7647058823529411,True,synthetic_max30102,0.703448275862069,2090,0.6403326403326406,0.6404682274247491,0.0,False,False,0.103,0.042,1.018,False,anomaly_high_hr,synthetic_ad8232_anomaly_high_hr,real,False,0.21929968081906515,0.12250556133128944,0.9398998330550917,0.0,anomaly_high_hr,True,1
2026-05-26 16:28:28,patient_001,0.8217054263565892,True,synthetic_ad8232,0.9411764705882355,True,synthetic_max30102,1.0,2531,0.5426195426195428,0.5418060200668897,0.0,False,False,-0.201,-0.222,0.799,False,anomaly_high_hr,synthetic_ad8232_anomaly_high_hr,real,False,0.18187450134262576,0.18400476606097627,0.9181969949916525,0.0,anomaly_high_hr,True,1
2026-05-26 16:28:33,patient_001,0.883720930232558,True,synthetic_ad8232,0.7647058823529411,True,synthetic_max30102,0.703448275862069,1553,0.35135135135135176,0.3511705685618729,0.0,False,False,-0.098,-0.019,0.986,False,anomaly_high_hr,synthetic_ad8232_anomaly_high_hr,real,False,0.2120638517893535,0.1822230749366498,0.9131886477462435,0.42857142857142855,anomaly_high_hr,True,1
2026-05-26 16:28:38,patient_001,0.7519379844961239,True,synthetic_ad8232,0.882352941176471,True,synthetic_max30102,0.6586206896551712,1041,0.62993762993763,0.6304347826086953,0.0,False,False,0.162,-0.338,0.693,False,anomaly_high_hr,synthetic_ad8232_anomaly_high_hr,real,False,0.16754014179440363,0.28072778818756605,0.8848080133555926,0.0,anomaly_high_hr,True,1
2026-05-26 16:28:43,patient_001,0.9302325581395349,True,synthetic_ad8232,0.5294117647058831,True,synthetic_max30102,0.7517241379310349,2283,0.2661122661122661,0.26755852842809347,0.0,False,False,-0.138,0.24,1.632,False,anomaly_high_hr,synthetic_ad8232_anomaly_high_hr,real,False,0.3576351689966221,0.2396256051702946,0.8764607679465773,0.8571428571428571,anomaly_high_hr,True,1
2026-05-26 16:28:48,patient_001,0.7286821705426357,True,synthetic_ad8232,0.8235294117647065,True,synthetic_max30102,0.589655172413794,2545,0.32224532224532254,0.32274247491638786,0.0,False,False,0.066,-0.152,1.146,False,anomaly_high_hr,synthetic_ad8232_anomaly_high_hr,real,False,0.2486341393351405,0.2964298551596021,0.8430717863105174,0.0,anomaly_high_hr,True,1
2026-05-26 16:28:53,patient_001,0.8062015503875969,True,synthetic_ad8232,0.5882352941176476,True,synthetic_max30102,0.8689655172413815,2058,0.43866943866943897,0.43979933110367897,0.0,False,False,0.027,0.412,1.234,False,anomaly_high_hr,synthetic_ad8232_anomaly_high_hr,real,False,0.280042298963291,0.29765023848047467,0.8397328881469116,0.5714285714285714,anomaly_high_hr,True,1
2026-05-26 16:28:58,patient_001,0.8449612403100776,True,synthetic_ad8232,0.9411764705882355,True,synthetic_max30102,0.6896551724137936,2281,0.750519750519751,0.7491638795986622,0.0,False,False,0.075,-0.01,0.98,False,anomaly_high_hr,synthetic_ad8232_anomaly_high_hr,real,False,0.21028357936930533,0.27813320583059004,0.8313856427378964,0.0,anomaly_high_hr,True,1
2026-05-26 16:29:03,patient_001,0.8062015503875969,True,synthetic_ad8232,0.7058823529411766,True,synthetic_max30102,0.5344827586206886,2440,0.5239085239085242,0.523411371237458,0.0,False,False,-0.24,-0.12,1.29,False,anomaly_high_hr,synthetic_ad8232_anomaly_high_hr,real,False,0.28362970566969486,0.25430392255849626,0.8430717863105174,0.5714285714285714,anomaly_high_hr,True,1
2026-05-26 16:29:13,patient_001,0.8527131782945737,True,synthetic_ad8232,0.7058823529411766,True,synthetic_max30102,0.47241379310344733,1606,0.5945945945945947,0.5953177257525084,0.0,False,False,-0.254,0.075,1.313,False,anomaly_high_hr,synthetic_ad8232_anomaly_high_hr,real,False,0.2884141372533303,0.17071970767647007,0.8263772954924874,0.2857142857142857,anomaly_high_hr,True,1
2026-05-26 16:29:23,patient_001,0.8217054263565892,True,synthetic_ad8232,0.8235294117647065,True,synthetic_max30102,0.36551724137931174,1679,0.43243243243243246,0.43311036789297663,0.0,False,False,0.181,0.183,0.999,False,anomaly_high_hr,synthetic_ad8232_anomaly_high_hr,real,False,0.22095779229508017,0.17697523810341864,0.8313856427378964,0.0,anomaly_high_hr,True,1
2026-05-26 16:29:33,patient_001,0.7364341085271316,True,synthetic_ad8232,0.8235294117647065,True,synthetic_max30102,0.6344827586206918,2858,0.5800415800415801,0.580267558528428,0.0,False,False,-0.089,0.201,0.55,False,anomaly_high_hr,synthetic_ad8232_anomaly_high_hr,real,False,0.12468309560334849,0.2256000481280154,0.8564273789649416,0.0,anomaly_high_hr,True,1
2026-05-26 16:29:43,patient_001,0.9999999999999999,True,synthetic_ad8232,0.7647058823529411,True,synthetic_max30102,0.4137931034482776,2047,0.7359667359667363,0.7357859531772575,0.0,False,False,-0.229,0.185,0.978,False,anomaly_high_hr,synthetic_ad8232_anomaly_high_hr,real,False,0.21870537951584712,0.3637492162894548,0.9081803005008345,0.14285714285714285,anomaly_high_hr,True,1
2026-05-26 16:29:48,patient_001,0.8992248062015503,True,synthetic_ad8232,0.7647058823529411,True,synthetic_max30102,0.5068965517241377,2441,0.567567567567568,0.5668896321070234,0.0,False,False,-0.04,-0.209,1.388,False,anomaly_high_hr,synthetic_ad8232_anomaly_high_hr,real,False,0.30260869160722864,0.3432395425943476,0.9248747913188647,0.0,anomaly_high_hr,True,1
2026-05-26 16:30:03,patient_001,0.8992248062015503,True,synthetic_ad8232,0.8235294117647065,True,synthetic_max30102,0.6344827586206918,1744,0.8731808731808735,0.8729096989966552,0.0,False,False,-0.479,0.441,0.811,False,anomaly_high_hr,synthetic_ad8232_anomaly_high_hr,real,False,0.22279755602778567,0.2655993770186934,0.9382303839732887,0.0,anomaly_high_hr,True,1
2026-05-26 16:30:08,patient_001,0.7751937984496123,True,synthetic_ad8232,0.5294117647058831,True,synthetic_max30102,0.6758620689655181,2521,0.6548856548856552,0.6538461538461537,0.0,False,False,-0.18,-0.185,0.715,False,anomaly_high_hr,synthetic_ad8232_anomaly_high_hr,real,False,0.16146895609952536,0.2695283748357236,0.8898163606010016,0.7142857142857142,anomaly_high_hr,True,1
2026-05-26 16:30:13,patient_001,0.9767441860465117,True,synthetic_ad8232,0.7058823529411766,True,synthetic_max30102,0.6551724137931032,2659,0.6715176715176718,0.6705685618729094,0.0,False,False,-0.218,-0.037,0.886,False,anomaly_high_hr,synthetic_ad8232_anomaly_high_hr,real,False,0.19500023379731496,0.3199543213972243,0.9065108514190318,0.0,anomaly_high_hr,True,1
2026-05-26 16:30:18,patient_001,0.9147286821705426,True,synthetic_ad8232,0.6470588235294121,True,synthetic_max30102,0.7758620689655178,2865,0.5051975051975055,0.5050167224080266,0.0,False,False,0.031,-0.035,0.848,False,anomaly_high_hr,synthetic_ad8232_anomaly_high_hr,real,False,0.1809997650932176,0.2761712729979173,0.9315525876460767,0.14285714285714285,anomaly_high_hr,True,1
2026-05-26 16:30:28,patient_001,0.8449612403100776,True,synthetic_ad8232,0.7058823529411766,True,synthetic_max30102,0.6896551724137936,1944,0.49480249480249494,0.4949832775919729,0.0,False,False,0.33,-0.233,0.764,False,anomaly_high_hr,synthetic_ad8232_anomaly_high_hr,real,False,0.1842731405015673,0.263406568582966,0.8981636060100168,0.14285714285714285,anomaly_high_hr,True,1
2026-05-26 16:30:33,patient_001,0.9922480620155038,True,synthetic_ad8232,0.882352941176471,True,synthetic_max30102,0.7655172413793103,2467,0.7193347193347197,0.7190635451505014,0.0,False,False,-0.013,-0.027,0.7,False,anomaly_high_hr,synthetic_ad8232_anomaly_high_hr,real,False,0.14842482231154952,0.23052743561610892,0.9449081803005007,0.0,anomaly_high_hr,True,1
2026-05-26 16:30:38,patient_001,0.937984496124031,True,synthetic_ad8232,0.7647058823529411,True,synthetic_max30102,0.6000000000000014,2239,0.6985446985446986,0.6973244147157187,0.0,False,False,0.074,0.208,0.696,False,anomaly_high_hr,synthetic_ad8232_anomaly_high_hr,real,False,0.15489703981171934,0.20734710619193197,0.9365609348914857,0.2857142857142857,anomaly_high_hr,True,1
2026-05-26 16:30:43,patient_001,0.7519379844961239,True,synthetic_ad8232,0.5294117647058831,True,synthetic_max30102,0.6000000000000014,2300,0.8149688149688155,0.8143812709030098,0.0,False,False,0.33,0.365,1.061,False,anomaly_high_hr,synthetic_ad8232_anomaly_high_hr,real,False,0.2511829206265555,0.3199543213972242,0.9015025041736225,0.5714285714285714,anomaly_high_hr,True,1
2026-05-26 16:30:48,patient_001,0.9147286821705426,True,synthetic_ad8232,0.7058823529411766,True,synthetic_max30102,0.5413793103448281,1789,0.4927234927234929,0.49331103678929766,0.0,False,False,-0.096,-0.382,1.247,False,anomaly_high_hr,synthetic_ad8232_anomaly_high_hr,real,False,0.28146351369376255,0.3223248038851399,0.9131886477462435,0.0,anomaly_high_hr,True,1
2026-05-26 16:30:53,patient_001,0.7441860465116278,True,synthetic_ad8232,0.7647058823529411,True,synthetic_max30102,0.8931034482758644,2477,0.38669438669438705,0.3862876254180603,0.0,False,False,0.459,-0.302,0.919,False,anomaly_high_hr,synthetic_ad8232_anomaly_high_hr,real,False,0.22952558532738399,0.39343190124207866,0.8914858096828046,0.0,anomaly_high_hr,True,1
2026-05-26 16:30:58,patient_001,0.8604651162790699,True,synthetic_ad8232,0.7058823529411766,True,synthetic_max30102,0.6310344827586203,1108,0.6632016632016633,0.663879598662207,0.0,False,False,-0.055,0.353,1.099,False,anomaly_high_hr,synthetic_ad8232_anomaly_high_hr,real,False,0.2481282264836378,0.31319839670609373,0.8631051752921534,0.14285714285714285,anomaly_high_hr,True,1
2026-05-26 16:31:08,patient_001,0.7751937984496123,True,synthetic_ad8232,0.7647058823529411,True,synthetic_max30102,0.3103448275862064,1831,0.2661122661122661,0.26755852842809347,0.0,False,False,-0.177,0.037,1.159,False,anomaly_high_hr,synthetic_ad8232_anomaly_high_hr,real,False,0.2519437480151863,0.23519760816037558,0.8447412353923204,0.5714285714285714,anomaly_high_hr,True,1
2026-05-26 16:31:13,patient_001,0.9147286821705426,True,synthetic_ad8232,0.5882352941176476,True,synthetic_max30102,0.6551724137931032,2525,0.5592515592515594,0.560200668896321,0.0,False,False,0.053,0.373,0.944,False,anomaly_high_hr,synthetic_ad8232_anomaly_high_hr,real,False,0.21762178842110652,0.23519760816037558,0.8447412353923204,0.42857142857142855,anomaly_high_hr,True,1
2026-05-26 16:31:23,patient_001,0.9534883720930233,True,synthetic_ad8232,0.6470588235294121,True,synthetic_max30102,0.6448275862068957,1983,0.7983367983367984,0.7976588628762542,0.0,False,False,0.001,0.017,0.664,False,anomaly_high_hr,synthetic_ad8232_anomaly_high_hr,real,False,0.14044301225231207,0.3177943634639084,0.8631051752921534,0.2857142857142857,anomaly_high_hr,True,1
2026-05-26 16:31:28,patient_001,0.9147286821705426,True,synthetic_ad8232,0.7058823529411766,True,synthetic_max30102,0.5241379310344847,2125,0.6943866943866945,0.6939799331103678,0.0,False,False,0.283,0.229,1.032,False,anomaly_high_hr,synthetic_ad8232_anomaly_high_hr,real,False,0.23469866287131966,0.33490049445702336,0.8814691151919866,0.0,anomaly_high_hr,True,1
2026-05-26 16:31:33,patient_001,0.8372093023255814,True,synthetic_ad8232,0.7058823529411766,True,synthetic_max30102,0.7620689655172423,2488,0.5654885654885655,0.5652173913043477,0.0,False,False,-0.099,0.327,0.927,False,anomaly_high_hr,synthetic_ad8232_anomaly_high_hr,real,False,0.21138814997853447,0.30019689519766685,0.8948247078464105,0.0,anomaly_high_hr,True,1
2026-05-26 16:31:38,patient_001,0.8372093023255814,True,synthetic_ad8232,0.7058823529411766,True,synthetic_max30102,0.6172413793103448,2531,0.5634095634095635,0.563545150501672,0.0,False,False,0.219,-0.103,0.965,False,anomaly_high_hr,synthetic_ad8232_anomaly_high_hr,real,False,0.21290625003225844,0.2903758467675863,0.8781302170283806,0.0,anomaly_high_hr,True,1
2026-05-26 16:31:43,patient_001,0.8294573643410853,True,synthetic_ad8232,1.0,True,synthetic_max30102,0.5965517241379299,1854,0.4116424116424118,0.41137123745819393,0.0,False,False,-0.008,-0.004,0.727,False,anomaly_high_hr,synthetic_ad8232_anomaly_high_hr,real,False,0.15421324651269144,0.19546812159121774,0.8981636060100168,0.0,anomaly_high_hr,True,1
2026-05-26 16:31:48,patient_001,0.9224806201550387,True,synthetic_ad8232,0.7647058823529411,True,synthetic_max30102,0.5448275862068961,1902,0.4656964656964657,0.4665551839464883,0.0,False,False,0.285,0.34,1.241,False,anomaly_high_hr,synthetic_ad8232_anomaly_high_hr,real,False,0.283696724272768,0.1604297136838986,0.8914858096828046,0.5714285714285714,anomaly_high_hr,True,1
2026-05-26 16:31:53,patient_001,0.9767441860465117,True,synthetic_ad8232,0.7647058823529411,True,synthetic_max30102,0.5793103448275865,2600,0.6361746361746365,0.6354515050167224,0.0,False,False,0.184,0.231,0.876,False,anomaly_high_hr,synthetic_ad8232_anomaly_high_hr,real,False,0.19746926908743287,0.22894954276914037,0.9048414023372285,0.0,anomaly_high_hr,True,1
2026-05-26 16:31:58,patient_001,0.7441860465116278,True,synthetic_ad8232,0.7647058823529411,True,synthetic_max30102,0.4482758620689644,1851,0.48856548856548887,0.4882943143812706,0.0,False,False,-0.157,-0.083,1.085,False,anomaly_high_hr,synthetic_ad8232_anomaly_high_hr,real,False,0.23581837071571304,0.3125031718826916,0.8848080133555926,0.0,anomaly_high_hr,True,1
2026-05-26 16:32:03,patient_001,0.8449612403100776,True,synthetic_ad8232,0.6470588235294121,True,synthetic_max30102,0.6862068965517256,1348,0.6174636174636179,0.6170568561872907,0.0,False,False,0.266,0.014,0.949,False,anomaly_high_hr,synthetic_ad8232_anomaly_high_hr,real,False,0.21088782365789357,0.3108749343774535,0.8864774624373956,0.2857142857142857,anomaly_high_hr,True,1
2026-05-26 16:32:08,patient_001,0.8759689922480619,True,synthetic_ad8232,1.0,True,synthetic_max30102,0.6000000000000014,1352,0.7130977130977132,0.7123745819397991,0.0,False,False,0.016,0.179,1.319,False,anomaly_high_hr,synthetic_ad8232_anomaly_high_hr,real,False,0.2866046219781371,0.3037979463375968,0.8964941569282135,0.0,anomaly_high_hr,True,1
2026-05-26 16:32:13,patient_001,0.883720930232558,True,synthetic_ad8232,1.0,True,synthetic_max30102,0.7172413793103445,1879,0.750519750519751,0.7508361204013378,0.0,False,False,-0.191,0.086,0.734,False,anomaly_high_hr,synthetic_ad8232_anomaly_high_hr,real,False,0.16215696650243264,0.2903758467675863,0.8881469115191986,0.0,anomaly_high_hr,True,1
2026-05-26 16:32:18,patient_001,0.8449612403100776,True,synthetic_ad8232,0.6470588235294121,True,synthetic_max30102,0.5344827586206886,1285,0.40124740124740166,0.4013377926421402,0.0,False,False,0.337,0.051,0.878,False,anomaly_high_hr,synthetic_ad8232_anomaly_high_hr,real,False,0.20128092580360746,0.1936047032508722,0.8597662771285474,0.8571428571428571,anomaly_high_hr,True,1
2026-05-26 16:32:33,patient_001,0.8449612403100776,True,synthetic_ad8232,0.8235294117647065,True,synthetic_max30102,0.8931034482758644,2500,0.43243243243243246,0.43311036789297663,0.0,False,False,0.43,0.018,0.884,False,anomaly_high_hr,synthetic_ad8232_anomaly_high_hr,real,False,0.21034543967483665,0.233961344102672,0.8664440734557596,0.42857142857142855,anomaly_high_hr,True,1
2026-05-26 16:32:38,patient_001,0.7286821705426357,True,synthetic_ad8232,0.7058823529411766,True,synthetic_max30102,0.6379310344827598,1954,0.5114345114345116,0.511705685618729,0.0,False,False,-0.061,0.086,1.503,False,anomaly_high_hr,synthetic_ad8232_anomaly_high_hr,real,False,0.325065805086921,0.2765647729927879,0.8330550918196994,0.2857142857142857,anomaly_high_hr,True,1
2026-05-26 16:32:43,patient_001,0.9147286821705426,True,synthetic_ad8232,0.7647058823529411,True,synthetic_max30102,0.8448275862068986,1272,0.3534303534303538,0.35451505016722384,0.0,False,False,0.073,-0.02,0.633,False,anomaly_high_hr,synthetic_ad8232_anomaly_high_hr,real,False,0.13458988855239576,0.31825030970047297,0.8480801335559266,0.0,anomaly_high_hr,True,1
2026-05-26 16:32:53,patient_001,0.7596899224806201,True,synthetic_ad8232,0.882352941176471,True,synthetic_max30102,0.6758620689655181,1843,0.5945945945945947,0.5936454849498327,0.0,False,False,-0.007,0.158,0.992,False,anomaly_high_hr,synthetic_ad8232_anomaly_high_hr,real,False,0.21501963070473493,0.2681800503468617,0.8430717863105174,0.0,anomaly_high_hr,True,1
2026-05-26 16:32:58,patient_001,0.9999999999999999,True,synthetic_ad8232,0.7058823529411766,True,synthetic_max30102,0.862068965517242,1941,0.7754677754677757,0.7742474916387958,0.0,False,False,0.002,0.191,1.137,False,anomaly_high_hr,synthetic_ad8232_anomaly_high_hr,real,False,0.24754148220373867,0.38758370277715454,0.8764607679465773,0.42857142857142855,anomaly_high_hr,True,1
2026-05-26 16:33:03,patient_001,0.9224806201550387,True,synthetic_ad8232,1.0,True,synthetic_max30102,0.5793103448275865,1906,0.8316008316008316,0.8311036789297659,0.0,False,False,0.047,-0.075,0.921,False,anomaly_high_hr,synthetic_ad8232_anomaly_high_hr,real,False,0.19764485047303249,0.3066483413440209,0.9181969949916525,0.0,anomaly_high_hr,True,1
2026-05-26 16:33:08,patient_001,0.7674418604651162,True,synthetic_ad8232,0.9411764705882355,True,synthetic_max30102,0.7172413793103445,2158,0.44698544698544707,0.4464882943143813,0.0,False,False,0.464,-0.06,1.015,False,anomaly_high_hr,synthetic_ad8232_anomaly_high_hr,real,False,0.23980748681138025,0.35650168751479816,0.8864774624373956,0.14285714285714285,anomaly_high_hr,True,1
2026-05-26 16:33:13,patient_001,0.7286821705426357,True,synthetic_ad8232,0.8235294117647065,True,synthetic_max30102,0.6724137931034502,1717,0.632016632016632,0.632107023411371,0.0,False,False,0.028,-0.048,0.811,False,anomaly_high_hr,synthetic_ad8232_anomaly_high_hr,real,False,0.17302594354728534,0.4125030620381153,0.8564273789649416,0.2857142857142857,anomaly_high_hr,True,1
2026-05-26 16:33:18,patient_001,0.8759689922480619,True,synthetic_ad8232,1.0,True,synthetic_max30102,0.8517241379310345,1580,0.5634095634095635,0.563545150501672,0.0,False,False,-0.261,-0.077,1.074,False,anomaly_high_hr,synthetic_ad8232_anomaly_high_hr,real,False,0.23768111907544937,0.3866472827020887,0.8814691151919866,0.0,anomaly_high_hr,True,1
2026-05-26 16:33:28,patient_001,0.9224806201550387,True,synthetic_ad8232,0.6470588235294121,True,synthetic_max30102,0.6241379310344843,2040,0.5259875259875262,0.5250836120401337,0.0,False,False,-0.236,-0.006,1.157,False,anomaly_high_hr,synthetic_ad8232_anomaly_high_hr,real,False,0.2536569651562718,0.28150149968198623,0.8530884808013356,0.2857142857142857,anomaly_high_hr,True,1
2026-05-26 16:33:33,patient_001,0.7519379844961239,True,synthetic_ad8232,0.7058823529411766,True,synthetic_max30102,0.8931034482758644,1590,0.30977130977130996,0.3093645484949832,0.0,False,False,0.055,-0.17,0.927,False,anomaly_high_hr,synthetic_ad8232_anomaly_high_hr,real,False,0.20176897004797034,0.29310944090660485,0.8497495826377294,0.0,anomaly_high_hr,True,1
2026-05-26 16:33:48,patient_001,0.8217054263565892,True,synthetic_ad8232,0.9411764705882355,True,synthetic_max30102,0.6724137931034502,2827,0.6694386694386698,0.6688963210702341,0.0,False,False,0.081,0.21,1.209,False,anomaly_high_hr,synthetic_ad8232_anomaly_high_hr,real,False,0.2643805298465543,0.2736659673725665,0.8781302170283806,0.0,anomaly_high_hr,True,1
2026-05-26 16:33:53,patient_001,0.883720930232558,True,synthetic_ad8232,0.7647058823529411,True,synthetic_max30102,0.8137931034482762,2310,0.8066528066528069,0.8060200668896318,0.0,False,False,0.022,0.037,1.334,False,anomaly_high_hr,synthetic_ad8232_anomaly_high_hr,real,False,0.2873733016266791,0.25085946659143593,0.8697829716193656,0.42857142857142855,anomaly_high_hr,True,1
2026-05-26 16:34:08,patient_001,0.8449612403100776,True,synthetic_ad8232,0.6470588235294121,True,synthetic_max30102,0.724137931034484,2334,0.6652806652806653,0.6655518394648827,0.0,False,False,0.069,0.549,1.281,False,anomaly_high_hr,synthetic_ad8232_anomaly_high_hr,real,False,0.30067510950668164,0.1100344982581871,0.8597662771285474,0.42857142857142855,anomaly_high_hr,True,1
2026-05-26 16:34:13,patient_001,0.8527131782945737,True,synthetic_ad8232,0.6470588235294121,True,synthetic_max30102,0.3517241379310363,2020,0.4906444906444909,0.4899665551839463,0.0,False,False,-0.135,0.02,0.569,False,anomaly_high_hr,synthetic_ad8232_anomaly_high_hr,real,False,0.12311300063624979,0.1060074727643389,0.8664440734557596,0.0,anomaly_high_hr,True,1
2026-05-26 16:34:18,patient_001,0.4031007751937984,True,synthetic_ad8232,0.23529411764705888,True,synthetic_max30102,0.4068965517241381,2071,0.42203742203742234,0.4214046822742472,0.0,False,False,0.212,0.096,0.934,False,anomaly_low_spo2,synthetic_ad8232_anomaly_low_spo2,real,False,0.20582191774881187,0.0,0.39065108514190305,0.0,anomaly_low_spo2,True,1
2026-05-26 16:34:33,patient_001,0.4496124031007752,True,synthetic_ad8232,0.41176470588235325,True,synthetic_max30102,0.3793103448275872,1753,0.3534303534303538,0.35284280936454815,0.0,False,False,0.051,-0.035,1.03,False,anomaly_low_spo2,synthetic_ad8232_anomaly_low_spo2,real,False,0.2210082376545108,0.1708258436566798,0.3885642737896493,0.0,anomaly_low_spo2,True,1
2026-05-26 16:34:38,patient_001,0.48062015503875966,True,synthetic_ad8232,0.29411764705882426,True,synthetic_max30102,0.21724137931034626,2230,0.5135135135135136,0.5133779264214047,0.0,False,False,-0.106,-0.085,0.902,False,anomaly_low_spo2,synthetic_ad8232_anomaly_low_spo2,real,False,0.19478125276964417,0.1926662357604154,0.40567612687813015,0.2857142857142857,anomaly_low_spo2,True,1
2026-05-26 16:34:43,patient_001,0.5581395348837209,True,synthetic_ad8232,0.41176470588235325,True,synthetic_max30102,0.5793103448275865,2353,0.6091476091476093,0.6086956521739131,0.0,False,False,0.101,0.051,1.1,False,anomaly_low_spo2,synthetic_ad8232_anomaly_low_spo2,real,False,0.2372134796991336,0.28647969479461605,0.4390651085141902,0.0,anomaly_low_spo2,True,1
2026-05-26 16:34:48,patient_001,0.5813953488372093,True,synthetic_ad8232,0.0,True,synthetic_max30102,0.4137931034482776,2591,0.2785862785862787,0.27926421404682245,0.0,False,False,0.009,0.145,1.147,False,anomaly_low_spo2,synthetic_ad8232_anomaly_low_spo2,real,False,0.24824956331758802,0.24263231756777864,0.4924874791318864,1.0,anomaly_low_spo2,True,1
2026-05-26 16:34:53,patient_001,0.2790697674418604,True,synthetic_ad8232,0.11764705882352988,True,synthetic_max30102,0.4206896551724135,2567,0.4906444906444909,0.4899665551839463,0.0,False,False,0.008,-0.126,1.055,False,anomaly_low_spo2,synthetic_ad8232_anomaly_low_spo2,real,False,0.2277298073401428,0.41521836790681316,0.4624373956594322,0.0,anomaly_low_spo2,True,1
2026-05-26 16:34:58,patient_001,0.37209302325581395,True,synthetic_ad8232,0.29411764705882426,True,synthetic_max30102,0.44482758620689644,1627,0.42203742203742234,0.4214046822742472,0.0,False,False,0.209,-0.253,0.894,False,anomaly_low_spo2,synthetic_ad8232_anomaly_low_spo2,real,False,0.20357999760422568,0.4430930742925728,0.4457429048414022,0.0,anomaly_low_spo2,True,1
2026-05-26 16:35:03,patient_001,0.39534883720930225,True,synthetic_ad8232,0.29411764705882426,True,synthetic_max30102,0.3689655172413797,1979,0.3638253638253639,0.36454849498327757,0.0,False,False,0.046,0.093,0.966,False,anomaly_low_spo2,synthetic_ad8232_anomaly_low_spo2,real,False,0.20779397845272307,0.4475701089131374,0.42737896494156924,0.0,anomaly_low_spo2,True,1
2026-05-26 16:35:08,patient_001,0.4263565891472868,True,synthetic_ad8232,0.058823529411765385,True,synthetic_max30102,0.5034482758620697,1767,0.6029106029106033,0.603678929765886,0.0,False,False,-0.005,0.156,1.049,False,anomaly_low_spo2,synthetic_ad8232_anomaly_low_spo2,real,False,0.2272959749053002,0.38221537863417704,0.39899833055091816,0.5714285714285714,anomaly_low_spo2,True,1
2026-05-26 16:35:18,patient_001,0.49612403100775193,True,synthetic_ad8232,0.058823529411765385,True,synthetic_max30102,0.2551724137931046,2294,0.4823284823284828,0.48160535117056824,0.0,False,False,0.089,-0.165,0.945,False,anomaly_low_spo2,synthetic_ad8232_anomaly_low_spo2,real,False,0.20601022880563283,0.17512204318124838,0.40233722871452415,0.14285714285714285,anomaly_low_spo2,True,1
2026-05-26 16:35:23,patient_001,0.4108527131782945,True,synthetic_ad8232,0.23529411764705888,True,synthetic_max30102,0.5517241379310356,2845,0.48856548856548887,0.4882943143812706,0.0,False,False,0.069,-0.035,0.994,False,anomaly_low_spo2,synthetic_ad8232_anomaly_low_spo2,real,False,0.21337129482286277,0.1565413165553375,0.41068447412353914,0.0,anomaly_low_spo2,True,1
2026-05-26 16:35:28,patient_001,0.5271317829457364,True,synthetic_ad8232,0.47058823529411775,True,synthetic_max30102,0.3758620689655192,2557,0.32432432432432456,0.32441471571906355,0.0,False,False,-0.012,0.006,0.976,False,anomaly_low_spo2,synthetic_ad8232_anomaly_low_spo2,real,False,0.20878806486163073,0.21320844479946602,0.4390651085141902,0.0,anomaly_low_spo2,True,1
2026-05-26 16:35:33,patient_001,0.5348837209302325,True,synthetic_ad8232,0.23529411764705888,True,synthetic_max30102,0.5241379310344847,2076,0.44906444906444953,0.44983277591973225,0.0,False,False,0.062,0.102,0.856,False,anomaly_low_spo2,synthetic_ad8232_anomaly_low_spo2,real,False,0.18428569189752889,0.24427023459604377,0.4624373956594322,0.5714285714285714,anomaly_low_spo2,True,1
2026-05-26 16:35:38,patient_001,0.5038759689922481,True,synthetic_ad8232,0.23529411764705888,True,synthetic_max30102,0.1724137931034484,2495,0.700623700623701,0.7006688963210701,0.0,False,False,-0.068,0.024,0.996,False,anomaly_low_spo2,synthetic_ad8232_anomaly_low_spo2,real,False,0.21372203584152694,0.1717781164989004,0.4891485809682804,0.0,anomaly_low_spo2,True,1
2026-05-26 16:35:43,patient_001,0.43410852713178294,True,synthetic_ad8232,0.29411764705882426,True,synthetic_max30102,0.5827586206896544,2380,0.6424116424116426,0.6421404682274248,0.0,False,False,-0.019,0.016,0.881,False,anomaly_low_spo2,synthetic_ad8232_anomaly_low_spo2,real,False,0.18802597172560334,0.19546812159121796,0.4757929883138564,0.0,anomaly_low_spo2,True,1
2026-05-26 16:35:48,patient_001,0.3410852713178294,True,synthetic_ad8232,0.29411764705882426,True,synthetic_max30102,0.5103448275862057,1956,0.45945945945945965,0.459866220735786,0.0,False,False,0.015,-0.023,0.925,False,anomaly_low_spo2,synthetic_ad8232_anomaly_low_spo2,real,False,0.1976808483776147,0.28278631466311827,0.4607679465776293,0.0,anomaly_low_spo2,True,1
2026-05-26 16:35:53,patient_001,0.37209302325581395,True,synthetic_ad8232,0.11764705882352988,True,synthetic_max30102,0.4586206896551719,2442,0.5280665280665282,0.5284280936454846,0.0,False,False,0.022,-0.002,1.01,False,anomaly_low_spo2,synthetic_ad8232_anomaly_low_spo2,real,False,0.21627166352080535,0.2878682363702381,0.42737896494156924,0.42857142857142855,anomaly_low_spo2,True,1
2026-05-26 16:35:58,patient_001,0.49612403100775193,True,synthetic_ad8232,0.23529411764705888,True,synthetic_max30102,0.3793103448275872,2079,0.34719334719334727,0.3478260869565215,0.0,False,False,-0.064,-0.029,0.992,False,anomaly_low_spo2,synthetic_ad8232_anomaly_low_spo2,real,False,0.2128187852755275,0.25230037141486855,0.41903171953255425,0.0,anomaly_low_spo2,True,1
2026-05-26 16:36:03,patient_001,0.31007751937984496,True,synthetic_ad8232,0.058823529411765385,True,synthetic_max30102,0.5482758620689676,2685,0.4636174636174637,0.4632107023411369,0.0,False,False,-0.007,-0.054,0.881,False,anomaly_low_spo2,synthetic_ad8232_anomaly_low_spo2,real,False,0.18831766063107863,0.2593848580850172,0.37729549248747907,0.42857142857142855,anomaly_low_spo2,True,1
2026-05-26 16:36:08,patient_001,0.3798449612403101,True,synthetic_ad8232,0.29411764705882426,True,synthetic_max30102,0.5793103448275865,1813,0.03742203742203776,0.038461538461538325,0.0,False,False,-0.141,0.227,1.234,False,anomaly_low_spo2,synthetic_ad8232_anomaly_low_spo2,real,False,0.27157494067215066,0.24530685134313895,0.36560934891485797,0.0,anomaly_low_spo2,True,1
2026-05-26 16:36:18,patient_001,0.2790697674418604,True,synthetic_ad8232,0.058823529411765385,True,synthetic_max30102,0.6896551724137936,2858,0.47193347193347224,0.47157190635451496,0.0,False,False,-0.024,0.016,0.95,False,anomaly_low_spo2,synthetic_ad8232_anomaly_low_spo2,real,False,0.20316607309518928,0.2940971756046209,0.343906510851419,0.42857142857142855,anomaly_low_spo2,True,1
2026-05-26 16:36:23,patient_001,0.49612403100775193,True,synthetic_ad8232,0.11764705882352988,True,synthetic_max30102,0.2827586206896555,1719,0.5758835758835761,0.5752508361204014,0.0,False,False,0.0,0.003,0.818,False,anomaly_low_spo2,synthetic_ad8232_anomaly_low_spo2,real,False,0.1741444305474727,0.2940971756046209,0.343906510851419,0.0,anomaly_low_spo2,True,1
2026-05-26 16:36:28,patient_001,0.6124031007751939,True,synthetic_ad8232,0.47058823529411775,True,synthetic_max30102,0.41724137931034555,1627,0.42203742203742234,0.4230769230769229,0.0,False,False,0.084,-0.093,1.052,False,anomaly_low_spo2,synthetic_ad8232_anomaly_low_spo2,real,False,0.22705274497285757,0.465359134640582,0.40901502504173615,0.0,anomaly_low_spo2,True,1
2026-05-26 16:36:33,patient_001,0.3875968992248062,True,synthetic_ad8232,0.23529411764705888,True,synthetic_max30102,0.41034482758620605,2651,0.23700623700623735,0.23745819397993317,0.0,False,False,0.135,-0.049,1.164,False,anomaly_low_spo2,synthetic_ad8232_anomaly_low_spo2,real,False,0.25190105621605513,0.4634858262593727,0.41068447412353914,0.5714285714285714,anomaly_low_spo2,True,1
2026-05-26 16:36:38,patient_001,0.3023255813953488,True,synthetic_ad8232,0.29411764705882426,True,synthetic_max30102,0.38965517241379466,2002,0.56964656964657,0.5702341137123743,0.0,False,False,0.006,0.11,1.14,False,anomaly_low_spo2,synthetic_ad8232_anomaly_low_spo2,real,False,0.24587109703418014,0.4833934758759097,0.40400667779632704,0.0,anomaly_low_spo2,True,1
2026-05-26 16:36:43,patient_001,0.4496124031007752,True,synthetic_ad8232,0.17647058823529438,True,synthetic_max30102,0.3275862068965534,1915,0.17255717255717284,0.17224080267558506,0.0,False,False,-0.075,-0.014,1.015,False,anomaly_low_spo2,synthetic_ad8232_anomaly_low_spo2,real,False,0.21794194996906543,0.40433739150052167,0.4407345575959932,0.2857142857142857,anomaly_low_spo2,True,1
2026-05-26 16:36:48,patient_001,0.6124031007751939,True,synthetic_ad8232,0.41176470588235325,True,synthetic_max30102,0.3793103448275872,2131,0.6528066528066532,0.652173913043478,0.0,False,False,-0.1,0.076,0.758,False,anomaly_low_spo2,synthetic_ad8232_anomaly_low_spo2,real,False,0.163259665013637,0.47826688735905226,0.4657762938230383,0.0,anomaly_low_spo2,True,1
2026-05-26 16:36:53,patient_001,0.6511627906976744,True,synthetic_ad8232,0.058823529411765385,True,synthetic_max30102,0.5586206896551715,2468,0.5904365904365907,0.5903010033444813,0.0,False,False,0.03,-0.003,0.853,False,anomaly_low_spo2,synthetic_ad8232_anomaly_low_spo2,real,False,0.18192996724664023,0.5147712962288743,0.4741235392320533,0.8571428571428571,anomaly_low_spo2,True,1
2026-05-26 16:36:58,patient_001,0.6511627906976744,True,synthetic_ad8232,0.41176470588235325,True,synthetic_max30102,0.3758620689655192,2689,0.39501039501039514,0.39464882943143786,0.0,False,False,-0.06,-0.107,1.137,False,anomaly_low_spo2,synthetic_ad8232_anomaly_low_spo2,real,False,0.24549598243349752,0.5335818918612819,0.5308848080133556,0.0,anomaly_low_spo2,True,1
2026-05-26 16:37:03,patient_001,0.4883720930232558,True,synthetic_ad8232,0.35294117647058876,True,synthetic_max30102,0.41034482758620605,2103,0.5550935550935554,0.5551839464882944,0.0,False,False,0.106,0.028,0.953,False,anomaly_low_spo2,synthetic_ad8232_anomaly_low_spo2,real,False,0.20510502577706444,0.33010349477456224,0.5709515859766275,0.14285714285714285,anomaly_low_spo2,True,1
2026-05-26 16:37:08,patient_001,0.32558139534883723,True,synthetic_ad8232,0.35294117647058876,True,synthetic_max30102,0.44137931034482847,2872,0.6548856548856552,0.6538461538461537,0.0,False,False,0.089,-0.015,0.869,False,anomaly_low_spo2,synthetic_ad8232_anomaly_low_spo2,real,False,0.18634389912173657,0.4863838754210062,0.5442404006677796,0.0,anomaly_low_spo2,True,1
2026-05-26 16:37:13,patient_001,0.5348837209302325,True,synthetic_ad8232,0.23529411764705888,True,synthetic_max30102,0.41034482758620605,2252,0.7380457380457384,0.7374581939799332,0.0,False,False,0.178,-0.005,0.927,False,anomaly_low_spo2,synthetic_ad8232_anomaly_low_spo2,real,False,0.20174389871548376,0.4689287250810286,0.5275459098497496,0.2857142857142857,anomaly_low_spo2,True,1
2026-05-26 16:37:18,patient_001,0.6434108527131782,True,synthetic_ad8232,0.11764705882352988,True,synthetic_max30102,0.5103448275862057,2488,0.33679833679833715,0.3377926421404682,0.0,False,False,0.247,0.033,0.964,False,anomaly_low_spo2,synthetic_ad8232_anomaly_low_spo2,real,False,0.2130822848757103,0.4630163149186096,0.5258764607679466,0.2857142857142857,anomaly_low_spo2,True,1
2026-05-26 16:37:33,patient_001,0.4728682170542635,True,synthetic_ad8232,0.17647058823529438,True,synthetic_max30102,0.4551724137931039,2606,0.22869022869022881,0.22909698996655514,0.0,False,False,0.232,-0.005,1.028,False,anomaly_low_spo2,synthetic_ad8232_anomaly_low_spo2,real,False,0.22583160919923248,0.4291286300578866,0.4657762938230383,0.0,anomaly_low_spo2,True,1
2026-05-26 16:37:38,patient_001,0.3643410852713178,True,synthetic_ad8232,0.41176470588235325,True,synthetic_max30102,0.43448275862068897,1855,0.5738045738045741,0.5735785953177257,0.0,False,False,0.101,0.097,0.945,False,anomaly_low_spo2,synthetic_ad8232_anomaly_low_spo2,real,False,0.20423582621780195,0.4364990595473458,0.4290484140233721,0.0,anomaly_low_spo2,True,1
2026-05-26 16:37:43,patient_001,0.5193798449612402,True,synthetic_ad8232,0.23529411764705888,True,synthetic_max30102,0.4896551724137943,2150,0.5010395010395015,0.5016722408026753,0.0,False,False,-0.006,0.035,0.883,False,anomaly_low_spo2,synthetic_ad8232_anomaly_low_spo2,real,False,0.18854395050663417,0.2730028552583148,0.40233722871452415,0.42857142857142855,anomaly_low_spo2,True,1
2026-05-26 16:37:48,patient_001,0.3565891472868217,True,synthetic_ad8232,0.29411764705882426,True,synthetic_max30102,0.4655172413793114,2725,0.750519750519751,0.7508361204013378,0.0,False,False,-0.022,0.017,0.889,False,anomaly_low_spo2,synthetic_ad8232_anomaly_low_spo2,real,False,0.18979764652208728,0.25401866848940374,0.40734557595993315,0.0,anomaly_low_spo2,True,1
2026-05-26 16:37:53,patient_001,0.45736434108527135,True,synthetic_ad8232,0.47058823529411775,True,synthetic_max30102,0.21034482758620676,2164,0.4137214137214138,0.4130434782608696,0.0,False,False,-0.216,-0.01,0.852,False,anomaly_low_spo2,synthetic_ad8232_anomaly_low_spo2,real,False,0.18751333145701368,0.24678017901246788,0.42404006677796324,0.0,anomaly_low_spo2,True,1
2026-05-26 16:37:58,patient_001,0.5426356589147286,True,synthetic_ad8232,0.11764705882352988,True,synthetic_max30102,0.49655172413793025,2188,0.6694386694386698,0.6688963210702341,0.0,False,False,0.041,0.065,0.938,False,anomaly_low_spo2,synthetic_ad8232_anomaly_low_spo2,real,False,0.20112916474315737,0.29825855760774733,0.4390651085141902,0.8571428571428571,anomaly_low_spo2,True,1
2026-05-26 16:38:03,patient_001,0.6434108527131782,True,synthetic_ad8232,0.17647058823529438,True,synthetic_max30102,0.5379310344827601,989,0.4615384615384617,0.46153846153846123,0.0,False,False,0.034,-0.003,1.053,False,anomaly_low_spo2,synthetic_ad8232_anomaly_low_spo2,real,False,0.22576308205077134,0.3686984127154557,0.4991652754590984,0.0,anomaly_low_spo2,True,1
2026-05-26 16:38:08,patient_001,0.13953488372093026,True,synthetic_ad8232,0.47058823529411775,True,synthetic_max30102,0.5965517241379299,2010,0.2910602910602913,0.29096989966555187,0.0,False,False,0.229,0.028,0.861,False,anomaly_low_spo2,synthetic_ad8232_anomaly_low_spo2,real,False,0.1902224439134669,0.6697468657683149,0.41736227045075125,0.0,anomaly_low_spo2,True,1
2026-05-26 16:38:13,patient_001,0.3023255813953488,True,synthetic_ad8232,0.47058823529411775,True,synthetic_max30102,0.7172413793103445,2234,0.6216216216216219,0.6204013377926421,0.0,False,False,0.088,0.029,0.861,False,anomaly_low_spo2,synthetic_ad8232_anomaly_low_spo2,real,False,0.1846557744137202,0.6921062726078951,0.40567612687813015,0.0,anomaly_low_spo2,True,1
2026-05-26 16:38:18,patient_001,0.3875968992248062,True,synthetic_ad8232,0.35294117647058876,True,synthetic_max30102,0.3793103448275872,2564,0.4116424116424118,0.41137123745819393,0.0,False,False,0.055,-0.114,1.099,False,anomaly_low_spo2,synthetic_ad8232_anomaly_low_spo2,real,False,0.23731452814971588,0.6883248168073707,0.39065108514190305,0.2857142857142857,anomaly_low_spo2,True,1
2026-05-26 16:38:23,patient_001,0.4031007751937984,True,synthetic_ad8232,0.29411764705882426,True,synthetic_max30102,0.30344827586207046,2140,0.43035343035343043,0.43143812709030094,0.0,False,False,0.116,-0.058,0.941,False,anomaly_low_spo2,synthetic_ad8232_anomaly_low_spo2,real,False,0.20304717989015778,0.6350752120055831,0.3606010016694491,0.14285714285714285,anomaly_low_spo2,True,1
2026-05-26 16:38:28,patient_001,0.21705426356589141,True,synthetic_ad8232,0.23529411764705888,True,synthetic_max30102,0.5448275862068961,1611,0.3555093555093558,0.35618729096989954,0.0,False,False,0.002,0.008,1.006,False,anomaly_low_spo2,synthetic_ad8232_anomaly_low_spo2,real,False,0.21534956163570917,0.39000787273599485,0.26878130217028373,0.14285714285714285,anomaly_low_spo2,True,1
2026-05-26 16:38:48,patient_001,0.5116279069767442,True,synthetic_ad8232,0.47058823529411775,True,synthetic_max30102,0.2517241379310331,1532,0.41580041580041627,0.41638795986622057,0.0,False,False,-0.044,0.006,0.948,False,anomaly_low_spo2,synthetic_ad8232_anomaly_low_spo2,real,False,0.20285964960698974,0.39315538821653534,0.3672787979966611,0.0,anomaly_low_spo2,True,1
2026-05-26 16:38:53,patient_001,0.5968992248062016,True,synthetic_ad8232,0.11764705882352988,True,synthetic_max30102,0.4241379310344815,1912,0.29729729729729737,0.2976588628762542,0.0,False,False,0.145,0.027,0.892,False,anomaly_low_spo2,synthetic_ad8232_anomaly_low_spo2,real,False,0.1930140266023082,0.35517734462110057,0.4490818030050082,0.8571428571428571,anomaly_low_spo2,True,1
2026-05-26 16:38:58,patient_001,0.33333333333333337,True,synthetic_ad8232,0.29411764705882426,True,synthetic_max30102,0.27931034482758754,2014,0.6133056133056134,0.6137123745819397,0.0,False,False,0.121,0.042,1.009,False,anomaly_low_spo2,synthetic_ad8232_anomaly_low_spo2,real,False,0.21777395481707904,0.40451665880771137,0.43071786310517524,0.0,anomaly_low_spo2,True,1
2026-05-26 16:39:03,patient_001,0.33333333333333337,True,synthetic_ad8232,0.23529411764705888,True,synthetic_max30102,0.4241379310344815,2179,0.3284823284823286,0.3294314381270902,0.0,False,False,0.031,-0.053,0.788,False,anomaly_low_spo2,synthetic_ad8232_anomaly_low_spo2,real,False,0.16809235388978536,0.43807412536812174,0.40901502504173615,0.14285714285714285,anomaly_low_spo2,True,1
2026-05-26 16:39:08,patient_001,0.4418604651162791,True,synthetic_ad8232,0.47058823529411775,True,synthetic_max30102,0.6827586206896541,3018,0.6860706860706864,0.6856187290969897,0.0,False,False,0.116,0.168,1.067,False,anomaly_low_spo2,synthetic_ad8232_anomaly_low_spo2,real,False,0.23295159385735098,0.397738842045127,0.43405676126878123,0.0,anomaly_low_spo2,True,1
2026-05-26 16:39:13,patient_001,0.5426356589147286,True,synthetic_ad8232,0.41176470588235325,True,synthetic_max30102,0.4241379310344815,1973,0.3700623700623704,0.3712374581939799,0.0,False,False,0.036,-0.004,1.052,False,anomaly_low_spo2,synthetic_ad8232_anomaly_low_spo2,real,False,0.22555935625110274,0.4162646989263523,0.4407345575959932,0.14285714285714285,anomaly_low_spo2,True,1
2026-05-26 16:39:18,patient_001,0.13953488372093026,True,synthetic_ad8232,0.47058823529411775,True,synthetic_max30102,0.4206896551724135,1642,0.5571725571725574,0.5568561872909696,0.0,False,False,0.086,0.176,1.02,False,anomaly_low_spo2,synthetic_ad8232_anomaly_low_spo2,real,False,0.22249488016457072,0.5212096866391978,0.342237061769616,0.0,anomaly_low_spo2,True,1
2026-05-26 16:39:23,patient_001,0.6821705426356589,True,synthetic_ad8232,0.41176470588235325,True,synthetic_max30102,0.47241379310344733,1478,0.7214137214137217,0.7207357859531771,0.0,False,False,0.183,-0.087,0.961,False,anomaly_low_spo2,synthetic_ad8232_anomaly_low_spo2,real,False,0.21011116844922093,0.7163004594076502,0.41736227045075125,0.14285714285714285,anomaly_low_spo2,True,1
2026-05-26 16:39:28,patient_001,0.49612403100775193,True,synthetic_ad8232,0.35294117647058876,True,synthetic_max30102,0.6862068965517256,1554,0.39501039501039514,0.39464882943143786,0.0,False,False,-0.118,0.191,0.934,False,anomaly_low_spo2,synthetic_ad8232_anomaly_low_spo2,real,False,0.20539403746585508,0.6958150840487245,0.4524207011686143,0.14285714285714285,anomaly_low_spo2,True,1
2026-05-26 16:39:33,patient_001,0.2945736434108527,True,synthetic_ad8232,0.35294117647058876,True,synthetic_max30102,0.3137931034482744,2165,0.32224532224532254,0.32274247491638786,0.0,False,False,0.114,-0.036,0.869,False,anomaly_low_spo2,synthetic_ad8232_anomaly_low_spo2,real,False,0.18711315255448294,0.7436626572284692,0.42070116861435713,0.0,anomaly_low_spo2,True,1
2026-05-26 16:39:38,patient_001,0.39534883720930225,True,synthetic_ad8232,0.29411764705882426,True,synthetic_max30102,0.5310344827586206,2292,0.43866943866943897,0.43979933110367897,0.0,False,False,0.148,-0.001,0.886,False,anomaly_low_spo2,synthetic_ad8232_anomaly_low_spo2,real,False,0.19173531801757301,0.7114764904696242,0.38898163606010006,0.14285714285714285,anomaly_low_spo2,True,1
2026-05-26 16:39:43,patient_001,0.24806201550387597,True,synthetic_ad8232,0.17647058823529438,True,synthetic_max30102,0.3620689655172402,1261,0.1538461538461542,0.15551839464882944,0.0,False,False,0.019,-0.046,1.061,False,anomaly_low_spo2,synthetic_ad8232_anomaly_low_spo2,real,False,0.22765069813840777,0.6025634598284425,0.41235392320534214,0.2857142857142857,anomaly_low_spo2,True,1
2026-05-26 16:39:48,patient_001,0.3875968992248062,True,synthetic_ad8232,0.29411764705882426,True,synthetic_max30102,0.27241379310344804,1821,0.44906444906444953,0.44816053511705656,0.0,False,False,-0.021,-0.01,0.951,False,anomaly_low_spo2,synthetic_ad8232_anomaly_low_spo2,real,False,0.20335159999752403,0.33522506293357757,0.348914858096828,0.0,anomaly_low_spo2,True,1
2026-05-26 16:40:08,patient_001,0.4418604651162791,True,synthetic_ad8232,0.47058823529411775,True,synthetic_max30102,0.18965517241379182,2449,0.5239085239085242,0.523411371237458,0.0,False,False,0.242,-0.013,1.004,False,anomaly_low_spo2,synthetic_ad8232_anomaly_low_spo2,real,False,0.22122295587705085,0.3014020260778947,0.4540901502504172,0.0,anomaly_low_spo2,True,1
2026-05-26 16:40:13,patient_001,0.45736434108527135,True,synthetic_ad8232,0.41176470588235325,True,synthetic_max30102,0.5103448275862057,1417,0.5758835758835761,0.5752508361204014,0.0,False,False,0.216,0.082,1.186,False,anomaly_low_spo2,synthetic_ad8232_anomaly_low_spo2,real,False,0.25967366518555685,0.26696073589623404,0.4691151919866444,0.14285714285714285,anomaly_low_spo2,True,1
2026-05-26 16:40:18,patient_001,0.6821705426356589,True,synthetic_ad8232,0.23529411764705888,True,synthetic_max30102,0.6275862068965523,2086,0.6029106029106033,0.603678929765886,0.0,False,False,0.043,0.136,0.921,False,anomaly_low_spo2,synthetic_ad8232_anomaly_low_spo2,real,False,0.19912108752964822,0.3747446507312004,0.4841402337228714,0.42857142857142855,anomaly_low_spo2,True,1
2026-05-26 16:40:23,patient_001,0.6201550387596898,True,synthetic_ad8232,0.35294117647058876,True,synthetic_max30102,0.5620689655172431,2551,0.5280665280665282,0.5284280936454846,0.0,False,False,-0.176,0.021,1.031,False,anomaly_low_spo2,synthetic_ad8232_anomaly_low_spo2,real,False,0.2241353288257849,0.4016387803148792,0.5242070116861436,0.0,anomaly_low_spo2,True,1
2026-05-26 16:40:28,patient_001,0.3798449612403101,True,synthetic_ad8232,0.29411764705882426,True,synthetic_max30102,0.589655172413794,2148,0.2931392931392933,0.2943143812709028,0.0,False,False,-0.188,0.089,0.957,False,anomaly_low_spo2,synthetic_ad8232_anomaly_low_spo2,real,False,0.20950059795196732,0.44594729679350703,0.5125208681135224,0.14285714285714285,anomaly_low_spo2,True,1
2026-05-26 16:40:33,patient_001,0.5813953488372093,True,synthetic_ad8232,0.41176470588235325,True,synthetic_max30102,0.431034482758621,1795,0.38669438669438705,0.3862876254180603,0.0,False,False,0.128,0.117,0.981,False,anomaly_low_spo2,synthetic_ad8232_anomaly_low_spo2,real,False,0.21319670289877596,0.4280290575025899,0.5425709515859766,0.0,anomaly_low_spo2,True,1
2026-05-26 16:40:38,patient_001,0.5271317829457364,True,synthetic_ad8232,0.29411764705882426,True,synthetic_max30102,0.3206896551724139,2660,0.5155925155925161,0.5150501672240799,0.0,False,False,-0.128,0.113,0.935,False,anomaly_low_spo2,synthetic_ad8232_anomaly_low_spo2,real,False,0.20317137615714276,0.39801217079715123,0.5575959933222036,0.2857142857142857,anomaly_low_spo2,True,1
2026-05-26 16:40:43,patient_001,0.26356589147286824,True,synthetic_ad8232,0.29411764705882426,True,synthetic_max30102,0.427586206896553,2545,0.4698544698544702,0.46989966555183926,0.0,False,False,0.078,0.154,0.857,False,anomaly_low_spo2,synthetic_ad8232_anomaly_low_spo2,real,False,0.18646200335011276,0.5177204943392011,0.4674457429048413,0.0,anomaly_low_spo2,True,1
2026-05-26 16:40:48,patient_001,0.4031007751937984,True,synthetic_ad8232,0.29411764705882426,True,synthetic_max30102,0.5000000000000018,2421,0.2910602910602913,0.29096989966555187,0.0,False,False,0.074,0.088,1.046,False,anomaly_low_spo2,synthetic_ad8232_anomaly_low_spo2,real,False,0.22548856156828898,0.43691410105933604,0.42070116861435713,0.0,anomaly_low_spo2,True,1
2026-05-26 16:40:53,patient_001,0.5736434108527132,True,synthetic_ad8232,0.29411764705882426,True,synthetic_max30102,0.26896551724138007,1497,0.43035343035343043,0.43143812709030094,0.0,False,False,0.029,0.049,0.876,False,anomaly_low_spo2,synthetic_ad8232_anomaly_low_spo2,real,False,0.18725862095988158,0.4708573699114955,0.4624373956594322,0.0,anomaly_low_spo2,True,1
2026-05-26 16:41:03,patient_001,0.33333333333333337,True,synthetic_ad8232,0.23529411764705888,True,synthetic_max30102,0.45172413793103594,3099,0.35966735966735985,0.3595317725752505,0.0,False,False,0.055,0.011,0.948,False,anomaly_low_spo2,synthetic_ad8232_anomaly_low_spo2,real,False,0.20299514996551757,0.43525156039858853,0.40400667779632704,0.14285714285714285,anomaly_low_spo2,True,1
2026-05-26 16:41:08,patient_001,0.33333333333333337,True,synthetic_ad8232,0.23529411764705888,True,synthetic_max30102,0.7931034482758612,2381,0.28066528066528074,0.28093645484949814,0.0,False,False,0.082,-0.108,1.074,False,anomaly_low_spo2,synthetic_ad8232_anomaly_low_spo2,real,False,0.23211245911663783,0.3704639379568138,0.41903171953255425,0.0,anomaly_low_spo2,True,1
2026-05-26 16:41:13,patient_001,0.4031007751937984,True,synthetic_ad8232,0.23529411764705888,True,synthetic_max30102,0.6413793103448278,2308,0.3679833679833684,0.3678929765886285,0.0,False,False,0.097,0.127,1.033,False,anomaly_low_spo2,synthetic_ad8232_anomaly_low_spo2,real,False,0.22395185488624447,0.3704639379568138,0.41903171953255425,0.0,anomaly_low_spo2,True,1
2026-05-26 16:41:18,patient_001,0.5736434108527132,True,synthetic_ad8232,0.29411764705882426,True,synthetic_max30102,0.6655172413793107,1605,0.5010395010395015,0.5016722408026753,0.0,False,False,0.125,0.051,1.015,False,anomaly_low_spo2,synthetic_ad8232_anomaly_low_spo2,real,False,0.2192733579234932,0.3704639379568138,0.41903171953255425,0.0,anomaly_low_spo2,True,1
2026-05-26 16:41:23,patient_001,0.41860465116279066,True,synthetic_ad8232,0.29411764705882426,True,synthetic_max30102,0.3965517241379306,2218,0.5301455301455302,0.5301003344481603,0.0,False,False,0.074,0.032,1.067,False,anomaly_low_spo2,synthetic_ad8232_anomaly_low_spo2,real,False,0.22937643682537254,0.3413332298690001,0.40066777963272115,0.0,anomaly_low_spo2,True,1
2026-05-26 16:41:33,patient_001,0.48062015503875966,True,synthetic_ad8232,0.29411764705882426,True,synthetic_max30102,0.5241379310344847,2171,0.3908523908523911,0.3913043478260869,0.0,False,False,0.047,0.011,1.024,False,anomaly_low_spo2,synthetic_ad8232_anomaly_low_spo2,real,False,0.21953591366224426,0.40478541090831893,0.41569282136894814,0.42857142857142855,anomaly_low_spo2,True,1
2026-05-26 16:41:38,patient_001,0.4496124031007752,True,synthetic_ad8232,0.35294117647058876,True,synthetic_max30102,0.3724137931034477,1602,0.3700623700623704,0.3695652173913042,0.0,False,False,0.111,-0.061,0.933,False,anomaly_low_spo2,synthetic_ad8232_anomaly_low_spo2,real,False,0.20122007185220556,0.40317021107299483,0.42570951585976624,0.0,anomaly_low_spo2,True,1
2026-05-26 16:41:43,patient_001,0.5503875968992248,True,synthetic_ad8232,0.17647058823529438,True,synthetic_max30102,0.36551724137931174,2379,0.33056133056133064,0.3311036789297659,0.0,False,False,0.166,-0.027,0.971,False,anomaly_low_spo2,synthetic_ad8232_anomaly_low_spo2,real,False,0.21084035133880127,0.3801231165055314,0.42070116861435713,0.42857142857142855,anomaly_low_spo2,True,1
2026-05-26 16:41:48,patient_001,0.5348837209302325,True,synthetic_ad8232,0.41176470588235325,True,synthetic_max30102,0.5137931034482772,2543,0.6548856548856552,0.6538461538461537,0.0,False,False,0.047,-0.022,0.909,False,anomaly_low_spo2,synthetic_ad8232_anomaly_low_spo2,real,False,0.19440961283793914,0.4103885514250166,0.4457429048414022,0.0,anomaly_low_spo2,True,1
2026-05-26 16:41:53,patient_001,0.3410852713178294,True,synthetic_ad8232,0.29411764705882426,True,synthetic_max30102,0.41034482758620605,1375,0.27442827442827467,0.2759197324414715,0.0,False,False,-0.073,0.048,0.948,False,anomaly_low_spo2,synthetic_ad8232_anomaly_low_spo2,real,False,0.2035122181614816,0.289625843328023,0.4641068447412353,0.2857142857142857,anomaly_low_spo2,True,1
2026-05-26 16:42:03,patient_001,0.32558139534883723,True,synthetic_ad8232,0.29411764705882426,True,synthetic_max30102,0.29655172413793096,2492,0.35966735966735985,0.3595317725752505,0.0,False,False,0.094,-0.064,1.082,False,anomaly_low_spo2,synthetic_ad8232_anomaly_low_spo2,real,False,0.23330303896179344,0.4844422154725483,0.38397328881469106,0.0,anomaly_low_spo2,True,1
2026-05-26 16:42:08,patient_001,0.28682170542635654,True,synthetic_ad8232,0.23529411764705888,True,synthetic_max30102,0.4931034482758623,2102,0.6569646569646572,0.6571906354515047,0.0,False,False,0.157,0.197,0.994,False,anomaly_low_spo2,synthetic_ad8232_anomaly_low_spo2,real,False,0.21959875316642236,0.39782997249472374,0.327212020033389,0.14285714285714285,anomaly_low_spo2,True,1
2026-05-26 16:42:13,patient_001,0.5658914728682171,True,synthetic_ad8232,0.17647058823529438,True,synthetic_max30102,0.5000000000000018,2185,0.2931392931392933,0.2926421404682271,0.0,False,False,-0.194,-0.082,1.037,False,anomaly_low_spo2,synthetic_ad8232_anomaly_low_spo2,real,False,0.22677540223705017,0.44301125487090004,0.333889816360601,0.14285714285714285,anomaly_low_spo2,True,1
2026-05-26 16:42:28,patient_001,0.49612403100775193,True,synthetic_ad8232,0.35294117647058876,True,synthetic_max30102,0.38275862068965516,2436,0.5405405405405408,0.540133779264214,0.0,False,False,0.102,0.216,1.037,False,anomaly_low_spo2,synthetic_ad8232_anomaly_low_spo2,real,False,0.22808675372372061,0.4590850473421076,0.5008347245409014,0.0,anomaly_low_spo2,True,1
2026-05-26 16:42:33,patient_001,0.24806201550387597,True,synthetic_ad8232,0.35294117647058876,True,synthetic_max30102,0.32413793103448185,2482,0.2785862785862787,0.27926421404682245,0.0,False,False,-0.019,0.246,0.965,False,anomaly_low_spo2,synthetic_ad8232_anomaly_low_spo2,real,False,0.21316018366240258,0.5152640014860674,0.4924874791318864,0.0,anomaly_low_spo2,True,1
2026-05-26 16:42:43,patient_001,0.34883720930232553,True,synthetic_ad8232,0.41176470588235325,True,synthetic_max30102,0.6620689655172427,2120,0.2931392931392933,0.2926421404682271,0.0,False,False,-0.045,0.011,1.029,False,anomaly_low_spo2,synthetic_ad8232_anomaly_low_spo2,real,False,0.22061084813224316,0.5444099768250683,0.39565943238731205,0.0,anomaly_low_spo2,True,1
2026-05-26 16:42:48,patient_001,0.39534883720930225,True,synthetic_ad8232,0.23529411764705888,True,synthetic_max30102,0.4551724137931039,1990,0.34927234927234974,0.3494983277591972,0.0,False,False,0.047,0.046,0.93,False,anomaly_low_spo2,synthetic_ad8232_anomaly_low_spo2,real,False,0.1991962001110779,0.3245663107512478,0.343906510851419,0.42857142857142855,anomaly_low_spo2,True,1
2026-05-26 16:42:53,patient_001,0.41860465116279066,True,synthetic_ad8232,0.23529411764705888,True,synthetic_max30102,0.4862068965517228,2703,0.313929313929314,0.3143812709030098,0.0,False,False,-0.141,-0.043,0.962,False,anomaly_low_spo2,synthetic_ad8232_anomaly_low_spo2,real,False,0.20816053471549986,0.23673385968615152,0.327212020033389,0.0,anomaly_low_spo2,True,1
2026-05-26 16:42:58,patient_001,0.4263565891472868,True,synthetic_ad8232,0.29411764705882426,True,synthetic_max30102,0.38965517241379466,1896,0.3035343035343039,0.30434782608695654,0.0,False,False,0.038,-0.092,0.973,False,anomaly_low_spo2,synthetic_ad8232_anomaly_low_spo2,real,False,0.2092232853152527,0.1713555374664085,0.36560934891485797,0.0,anomaly_low_spo2,True,1
2026-05-26 16:43:03,patient_001,0.13953488372093026,True,synthetic_ad8232,0.17647058823529438,True,synthetic_max30102,0.6241379310344843,1908,0.44698544698544707,0.4464882943143813,0.0,False,False,0.123,0.162,1.129,False,anomaly_low_spo2,synthetic_ad8232_anomaly_low_spo2,real,False,0.2462800392963097,0.41390673453193116,0.3288814691151919,0.2857142857142857,anomaly_low_spo2,True,1
2026-05-26 16:43:08,patient_001,0.2945736434108527,True,synthetic_ad8232,0.47058823529411775,True,synthetic_max30102,0.4551724137931039,2617,0.3762993762993765,0.37625418060200655,0.0,False,False,0.289,-0.007,1.187,False,anomaly_low_spo2,synthetic_ad8232_anomaly_low_spo2,real,False,0.26261028719711066,0.42119927654998307,0.3171953255425709,0.0,anomaly_low_spo2,True,1
2026-05-26 16:43:13,patient_001,0.6356589147286821,True,synthetic_ad8232,0.17647058823529438,True,synthetic_max30102,0.38965517241379466,2136,0.47401247401247426,0.47324414715719065,0.0,False,False,-0.063,-0.093,1.057,False,anomaly_low_spo2,synthetic_ad8232_anomaly_low_spo2,real,False,0.2278228062105887,0.635930839840503,0.3689482470784641,0.7142857142857142,anomaly_low_spo2,True,1
2026-05-26 16:43:18,patient_001,0.49612403100775193,True,synthetic_ad8232,0.058823529411765385,True,synthetic_max30102,0.6034482758620694,2178,0.6548856548856552,0.6538461538461537,0.0,False,False,0.005,0.083,1.052,False,anomaly_low_spo2,synthetic_ad8232_anomaly_low_spo2,real,False,0.22614175480281817,0.6599873232680314,0.38564273789649417,0.2857142857142857,anomaly_low_spo2,True,1
2026-05-26 16:43:23,patient_001,0.16279069767441856,True,synthetic_ad8232,0.29411764705882426,True,synthetic_max30102,0.47241379310344733,2213,0.16632016632016633,0.16722408026755842,0.0,False,False,-0.063,0.045,0.954,False,anomaly_low_spo2,synthetic_ad8232_anomaly_low_spo2,real,False,0.20463401729352543,0.7475521328017424,0.3288814691151919,0.0,anomaly_low_spo2,True,1
2026-05-26 16:43:28,patient_001,0.34883720930232553,True,synthetic_ad8232,0.7058823529411766,True,synthetic_max30102,0.39310344827586263,2685,0.48024948024948033,0.479933110367893,0.0,False,False,-0.003,0.006,0.054,True,fall,synthetic_ad8232_fall,real,False,0.006808744811369752,0.0,0.3322203672787979,0.0,fall,True,1
2026-05-26 16:43:33,patient_001,0.5193798449612402,True,synthetic_ad8232,0.8235294117647065,True,synthetic_max30102,0.5206896551724132,1233,0.313929313929314,0.3143812709030098,0.0,False,False,-0.07,-0.016,0.036,True,fall,synthetic_ad8232_fall,real,False,0.012486586586893708,0.4188690915845533,0.42404006677796324,0.0,fall,True,1
2026-05-26 16:43:38,patient_001,0.24031007751937983,True,synthetic_ad8232,0.7058823529411766,True,synthetic_max30102,0.44137931034482847,2337,0.35758835758835783,0.35785953177257523,0.0,False,False,0.006,-0.035,0.145,True,fall,synthetic_ad8232_fall,real,False,0.02759884070722218,0.4886393940628377,0.3544796883695047,0.2857142857142857,fall,True,1
2026-05-26 16:43:43,patient_001,0.45736434108527135,True,synthetic_ad8232,0.5882352941176476,True,synthetic_max30102,0.4379310344827605,2528,0.5280665280665282,0.5284280936454846,0.0,False,False,1.39,1.61,2.805,True,fall,synthetic_ad8232_fall,real,False,0.7663250839626,0.42715301916420595,0.37813021702838057,0.2857142857142857,fall,True,1
2026-05-26 16:43:58,patient_001,0.24806201550387597,True,synthetic_ad8232,0.7647058823529411,True,synthetic_max30102,0.431034482758621,1963,0.4532224532224536,0.45317725752508364,0.0,False,False,0.016,0.017,0.0,True,fall,synthetic_ad8232_fall,real,False,0.0,0.4507177870895787,0.25041736227045075,0.0,fall,True,1
2026-05-26 16:44:08,patient_001,0.32558139534883723,True,synthetic_ad8232,0.882352941176471,True,synthetic_max30102,0.3448275862068968,2657,0.5862785862785866,0.5852842809364547,0.0,False,False,1.188,-1.46,2.874,True,fall,synthetic_ad8232_fall,real,False,0.7477557676173884,0.39527037808320303,0.25709515859766274,0.0,fall,True,1
2026-05-26 16:44:13,patient_001,0.4263565891472868,True,synthetic_ad8232,0.5294117647058831,True,synthetic_max30102,0.3137931034482744,1774,0.3555093555093558,0.35618729096989954,0.0,False,False,0.947,-1.214,0.614,True,fall,synthetic_ad8232_fall,real,False,0.3581334647763337,0.45829474713939744,0.2804674457429047,0.8571428571428571,fall,True,1
2026-05-26 16:44:18,patient_001,0.41860465116279066,True,synthetic_ad8232,0.8235294117647065,True,synthetic_max30102,0.431034482758621,2410,0.3783783783783785,0.37792642140468224,0.0,False,False,-0.064,0.01,0.107,True,fall,synthetic_ad8232_fall,real,False,0.02229448105930856,0.2651896065864116,0.348914858096828,0.0,fall,True,1
2026-05-26 16:44:23,patient_001,0.4496124031007752,True,synthetic_ad8232,0.882352941176471,True,synthetic_max30102,0.47241379310344733,1721,0.5343035343035347,0.5351170568561874,0.0,False,False,-0.051,-0.05,0.153,True,fall,synthetic_ad8232_fall,real,False,0.03188617728277403,0.1642260706359288,0.39232053422370616,0.0,fall,True,1
2026-05-26 16:44:33,patient_001,0.4883720930232558,True,synthetic_ad8232,0.882352941176471,True,synthetic_max30102,0.4241379310344815,1491,0.19334719334719352,0.19397993311036776,0.0,False,False,-0.107,-0.016,0.004,True,fall,synthetic_ad8232_fall,real,False,0.018609279005629593,0.09443286971045424,0.43739565943238723,0.0,fall,True,1
2026-05-26 16:44:43,patient_001,0.1705426356589147,True,synthetic_ad8232,0.6470588235294121,True,synthetic_max30102,0.35862068965517224,2072,0.49688149688149696,0.4966555183946486,0.0,False,False,-1.266,-1.234,2.855,True,fall,synthetic_ad8232_fall,real,False,0.7307792418768075,0.5848568760233057,0.4290484140233721,0.14285714285714285,fall,True,1
2026-05-26 16:44:48,patient_001,0.5348837209302325,True,synthetic_ad8232,0.7647058823529411,True,synthetic_max30102,0.5000000000000018,2046,0.6819126819126824,0.6822742474916388,0.0,False,False,2.008,-1.163,-0.084,True,fall,synthetic_ad8232_fall,real,False,0.5037349035985256,0.6043055840295465,0.4474123539232052,0.0,fall,True,1
2026-05-26 16:44:53,patient_001,0.4883720930232558,True,synthetic_ad8232,0.8235294117647065,True,synthetic_max30102,0.6551724137931032,3452,0.5218295218295221,0.5217391304347823,0.0,False,False,1.441,-0.546,0.247,True,fall,synthetic_ad8232_fall,real,False,0.33688838270752935,0.6061025121230843,0.4557595993322202,0.0,fall,True,1
2026-05-26 16:44:58,patient_001,0.4728682170542635,True,synthetic_ad8232,0.5882352941176476,True,synthetic_max30102,0.4241379310344815,2032,0.49480249480249494,0.4949832775919729,0.0,False,False,-2.021,-1.723,0.657,True,fall,synthetic_ad8232_fall,real,False,0.5944248484670555,0.6046653968533471,0.4524207011686143,0.5714285714285714,fall,True,1
2026-05-26 16:45:03,patient_001,0.5348837209302325,True,synthetic_ad8232,0.8235294117647065,True,synthetic_max30102,0.4827586206896548,2033,0.4927234927234929,0.49331103678929766,0.0,False,False,0.011,0.054,0.125,True,fall,synthetic_ad8232_fall,real,False,0.024820974009993085,0.53256185290157,0.43071786310517524,0.0,fall,True,1
2026-05-26 16:45:08,patient_001,0.6434108527131782,True,synthetic_ad8232,0.7058823529411766,True,synthetic_max30102,0.49655172413793025,1478,0.43243243243243246,0.43311036789297663,0.0,False,False,-0.049,-0.065,0.059,True,fall,synthetic_ad8232_fall,real,False,0.016915303727036635,0.23162556503550677,0.5325542570951586,0.2857142857142857,fall,True,1
2026-05-26 16:45:13,patient_001,0.33333333333333337,True,synthetic_ad8232,0.8235294117647065,True,synthetic_max30102,0.6000000000000014,2109,0.47401247401247426,0.4749163879598659,0.0,False,False,-0.208,0.051,0.047,True,fall,synthetic_ad8232_fall,real,False,0.04293292406638817,0.3894497882057857,0.4891485809682804,0.0,fall,True,1
2026-05-26 16:45:18,patient_001,0.4031007751937984,True,synthetic_ad8232,0.7647058823529411,True,synthetic_max30102,0.44482758620689644,2406,0.1767151767151769,0.1772575250836117,0.0,False,False,-1.811,-0.883,3.033,True,fall,synthetic_ad8232_fall,real,False,0.7928333000495769,0.41521836790681316,0.4707846410684473,0.14285714285714285,fall,True,1
2026-05-26 16:45:23,patient_001,0.3643410852713178,True,synthetic_ad8232,0.8235294117647065,True,synthetic_max30102,0.33103448275862135,1916,0.43659043659043695,0.4364548494983276,0.0,False,False,0.158,-0.077,0.149,True,fall,synthetic_ad8232_fall,real,False,0.04537933278644689,0.4515213494802516,0.4474123539232052,0.0,fall,True,1
2026-05-26 16:45:28,patient_001,0.41860465116279066,True,synthetic_ad8232,0.5882352941176476,True,synthetic_max30102,0.4482758620689644,1863,0.4345114345114349,0.4347826086956519,0.0,False,False,-1.291,1.54,3.098,True,fall,synthetic_ad8232_fall,real,False,0.8041099154186686,0.4254807372301746,0.42237061769616013,0.5714285714285714,fall,True,1
2026-05-26 16:45:33,patient_001,0.5271317829457364,True,synthetic_ad8232,0.7647058823529411,True,synthetic_max30102,0.30689655172413843,1991,0.6361746361746365,0.6354515050167224,0.0,False,False,-0.001,-0.007,0.056,True,fall,synthetic_ad8232_fall,real,False,0.007253516130960257,0.25643321388803897,0.39732888146911505,0.0,fall,True,1
2026-05-26 16:45:38,patient_001,0.2093023255813954,True,synthetic_ad8232,0.7058823529411766,True,synthetic_max30102,0.6068965517241374,2177,0.34719334719334727,0.3478260869565215,0.0,False,False,-1.94,1.811,0.007,True,fall,synthetic_ad8232_fall,real,False,0.5764759405313638,0.3996482176742865,0.37061769616026696,0.14285714285714285,fall,True,1
2026-05-26 16:45:43,patient_001,0.31007751937984496,True,synthetic_ad8232,0.7647058823529411,True,synthetic_max30102,0.4862068965517228,1755,0.13929313929313958,0.14046822742474907,0.0,False,False,-0.015,-0.024,0.142,True,fall,synthetic_ad8232_fall,real,False,0.026614447759612924,0.41250306203811526,0.350584307178631,0.0,fall,True,1
2026-05-26 16:45:48,patient_001,0.3565891472868217,True,synthetic_ad8232,0.882352941176471,True,synthetic_max30102,0.44137931034482847,1621,0.2266112266112268,0.22742474916387945,0.0,False,False,1.574,-1.268,0.401,True,fall,synthetic_ad8232_fall,real,False,0.44645214595283267,0.4127666142290137,0.348914858096828,0.0,fall,True,1
2026-05-26 16:45:53,patient_001,0.4883720930232558,True,synthetic_ad8232,0.882352941176471,True,synthetic_max30102,0.18275862068965587,1966,0.23908523908523938,0.23913043478260843,0.0,False,False,-0.011,-0.151,0.0,True,fall,synthetic_ad8232_fall,real,False,0.028062365861243384,0.45272401879376645,0.36393989983305497,0.0,fall,True,1
2026-05-26 16:45:58,patient_001,0.41860465116279066,True,synthetic_ad8232,0.8235294117647065,True,synthetic_max30102,0.38275862068965516,2403,0.32224532224532254,0.32274247491638786,0.0,False,False,-0.033,0.003,0.094,True,fall,synthetic_ad8232_fall,real,False,0.016725937054602118,0.3686984127154554,0.340567612687813,0.14285714285714285,fall,True,1
2026-05-26 16:46:08,patient_001,0.5736434108527132,True,synthetic_ad8232,0.7058823529411766,True,synthetic_max30102,0.45172413793103594,1935,0.3762993762993765,0.37625418060200655,0.0,False,False,-2.505,1.287,2.659,True,fall,synthetic_ad8232_fall,real,False,0.8436695798905408,0.33544126744682007,0.42570951585976624,0.0,fall,True,1
2026-05-26 16:46:13,patient_001,0.5038759689922481,True,synthetic_ad8232,0.7647058823529411,True,synthetic_max30102,0.2241379310344822,2144,0.34927234927234974,0.3494983277591972,0.0,False,False,-2.636,-1.123,2.89,True,fall,synthetic_ad8232_fall,real,False,0.886711581719403,0.30759260329057286,0.4574290484140233,0.0,fall,True,1
2026-05-26 16:46:18,patient_001,0.3643410852713178,True,synthetic_ad8232,0.6470588235294121,True,synthetic_max30102,0.5379310344827601,2314,0.34927234927234974,0.3494983277591972,0.0,False,False,0.076,-0.049,0.151,True,fall,synthetic_ad8232_fall,real,False,0.03345450588699531,0.3381321598135572,0.43071786310517524,0.2857142857142857,fall,True,1
2026-05-26 16:46:23,patient_001,0.3565891472868217,True,synthetic_ad8232,0.7647058823529411,True,synthetic_max30102,0.1724137931034484,1744,0.24948024948024994,0.25083612040133785,0.0,False,False,0.007,-0.033,0.185,True,fall,synthetic_ad8232_fall,real,False,0.03609405197245142,0.3629510821049577,0.41736227045075125,0.0,fall,True,1
2026-05-26 16:46:28,patient_001,0.3023255813953488,True,synthetic_ad8232,0.7058823529411766,True,synthetic_max30102,0.572413793103447,1475,0.384615384615385,0.3846153846153846,0.0,False,False,-2.198,0.764,0.492,True,fall,synthetic_ad8232_fall,real,False,0.5161025212583452,0.39453601539023725,0.40901502504173615,0.14285714285714285,fall,True,1
2026-05-26 16:46:33,patient_001,0.24031007751937983,True,synthetic_ad8232,0.7647058823529411,True,synthetic_max30102,0.5137931034482772,1659,0.47401247401247426,0.47324414715719065,0.0,False,False,1.623,1.28,3.321,True,fall,synthetic_ad8232_fall,real,False,0.8521115355519621,0.33930939197357307,0.3372287145242069,0.0,fall,True,1
2026-05-26 16:46:38,patient_001,0.3875968992248062,True,synthetic_ad8232,0.7647058823529411,True,synthetic_max30102,0.3344827586206893,1883,0.5072765072765075,0.5066889632107023,0.0,False,False,-2.338,1.993,2.791,True,fall,synthetic_ad8232_fall,real,False,0.9044730396154456,0.20559138359529414,0.3121869782971618,0.0,fall,True,1
2026-05-26 16:46:43,patient_001,0.5038759689922481,True,synthetic_ad8232,0.5294117647058831,True,synthetic_max30102,0.5000000000000018,1718,0.2931392931392933,0.2943143812709028,0.0,False,False,-1.925,-1.058,-0.2,True,fall,synthetic_ad8232_fall,real,False,0.4782421734948565,0.3434507019761131,0.342237061769616,0.5714285714285714,fall,True,1
2026-05-26 16:46:48,patient_001,0.4496124031007752,True,synthetic_ad8232,0.5294117647058831,True,synthetic_max30102,0.4482758620689644,1708,0.4636174636174637,0.4632107023411369,0.0,False,False,-1.511,-1.277,2.122,True,fall,synthetic_ad8232_fall,real,False,0.630653846058431,0.3714411592217675,0.36227045075125197,0.0,fall,True,1
2026-05-26 16:46:53,patient_001,0.34883720930232553,True,synthetic_ad8232,0.8235294117647065,True,synthetic_max30102,0.6206896551724128,2590,0.4054054054054057,0.4063545150501673,0.0,False,False,0.044,-0.116,0.095,True,fall,synthetic_ad8232_fall,real,False,0.02912724154218491,0.34972620335503823,0.37228714524206996,0.0,fall,True,1
2026-05-26 16:46:58,patient_001,0.34883720930232553,True,synthetic_ad8232,0.7647058823529411,True,synthetic_max30102,0.5758620689655185,2220,0.4636174636174637,0.4632107023411369,0.0,False,False,1.19,0.807,0.077,True,fall,synthetic_ad8232_fall,real,False,0.31042582190386425,0.2351976081603753,0.39565943238731205,0.14285714285714285,fall,True,1
2026-05-26 16:47:03,patient_001,0.4031007751937984,True,synthetic_ad8232,0.7647058823529411,True,synthetic_max30102,0.4206896551724135,1399,0.3659043659043659,0.36622073578595327,0.0,False,False,1.679,1.728,2.676,True,fall,synthetic_ad8232_fall,real,False,0.7839823652890079,0.2324067664608499,0.39899833055091816,0.0,fall,True,1
2026-05-26 16:47:08,patient_001,0.4031007751937984,True,synthetic_ad8232,0.7058823529411766,True,synthetic_max30102,0.589655172413794,1846,0.6361746361746365,0.6354515050167224,0.0,False,False,-2.117,-1.057,2.486,True,fall,synthetic_ad8232_fall,real,False,0.746999953535704,0.14821492757980054,0.37729549248747907,0.14285714285714285,fall,True,1
2026-05-26 16:47:13,patient_001,0.5038759689922481,True,synthetic_ad8232,0.882352941176471,True,synthetic_max30102,0.431034482758621,2337,0.5155925155925161,0.5150501672240799,0.0,False,False,-1.327,-2.093,0.14,True,fall,synthetic_ad8232_fall,real,False,0.538835286896195,0.21990421251983772,0.38898163606010006,0.0,fall,True,1
2026-05-26 16:47:23,patient_001,0.5658914728682171,True,synthetic_ad8232,0.7647058823529411,True,synthetic_max30102,0.6413793103448278,2035,0.6444906444906446,0.6438127090301,0.0,False,False,-0.001,0.054,0.069,True,fall,synthetic_ad8232_fall,real,False,0.014086300523163443,0.36275127417233366,0.42404006677796324,0.0,fall,True,1
2026-05-26 16:47:33,patient_001,0.10077519379844957,True,synthetic_ad8232,0.7647058823529411,True,synthetic_max30102,0.35862068965517224,2155,0.126819126819127,0.1270903010033444,0.0,False,False,0.08,0.046,0.104,True,fall,synthetic_ad8232_fall,real,False,0.025353630558189514,0.8341389083407434,0.42570951585976624,0.5714285714285714,fall,True,1
2026-05-26 16:48:03,patient_001,0.7131782945736435,True,synthetic_ad8232,0.7058823529411766,True,synthetic_max30102,0.5517241379310356,1601,0.6049896049896053,0.6053511705685617,0.0,False,False,-0.042,-0.059,0.124,True,fall,synthetic_ad8232_fall,real,False,0.02635305011136674,0.6150673437183762,0.43572621035058423,0.14285714285714285,fall,True,1
2026-05-26 16:48:08,patient_001,0.27131782945736427,True,synthetic_ad8232,0.5294117647058831,True,synthetic_max30102,0.5206896551724132,1742,0.32224532224532254,0.32274247491638786,0.0,False,False,-0.013,-0.135,0.014,True,fall,synthetic_ad8232_fall,real,False,0.024763168265973603,0.6150673437183762,0.43572621035058423,0.42857142857142855,fall,True,1
2026-05-26 16:48:18,patient_001,0.4263565891472868,True,synthetic_ad8232,0.6470588235294121,True,synthetic_max30102,0.21379310344827474,2489,0.3347193347193351,0.33444816053511683,0.0,False,False,-0.043,-0.131,0.134,True,fall,synthetic_ad8232_fall,real,False,0.03701772243300113,0.5573731514759429,0.4657762938230383,0.42857142857142855,fall,True,1
2026-05-26 16:48:28,patient_001,0.5116279069767442,True,synthetic_ad8232,0.7647058823529411,True,synthetic_max30102,0.3999999999999986,1969,0.5093555093555096,0.5083612040133776,0.0,False,False,-0.114,0.132,0.079,True,fall,synthetic_ad8232_fall,real,False,0.03684354362598193,0.33359906274225304,0.38230383973288806,0.0,fall,True,1
2026-05-26 16:48:33,patient_001,0.1937984496124031,True,synthetic_ad8232,0.7647058823529411,True,synthetic_max30102,0.4896551724137943,2557,0.21205821205821218,0.21237458193979908,0.0,False,False,1.691,-2.248,3.4,True,fall,synthetic_ad8232_fall,real,False,0.9619238655996414,0.4287060512945762,0.36560934891485797,0.0,fall,True,1
2026-05-26 16:48:43,patient_001,0.6434108527131782,True,synthetic_ad8232,0.7647058823529411,True,synthetic_max30102,0.6586206896551712,2209,0.38045738045738053,0.3812709030100332,0.0,False,False,-1.531,0.812,2.803,True,fall,synthetic_ad8232_fall,real,False,0.7170637604648475,0.627841903978161,0.38063439065108506,0.0,fall,True,1
2026-05-26 16:48:48,patient_001,0.4496124031007752,True,synthetic_ad8232,0.7647058823529411,True,synthetic_max30102,0.44137931034482847,1731,0.24324324324324342,0.2441471571906355,0.0,False,False,1.598,1.046,1.03,True,fall,synthetic_ad8232_fall,real,False,0.47041075571172963,0.616656591621414,0.40734557595993315,0.0,fall,True,1
2026-05-26 16:48:58,patient_001,0.4418604651162791,True,synthetic_ad8232,0.6470588235294121,True,synthetic_max30102,0.4241379310344815,1634,0.2661122661122661,0.26755852842809347,0.0,False,False,0.032,-0.136,0.089,True,fall,synthetic_ad8232_fall,real,False,0.031185840895445117,0.45797824520445046,0.42737896494156924,0.8571428571428571,fall,True,1
2026-05-26 16:49:03,patient_001,0.5891472868217055,True,synthetic_ad8232,0.8235294117647065,True,synthetic_max30102,0.586206896551726,1979,0.5945945945945947,0.5936454849498327,0.0,False,False,-0.062,0.12,0.0,True,fall,synthetic_ad8232_fall,real,False,0.024483804844839904,0.4070181107494705,0.4908180300500834,0.0,fall,True,1
2026-05-26 16:49:08,patient_001,0.2945736434108527,True,synthetic_ad8232,0.8235294117647065,True,synthetic_max30102,0.5620689655172431,2201,0.47401247401247426,0.4749163879598659,0.0,False,False,-1.682,-1.11,0.206,True,fall,synthetic_ad8232_fall,real,False,0.43881331524664124,0.3864597264054828,0.41569282136894814,0.0,fall,True,1
2026-05-26 16:49:18,patient_001,0.48062015503875966,True,synthetic_ad8232,0.5294117647058831,True,synthetic_max30102,0.33103448275862135,2017,0.5343035343035347,0.5334448160535117,0.0,False,False,2.352,-0.915,0.175,True,fall,synthetic_ad8232_fall,real,False,0.549266828648581,0.3927864013795258,0.4624373956594322,0.14285714285714285,fall,True,1
2026-05-26 16:49:23,patient_001,0.4418604651162791,True,synthetic_ad8232,0.7058823529411766,True,synthetic_max30102,0.6000000000000014,1858,0.4906444906444909,0.4899665551839463,0.0,False,False,1.576,-1.925,2.99,True,fall,synthetic_ad8232_fall,real,False,0.8472780675810883,0.3927864013795258,0.4624373956594322,0.0,fall,True,1
2026-05-26 16:49:28,patient_001,0.4883720930232558,True,synthetic_ad8232,0.6470588235294121,True,synthetic_max30102,0.5241379310344847,3020,0.4844074844074848,0.48494983277591963,0.0,False,False,0.13,0.057,0.0,True,fall,synthetic_ad8232_fall,real,False,0.02599081377511369,0.3259038149511665,0.4407345575959932,0.14285714285714285,fall,True,1
2026-05-26 16:49:33,patient_001,0.3023255813953488,True,synthetic_ad8232,0.7647058823529411,True,synthetic_max30102,0.6172413793103448,1672,0.5738045738045741,0.5735785953177257,0.0,False,False,0.198,-0.059,0.021,True,fall,synthetic_ad8232_fall,real,False,0.04039309004065132,0.31481461737318445,0.4424040066777962,0.0,fall,True,1
2026-05-26 16:49:38,patient_001,0.39534883720930225,True,synthetic_ad8232,0.7647058823529411,True,synthetic_max30102,0.572413793103447,2719,1.0,0.9999999999999996,0.0,False,False,0.037,-0.032,0.153,True,fall,synthetic_ad8232_fall,real,False,0.030085031191701587,0.26491607417057084,0.41068447412353914,0.0,fall,True,1
2026-05-26 16:49:43,patient_001,0.4418604651162791,True,synthetic_ad8232,0.5882352941176476,True,synthetic_max30102,0.3724137931034477,1575,0.4199584199584203,0.41973244147157196,0.0,False,False,-2.094,2.378,0.537,True,fall,synthetic_ad8232_fall,real,False,0.6991522460754641,0.24501112266257727,0.40233722871452415,0.42857142857142855,fall,True,1
2026-05-26 16:49:48,patient_001,0.6124031007751939,True,synthetic_ad8232,0.7647058823529411,True,synthetic_max30102,0.24137931034482918,1734,0.42203742203742234,0.4214046822742472,0.0,False,False,-3.0,0.946,3.057,True,fall,synthetic_ad8232_fall,real,False,0.9561254934391351,0.3986492090910742,0.4390651085141902,0.0,fall,True,1
2026-05-26 16:49:53,patient_001,0.5271317829457364,True,synthetic_ad8232,0.7058823529411766,True,synthetic_max30102,0.5137931034482772,1732,0.3929313929313931,0.3929765886287626,0.0,False,False,1.056,1.539,0.423,True,fall,synthetic_ad8232_fall,real,False,0.4142778501050853,0.41469421238386367,0.4474123539232052,0.14285714285714285,fall,True,1
2026-05-26 16:49:58,patient_001,0.6124031007751939,True,synthetic_ad8232,0.5882352941176476,True,synthetic_max30102,0.6000000000000014,2316,0.35758835758835783,0.35785953177257523,0.0,False,False,1.422,0.951,-0.2,True,fall,synthetic_ad8232_fall,real,False,0.37232513221231694,0.34186382746873606,0.5141903171953254,0.2857142857142857,fall,True,1
2026-05-26 16:50:03,patient_001,0.5193798449612402,True,synthetic_ad8232,0.6470588235294121,True,synthetic_max30102,0.5310344827586206,2562,0.5343035343035347,0.5334448160535117,0.0,False,False,0.121,0.046,0.144,True,fall,synthetic_ad8232_fall,real,False,0.037316995633682314,0.2497007561632664,0.5409015025041736,0.0,fall,True,1
2026-05-26 16:50:08,patient_001,0.24806201550387597,True,synthetic_ad8232,0.7647058823529411,True,synthetic_max30102,0.44482758620689644,1737,0.35966735966735985,0.3595317725752505,0.0,False,False,0.036,0.051,0.104,True,fall,synthetic_ad8232_fall,real,False,0.021465501902316622,0.5203744141687613,0.4991652754590984,0.0,fall,True,1
2026-05-26 16:50:13,patient_001,0.5813953488372093,True,synthetic_ad8232,0.8235294117647065,True,synthetic_max30102,0.32413793103448185,2738,0.4033264033264037,0.4030100334448159,0.0,False,False,0.841,-1.121,2.731,True,fall,synthetic_ad8232_fall,real,False,0.6675604059531023,0.502801547402621,0.4924874791318864,0.0,fall,True,1
2026-05-26 16:50:18,patient_001,0.26356589147286824,True,synthetic_ad8232,0.8235294117647065,True,synthetic_max30102,0.7137931034482765,1739,0.3284823284823286,0.3294314381270902,0.0,False,False,-0.003,-0.091,0.0,True,fall,synthetic_ad8232_fall,real,False,0.014836918637909369,0.6112244284751422,0.43572621035058423,0.0,fall,True,1
2026-05-26 16:50:23,patient_001,0.32558139534883723,True,synthetic_ad8232,0.7058823529411766,True,synthetic_max30102,0.43448275862068897,1416,0.43866943866943897,0.43979933110367897,0.0,False,False,-2.175,1.312,0.743,True,fall,synthetic_ad8232_fall,real,False,0.574848959312015,0.5314034417673017,0.37395659432387307,0.2857142857142857,fall,True,1
2026-05-26 16:50:28,patient_001,0.4883720930232558,True,synthetic_ad8232,0.8235294117647065,True,synthetic_max30102,0.43448275862068897,2872,0.5426195426195428,0.5418060200668897,0.0,False,False,-0.833,1.763,0.17,True,fall,synthetic_ad8232_fall,real,False,0.42380947066054375,0.5099602439856248,0.3672787979966611,0.0,fall,True,1
2026-05-26 16:50:38,patient_001,0.31007751937984496,True,synthetic_ad8232,0.9411764705882355,True,synthetic_max30102,0.4068965517241381,2308,0.38045738045738053,0.3812709030100332,0.0,False,False,1.842,2.098,2.8,True,fall,synthetic_ad8232_fall,real,False,0.8613889714100132,0.38240501664070176,0.36393989983305497,0.0,fall,True,1
2026-05-26 16:50:43,patient_001,0.28682170542635654,True,synthetic_ad8232,0.5882352941176476,True,synthetic_max30102,0.49655172413793025,2737,0.2661122661122661,0.26755852842809347,0.0,False,False,-1.34,-1.111,-0.117,True,fall,synthetic_ad8232_fall,real,False,0.3772001537882551,0.362551356122334,0.3689482470784641,0.8571428571428571,fall,True,1
2026-05-26 16:50:48,patient_001,0.5503875968992248,True,synthetic_ad8232,0.7058823529411766,True,synthetic_max30102,0.5172413793103452,2169,0.5093555093555096,0.5100334448160533,0.0,False,False,1.43,-1.151,0.066,True,fall,synthetic_ad8232_fall,real,False,0.39741965268215435,0.4190421422391512,0.41736227045075125,0.0,fall,True,1
2026-05-26 16:50:53,patient_001,0.4031007751937984,True,synthetic_ad8232,0.7058823529411766,True,synthetic_max30102,0.3965517241379306,2278,0.6403326403326406,0.6404682274247491,0.0,False,False,-1.691,-2.048,0.24,True,fall,synthetic_ad8232_fall,real,False,0.5792772937430377,0.4025403275329869,0.39899833055091816,0.0,fall,True,1
2026-05-26 16:50:58,patient_001,0.37209302325581395,True,synthetic_ad8232,0.7647058823529411,True,synthetic_max30102,0.3103448275862064,2589,0.34511434511434524,0.3461538461538458,0.0,False,False,0.015,-0.054,0.07,True,fall,synthetic_ad8232_fall,real,False,0.014534980013371165,0.3605460788180367,0.37061769616026696,0.0,fall,True,1
2026-05-26 16:51:08,patient_001,0.43410852713178294,True,synthetic_ad8232,0.8235294117647065,True,synthetic_max30102,0.6103448275862089,3290,0.5051975051975055,0.5050167224080266,0.0,False,False,-0.027,0.053,0.109,True,fall,synthetic_ad8232_fall,real,False,0.022095782042973997,0.24427023459604363,0.42070116861435713,0.0,fall,True,1
2026-05-26 16:51:18,patient_001,0.5271317829457364,True,synthetic_ad8232,0.882352941176471,True,synthetic_max30102,0.3275862068965534,2068,0.6902286902286905,0.6906354515050164,0.0,False,False,-0.052,0.038,0.068,True,fall,synthetic_ad8232_fall,real,False,0.015408777031148985,0.2396256051702943,0.4390651085141902,0.0,fall,True,1
2026-05-26 16:51:23,patient_001,0.4496124031007752,True,synthetic_ad8232,0.8235294117647065,True,synthetic_max30102,0.3413793103448288,1941,0.6029106029106033,0.603678929765886,0.0,False,False,-0.021,-0.041,0.054,True,fall,synthetic_ad8232_fall,real,False,0.010438589421862408,0.19077545168219923,0.4557595993322202,0.14285714285714285,fall,True,1
2026-05-26 16:51:28,patient_001,0.5038759689922481,True,synthetic_ad8232,0.8235294117647065,True,synthetic_max30102,0.27931034482758754,2048,0.2765072765072767,0.2775919732441472,0.0,False,False,1.023,-1.679,0.103,True,fall,synthetic_ad8232_fall,real,False,0.42633358244638486,0.1419688387063642,0.4791318864774623,0.0,fall,True,1
2026-05-26 16:51:43,patient_001,0.6511627906976744,True,synthetic_ad8232,0.9411764705882355,True,synthetic_max30102,0.4379310344827605,2216,0.6652806652806653,0.6655518394648827,0.0,False,False,-0.008,-0.124,0.17,True,fall,synthetic_ad8232_fall,real,False,0.04102918595483344,0.2606396161322586,0.5342237061769616,0.0,fall,True,1
2026-05-26 16:51:48,patient_001,0.11627906976744184,True,synthetic_ad8232,1.0,True,synthetic_max30102,0.33103448275862135,1955,0.35966735966735985,0.3595317725752505,0.0,False,False,0.039,-0.007,0.952,False,normal_rest,synthetic_label_demo,synthetic_normal_rest,True,0.20368904293146992,0.0,0.08180300500834714,0.0,normal_rest,False,0
2026-05-26 16:51:53,patient_001,0.2790697674418604,True,synthetic_ad8232,0.882352941176471,True,synthetic_max30102,0.24482758620689715,2092,0.4345114345114349,0.4347826086956519,0.0,False,False,-0.02,-0.042,1.02,False,normal_rest,synthetic_label_demo,synthetic_normal_rest,True,0.21864250374312158,0.39982958742161906,0.1694490818030049,0.2857142857142857,normal_rest,False,0
2026-05-26 16:51:58,patient_001,0.2558139534883721,True,synthetic_ad8232,0.7647058823529411,True,synthetic_max30102,0.38275862068965516,2239,0.3347193347193351,0.33444816053511683,0.0,False,False,-0.047,-0.021,0.933,False,normal_rest,synthetic_label_demo,synthetic_normal_rest,True,0.1996556781342373,0.30581972049356254,0.19031719532554248,0.2857142857142857,normal_rest,False,0
2026-05-26 16:52:03,patient_001,0.20155038759689925,True,synthetic_ad8232,1.0,True,synthetic_max30102,0.16206896551724093,2062,0.3555093555093558,0.35618729096989954,0.0,False,False,-0.039,-0.035,1.011,False,normal_rest,synthetic_label_demo,synthetic_normal_rest,True,0.21673528190883296,0.25114830890541134,0.18614357262103498,0.0,normal_rest,False,0
2026-05-26 16:52:13,patient_001,0.3023255813953488,True,synthetic_ad8232,0.9411764705882355,True,synthetic_max30102,0.13448275862069003,2116,0.4656964656964657,0.4648829431438126,0.0,False,False,0.085,-0.07,1.027,False,normal_rest,synthetic_label_demo,synthetic_normal_rest,True,0.22123409486119697,0.1581539996179576,0.22370617696160255,0.0,normal_rest,False,0
2026-05-26 16:52:18,patient_001,0.11627906976744184,True,synthetic_ad8232,0.7647058823529411,True,synthetic_max30102,0.3517241379310363,2064,0.311850311850312,0.31270903010033413,0.0,False,False,-0.033,-0.059,1.01,False,normal_rest,synthetic_label_demo,synthetic_normal_rest,True,0.21671395875507943,0.24188414336111616,0.18864774624373948,0.42857142857142855,normal_rest,False,0
2026-05-26 16:52:23,patient_001,0.26356589147286824,True,synthetic_ad8232,0.8235294117647065,True,synthetic_max30102,0.26206896551724057,2083,0.43035343035343043,0.42976588628762524,0.0,False,False,0.034,0.085,1.053,False,normal_rest,synthetic_label_demo,synthetic_normal_rest,True,0.2265123447088847,0.24604461797538912,0.19031719532554248,0.0,normal_rest,False,0
2026-05-26 16:52:33,patient_001,0.11627906976744184,True,synthetic_ad8232,1.0,True,synthetic_max30102,0.275862068965516,1969,0.3347193347193351,0.33444816053511683,0.0,False,False,0.037,-0.044,0.917,False,normal_rest,synthetic_label_demo,synthetic_normal_rest,True,0.19623293102077527,0.30439397976588134,0.1602671118530885,0.0,normal_rest,False,0
2026-05-26 16:52:38,patient_001,0.22480620155038755,True,synthetic_ad8232,0.882352941176471,True,synthetic_max30102,0.15517241379310498,2128,0.43866943866943897,0.43979933110367897,0.0,False,False,0.015,0.073,0.977,False,normal_rest,synthetic_label_demo,synthetic_normal_rest,True,0.20960898492959112,0.2328742294201967,0.1435726210350584,0.2857142857142857,normal_rest,False,0
2026-05-26 16:52:43,patient_001,0.33333333333333337,True,synthetic_ad8232,1.0,True,synthetic_max30102,0.3448275862068968,1920,0.2619542619542621,0.2625418060200668,0.0,False,False,-0.006,0.116,0.933,False,normal_rest,synthetic_label_demo,synthetic_normal_rest,True,0.20092310775329514,0.30463206660694786,0.19031719532554248,0.0,normal_rest,False,0
2026-05-26 16:52:58,patient_001,0.27131782945736427,True,synthetic_ad8232,1.0,True,synthetic_max30102,0.2068965517241388,1990,0.21621621621621667,0.21739130434782616,0.0,False,False,0.018,0.014,1.006,False,normal_rest,synthetic_label_demo,synthetic_normal_rest,True,0.2153987854744574,0.13409002517343105,0.25375626043405664,0.0,normal_rest,False,0
2026-05-26 16:53:03,patient_001,0.28682170542635654,True,synthetic_ad8232,0.8235294117647065,True,synthetic_max30102,0.3206896551724139,2015,0.34511434511434524,0.3461538461538458,0.0,False,False,-0.018,0.069,0.952,False,normal_rest,synthetic_label_demo,synthetic_normal_rest,True,0.2040928657743105,0.0901113805268611,0.26711185308848073,0.42857142857142855,normal_rest,False,0
2026-05-26 16:53:08,patient_001,0.21705426356589141,True,synthetic_ad8232,0.8235294117647065,True,synthetic_max30102,0.22758620689655018,2125,0.43035343035343043,0.43143812709030094,0.0,False,False,-0.049,-0.039,0.939,False,normal_rest,synthetic_label_demo,synthetic_normal_rest,True,0.20111670699895687,0.09595607879007947,0.24207011686143565,0.0,normal_rest,False,0
2026-05-26 16:53:13,patient_001,0.12403100775193798,True,synthetic_ad8232,0.9411764705882355,True,synthetic_max30102,0.13448275862069003,2000,0.32432432432432456,0.32441471571906355,0.0,False,False,-0.051,-0.01,0.981,False,normal_rest,synthetic_label_demo,synthetic_normal_rest,True,0.21016504775214878,0.23673385968615138,0.21035058430717857,0.0,normal_rest,False,0
2026-05-26 16:53:18,patient_001,0.3023255813953488,True,synthetic_ad8232,0.9411764705882355,True,synthetic_max30102,0.1448275862068975,2156,0.4178794178794183,0.41806020066889626,0.0,False,False,0.007,0.031,0.931,False,normal_rest,synthetic_label_demo,synthetic_normal_rest,True,0.19902524655913004,0.25186896550551513,0.21535893155258756,0.0,normal_rest,False,0
2026-05-26 16:53:23,patient_001,0.20155038759689925,True,synthetic_ad8232,0.7647058823529411,True,synthetic_max30102,0.43448275862068897,1955,0.4532224532224536,0.45317725752508364,0.0,False,False,0.063,0.017,0.953,False,normal_rest,synthetic_label_demo,synthetic_normal_rest,True,0.20421655634690664,0.2492648511066993,0.20033388981636058,0.42857142857142855,normal_rest,False,0
2026-05-26 16:53:28,patient_001,0.21705426356589141,True,synthetic_ad8232,1.0,True,synthetic_max30102,0.41724137931034555,2088,0.47401247401247426,0.4749163879598659,0.0,False,False,0.006,-0.015,0.992,False,normal_rest,synthetic_label_demo,synthetic_normal_rest,True,0.21230297679099752,0.22006899651637488,0.18530884808013348,0.0,normal_rest,False,0
2026-05-26 16:53:33,patient_001,0.18604651162790697,True,synthetic_ad8232,0.7647058823529411,True,synthetic_max30102,0.3448275862068968,1887,0.35966735966735985,0.3595317725752505,0.0,False,False,-0.005,-0.005,1.026,False,normal_rest,synthetic_label_demo,synthetic_normal_rest,True,0.2197303599416392,0.2233391459256657,0.17863105175292138,0.5714285714285714,normal_rest,False,0
2026-05-26 16:53:38,patient_001,0.13953488372093026,True,synthetic_ad8232,1.0,True,synthetic_max30102,0.19655172413793132,1981,0.45114345114345156,0.45150501672240795,0.0,False,False,0.011,-0.055,1.004,False,normal_rest,synthetic_label_demo,synthetic_normal_rest,True,0.21524694033473085,0.2068219543832476,0.18196994991652748,0.0,normal_rest,False,0
2026-05-26 16:53:53,patient_001,0.24806201550387597,True,synthetic_ad8232,0.9411764705882355,True,synthetic_max30102,0.3517241379310363,1977,0.3409563409563412,0.34113712374581917,0.0,False,False,-0.016,0.009,0.983,False,normal_rest,synthetic_label_demo,synthetic_normal_rest,True,0.2103394216142764,0.2530177466796569,0.21035058430717857,0.0,normal_rest,False,0
2026-05-26 16:53:58,patient_001,0.1937984496124031,True,synthetic_ad8232,0.9411764705882355,True,synthetic_max30102,0.2586206896551726,1864,0.255717255717256,0.2558528428093645,0.0,False,False,0.044,-0.022,0.997,False,normal_rest,synthetic_label_demo,synthetic_normal_rest,True,0.21363566564253741,0.2486824557990142,0.21202003338898157,0.0,normal_rest,False,0
2026-05-26 16:54:08,patient_001,0.22480620155038755,True,synthetic_ad8232,0.882352941176471,True,synthetic_max30102,0.137931034482758,1998,0.35135135135135176,0.3511705685618729,0.0,False,False,0.061,0.041,0.897,False,normal_rest,synthetic_label_demo,synthetic_normal_rest,True,0.19211431040883334,0.14674011549321225,0.22537562604340566,0.14285714285714285,normal_rest,False,0
2026-05-26 16:54:13,patient_001,0.20155038759689925,True,synthetic_ad8232,0.9411764705882355,True,synthetic_max30102,0.4137931034482776,2283,0.43035343035343043,0.43143812709030094,0.0,False,False,0.007,0.006,0.956,False,normal_rest,synthetic_label_demo,synthetic_normal_rest,True,0.20439473502616698,0.1412007419682048,0.20701168614357257,0.0,normal_rest,False,0
2026-05-26 16:54:18,patient_001,0.20155038759689925,True,synthetic_ad8232,0.8235294117647065,True,synthetic_max30102,0.26206896551724057,2165,0.498960498960499,0.5,0.0,False,False,-0.049,0.014,1.004,False,normal_rest,synthetic_label_demo,synthetic_normal_rest,True,0.21518711033088914,0.14424859118001981,0.19699499165275447,0.2857142857142857,normal_rest,False,0
2026-05-26 16:54:23,patient_001,0.15503875968992242,True,synthetic_ad8232,0.9411764705882355,True,synthetic_max30102,0.1724137931034484,1936,0.24948024948024994,0.25083612040133785,0.0,False,False,-0.055,0.002,0.917,False,normal_rest,synthetic_label_demo,synthetic_normal_rest,True,0.19620001392218278,0.17697523810341892,0.18864774624373948,0.0,normal_rest,False,0
2026-05-26 16:54:33,patient_001,0.2325581395348837,True,synthetic_ad8232,0.882352941176471,True,synthetic_max30102,0.30344827586207046,1887,0.30145530145530186,0.30267558528428085,0.0,False,False,0.069,-0.029,0.995,False,normal_rest,synthetic_label_demo,synthetic_normal_rest,True,0.21354761415468385,0.15884013732813015,0.1519198664440734,0.0,normal_rest,False,0
2026-05-26 16:54:38,patient_001,0.31007751937984496,True,synthetic_ad8232,0.882352941176471,True,synthetic_max30102,0.1655172413793089,2071,0.440748440748441,0.4414715719063542,0.0,False,False,-0.007,0.013,1.014,False,normal_rest,synthetic_label_demo,synthetic_normal_rest,True,0.2171188568698244,0.2585449696692242,0.1752921535893155,0.0,normal_rest,False,0
2026-05-26 16:54:43,patient_001,0.10852713178294571,True,synthetic_ad8232,0.882352941176471,True,synthetic_max30102,0.3999999999999986,2037,0.33056133056133064,0.3311036789297659,0.0,False,False,-0.015,-0.004,0.957,False,normal_rest,synthetic_label_demo,synthetic_normal_rest,True,0.20463172770916663,0.2976502384804747,0.1552587646076794,0.0,normal_rest,False,0
2026-05-26 16:54:48,patient_001,0.3023255813953488,True,synthetic_ad8232,0.7647058823529411,True,synthetic_max30102,0.36551724137931174,1983,0.2661122661122661,0.26588628762541777,0.0,False,False,0.058,0.084,1.013,False,normal_rest,synthetic_label_demo,synthetic_normal_rest,True,0.21800039552752454,0.3387747935763605,0.18697829716193648,0.2857142857142857,normal_rest,False,0
2026-05-26 16:54:53,patient_001,0.2945736434108527,True,synthetic_ad8232,0.7647058823529411,True,synthetic_max30102,0.3517241379310363,2175,0.4698544698544702,0.46989966555183926,0.0,False,False,-0.044,0.063,1.023,False,normal_rest,synthetic_label_demo,synthetic_normal_rest,True,0.21969917439284292,0.2939738902604467,0.22537562604340566,0.0,normal_rest,False,0
2026-05-26 16:54:58,patient_001,0.16279069767441856,True,synthetic_ad8232,0.8235294117647065,True,synthetic_max30102,0.2517241379310331,2046,0.311850311850312,0.31270903010033413,0.0,False,False,-0.036,0.015,0.989,False,normal_rest,synthetic_label_demo,synthetic_normal_rest,True,0.2117851667512726,0.32456631075124776,0.21035058430717857,0.0,normal_rest,False,0
2026-05-26 16:55:03,patient_001,0.24806201550387597,True,synthetic_ad8232,0.7647058823529411,True,synthetic_max30102,0.3206896551724139,2090,0.34511434511434524,0.34448160535117056,0.0,False,False,0.026,-0.031,0.989,False,normal_rest,synthetic_label_demo,synthetic_normal_rest,True,0.21179800806720153,0.2945898010346447,0.19699499165275447,0.14285714285714285,normal_rest,False,0
2026-05-26 16:55:13,patient_001,0.2790697674418604,True,synthetic_ad8232,0.9411764705882355,True,synthetic_max30102,0.3275862068965534,2110,0.34511434511434524,0.3461538461538458,0.0,False,False,-0.0,0.048,0.945,False,normal_rest,synthetic_label_demo,synthetic_normal_rest,True,0.20224139126075946,0.24233332507272567,0.19866444073455758,0.0,normal_rest,False,0
2026-05-26 16:55:18,patient_001,0.26356589147286824,True,synthetic_ad8232,0.9411764705882355,True,synthetic_max30102,0.13103448275862206,2214,0.42203742203742234,0.4230769230769229,0.0,False,False,-0.007,0.011,0.974,False,normal_rest,synthetic_label_demo,synthetic_normal_rest,True,0.20834869499587685,0.21907843336394334,0.19198664440734559,0.0,normal_rest,False,0
2026-05-26 16:55:28,patient_001,0.11627906976744184,True,synthetic_ad8232,1.0,True,synthetic_max30102,0.11724137931034662,1980,0.3679833679833684,0.3678929765886285,0.0,False,False,0.056,-0.07,0.995,False,normal_rest,synthetic_label_demo,synthetic_normal_rest,True,0.21381473338254378,0.2535901857522631,0.1669449081803005,0.0,normal_rest,False,0
2026-05-26 16:55:33,patient_001,0.33333333333333337,True,synthetic_ad8232,0.882352941176471,True,synthetic_max30102,0.27241379310344804,2201,0.43866943866943897,0.43979933110367897,0.0,False,False,0.004,0.037,1.02,False,normal_rest,synthetic_label_demo,synthetic_normal_rest,True,0.2185588923731492,0.2994714888329015,0.20868113522537557,0.2857142857142857,normal_rest,False,0
2026-05-26 16:55:38,patient_001,0.20155038759689925,True,synthetic_ad8232,0.7647058823529411,True,synthetic_max30102,0.21724137931034626,2097,0.4698544698544702,0.46989966555183926,0.0,False,False,0.026,0.018,0.938,False,normal_rest,synthetic_label_demo,synthetic_normal_rest,True,0.20055719549413983,0.28837150290194696,0.19198664440734559,0.2857142857142857,normal_rest,False,0
2026-05-26 16:55:43,patient_001,0.31007751937984496,True,synthetic_ad8232,0.9411764705882355,True,synthetic_max30102,0.15172413793103345,2170,0.3783783783783785,0.37959866220735794,0.0,False,False,-0.082,-0.044,0.975,False,normal_rest,synthetic_label_demo,synthetic_normal_rest,True,0.20951972904283195,0.31779436346390855,0.20200333889816358,0.0,normal_rest,False,0
2026-05-26 16:55:48,patient_001,0.26356589147286824,True,synthetic_ad8232,0.882352941176471,True,synthetic_max30102,0.137931034482758,1963,0.2785862785862787,0.27926421404682245,0.0,False,False,-0.002,-0.019,1.039,False,normal_rest,synthetic_label_demo,synthetic_normal_rest,True,0.22261237164544118,0.3049888483805305,0.22036727879799656,0.14285714285714285,normal_rest,False,0
2026-05-26 16:55:58,patient_001,0.2790697674418604,True,synthetic_ad8232,0.882352941176471,True,synthetic_max30102,0.16206896551724093,2064,0.3700623700623704,0.3712374581939799,0.0,False,False,-0.049,0.002,0.947,False,normal_rest,synthetic_label_demo,synthetic_normal_rest,True,0.20269078543310962,0.14196883870636465,0.24540901502504164,0.14285714285714285,normal_rest,False,0
2026-05-26 16:56:03,patient_001,0.14728682170542629,True,synthetic_ad8232,0.882352941176471,True,synthetic_max30102,0.4241379310344815,2113,0.43659043659043695,0.4364548494983276,0.0,False,False,-0.035,-0.012,0.988,False,normal_rest,synthetic_label_demo,synthetic_normal_rest,True,0.21154934915504517,0.22154653714628658,0.23372287145242066,0.0,normal_rest,False,0
2026-05-26 16:56:13,patient_001,0.2093023255813954,True,synthetic_ad8232,0.882352941176471,True,synthetic_max30102,0.2241379310344822,2019,0.3617463617463619,0.3628762541806019,0.0,False,False,0.037,-0.01,0.98,False,normal_rest,synthetic_label_demo,synthetic_normal_rest,True,0.20980861378934262,0.20908808642222823,0.19532554257095147,0.0,normal_rest,False,0
2026-05-26 16:56:18,patient_001,0.21705426356589141,True,synthetic_ad8232,0.9411764705882355,True,synthetic_max30102,0.30689655172413843,1996,0.40124740124740166,0.4013377926421402,0.0,False,False,-0.053,0.006,1.033,False,normal_rest,synthetic_label_demo,synthetic_normal_rest,True,0.22156059487543428,0.16750435944424943,0.1803005008347245,0.0,normal_rest,False,0
2026-05-26 16:56:23,patient_001,0.10852713178294571,True,synthetic_ad8232,0.8235294117647065,True,synthetic_max30102,0.11034482758620712,2086,0.48648648648648685,0.4866220735785953,0.0,False,False,0.001,0.059,1.014,False,normal_rest,synthetic_label_demo,synthetic_normal_rest,True,0.2174712440268116,0.15769491592200707,0.1435726210350584,0.2857142857142857,normal_rest,False,0
2026-05-26 16:56:28,patient_001,0.22480620155038755,True,synthetic_ad8232,0.9411764705882355,True,synthetic_max30102,0.43448275862068897,2186,0.5343035343035347,0.5334448160535117,0.0,False,False,-0.019,-0.103,1.014,False,normal_rest,synthetic_label_demo,synthetic_normal_rest,True,0.2182775612690075,0.16444665645816947,0.1602671118530885,0.0,normal_rest,False,0
2026-05-26 16:56:33,patient_001,0.13178294573643412,True,synthetic_ad8232,0.7647058823529411,True,synthetic_max30102,0.26896551724138007,1917,0.3534303534303538,0.35284280936454815,0.0,False,False,-0.013,-0.009,1.002,False,normal_rest,synthetic_label_demo,synthetic_normal_rest,True,0.21449291887026342,0.18751736911744457,0.1485809682804674,0.42857142857142855,normal_rest,False,0
2026-05-26 16:56:43,patient_001,0.26356589147286824,True,synthetic_ad8232,0.882352941176471,True,synthetic_max30102,0.13103448275862206,2070,0.47193347193347224,0.47157190635451496,0.0,False,False,0.022,0.012,0.972,False,normal_rest,synthetic_label_demo,synthetic_normal_rest,True,0.20796206637751496,0.26858525841026304,0.1736227045075125,0.0,normal_rest,False,0
2026-05-26 16:56:48,patient_001,0.3178294573643411,True,synthetic_ad8232,1.0,True,synthetic_max30102,0.27241379310344804,2129,0.34511434511434524,0.34448160535117056,0.0,False,False,0.053,-0.015,0.9,False,normal_rest,synthetic_label_demo,synthetic_normal_rest,True,0.1924820040744924,0.2457497771049795,0.21869782971619367,0.0,normal_rest,False,0
2026-05-26 16:56:53,patient_001,0.2790697674418604,True,synthetic_ad8232,0.8235294117647065,True,synthetic_max30102,0.27241379310344804,1890,0.4199584199584203,0.41973244147157196,0.0,False,False,-0.006,-0.07,1.044,False,normal_rest,synthetic_label_demo,synthetic_normal_rest,True,0.22418706476834788,0.24780629644886792,0.23038397328881455,0.42857142857142855,normal_rest,False,0
2026-05-26 16:56:58,patient_001,0.18604651162790697,True,synthetic_ad8232,0.8235294117647065,True,synthetic_max30102,0.427586206896553,1985,0.3617463617463619,0.3628762541806019,0.0,False,False,-0.028,0.013,0.962,False,normal_rest,synthetic_label_demo,synthetic_normal_rest,True,0.20580837107914493,0.16858295629036377,0.24207011686143565,0.0,normal_rest,False,0
2026-05-26 16:57:03,patient_001,0.32558139534883723,True,synthetic_ad8232,0.882352941176471,True,synthetic_max30102,0.29999999999999893,1956,0.4345114345114349,0.4347826086956519,0.0,False,False,-0.009,0.069,0.984,False,normal_rest,synthetic_label_demo,synthetic_normal_rest,True,0.21105950408129065,0.19379185138857757,0.25208681135225375,0.0,normal_rest,False,0
2026-05-26 16:57:08,patient_001,0.1937984496124031,True,synthetic_ad8232,1.0,True,synthetic_max30102,0.2655172413793121,1947,0.3035343035343039,0.30434782608695654,0.0,False,False,0.01,-0.061,1.032,False,normal_rest,synthetic_label_demo,synthetic_normal_rest,True,0.22144520757004643,0.2320946014220927,0.23706176961602654,0.0,normal_rest,False,0
2026-05-26 16:57:18,patient_001,0.3178294573643411,True,synthetic_ad8232,0.7647058823529411,True,synthetic_max30102,0.21724137931034626,1968,0.25155925155925196,0.2525083612040131,0.0,False,False,-0.043,-0.013,0.93,False,normal_rest,synthetic_label_demo,synthetic_normal_rest,True,0.19892488871453667,0.2589652543730959,0.21535893155258756,0.5714285714285714,normal_rest,False,0
2026-05-26 16:57:23,patient_001,0.18604651162790697,True,synthetic_ad8232,0.8235294117647065,True,synthetic_max30102,0.2827586206896555,1979,0.28066528066528074,0.28093645484949814,0.0,False,False,0.004,-0.002,0.916,False,normal_rest,synthetic_label_demo,synthetic_normal_rest,True,0.19562165552711208,0.2589652543730959,0.21535893155258756,0.0,normal_rest,False,0
2026-05-26 16:57:28,patient_001,0.11627906976744184,True,synthetic_ad8232,1.0,True,synthetic_max30102,0.2551724137931046,2002,0.30769230769230793,0.3076923076923075,0.0,False,False,0.009,-0.042,0.948,False,normal_rest,synthetic_label_demo,synthetic_normal_rest,True,0.20284498626946265,0.25515777137128737,0.17028380634390639,0.0,normal_rest,False,0
2026-05-26 16:57:33,patient_001,0.2093023255813954,True,synthetic_ad8232,0.7647058823529411,True,synthetic_max30102,0.11034482758620712,2057,0.35135135135135176,0.3511705685618729,0.0,False,False,0.101,-0.013,0.998,False,normal_rest,synthetic_label_demo,synthetic_normal_rest,True,0.2147245959932797,0.25544175339726727,0.1736227045075125,0.5714285714285714,normal_rest,False,0
2026-05-26 16:57:38,patient_001,0.28682170542635654,True,synthetic_ad8232,1.0,True,synthetic_max30102,0.38965517241379466,2075,0.5426195426195428,0.543478260869565,0.0,False,False,0.075,0.052,1.001,False,normal_rest,synthetic_label_demo,synthetic_normal_rest,True,0.21515626265156193,0.2800813959225292,0.19699499165275447,0.0,normal_rest,False,0
2026-05-26 16:57:43,patient_001,0.13953488372093026,True,synthetic_ad8232,0.8235294117647065,True,synthetic_max30102,0.4137931034482776,2147,0.43243243243243246,0.43311036789297663,0.0,False,False,-0.034,0.023,0.991,False,normal_rest,synthetic_label_demo,synthetic_normal_rest,True,0.21224123171665177,0.231155576931978,0.1585976627712854,0.42857142857142855,normal_rest,False,0
2026-05-26 16:57:48,patient_001,0.2093023255813954,True,synthetic_ad8232,1.0,True,synthetic_max30102,0.15172413793103345,2064,0.30145530145530186,0.30100334448160515,0.0,False,False,-0.011,0.069,0.923,False,normal_rest,synthetic_label_demo,synthetic_normal_rest,True,0.1977319923053983,0.233496057574998,0.1636060100166944,0.0,normal_rest,False,0
2026-05-26 16:57:53,patient_001,0.13178294573643412,True,synthetic_ad8232,0.8235294117647065,True,synthetic_max30102,0.293103448275863,2086,0.37422037422037446,0.37458193979933085,0.0,False,False,-0.059,0.047,0.888,False,normal_rest,synthetic_label_demo,synthetic_normal_rest,True,0.19018408769290435,0.21907843336394334,0.1669449081803005,0.42857142857142855,normal_rest,False,0
2026-05-26 16:57:58,patient_001,0.26356589147286824,True,synthetic_ad8232,0.882352941176471,True,synthetic_max30102,0.14137931034482598,2091,0.35966735966735985,0.3595317725752505,0.0,False,False,-0.024,0.018,0.982,False,normal_rest,synthetic_label_demo,synthetic_normal_rest,True,0.21018311605152346,0.2442702345960439,0.17863105175292138,0.0,normal_rest,False,0
2026-05-26 16:58:03,patient_001,0.2093023255813954,True,synthetic_ad8232,0.9411764705882355,True,synthetic_max30102,0.3344827586206893,2065,0.35135135135135176,0.3511705685618729,0.0,False,False,0.013,0.07,0.961,False,normal_rest,synthetic_label_demo,synthetic_normal_rest,True,0.20605787729278618,0.19096537253727794,0.1619365609348914,0.0,normal_rest,False,0
2026-05-26 16:58:13,patient_001,0.15503875968992242,True,synthetic_ad8232,0.882352941176471,True,synthetic_max30102,0.33103448275862135,2064,0.40124740124740166,0.4013377926421402,0.0,False,False,-0.029,0.033,1.008,False,normal_rest,synthetic_label_demo,synthetic_normal_rest,True,0.21599013716392756,0.17799645395493752,0.1585976627712854,0.0,normal_rest,False,0
2026-05-26 16:58:18,patient_001,0.2325581395348837,True,synthetic_ad8232,0.882352941176471,True,synthetic_max30102,0.35517241379310427,2018,0.3534303534303538,0.35451505016722384,0.0,False,False,-0.026,-0.012,0.986,False,normal_rest,synthetic_label_demo,synthetic_normal_rest,True,0.21105039566634332,0.14919003630437938,0.1803005008347245,0.0,normal_rest,False,0
2026-05-26 16:58:23,patient_001,0.2558139534883721,True,synthetic_ad8232,0.9411764705882355,True,synthetic_max30102,0.3689655172413797,2051,0.4677754677754682,0.46822742474916357,0.0,False,False,-0.086,0.003,1.01,False,normal_rest,synthetic_label_demo,synthetic_normal_rest,True,0.2170206201196131,0.1406863477557911,0.17863105175292138,0.0,normal_rest,False,0
2026-05-26 16:58:28,patient_001,0.2790697674418604,True,synthetic_ad8232,0.7058823529411766,True,synthetic_max30102,0.3965517241379306,2085,0.42411642411642436,0.4247491638795986,0.0,False,False,0.08,-0.115,0.895,False,normal_light,synthetic_label_demo,synthetic_normal_light,True,0.19340533457232723,0.18122567787319055,0.19365609348914858,0.5714285714285714,normal_light,False,0
2026-05-26 16:58:43,patient_001,0.33333333333333337,True,synthetic_ad8232,0.7058823529411766,True,synthetic_max30102,0.5103448275862057,2114,0.44698544698544707,0.4464882943143813,0.0,False,False,0.246,-0.145,0.819,False,normal_light,synthetic_label_demo,synthetic_normal_light,True,0.1849586993393015,0.271271177809935,0.3155258764607679,0.14285714285714285,normal_light,False,0
2026-05-26 16:58:48,patient_001,0.39534883720930225,True,synthetic_ad8232,0.882352941176471,True,synthetic_max30102,0.24482758620689715,2071,0.4677754677754682,0.46822742474916357,0.0,False,False,-0.066,0.172,1.13,False,normal_light,synthetic_label_demo,synthetic_normal_light,True,0.24578536224820735,0.23519760816037583,0.3455759599332219,0.0,normal_light,False,0
2026-05-26 16:58:53,patient_001,0.37209302325581395,True,synthetic_ad8232,0.9411764705882355,True,synthetic_max30102,0.20344827586207082,2072,0.33679833679833715,0.3377926421404682,0.0,False,False,0.118,0.15,1.011,False,normal_light,synthetic_label_demo,synthetic_normal_light,True,0.2203509286483017,0.17345813805625415,0.36560934891485797,0.0,normal_light,False,0
2026-05-26 16:58:58,patient_001,0.45736434108527135,True,synthetic_ad8232,1.0,True,synthetic_max30102,0.30344827586207046,2028,0.3991683991683992,0.39966555183946495,0.0,False,False,0.082,-0.242,0.659,False,normal_light,synthetic_label_demo,synthetic_normal_light,True,0.14977492385878055,0.17345813805625415,0.36560934891485797,0.0,normal_light,False,0
2026-05-26 16:59:08,patient_001,0.3798449612403101,True,synthetic_ad8232,1.0,True,synthetic_max30102,0.47931034482758683,2144,0.3908523908523911,0.3913043478260869,0.0,False,False,-0.161,0.259,0.998,False,normal_light,synthetic_label_demo,synthetic_normal_light,True,0.22357197095774195,0.12101698161135857,0.38397328881469106,0.0,normal_light,False,0
2026-05-26 16:59:13,patient_001,0.2790697674418604,True,synthetic_ad8232,1.0,True,synthetic_max30102,0.5517241379310356,2123,0.5634095634095635,0.563545150501672,0.0,False,False,0.243,0.271,0.96,False,normal_light,synthetic_label_demo,synthetic_normal_light,True,0.21987597764674588,0.2199042125198383,0.358931552587646,0.0,normal_light,False,0
2026-05-26 16:59:18,patient_001,0.2558139534883721,True,synthetic_ad8232,1.0,True,synthetic_max30102,0.2862068965517235,2127,0.38669438669438705,0.3879598662207355,0.0,False,False,0.057,0.265,0.981,False,normal_light,synthetic_label_demo,synthetic_normal_light,True,0.21791923494792897,0.2864796947946163,0.333889816360601,0.0,normal_light,False,0
2026-05-26 16:59:23,patient_001,0.34883720930232553,True,synthetic_ad8232,0.8235294117647065,True,synthetic_max30102,0.3275862068965534,2153,0.44906444906444953,0.44816053511705656,0.0,False,False,-0.064,0.087,0.995,False,normal_light,synthetic_label_demo,synthetic_normal_light,True,0.21421239372204193,0.20113503776014688,0.3105175292153589,0.42857142857142855,normal_light,False,0
2026-05-26 16:59:33,patient_001,0.4728682170542635,True,synthetic_ad8232,1.0,True,synthetic_max30102,0.38965517241379466,2189,0.4677754677754682,0.46822742474916357,0.0,False,False,0.323,-0.115,1.171,False,normal_light,synthetic_label_demo,synthetic_normal_light,True,0.26227428377352363,0.37387303775193886,0.353923205342237,0.0,normal_light,False,0
2026-05-26 16:59:38,patient_001,0.4031007751937984,True,synthetic_ad8232,0.7647058823529411,True,synthetic_max30102,0.5517241379310356,2102,0.35966735966735985,0.3595317725752505,0.0,False,False,-0.291,0.142,0.8,False,normal_light,synthetic_label_demo,synthetic_normal_light,True,0.18401432025279119,0.331090353462867,0.38063439065108506,0.5714285714285714,normal_light,False,0
2026-05-26 16:59:43,patient_001,0.4031007751937984,True,synthetic_ad8232,0.8235294117647065,True,synthetic_max30102,0.4379310344827605,2095,0.4282744282744284,0.42809364548494955,0.0,False,False,-0.149,0.148,0.789,False,normal_light,synthetic_label_demo,synthetic_normal_light,True,0.17380830342007036,0.1984131932570629,0.41235392320534214,0.0,normal_light,False,0
2026-05-26 16:59:48,patient_001,0.34883720930232553,True,synthetic_ad8232,0.7058823529411766,True,synthetic_max30102,0.3965517241379306,2018,0.4137214137214138,0.4147157190635449,0.0,False,False,-0.046,0.312,0.803,False,normal_light,synthetic_label_demo,synthetic_normal_light,True,0.1839411774477692,0.1984131932570629,0.41235392320534214,0.2857142857142857,normal_light,False,0
2026-05-26 16:59:53,patient_001,0.2945736434108527,True,synthetic_ad8232,0.9411764705882355,True,synthetic_max30102,0.3206896551724139,1940,0.29729729729729737,0.2976588628762542,0.0,False,False,0.383,0.278,1.052,False,normal_light,synthetic_label_demo,synthetic_normal_light,True,0.24767668411264887,0.2320946014220929,0.37061769616026696,0.0,normal_light,False,0
2026-05-26 16:59:58,patient_001,0.2558139534883721,True,synthetic_ad8232,0.882352941176471,True,synthetic_max30102,0.5206896551724132,2008,0.3679833679833684,0.3678929765886285,0.0,False,False,0.171,0.056,1.224,False,normal_light,synthetic_label_demo,synthetic_normal_light,True,0.26599825727432264,0.22767935519973254,0.3238731218697829,0.14285714285714285,normal_light,False,0
2026-05-26 17:00:18,patient_001,0.3178294573643411,True,synthetic_ad8232,0.882352941176471,True,synthetic_max30102,0.19655172413793132,1963,0.38669438669438705,0.3862876254180603,0.0,False,False,0.201,0.044,0.85,False,normal_light,synthetic_label_demo,synthetic_normal_light,True,0.18653568756685904,0.1087087330066673,0.2854757929883138,0.0,normal_light,False,0
2026-05-26 17:00:43,patient_001,0.3565891472868217,True,synthetic_ad8232,0.9411764705882355,True,synthetic_max30102,0.30344827586207046,2154,0.3430353430353432,0.34280936454849487,0.0,False,False,0.148,0.136,1.189,False,normal_light,synthetic_label_demo,synthetic_normal_light,True,0.2591421836146975,0.28175893137701186,0.36560934891485797,0.0,normal_light,False,0
2026-05-26 17:00:48,patient_001,0.3565891472868217,True,synthetic_ad8232,0.7647058823529411,True,synthetic_max30102,0.33103448275862135,2144,0.5031185031185035,0.503344481605351,0.0,False,False,0.26,0.008,0.878,False,normal_light,synthetic_label_demo,synthetic_normal_light,True,0.19555848715195265,0.16879784860996555,0.38731218697829706,0.42857142857142855,normal_light,False,0
2026-05-26 17:00:53,patient_001,0.32558139534883723,True,synthetic_ad8232,0.7058823529411766,True,synthetic_max30102,0.5379310344827601,2091,0.3783783783783785,0.37959866220735794,0.0,False,False,0.265,0.124,0.845,False,normal_light,synthetic_label_demo,synthetic_normal_light,True,0.19084590559762474,0.2054149859792941,0.37228714524206996,0.14285714285714285,normal_light,False,0
2026-05-26 17:01:03,patient_001,0.39534883720930225,True,synthetic_ad8232,0.8235294117647065,True,synthetic_max30102,0.3758620689655192,2146,0.4656964656964657,0.4665551839464883,0.0,False,False,-0.285,-0.125,0.724,False,normal_light,synthetic_label_demo,synthetic_normal_light,True,0.16758032934909764,0.1406863477557914,0.327212020033389,0.0,normal_light,False,0
2026-05-26 17:01:08,patient_001,0.3875968992248062,True,synthetic_ad8232,1.0,True,synthetic_max30102,0.27931034482758754,2097,0.4656964656964657,0.4648829431438126,0.0,False,False,0.3,-0.007,1.07,False,normal_light,synthetic_label_demo,synthetic_normal_light,True,0.23841412440462678,0.15630957502700998,0.333889816360601,0.0,normal_light,False,0
2026-05-26 17:01:13,patient_001,0.2558139534883721,True,synthetic_ad8232,0.7058823529411766,True,synthetic_max30102,0.5137931034482772,2110,0.27234927234927264,0.2725752508361201,0.0,False,False,0.334,0.339,1.018,False,normal_light,synthetic_label_demo,synthetic_normal_light,True,0.24114499893102276,0.21252726591849522,0.3121869782971618,0.7142857142857142,normal_light,False,0
2026-05-26 17:01:18,patient_001,0.34883720930232553,True,synthetic_ad8232,0.8235294117647065,True,synthetic_max30102,0.26206896551724057,2054,0.4345114345114349,0.4347826086956519,0.0,False,False,-0.064,-0.129,0.973,False,normal_light,synthetic_label_demo,synthetic_normal_light,True,0.21043301686786467,0.21405687013636698,0.3171953255425709,0.0,normal_light,False,0
2026-05-26 17:01:23,patient_001,0.3178294573643411,True,synthetic_ad8232,0.7058823529411766,True,synthetic_max30102,0.29655172413793096,2199,0.4636174636174637,0.4632107023411369,0.0,False,False,-0.215,-0.301,1.286,False,normal_light,synthetic_label_demo,synthetic_normal_light,True,0.2881286667277654,0.19786433136672787,0.3238731218697829,0.2857142857142857,normal_light,False,0
2026-05-26 17:01:28,patient_001,0.2945736434108527,True,synthetic_ad8232,1.0,True,synthetic_max30102,0.5172413793103452,2035,0.4282744282744284,0.42809364548494955,0.0,False,False,0.138,-0.255,0.888,False,normal_light,synthetic_label_demo,synthetic_normal_light,True,0.1995939891572477,0.1751220431812488,0.3021702838063439,0.0,normal_light,False,0
2026-05-26 17:01:33,patient_001,0.41860465116279066,True,synthetic_ad8232,0.9411764705882355,True,synthetic_max30102,0.3724137931034477,2118,0.48856548856548887,0.4882943143812706,0.0,False,False,0.288,0.085,1.371,False,normal_light,synthetic_label_demo,synthetic_normal_light,True,0.3024514201339595,0.21320844479946635,0.3088480801335559,0.14285714285714285,normal_light,False,0
2026-05-26 17:01:38,patient_001,0.3798449612403101,True,synthetic_ad8232,0.9411764705882355,True,synthetic_max30102,0.4551724137931039,1938,0.32224532224532254,0.32274247491638786,0.0,False,False,0.444,0.086,0.959,False,normal_light,synthetic_label_demo,synthetic_normal_light,True,0.22723924747288193,0.1709319137343685,0.335559265442404,0.0,normal_light,False,0
2026-05-26 17:01:43,patient_001,0.4031007751937984,True,synthetic_ad8232,0.9411764705882355,True,synthetic_max30102,0.3965517241379306,2142,0.45945945945945965,0.459866220735786,0.0,False,False,0.213,0.059,0.77,False,normal_light,synthetic_label_demo,synthetic_normal_light,True,0.1704381708599405,0.18790360509643278,0.347245409015025,0.0,normal_light,False,0
2026-05-26 17:01:48,patient_001,0.4263565891472868,True,synthetic_ad8232,0.882352941176471,True,synthetic_max30102,0.4206896551724135,2198,0.4199584199584203,0.41973244147157196,0.0,False,False,0.053,0.299,1.013,False,normal_light,synthetic_label_demo,synthetic_normal_light,True,0.22663557030389872,0.1851830370084665,0.37061769616026696,0.14285714285714285,normal_light,False,0
2026-05-26 17:01:53,patient_001,0.4883720930232558,True,synthetic_ad8232,0.9411764705882355,True,synthetic_max30102,0.2862068965517235,2080,0.4261954261954264,0.4264214046822743,0.0,False,False,-0.041,-0.401,0.806,False,normal_light,synthetic_label_demo,synthetic_normal_light,True,0.19237066141490408,0.14068634775579145,0.41235392320534214,0.0,normal_light,False,0
2026-05-26 17:02:03,patient_001,0.4031007751937984,True,synthetic_ad8232,1.0,True,synthetic_max30102,0.293103448275863,2069,0.5467775467775469,0.5468227424749164,0.0,False,False,0.066,0.361,1.071,False,normal_light,synthetic_label_demo,synthetic_normal_light,True,0.24298266039664032,0.12250556133128947,0.42237061769616013,0.0,normal_light,False,0
2026-05-26 17:02:08,patient_001,0.4651162790697674,True,synthetic_ad8232,0.9411764705882355,True,synthetic_max30102,0.2310344827586217,2166,0.5904365904365907,0.5903010033444813,0.0,False,False,-0.063,-0.123,1.1,False,normal_light,synthetic_label_demo,synthetic_normal_light,True,0.23783653528474916,0.11518506633672808,0.43572621035058423,0.14285714285714285,normal_light,False,0
2026-05-26 17:02:13,patient_001,0.3643410852713178,True,synthetic_ad8232,0.9411764705882355,True,synthetic_max30102,0.5034482758620697,2016,0.5218295218295221,0.5217391304347823,0.0,False,False,0.489,0.012,0.888,False,normal_light,synthetic_label_demo,synthetic_normal_light,True,0.21705347860856342,0.1717781164989008,0.42237061769616013,0.0,normal_light,False,0
2026-05-26 17:02:23,patient_001,0.43410852713178294,True,synthetic_ad8232,0.9411764705882355,True,synthetic_max30102,0.38620689655172313,2131,0.47193347193347224,0.47157190635451496,0.0,False,False,0.324,-0.081,1.208,False,normal_light,synthetic_label_demo,synthetic_normal_light,True,0.26953978682959295,0.17093191373436856,0.42070116861435713,0.0,normal_light,False,0
2026-05-26 17:02:28,patient_001,0.4108527131782945,True,synthetic_ad8232,0.8235294117647065,True,synthetic_max30102,0.47241379310344733,2234,0.49688149688149696,0.4966555183946486,0.0,False,False,-0.046,0.021,1.259,False,normal_light,synthetic_label_demo,synthetic_normal_light,True,0.27100784444781667,0.1675043594442496,0.42237061769616013,0.2857142857142857,normal_light,False,0
2026-05-26 17:02:33,patient_001,0.4728682170542635,True,synthetic_ad8232,0.7058823529411766,True,synthetic_max30102,0.46896551724137936,2335,0.4656964656964657,0.4665551839464883,0.0,False,False,0.274,0.337,1.095,False,normal_light,synthetic_label_demo,synthetic_normal_light,True,0.253033491504962,0.17241004303454063,0.42404006677796324,0.2857142857142857,normal_light,False,0
2026-05-26 17:02:38,patient_001,0.37209302325581395,True,synthetic_ad8232,1.0,True,synthetic_max30102,0.3379310344827573,2044,0.4345114345114349,0.4347826086956519,0.0,False,False,0.235,0.411,1.245,False,normal_light,synthetic_label_demo,synthetic_normal_light,True,0.2867784938065417,0.16311866710388118,0.42570951585976624,0.0,normal_light,False,0
2026-05-26 17:02:43,patient_001,0.4263565891472868,True,synthetic_ad8232,0.7647058823529411,True,synthetic_max30102,0.3517241379310363,2248,0.5051975051975055,0.5050167224080266,0.0,False,False,0.2,0.02,0.661,False,normal_light,synthetic_label_demo,synthetic_normal_light,True,0.14628665942801597,0.12715196127924874,0.41235392320534214,0.5714285714285714,normal_light,False,0
2026-05-26 17:02:48,patient_001,0.3178294573643411,True,synthetic_ad8232,0.7058823529411766,True,synthetic_max30102,0.5482758620689676,2092,0.4033264033264037,0.4030100334448159,0.0,False,False,0.345,0.423,0.943,False,normal_light,synthetic_label_demo,synthetic_normal_light,True,0.2336600005951072,0.20292931984392126,0.38731218697829706,0.14285714285714285,normal_light,False,0
2026-05-26 17:02:53,patient_001,0.48062015503875966,True,synthetic_ad8232,0.882352941176471,True,synthetic_max30102,0.427586206896553,2062,0.4054054054054057,0.4063545150501673,0.0,False,False,0.234,0.086,0.844,False,normal_light,synthetic_label_demo,synthetic_normal_light,True,0.18774106312671326,0.2397768362394167,0.40233722871452415,0.0,normal_light,False,0
2026-05-26 17:02:58,patient_001,0.4031007751937984,True,synthetic_ad8232,0.7647058823529411,True,synthetic_max30102,0.4827586206896548,2108,0.4054054054054057,0.4046822742474916,0.0,False,False,0.253,0.396,1.021,False,normal_light,synthetic_label_demo,synthetic_normal_light,True,0.24119033497441839,0.21081468952909804,0.38731218697829706,0.2857142857142857,normal_light,False,0
2026-05-26 17:03:03,patient_001,0.4418604651162791,True,synthetic_ad8232,1.0,True,synthetic_max30102,0.5137931034482772,2133,0.49688149688149696,0.4966555183946486,0.0,False,False,0.235,0.063,0.897,False,normal_light,synthetic_label_demo,synthetic_normal_light,True,0.19855798020142487,0.21081468952909804,0.40233722871452415,0.0,normal_light,False,0
2026-05-26 17:03:13,patient_001,0.45736434108527135,True,synthetic_ad8232,0.7058823529411766,True,synthetic_max30102,0.24137931034482918,2084,0.4781704781704783,0.4782608695652173,0.0,False,False,-0.201,0.146,1.339,False,normal_light,synthetic_label_demo,synthetic_normal_light,True,0.29332448695770863,0.15997716069861254,0.41903171953255425,0.2857142857142857,normal_light,False,0
2026-05-26 17:03:18,patient_001,0.27131782945736427,True,synthetic_ad8232,1.0,True,synthetic_max30102,0.38620689655172313,1984,0.442827442827443,0.4431438127090299,0.0,False,False,0.135,0.652,0.969,False,normal_light,synthetic_label_demo,synthetic_normal_light,True,0.252532582516422,0.2582643998962148,0.37395659432387307,0.0,normal_light,False,0
2026-05-26 17:03:23,patient_001,0.2790697674418604,True,synthetic_ad8232,0.882352941176471,True,synthetic_max30102,0.21034482758620676,1928,0.3679833679833684,0.3678929765886285,0.0,False,False,0.02,0.233,1.074,False,normal_light,synthetic_label_demo,synthetic_normal_light,True,0.2357587657525252,0.30367859927098495,0.347245409015025,0.2857142857142857,normal_light,False,0
2026-05-26 17:03:28,patient_001,0.37209302325581395,True,synthetic_ad8232,0.7647058823529411,True,synthetic_max30102,0.4206896551724135,2172,0.4823284823284828,0.48327759197324394,0.0,False,False,-0.11,-0.047,0.958,False,normal_light,synthetic_label_demo,synthetic_normal_light,True,0.20645354708706262,0.26587220644555204,0.3322203672787979,0.2857142857142857,normal_light,False,0
2026-05-26 17:03:33,patient_001,0.4263565891472868,True,synthetic_ad8232,0.9411764705882355,True,synthetic_max30102,0.5344827586206886,2091,0.47193347193347224,0.47157190635451496,0.0,False,False,0.423,0.254,1.014,False,normal_light,synthetic_label_demo,synthetic_normal_light,True,0.2420054473486748,0.29286198671229846,0.3455759599332219,0.0,normal_light,False,0
2026-05-26 17:03:38,patient_001,0.4496124031007752,True,synthetic_ad8232,0.882352941176471,True,synthetic_max30102,0.36551724137931174,1997,0.35758835758835783,0.35785953177257523,0.0,False,False,0.431,0.015,1.001,False,normal_light,synthetic_label_demo,synthetic_normal_light,True,0.2337388284999803,0.28533858946141477,0.343906510851419,0.14285714285714285,normal_light,False,0
2026-05-26 17:03:43,patient_001,0.3565891472868217,True,synthetic_ad8232,0.7058823529411766,True,synthetic_max30102,0.3379310344827573,2148,0.5280665280665282,0.5284280936454846,0.0,False,False,0.365,-0.008,1.081,False,normal_light,synthetic_label_demo,synthetic_normal_light,True,0.2449235166134741,0.23131234573733778,0.36227045075125197,0.42857142857142855,normal_light,False,0
2026-05-26 17:03:53,patient_001,0.3875968992248062,True,synthetic_ad8232,0.8235294117647065,True,synthetic_max30102,0.5379310344827601,2028,0.3056133056133059,0.3060200668896318,0.0,False,False,0.363,0.086,1.297,False,normal_light,synthetic_label_demo,synthetic_normal_light,True,0.29063602713644154,0.12426832186691317,0.39398998330550916,0.2857142857142857,normal_light,False,0
2026-05-26 17:04:03,patient_001,0.4108527131782945,True,synthetic_ad8232,1.0,True,synthetic_max30102,0.18965517241379182,2145,0.3617463617463619,0.3612040133779262,0.0,False,False,0.157,0.083,1.106,False,normal_light,synthetic_label_demo,synthetic_normal_light,True,0.24036107179235805,0.15861175455389553,0.39732888146911505,0.0,normal_light,False,0
2026-05-26 17:04:13,patient_001,0.4883720930232558,True,synthetic_ad8232,0.9411764705882355,True,synthetic_max30102,0.19655172413793132,2136,0.442827442827443,0.4431438127090299,0.0,False,False,0.191,0.156,0.984,False,normal_light,synthetic_label_demo,synthetic_normal_light,True,0.21719004866815747,0.20908808642222826,0.41235392320534214,0.0,normal_light,False,0
2026-05-26 17:04:28,patient_001,0.28682170542635654,True,synthetic_ad8232,0.8235294117647065,True,synthetic_max30102,0.289655172413795,2174,0.42203742203742234,0.4230769230769229,0.0,False,False,0.111,-0.097,1.038,False,normal_light,synthetic_label_demo,synthetic_normal_light,True,0.22463711484884044,0.3614498303289805,0.36393989983305497,0.0,normal_light,False,0
2026-05-26 17:04:33,patient_001,0.3178294573643411,True,synthetic_ad8232,1.0,True,synthetic_max30102,0.19310344827586334,2138,0.43035343035343043,0.43143812709030094,0.0,False,False,0.106,-0.18,1.16,False,normal_light,synthetic_label_demo,synthetic_normal_light,True,0.25317911259541337,0.37212368719323585,0.357262103505843,0.0,normal_light,False,0
2026-05-26 17:04:43,patient_001,0.4263565891472868,True,synthetic_ad8232,0.8235294117647065,True,synthetic_max30102,0.3172413793103459,2166,0.4906444906444909,0.4899665551839463,0.0,False,False,0.281,0.095,1.216,False,normal_light,synthetic_label_demo,synthetic_normal_light,True,0.2691759436931117,0.30248253869875963,0.38063439065108506,0.14285714285714285,normal_light,False,0
2026-05-26 17:04:48,patient_001,0.4883720930232558,True,synthetic_ad8232,0.9411764705882355,True,synthetic_max30102,0.19655172413793132,1925,0.3035343035343039,0.30434782608695654,0.0,False,False,0.122,-0.045,1.052,False,normal_light,synthetic_label_demo,synthetic_normal_light,True,0.22717723443565596,0.3024825386987597,0.38063439065108506,0.0,normal_light,False,0
2026-05-26 17:04:53,patient_001,0.43410852713178294,True,synthetic_ad8232,1.0,True,synthetic_max30102,0.4379310344827605,2137,0.4178794178794183,0.41806020066889626,0.0,False,False,0.165,0.23,0.936,False,normal_light,synthetic_label_demo,synthetic_normal_light,True,0.20917667682229166,0.22089107258215454,0.41235392320534214,0.0,normal_light,False,0
2026-05-26 17:04:58,patient_001,0.4031007751937984,True,synthetic_ad8232,1.0,True,synthetic_max30102,0.2517241379310331,1885,0.2702702702702706,0.27090301003344486,0.0,False,False,0.128,-0.162,1.06,False,normal_light,synthetic_label_demo,synthetic_normal_light,True,0.23154130462669897,0.110034498258188,0.43071786310517524,0.0,normal_light,False,0
2026-05-26 17:05:03,patient_001,0.33333333333333337,True,synthetic_ad8232,0.7647058823529411,True,synthetic_max30102,0.2862068965517235,2016,0.41580041580041627,0.41638795986622057,0.0,False,False,0.083,0.007,0.472,False,normal_light,synthetic_label_demo,synthetic_normal_light,True,0.09991792374941905,0.1954681215912182,0.40567612687813015,0.5714285714285714,normal_light,False,0
2026-05-26 17:05:08,patient_001,0.6744186046511628,True,synthetic_ad8232,0.6470588235294121,True,synthetic_max30102,0.34827586206896477,1861,0.3638253638253639,0.36454849498327757,0.0,False,False,-0.093,0.264,1.339,False,normal_moderate,synthetic_label_demo,synthetic_normal_moderate,True,0.29465935507392754,0.44789396576369966,0.4590984974958263,0.2857142857142857,normal_moderate,False,0
2026-05-26 17:05:13,patient_001,0.5426356589147286,True,synthetic_ad8232,0.7058823529411766,True,synthetic_max30102,0.6448275862068957,2192,0.4781704781704783,0.4782608695652173,0.0,False,False,0.432,-0.106,1.372,False,normal_moderate,synthetic_label_demo,synthetic_normal_moderate,True,0.31095547127203255,0.4634858262593728,0.4707846410684473,0.0,normal_moderate,False,0
2026-05-26 17:05:23,patient_001,0.5193798449612402,True,synthetic_ad8232,0.882352941176471,True,synthetic_max30102,0.47241379310344733,2084,0.4823284823284828,0.48327759197324394,0.0,False,False,0.408,0.112,1.311,False,normal_moderate,synthetic_label_demo,synthetic_normal_moderate,True,0.2967715892521698,0.4242862832350063,0.5191986644407346,0.0,normal_moderate,False,0
2026-05-26 17:05:28,patient_001,0.5038759689922481,True,synthetic_ad8232,0.6470588235294121,True,synthetic_max30102,0.6620689655172427,2003,0.47401247401247426,0.47324414715719065,0.0,False,False,0.738,0.061,0.955,False,normal_moderate,synthetic_label_demo,synthetic_normal_moderate,True,0.2597112052309743,0.23581330975875386,0.5559265442404008,0.5714285714285714,normal_moderate,False,0
2026-05-26 17:05:33,patient_001,0.6279069767441859,True,synthetic_ad8232,0.7647058823529411,True,synthetic_max30102,0.29999999999999893,2047,0.5509355509355514,0.5501672240802673,0.0,False,False,0.707,0.347,0.725,False,normal_moderate,synthetic_label_demo,synthetic_normal_moderate,True,0.22946796403204442,0.1666364553686019,0.5459098497495826,0.0,normal_moderate,False,0
2026-05-26 17:05:38,patient_001,0.6201550387596898,True,synthetic_ad8232,0.882352941176471,True,synthetic_max30102,0.36551724137931174,2160,0.5738045738045741,0.5735785953177257,0.0,False,False,0.069,-0.302,0.746,False,normal_moderate,synthetic_label_demo,synthetic_normal_moderate,True,0.17189984687745166,0.20023186733386186,0.5626043405676125,0.0,normal_moderate,False,0
2026-05-26 17:05:43,patient_001,0.6356589147286821,True,synthetic_ad8232,0.9411764705882355,True,synthetic_max30102,0.5172413793103452,1989,0.3617463617463619,0.3612040133779262,0.0,False,False,0.331,0.273,0.478,False,normal_moderate,synthetic_label_demo,synthetic_normal_moderate,True,0.13564397187442637,0.2228516826760423,0.5826377295492488,0.0,normal_moderate,False,0
2026-05-26 17:05:48,patient_001,0.4883720930232558,True,synthetic_ad8232,0.9411764705882355,True,synthetic_max30102,0.35517241379310427,2062,0.33679833679833715,0.33612040133779253,0.0,False,False,-0.018,0.82,1.133,False,normal_moderate,synthetic_label_demo,synthetic_normal_moderate,True,0.3014037277152162,0.2521566514536677,0.5759599332220365,0.0,normal_moderate,False,0
2026-05-26 17:05:53,patient_001,0.5658914728682171,True,synthetic_ad8232,0.6470588235294121,True,synthetic_max30102,0.5586206896551715,2168,0.5031185031185035,0.503344481605351,0.0,False,False,0.208,0.313,1.021,False,normal_moderate,synthetic_label_demo,synthetic_normal_moderate,True,0.2333048517881115,0.21490194594593057,0.5893155258764607,0.7142857142857142,normal_moderate,False,0
2026-05-26 17:05:58,patient_001,0.49612403100775193,True,synthetic_ad8232,0.9411764705882355,True,synthetic_max30102,0.36551724137931174,2103,0.4116424116424118,0.41137123745819393,0.0,False,False,-0.01,0.018,0.896,False,normal_moderate,synthetic_label_demo,synthetic_normal_moderate,True,0.19128824223193858,0.23673385968615118,0.5609348914858096,0.0,normal_moderate,False,0
2026-05-26 17:06:13,patient_001,0.48062015503875966,True,synthetic_ad8232,0.7647058823529411,True,synthetic_max30102,0.45172413793103594,1934,0.313929313929314,0.3143812709030098,0.0,False,False,0.124,0.061,1.442,False,normal_moderate,synthetic_label_demo,synthetic_normal_moderate,True,0.3123363963830151,0.25186896550551496,0.5409015025041736,0.0,normal_moderate,False,0
2026-05-26 17:06:18,patient_001,0.5813953488372093,True,synthetic_ad8232,0.9411764705882355,True,synthetic_max30102,0.34827586206896477,2065,0.39708939708939717,0.39799331103678925,0.0,False,False,0.618,0.018,0.817,False,normal_moderate,synthetic_label_demo,synthetic_normal_moderate,True,0.21941093050375737,0.25727999620544395,0.5442404006677796,0.0,normal_moderate,False,0
2026-05-26 17:06:23,patient_001,0.6589147286821705,True,synthetic_ad8232,0.7647058823529411,True,synthetic_max30102,0.33103448275862135,2108,0.30977130977130996,0.3110367892976589,0.0,False,False,-0.56,0.471,1.176,False,normal_moderate,synthetic_label_demo,synthetic_normal_moderate,True,0.2984126350651092,0.2853385894614145,0.5792988313856425,0.42857142857142855,normal_moderate,False,0
2026-05-26 17:06:28,patient_001,0.6666666666666666,True,synthetic_ad8232,0.7058823529411766,True,synthetic_max30102,0.6310344827586203,2233,0.5031185031185035,0.503344481605351,0.0,False,False,-0.505,-0.457,0.563,False,normal_moderate,synthetic_label_demo,synthetic_normal_moderate,True,0.18853068312764226,0.29211836641770716,0.5809682804674458,0.14285714285714285,normal_moderate,False,0
2026-05-26 17:06:38,patient_001,0.5271317829457364,True,synthetic_ad8232,0.9411764705882355,True,synthetic_max30102,0.4241379310344815,2071,0.442827442827443,0.4431438127090299,0.0,False,False,0.221,0.017,1.0,False,normal_moderate,synthetic_label_demo,synthetic_normal_moderate,True,0.21934600589678555,0.29947148883290126,0.5809682804674458,0.0,normal_moderate,False,0
2026-05-26 17:06:43,patient_001,0.48062015503875966,True,synthetic_ad8232,0.9411764705882355,True,synthetic_max30102,0.29999999999999893,2264,0.5426195426195428,0.5418060200668897,0.0,False,False,0.288,0.282,1.152,False,normal_moderate,synthetic_label_demo,synthetic_normal_moderate,True,0.262344049964127,0.3365202064421538,0.5592654424040066,0.0,normal_moderate,False,0
2026-05-26 17:06:48,patient_001,0.5193798449612402,True,synthetic_ad8232,0.9411764705882355,True,synthetic_max30102,0.4241379310344815,2209,0.5634095634095635,0.563545150501672,0.0,False,False,-0.264,-0.244,1.864,False,normal_moderate,synthetic_label_demo,synthetic_normal_moderate,True,0.4108943587178333,0.2769577139055968,0.5292153589315524,0.0,normal_moderate,False,0
2026-05-26 17:06:58,patient_001,0.5116279069767442,True,synthetic_ad8232,0.7647058823529411,True,synthetic_max30102,0.5275862068965527,1999,0.30977130977130996,0.3093645484949832,0.0,False,False,0.901,0.586,0.943,False,normal_moderate,synthetic_label_demo,synthetic_normal_moderate,True,0.3082241028172151,0.11674802878749797,0.5191986644407346,0.42857142857142855,normal_moderate,False,0
2026-05-26 17:07:03,patient_001,0.4651162790697674,True,synthetic_ad8232,0.7058823529411766,True,synthetic_max30102,0.3620689655172402,2100,0.5010395010395015,0.5016722408026753,0.0,False,False,0.488,0.486,0.842,False,normal_moderate,synthetic_label_demo,synthetic_normal_moderate,True,0.23326758536521522,0.1454996865157811,0.5058430717863104,0.14285714285714285,normal_moderate,False,0
2026-05-26 17:07:13,patient_001,0.45736434108527135,True,synthetic_ad8232,0.7058823529411766,True,synthetic_max30102,0.6620689655172427,2096,0.4760914760914763,0.4765886287625416,0.0,False,False,0.046,0.44,1.228,False,normal_moderate,synthetic_label_demo,synthetic_normal_moderate,True,0.2809226553796233,0.18905757871812565,0.5108514190317196,0.2857142857142857,normal_moderate,False,0
2026-05-26 17:07:18,patient_001,0.5038759689922481,True,synthetic_ad8232,0.7647058823529411,True,synthetic_max30102,0.3172413793103459,2152,0.5426195426195428,0.5418060200668897,0.0,False,False,0.062,0.292,1.013,False,normal_moderate,synthetic_label_demo,synthetic_normal_moderate,True,0.22631394749034026,0.15064086495710993,0.4958263772954924,0.0,normal_moderate,False,0
2026-05-26 17:07:23,patient_001,0.4496124031007752,True,synthetic_ad8232,0.8235294117647065,True,synthetic_max30102,0.3206896551724139,2054,0.3617463617463619,0.3628762541806019,0.0,False,False,-0.545,-0.412,0.912,False,normal_moderate,synthetic_label_demo,synthetic_normal_moderate,True,0.24460285099301957,0.1670709709833514,0.4824707846410684,0.0,normal_moderate,False,0
2026-05-26 17:07:28,patient_001,0.4651162790697674,True,synthetic_ad8232,0.9411764705882355,True,synthetic_max30102,0.32413793103448185,2140,0.6070686070686073,0.6070234113712374,0.0,False,False,0.29,0.141,1.564,False,normal_moderate,synthetic_label_demo,synthetic_normal_moderate,True,0.3448330344166802,0.1670709709833514,0.4824707846410684,0.0,normal_moderate,False,0
2026-05-26 17:07:33,patient_001,0.5503875968992248,True,synthetic_ad8232,0.7058823529411766,True,synthetic_max30102,0.5310344827586206,2120,0.4116424116424118,0.41137123745819393,0.0,False,False,0.496,0.278,1.01,False,normal_moderate,synthetic_label_demo,synthetic_normal_moderate,True,0.24888232202168303,0.1457486168714636,0.4791318864774623,0.5714285714285714,normal_moderate,False,0
2026-05-26 17:07:43,patient_001,0.6356589147286821,True,synthetic_ad8232,0.882352941176471,True,synthetic_max30102,0.6275862068965523,1919,0.384615384615385,0.3846153846153846,0.0,False,False,-0.031,0.212,1.082,False,normal_moderate,synthetic_label_demo,synthetic_normal_moderate,True,0.23660103701859736,0.3242310726062711,0.5492487479131886,0.0,normal_moderate,False,0
2026-05-26 17:07:48,patient_001,0.4728682170542635,True,synthetic_ad8232,0.6470588235294121,True,synthetic_max30102,0.589655172413794,2089,0.38669438669438705,0.3879598662207355,0.0,False,False,-0.205,0.252,1.675,False,normal_moderate,synthetic_label_demo,synthetic_normal_moderate,True,0.36878854013742,0.30379794633759655,0.5542570951585976,0.5714285714285714,normal_moderate,False,0
2026-05-26 17:07:53,patient_001,0.45736434108527135,True,synthetic_ad8232,0.8235294117647065,True,synthetic_max30102,0.6137931034482769,2109,0.567567567567568,0.5668896321070234,0.0,False,False,-0.138,0.666,1.175,False,normal_moderate,synthetic_label_demo,synthetic_normal_moderate,True,0.29240480425355464,0.31087493437745334,0.5525876460767946,0.0,normal_moderate,False,0
2026-05-26 17:07:58,patient_001,0.5271317829457364,True,synthetic_ad8232,0.882352941176471,True,synthetic_max30102,0.4931034482758623,2150,0.45738045738045763,0.4565217391304346,0.0,False,False,0.219,0.579,1.387,False,normal_moderate,synthetic_label_demo,synthetic_normal_moderate,True,0.3277345072883783,0.31366102383669503,0.5475792988313856,0.0,normal_moderate,False,0
2026-05-26 17:08:03,patient_001,0.6046511627906977,True,synthetic_ad8232,0.8235294117647065,True,synthetic_max30102,0.6896551724137936,2172,0.5634095634095635,0.563545150501672,0.0,False,False,-0.53,-0.853,0.796,False,normal_moderate,synthetic_label_demo,synthetic_normal_moderate,True,0.2757060943626652,0.2736659673725662,0.5375626043405676,0.14285714285714285,normal_moderate,False,0
2026-05-26 17:08:08,patient_001,0.6279069767441859,True,synthetic_ad8232,0.7647058823529411,True,synthetic_max30102,0.293103448275863,2207,0.5259875259875262,0.5267558528428093,0.0,False,False,0.415,0.039,0.751,False,normal_moderate,synthetic_label_demo,synthetic_normal_moderate,True,0.1831110046611343,0.2655993770186929,0.5358931552587646,0.14285714285714285,normal_moderate,False,0
2026-05-26 17:08:13,patient_001,0.6434108527131782,True,synthetic_ad8232,0.882352941176471,True,synthetic_max30102,0.44137931034482847,2227,0.5051975051975055,0.5050167224080266,0.0,False,False,0.464,0.092,1.211,False,normal_moderate,synthetic_label_demo,synthetic_normal_moderate,True,0.2797939531279237,0.2715383085273553,0.5726210350584308,0.0,normal_moderate,False,0
2026-05-26 17:08:18,patient_001,0.5271317829457364,True,synthetic_ad8232,0.7647058823529411,True,synthetic_max30102,0.41034482758620605,2192,0.5779625779625781,0.5785953177257523,0.0,False,False,0.112,-0.463,1.396,False,normal_moderate,synthetic_label_demo,synthetic_normal_moderate,True,0.3181280635489609,0.19285429460046197,0.5876460767946575,0.2857142857142857,normal_moderate,False,0
2026-05-26 17:08:23,patient_001,0.4883720930232558,True,synthetic_ad8232,0.882352941176471,True,synthetic_max30102,0.6689655172413786,2188,0.44490644490644504,0.4448160535117056,0.0,False,False,-0.668,0.183,1.064,False,normal_moderate,synthetic_label_demo,synthetic_normal_moderate,True,0.27310182840439556,0.23365125603518702,0.5792988313856425,0.0,normal_moderate,False,0
2026-05-26 17:08:28,patient_001,0.4496124031007752,True,synthetic_ad8232,0.7647058823529411,True,synthetic_max30102,0.5137931034482772,1832,0.31600831600831647,0.3160535117056855,0.0,False,False,-0.149,0.587,0.6,False,normal_moderate,synthetic_label_demo,synthetic_normal_moderate,True,0.18170543427417366,0.2965521194894692,0.5459098497495826,0.2857142857142857,normal_moderate,False,0
2026-05-26 17:08:33,patient_001,0.48062015503875966,True,synthetic_ad8232,0.6470588235294121,True,synthetic_max30102,0.6103448275862089,2197,0.3991683991683992,0.39966555183946495,0.0,False,False,0.632,-0.23,0.574,False,normal_moderate,synthetic_label_demo,synthetic_normal_moderate,True,0.1886493133012632,0.2620267446943377,0.5141903171953254,0.2857142857142857,normal_moderate,False,0
2026-05-26 17:08:38,patient_001,0.4651162790697674,True,synthetic_ad8232,0.8235294117647065,True,synthetic_max30102,0.3448275862068968,2158,0.49688149688149696,0.4966555183946486,0.0,False,False,-0.772,0.268,0.551,False,normal_moderate,synthetic_label_demo,synthetic_normal_moderate,True,0.21087181542358796,0.10146465992195883,0.4757929883138564,0.0,normal_moderate,False,0
2026-05-26 17:08:43,patient_001,0.6511627906976744,True,synthetic_ad8232,0.6470588235294121,True,synthetic_max30102,0.6793103448275861,2243,0.5446985446985448,0.5451505016722407,0.0,False,False,0.078,-0.171,0.431,False,normal_moderate,synthetic_label_demo,synthetic_normal_moderate,True,0.09792472849426015,0.2847026658060281,0.5025041736227044,0.42857142857142855,normal_moderate,False,0
2026-05-26 17:08:48,patient_001,0.5116279069767442,True,synthetic_ad8232,0.9411764705882355,True,synthetic_max30102,0.4827586206896548,1944,0.3534303534303538,0.35284280936454815,0.0,False,False,-0.213,-0.085,1.088,False,normal_moderate,synthetic_label_demo,synthetic_normal_moderate,True,0.23855104026626892,0.2824014839364084,0.5075125208681134,0.0,normal_moderate,False,0
2026-05-26 17:08:58,patient_001,0.5813953488372093,True,synthetic_ad8232,0.7647058823529411,True,synthetic_max30102,0.6793103448275861,2112,0.44906444906444953,0.44983277591973225,0.0,False,False,-0.036,-0.04,1.045,False,normal_moderate,synthetic_label_demo,synthetic_normal_moderate,True,0.22419219583483024,0.2827863146631176,0.5709515859766275,0.14285714285714285,normal_moderate,False,0
2026-05-26 17:09:03,patient_001,0.5736434108527132,True,synthetic_ad8232,0.7647058823529411,True,synthetic_max30102,0.43448275862068897,2107,0.4636174636174637,0.4632107023411369,0.0,False,False,0.341,0.312,0.259,False,normal_moderate,synthetic_label_demo,synthetic_normal_moderate,True,0.11098985574205503,0.19841319325706155,0.5943238731218697,0.0,normal_moderate,False,0
2026-05-26 17:09:08,patient_001,0.5581395348837209,True,synthetic_ad8232,0.8235294117647065,True,synthetic_max30102,0.44137931034482847,2083,0.382536382536383,0.3829431438127089,0.0,False,False,0.398,-0.505,0.983,False,normal_moderate,synthetic_label_demo,synthetic_normal_moderate,True,0.2522927701147133,0.1648869428056053,0.5742904841402335,0.0,normal_moderate,False,0
2026-05-26 17:09:13,patient_001,0.6434108527131782,True,synthetic_ad8232,0.7058823529411766,True,synthetic_max30102,0.5172413793103452,2197,0.4656964656964657,0.4665551839464883,0.0,False,False,0.843,0.802,0.993,False,normal_moderate,synthetic_label_demo,synthetic_normal_moderate,True,0.3301017366395346,0.14068634775578967,0.6026711185308847,0.2857142857142857,normal_moderate,False,0
2026-05-26 17:09:18,patient_001,0.45736434108527135,True,synthetic_ad8232,0.7058823529411766,True,synthetic_max30102,0.3275862068965534,1928,0.39708939708939717,0.39799331103678925,0.0,False,False,0.129,0.361,1.784,False,normal_moderate,synthetic_label_demo,synthetic_normal_moderate,True,0.39476001007976713,0.23365125603518688,0.5626043405676125,0.0,normal_moderate,False,0
2026-05-26 17:09:23,patient_001,0.4651162790697674,True,synthetic_ad8232,0.7647058823529411,True,synthetic_max30102,0.41034482758620605,2216,0.5135135135135136,0.5133779264214047,0.0,False,False,0.332,0.086,0.54,False,normal_moderate,synthetic_label_demo,synthetic_normal_moderate,True,0.13507065388024483,0.2723381285468884,0.5375626043405676,0.0,normal_moderate,False,0
2026-05-26 17:09:28,patient_001,0.5503875968992248,True,synthetic_ad8232,0.7058823529411766,True,synthetic_max30102,0.35517241379310427,2157,0.5426195426195428,0.543478260869565,0.0,False,False,-0.32,0.351,0.913,False,normal_moderate,synthetic_label_demo,synthetic_normal_moderate,True,0.22041748037977427,0.2658722064455511,0.5325542570951586,0.14285714285714285,normal_moderate,False,0
2026-05-26 17:09:33,patient_001,0.5426356589147286,True,synthetic_ad8232,0.882352941176471,True,synthetic_max30102,0.3172413793103459,2096,0.4698544698544702,0.46989966555183926,0.0,False,False,0.617,-0.343,1.647,False,normal_moderate,synthetic_label_demo,synthetic_normal_moderate,True,0.38756936363283234,0.2628555082124703,0.5292153589315524,0.0,normal_moderate,False,0
2026-05-26 17:09:48,patient_001,0.5891472868217055,True,synthetic_ad8232,0.7647058823529411,True,synthetic_max30102,0.4241379310344815,1898,0.4345114345114349,0.4347826086956519,0.0,False,False,0.192,0.079,1.09,False,normal_moderate,synthetic_label_demo,synthetic_normal_moderate,True,0.23804468861838174,0.10837475761523194,0.5759599332220365,0.2857142857142857,normal_moderate,False,0
2026-05-26 17:09:53,patient_001,0.5038759689922481,True,synthetic_ad8232,0.8235294117647065,True,synthetic_max30102,0.44482758620689644,2111,0.38045738045738053,0.3812709030100332,0.0,False,False,-0.347,-0.022,1.165,False,normal_moderate,synthetic_label_demo,synthetic_normal_moderate,True,0.26131375443773447,0.15467766302490285,0.5659432387312185,0.0,normal_moderate,False,0
2026-05-26 17:10:03,patient_001,0.6279069767441859,True,synthetic_ad8232,0.7647058823529411,True,synthetic_max30102,0.5379310344827601,2110,0.45945945945945965,0.459866220735786,0.0,False,False,0.539,0.393,0.767,False,normal_moderate,synthetic_label_demo,synthetic_normal_moderate,True,0.21764173115371752,0.19322986320274055,0.5742904841402335,0.0,normal_moderate,False,0
2026-05-26 17:10:13,patient_001,0.5658914728682171,True,synthetic_ad8232,0.7058823529411766,True,synthetic_max30102,0.6620689655172427,2224,0.498960498960499,0.5,0.0,False,False,-0.356,0.378,0.569,False,normal_moderate,synthetic_label_demo,synthetic_normal_moderate,True,0.1636927819789925,0.18790360509643136,0.5425709515859766,0.42857142857142855,normal_moderate,False,0
2026-05-26 17:10:18,patient_001,0.5736434108527132,True,synthetic_ad8232,0.6470588235294121,True,synthetic_max30102,0.4379310344827605,2143,0.5446985446985448,0.5451505016722407,0.0,False,False,0.157,0.147,1.165,False,normal_moderate,synthetic_label_demo,synthetic_normal_moderate,True,0.2545001779724649,0.17345813805625265,0.5575959933222036,0.14285714285714285,normal_moderate,False,0
2026-05-26 17:10:23,patient_001,0.6279069767441859,True,synthetic_ad8232,0.8235294117647065,True,synthetic_max30102,0.4137931034482776,2008,0.3887733887733891,0.3896321070234112,0.0,False,False,0.46,0.33,1.113,False,normal_moderate,synthetic_label_demo,synthetic_normal_moderate,True,0.26852974016499753,0.1890575787181252,0.5792988313856425,0.0,normal_moderate,False,0
2026-05-26 17:10:28,patient_001,0.6201550387596898,True,synthetic_ad8232,0.6470588235294121,True,synthetic_max30102,0.4620689655172434,2094,0.5093555093555096,0.5083612040133776,0.0,False,False,-0.457,0.003,0.834,False,normal_moderate,synthetic_label_demo,synthetic_normal_moderate,True,0.20329077459271058,0.18321504239045916,0.5776293823038398,0.42857142857142855,normal_moderate,False,0
2026-05-26 17:10:33,patient_001,0.5581395348837209,True,synthetic_ad8232,0.7058823529411766,True,synthetic_max30102,0.5103448275862057,2214,0.4698544698544702,0.46989966555183926,0.0,False,False,-0.176,0.93,1.042,False,normal_moderate,synthetic_label_demo,synthetic_normal_moderate,True,0.30337360943430036,0.11263922565857441,0.5909849749582637,0.0,normal_moderate,False,0
2026-05-26 17:10:38,patient_001,0.5193798449612402,True,synthetic_ad8232,0.7647058823529411,True,synthetic_max30102,0.4655172413793114,2172,0.498960498960499,0.4983277591973243,0.0,False,False,0.507,-0.399,0.832,False,normal_moderate,synthetic_label_demo,synthetic_normal_moderate,True,0.2256070263096679,0.15630957502700826,0.5809682804674458,0.0,normal_moderate,False,0
2026-05-26 17:10:43,patient_001,0.5348837209302325,True,synthetic_ad8232,0.8235294117647065,True,synthetic_max30102,0.5482758620689676,2085,0.4760914760914763,0.4765886287625416,0.0,False,False,0.295,0.591,0.675,False,normal_moderate,synthetic_label_demo,synthetic_normal_moderate,True,0.20184753042673925,0.17177811649889924,0.5726210350584308,0.0,normal_moderate,False,0
2026-05-26 17:10:48,patient_001,0.5426356589147286,True,synthetic_ad8232,0.8235294117647065,True,synthetic_max30102,0.5068965517241377,2034,0.3700623700623704,0.3712374581939799,0.0,False,False,0.344,0.629,0.926,False,normal_moderate,synthetic_label_demo,synthetic_normal_moderate,True,0.25152062727465924,0.13543499388925076,0.5542570951585976,0.0,normal_moderate,False,0
2026-05-26 17:10:53,patient_001,0.49612403100775193,True,synthetic_ad8232,0.882352941176471,True,synthetic_max30102,0.4068965517241381,1928,0.3700623700623704,0.3712374581939799,0.0,False,False,0.851,-0.148,0.664,False,normal_moderate,synthetic_label_demo,synthetic_normal_moderate,True,0.23363968612740876,0.0821130353179621,0.5275459098497496,0.0,normal_moderate,False,0
2026-05-26 17:11:03,patient_001,0.49612403100775193,True,synthetic_ad8232,0.6470588235294121,True,synthetic_max30102,0.431034482758621,2015,0.5426195426195428,0.543478260869565,0.0,False,False,0.43,0.498,0.647,False,normal_moderate,synthetic_label_demo,synthetic_normal_moderate,True,0.19710387544931382,0.1442485911800182,0.5308848080133556,0.7142857142857142,normal_moderate,False,0
2026-05-26 17:11:13,patient_001,0.6279069767441859,True,synthetic_ad8232,0.6470588235294121,True,synthetic_max30102,0.3448275862068968,2161,0.5343035343035347,0.5351170568561874,0.0,False,False,0.125,0.16,0.636,False,normal_moderate,synthetic_label_demo,synthetic_normal_moderate,True,0.14118920798785453,0.2199042125198371,0.5642737896494158,0.2857142857142857,normal_moderate,False,0
2026-05-26 17:11:23,patient_001,0.4728682170542635,True,synthetic_ad8232,0.7058823529411766,True,synthetic_max30102,0.4379310344827605,2010,0.44698544698544707,0.4464882943143813,0.0,False,False,0.35,0.077,0.831,False,normal_moderate,synthetic_label_demo,synthetic_normal_moderate,True,0.19320444981503893,0.30188273136911237,0.5759599332220365,0.0,normal_moderate,False,0
2026-05-26 17:11:33,patient_001,0.4651162790697674,True,synthetic_ad8232,0.9411764705882355,True,synthetic_max30102,0.5103448275862057,2216,0.4033264033264037,0.4030100334448159,0.0,False,False,0.016,0.64,1.166,False,normal_moderate,synthetic_label_demo,synthetic_normal_moderate,True,0.2863867450819353,0.3384536292188975,0.5742904841402335,0.0,normal_moderate,False,0
2026-05-26 17:11:38,patient_001,0.5271317829457364,True,synthetic_ad8232,0.882352941176471,True,synthetic_max30102,0.589655172413794,2205,0.4656964656964657,0.4665551839464883,0.0,False,False,-0.161,0.213,0.976,False,normal_moderate,synthetic_label_demo,synthetic_normal_moderate,True,0.2166269130494561,0.32568127903245503,0.5525876460767946,0.14285714285714285,normal_moderate,False,0
2026-05-26 17:11:43,patient_001,0.4883720930232558,True,synthetic_ad8232,0.8235294117647065,True,synthetic_max30102,0.38275862068965516,1979,0.3409563409563412,0.34113712374581917,0.0,False,False,1.008,-0.169,1.225,False,normal_moderate,synthetic_label_demo,synthetic_normal_moderate,True,0.3445016711137637,0.23209460142209176,0.5125208681135224,0.14285714285714285,normal_moderate,False,0
2026-05-26 17:11:53,patient_001,0.12403100775193798,True,synthetic_ad8232,0.882352941176471,True,synthetic_max30102,0.33103448275862135,2087,0.37422037422037446,0.37458193979933085,0.0,False,False,0.065,0.011,0.962,False,normal_morning,synthetic_label_demo,synthetic_normal_morning,True,0.2061942812910504,0.665675088481554,0.3388981636060099,0.2857142857142857,normal_morning,False,0
2026-05-26 17:11:58,patient_001,0.1705426356589147,True,synthetic_ad8232,0.7647058823529411,True,synthetic_max30102,0.06206896551724128,1975,0.33679833679833715,0.3377926421404682,0.0,False,False,-0.042,0.063,0.925,False,normal_morning,synthetic_label_demo,synthetic_normal_morning,True,0.1982695257469552,0.6759426208918916,0.2754590984974957,0.2857142857142857,normal_morning,False,0
2026-05-26 17:12:03,patient_001,0.2325581395348837,True,synthetic_ad8232,0.882352941176471,True,synthetic_max30102,0.29999999999999893,1995,0.3679833679833684,0.3678929765886285,0.0,False,False,0.067,-0.061,0.96,False,normal_morning,synthetic_label_demo,synthetic_normal_morning,True,0.20619655394504294,0.50574886887109,0.21202003338898157,0.0,normal_morning,False,0
2026-05-26 17:12:08,patient_001,0.054263565891472854,True,synthetic_ad8232,0.7647058823529411,True,synthetic_max30102,0.14137931034482598,1992,0.39501039501039514,0.39464882943143786,0.0,False,False,0.08,0.022,0.994,False,normal_morning,synthetic_label_demo,synthetic_normal_morning,True,0.2134699632900844,0.22973984385162352,0.11853088480801333,0.2857142857142857,normal_morning,False,0
2026-05-26 17:12:13,patient_001,0.10077519379844957,True,synthetic_ad8232,0.882352941176471,True,synthetic_max30102,0.11034482758620712,2107,0.33679833679833715,0.33612040133779253,0.0,False,False,0.129,0.03,0.926,False,normal_morning,synthetic_label_demo,synthetic_normal_morning,True,0.19987577742915896,0.23673385968615024,0.10350584307178623,0.0,normal_morning,False,0
2026-05-26 17:12:18,patient_001,0.14728682170542629,True,synthetic_ad8232,0.7647058823529411,True,synthetic_max30102,0.27241379310344804,2037,0.3929313929313931,0.3929765886287626,0.0,False,False,-0.041,-0.013,0.924,False,normal_morning,synthetic_label_demo,synthetic_normal_morning,True,0.19759167082167048,0.23581330975875262,0.10851419031719534,0.2857142857142857,normal_morning,False,0
2026-05-26 17:12:23,patient_001,0.2093023255813954,True,synthetic_ad8232,0.9411764705882355,True,synthetic_max30102,0.34827586206896477,2055,0.35758835758835783,0.35785953177257523,0.0,False,False,0.004,0.05,0.885,False,normal_morning,synthetic_label_demo,synthetic_normal_morning,True,0.18913707805746732,0.2571390594672826,0.11686143572621033,0.0,normal_morning,False,0
2026-05-26 17:12:28,patient_001,0.1705426356589147,True,synthetic_ad8232,0.8235294117647065,True,synthetic_max30102,0.137931034482758,2026,0.3347193347193351,0.33444816053511683,0.0,False,False,0.072,-0.035,1.007,False,normal_morning,synthetic_label_demo,synthetic_normal_morning,True,0.2162575631657218,0.20995316287800717,0.10350584307178623,0.2857142857142857,normal_morning,False,0
2026-05-26 17:12:33,patient_001,0.12403100775193798,True,synthetic_ad8232,0.8235294117647065,True,synthetic_max30102,0.2310344827586217,2033,0.23908523908523938,0.23913043478260843,0.0,False,False,0.024,0.056,1.018,False,normal_morning,synthetic_label_demo,synthetic_normal_morning,True,0.2183710553276658,0.1457486168714627,0.11853088480801333,0.0,normal_morning,False,0
2026-05-26 17:12:38,patient_001,0.1705426356589147,True,synthetic_ad8232,0.7647058823529411,True,synthetic_max30102,0.13448275862069003,1890,0.21205821205821218,0.21237458193979908,0.0,False,False,-0.058,0.059,0.996,False,normal_morning,synthetic_label_demo,synthetic_normal_morning,True,0.21390245821313164,0.11003449825818529,0.1335559265442403,0.14285714285714285,normal_morning,False,0
2026-05-26 17:12:43,patient_001,0.2558139534883721,True,synthetic_ad8232,1.0,True,synthetic_max30102,0.2241379310344822,1965,0.3679833679833684,0.3678929765886285,0.0,False,False,0.049,-0.184,1.048,False,normal_morning,synthetic_label_demo,synthetic_normal_morning,True,0.2283061733845766,0.17135553746640683,0.1569282136894824,0.0,normal_morning,False,0
2026-05-26 17:12:48,patient_001,0.13953488372093026,True,synthetic_ad8232,1.0,True,synthetic_max30102,0.24827586206896513,2061,0.3534303534303538,0.35451505016722384,0.0,False,False,0.061,0.103,0.986,False,normal_morning,synthetic_label_demo,synthetic_normal_morning,True,0.21254592086359891,0.17697523810341736,0.1419031719532554,0.0,normal_morning,False,0
2026-05-26 17:12:53,patient_001,0.2325581395348837,True,synthetic_ad8232,1.0,True,synthetic_max30102,0.24482758620689715,2049,0.2848232848232852,0.28428093645484953,0.0,False,False,0.026,-0.193,1.007,False,normal_morning,synthetic_label_demo,synthetic_normal_morning,True,0.21965003769630323,0.20005074394325714,0.1552587646076794,0.0,normal_morning,False,0
2026-05-26 17:12:58,patient_001,0.2093023255813954,True,synthetic_ad8232,0.7647058823529411,True,synthetic_max30102,0.24827586206896513,2079,0.3700623700623704,0.3695652173913042,0.0,False,False,0.035,-0.023,1.001,False,normal_morning,synthetic_label_demo,synthetic_normal_morning,True,0.2144383517776519,0.1626735948770975,0.1736227045075125,0.5714285714285714,normal_morning,False,0
2026-05-26 17:13:03,patient_001,0.10077519379844957,True,synthetic_ad8232,0.8235294117647065,True,synthetic_max30102,0.08275862068965623,1970,0.3409563409563412,0.34113712374581917,0.0,False,False,0.002,0.092,0.974,False,normal_morning,synthetic_label_demo,synthetic_normal_morning,True,0.20928007571649648,0.22640204158561103,0.1585976627712854,0.0,normal_morning,False,0
2026-05-26 17:13:13,patient_001,0.2093023255813954,True,synthetic_ad8232,0.882352941176471,True,synthetic_max30102,0.2655172413793121,1953,0.3035343035343039,0.30434782608695654,0.0,False,False,-0.043,-0.083,1.135,False,normal_morning,synthetic_label_demo,synthetic_normal_morning,True,0.24445376518545714,0.23115557693197694,0.1385642737896493,0.2857142857142857,normal_morning,False,0
2026-05-26 17:13:18,patient_001,0.0852713178294574,True,synthetic_ad8232,0.7647058823529411,True,synthetic_max30102,0.26896551724138007,2006,0.3617463617463619,0.3628762541806019,0.0,False,False,-0.021,-0.057,0.948,False,normal_morning,synthetic_label_demo,synthetic_normal_morning,True,0.20305790728175147,0.22203686575155188,0.10684474123539223,0.2857142857142857,normal_morning,False,0
2026-05-26 17:13:28,patient_001,0.0852713178294574,True,synthetic_ad8232,0.8235294117647065,True,synthetic_max30102,0.18965517241379182,2082,0.24532224532224545,0.24581939799331076,0.0,False,False,0.082,-0.115,1.01,False,normal_morning,synthetic_label_demo,synthetic_normal_morning,True,0.21837245206873931,0.18361032880980815,0.08180300500834714,0.0,normal_morning,False,0
2026-05-26 17:13:33,patient_001,0.1705426356589147,True,synthetic_ad8232,1.0,True,synthetic_max30102,0.17586206896551637,2105,0.37214137214137244,0.3729096989966556,0.0,False,False,-0.085,0.099,0.998,False,normal_morning,synthetic_label_demo,synthetic_normal_morning,True,0.2154503933634338,0.1932298632027404,0.09849749582637723,0.0,normal_morning,False,0
2026-05-26 17:13:38,patient_001,0.10077519379844957,True,synthetic_ad8232,0.7647058823529411,True,synthetic_max30102,0.06551724137930925,2127,0.4137214137214138,0.4147157190635449,0.0,False,False,-0.072,0.016,0.882,False,normal_morning,synthetic_label_demo,synthetic_normal_morning,True,0.18884303129880425,0.12250556133128705,0.07512520868113515,0.5714285714285714,normal_morning,False,0
2026-05-26 17:13:43,patient_001,0.18604651162790697,True,synthetic_ad8232,1.0,True,synthetic_max30102,0.11034482758620712,2184,0.42203742203742234,0.4230769230769229,0.0,False,False,-0.123,-0.063,1.059,False,normal_morning,synthetic_label_demo,synthetic_normal_morning,True,0.228924419780801,0.15630957502700812,0.09682804674457424,0.0,normal_morning,False,0
2026-05-26 17:13:48,patient_001,0.24806201550387597,True,synthetic_ad8232,0.9411764705882355,True,synthetic_max30102,0.18620689655172384,2282,0.3783783783783785,0.37792642140468224,0.0,False,False,0.022,-0.021,0.973,False,normal_morning,synthetic_label_demo,synthetic_normal_morning,True,0.20821456900400698,0.23052743561610792,0.12687813021702832,0.14285714285714285,normal_morning,False,0
2026-05-26 17:13:58,patient_001,0.24806201550387597,True,synthetic_ad8232,1.0,True,synthetic_max30102,0.11724137931034662,1974,0.33679833679833715,0.3377926421404682,0.0,False,False,-0.007,0.081,1.063,False,normal_morning,synthetic_label_demo,synthetic_normal_morning,True,0.22851367063438977,0.21456431502894213,0.1736227045075125,0.0,normal_morning,False,0
2026-05-26 17:14:03,patient_001,0.03875968992248058,True,synthetic_ad8232,0.8235294117647065,True,synthetic_max30102,0.3206896551724139,1993,0.3534303534303538,0.35284280936454815,0.0,False,False,0.066,0.071,1.024,False,normal_morning,synthetic_label_demo,synthetic_normal_morning,True,0.22029000328285234,0.30498884838052975,0.1602671118530885,0.42857142857142855,normal_morning,False,0
2026-05-26 17:14:08,patient_001,0.13953488372093026,True,synthetic_ad8232,1.0,True,synthetic_max30102,0.2241379310344822,1981,0.3638253638253639,0.36454849498327757,0.0,False,False,-0.025,-0.1,0.891,False,normal_morning,synthetic_label_demo,synthetic_normal_morning,True,0.1914429592597298,0.3148146173731841,0.1502504173622704,0.0,normal_morning,False,0
2026-05-26 17:14:18,patient_001,0.24031007751937983,True,synthetic_ad8232,0.8235294117647065,True,synthetic_max30102,0.19655172413793132,2042,0.3929313929313931,0.3929765886287626,0.0,False,False,-0.001,-0.04,1.026,False,normal_morning,synthetic_label_demo,synthetic_normal_morning,True,0.2198959340189456,0.32232480388513923,0.11853088480801333,0.0,normal_morning,False,0
2026-05-26 17:14:23,patient_001,0.1937984496124031,True,synthetic_ad8232,0.8235294117647065,True,synthetic_max30102,0.2068965517241388,1991,0.43035343035343043,0.42976588628762524,0.0,False,False,0.067,0.111,0.979,False,normal_morning,synthetic_label_demo,synthetic_normal_morning,True,0.21129851834154012,0.2811149101203006,0.10684474123539223,0.0,normal_morning,False,0
2026-05-26 17:14:28,patient_001,0.10852713178294571,True,synthetic_ad8232,0.7647058823529411,True,synthetic_max30102,0.24827586206896513,2066,0.34719334719334727,0.3478260869565215,0.0,False,False,0.053,-0.075,1.091,False,normal_morning,synthetic_label_demo,synthetic_normal_morning,True,0.2348148819801829,0.21990421251983705,0.12186978297161932,0.14285714285714285,normal_morning,False,0
2026-05-26 17:14:38,patient_001,0.1705426356589147,True,synthetic_ad8232,0.7647058823529411,True,synthetic_max30102,0.20344827586207082,2124,0.4261954261954264,0.4264214046822743,0.0,False,False,0.008,0.018,0.978,False,normal_morning,synthetic_label_demo,synthetic_normal_morning,True,0.20924961015291924,0.1666364553686001,0.1452420701168613,0.0,normal_morning,False,0
2026-05-26 17:14:43,patient_001,0.14728682170542629,True,synthetic_ad8232,0.7647058823529411,True,synthetic_max30102,0.21724137931034626,2047,0.2931392931392933,0.2926421404682271,0.0,False,False,0.093,-0.061,0.934,False,normal_morning,synthetic_label_demo,synthetic_normal_morning,True,0.20100991209109617,0.11003449825818531,0.12520868113522532,0.0,normal_morning,False,0
2026-05-26 17:14:48,patient_001,0.13953488372093026,True,synthetic_ad8232,0.8235294117647065,True,synthetic_max30102,0.24137931034482918,2007,0.2141372141372142,0.21404682274247477,0.0,False,False,0.048,-0.027,1.021,False,normal_morning,synthetic_label_demo,synthetic_normal_morning,True,0.21895456294159601,0.08386031686170238,0.11352253756260422,0.0,normal_morning,False,0
2026-05-26 17:15:03,patient_001,0.11627906976744184,True,synthetic_ad8232,1.0,True,synthetic_max30102,0.21379310344827474,1978,0.2141372141372142,0.21404682274247477,0.0,False,False,-0.056,0.027,0.925,False,normal_morning,synthetic_label_demo,synthetic_normal_morning,True,0.19804886820629372,0.14424859118001798,0.08347245409015025,0.0,normal_morning,False,0
2026-05-26 17:15:08,patient_001,0.21705426356589141,True,synthetic_ad8232,0.7647058823529411,True,synthetic_max30102,0.1999999999999993,1874,0.3201663201663205,0.32107023411371216,0.0,False,False,0.119,-0.066,0.989,False,normal_morning,synthetic_label_demo,synthetic_normal_morning,True,0.21365860590755514,0.2120149455286772,0.09849749582637723,0.5714285714285714,normal_morning,False,0
2026-05-26 17:15:23,patient_001,0.03875968992248058,True,synthetic_ad8232,0.7647058823529411,True,synthetic_max30102,0.19655172413793132,1999,0.2785862785862787,0.27926421404682245,0.0,False,False,0.031,-0.106,0.877,False,normal_morning,synthetic_label_demo,synthetic_normal_morning,True,0.188590565117252,0.2845753105476733,0.13021702838063431,0.0,normal_morning,False,0
2026-05-26 17:15:28,patient_001,0.22480620155038755,True,synthetic_ad8232,0.882352941176471,True,synthetic_max30102,0.36551724137931174,2110,0.4823284823284828,0.48327759197324394,0.0,False,False,0.005,-0.033,1.02,False,normal_morning,synthetic_label_demo,synthetic_normal_morning,True,0.21852979816226706,0.2827863146631174,0.1535893155258764,0.0,normal_morning,False,0
2026-05-26 17:15:33,patient_001,0.12403100775193798,True,synthetic_ad8232,1.0,True,synthetic_max30102,0.18965517241379182,1953,0.2661122661122661,0.26588628762541777,0.0,False,False,0.067,-0.044,0.798,False,normal_morning,synthetic_label_demo,synthetic_normal_morning,True,0.17064034859367488,0.28584630977300635,0.1335559265442403,0.0,normal_morning,False,0
2026-05-26 17:15:38,patient_001,0.13178294573643412,True,synthetic_ad8232,0.9411764705882355,True,synthetic_max30102,0.09655172413793167,2164,0.28690228690228725,0.2876254180602005,0.0,False,False,-0.006,-0.041,0.994,False,normal_morning,synthetic_label_demo,synthetic_normal_morning,True,0.21290162431199935,0.25444642967114167,0.11185308848080122,0.14285714285714285,normal_morning,False,0
2026-05-26 17:15:43,patient_001,0.24806201550387597,True,synthetic_ad8232,0.882352941176471,True,synthetic_max30102,0.11034482758620712,2115,0.40124740124740166,0.4013377926421402,0.0,False,False,0.036,0.16,0.947,False,normal_morning,synthetic_label_demo,synthetic_normal_morning,True,0.20550168756749285,0.2933566863667678,0.12186978297161932,0.14285714285714285,normal_morning,False,0
2026-05-26 17:15:48,patient_001,0.2325581395348837,True,synthetic_ad8232,0.7647058823529411,True,synthetic_max30102,0.06896551724138078,2134,0.40956340956340975,0.40969899665551823,0.0,False,False,0.081,0.024,1.072,False,normal_morning,synthetic_label_demo,synthetic_normal_morning,True,0.23053396991069944,0.20629546573699423,0.1636060100166944,0.2857142857142857,normal_morning,False,0
2026-05-26 17:15:53,patient_001,0.046511627906976716,True,synthetic_ad8232,0.9411764705882355,True,synthetic_max30102,0.03448275862069039,1971,0.35758835758835783,0.35785953177257523,0.0,False,False,-0.019,0.037,0.945,False,normal_morning,synthetic_label_demo,synthetic_normal_morning,True,0.20217491167787574,0.2902509807773925,0.12520868113522532,0.0,normal_morning,False,0
2026-05-26 17:16:08,patient_001,0.15503875968992242,True,synthetic_ad8232,0.882352941176471,True,synthetic_max30102,0.2862068965517235,2080,0.3929313929313931,0.3929765886287626,0.0,False,False,-0.055,0.035,0.988,False,normal_morning,synthetic_label_demo,synthetic_normal_morning,True,0.2118684003970335,0.25373309372965297,0.11853088480801333,0.14285714285714285,normal_morning,False,0
2026-05-26 17:16:13,patient_001,0.09302325581395343,True,synthetic_ad8232,1.0,True,synthetic_max30102,0.04482758620689786,1871,0.31600831600831647,0.3160535117056855,0.0,False,False,-0.108,-0.052,1.032,False,normal_morning,synthetic_label_demo,synthetic_normal_morning,True,0.22256027787821872,0.20541498597929259,0.08848080133555913,0.0,normal_morning,False,0
2026-05-26 17:16:18,patient_001,0.15503875968992242,True,synthetic_ad8232,0.8235294117647065,True,synthetic_max30102,0.2310344827586217,2032,0.35966735966735985,0.3595317725752505,0.0,False,False,0.071,0.084,0.948,False,normal_morning,synthetic_label_demo,synthetic_normal_morning,True,0.2040253673560912,0.14449967682030995,0.11185308848080122,0.42857142857142855,normal_morning,False,0
2026-05-26 17:16:23,patient_001,0.2325581395348837,True,synthetic_ad8232,0.9411764705882355,True,synthetic_max30102,0.0862068965517242,2064,0.38669438669438705,0.3879598662207355,0.0,False,False,0.147,-0.064,1.05,False,normal_morning,synthetic_label_demo,synthetic_normal_morning,True,0.22765142024747634,0.1842016679536537,0.1368948247078463,0.0,normal_morning,False,0
2026-05-26 17:16:28,patient_001,0.0852713178294574,True,synthetic_ad8232,0.882352941176471,True,synthetic_max30102,0.35862068965517224,2023,0.34927234927234974,0.3494983277591972,0.0,False,False,0.12,-0.0,0.91,False,normal_morning,synthetic_label_demo,synthetic_normal_morning,True,0.1960308114329049,0.20647111112065397,0.11185308848080122,0.14285714285714285,normal_morning,False,0
2026-05-26 17:16:33,patient_001,0.20155038759689925,True,synthetic_ad8232,0.882352941176471,True,synthetic_max30102,0.0931034482758637,2022,0.4282744282744284,0.42809364548494955,0.0,False,False,-0.094,-0.021,1.001,False,normal_morning,synthetic_label_demo,synthetic_normal_morning,True,0.21525957993267494,0.22560004812801426,0.12186978297161932,0.0,normal_morning,False,0
2026-05-26 17:16:38,patient_001,0.20155038759689925,True,synthetic_ad8232,1.0,True,synthetic_max30102,0.2517241379310331,2034,0.4116424116424118,0.41137123745819393,0.0,False,False,0.071,0.032,1.045,False,normal_morning,synthetic_label_demo,synthetic_normal_morning,True,0.2245237962310475,0.19932460454553608,0.1452420701168613,0.0,normal_morning,False,0
2026-05-26 17:16:43,patient_001,0.2325581395348837,True,synthetic_ad8232,0.9411764705882355,True,synthetic_max30102,0.14827586206896548,2046,0.382536382536383,0.3829431438127089,0.0,False,False,0.12,-0.025,1.026,False,normal_morning,synthetic_label_demo,synthetic_normal_morning,True,0.22132392929551087,0.21167270971955693,0.1619365609348914,0.14285714285714285,normal_morning,False,0
2026-05-26 17:16:53,patient_001,0.0852713178294574,True,synthetic_ad8232,0.882352941176471,True,synthetic_max30102,0.17586206896551637,2081,0.33679833679833715,0.3377926421404682,0.0,False,False,0.027,0.003,0.927,False,normal_morning,synthetic_label_demo,synthetic_normal_morning,True,0.19811705191567458,0.23115557693197689,0.1335559265442403,0.0,normal_morning,False,0
2026-05-26 17:16:58,patient_001,0.15503875968992242,True,synthetic_ad8232,0.9411764705882355,True,synthetic_max30102,0.29655172413793096,2128,0.3534303534303538,0.35284280936454815,0.0,False,False,-0.121,-0.031,0.883,False,normal_morning,synthetic_label_demo,synthetic_normal_morning,True,0.19031400123475561,0.21957427353053338,0.12353923205342232,0.0,normal_morning,False,0
2026-05-26 17:17:03,patient_001,0.15503875968992242,True,synthetic_ad8232,0.8235294117647065,True,synthetic_max30102,0.11379310344827509,2028,0.3700623700623704,0.3695652173913042,0.0,False,False,0.039,0.054,0.91,False,normal_morning,synthetic_label_demo,synthetic_normal_morning,True,0.19483794191246934,0.20095472841170237,0.11352253756260422,0.2857142857142857,normal_morning,False,0
2026-05-26 17:17:13,patient_001,0.2093023255813954,True,synthetic_ad8232,0.882352941176471,True,synthetic_max30102,0.2068965517241388,2065,0.33264033264033266,0.33277591973244114,0.0,False,False,0.034,0.014,1.015,False,normal_morning,synthetic_label_demo,synthetic_normal_morning,True,0.2174603482546291,0.15861175455389384,0.11352253756260422,0.0,normal_morning,False,0
2026-05-26 17:17:18,patient_001,0.21705426356589141,True,synthetic_ad8232,0.7647058823529411,True,synthetic_max30102,0.29655172413793096,2124,0.40748440748440773,0.40802675585284254,0.0,False,False,-0.089,-0.01,0.987,False,normal_morning,synthetic_label_demo,synthetic_normal_morning,True,0.21206705807008475,0.13782286625799084,0.1419031719532554,0.2857142857142857,normal_morning,False,0
2026-05-26 17:17:23,patient_001,0.09302325581395343,True,synthetic_ad8232,0.7647058823529411,True,synthetic_max30102,0.3275862068965534,2045,0.41580041580041627,0.41638795986622057,0.0,False,False,0.058,0.076,0.901,False,normal_morning,synthetic_label_demo,synthetic_normal_morning,True,0.19344052897533304,0.18615923268656023,0.12854757929883132,0.0,normal_morning,False,0
2026-05-26 17:17:28,patient_001,0.21705426356589141,True,synthetic_ad8232,0.882352941176471,True,synthetic_max30102,0.3793103448275872,2123,0.382536382536383,0.3829431438127089,0.0,False,False,0.092,0.003,1.034,False,normal_morning,synthetic_label_demo,synthetic_normal_morning,True,0.22237426703768462,0.20541498597929264,0.1419031719532554,0.0,normal_morning,False,0
2026-05-26 17:17:33,patient_001,0.0852713178294574,True,synthetic_ad8232,0.9411764705882355,True,synthetic_max30102,0.11034482758620712,2213,0.5093555093555096,0.5083612040133776,0.0,False,False,-0.035,-0.001,0.894,False,normal_morning,synthetic_label_demo,synthetic_normal_morning,True,0.19094831679678725,0.23886801362773333,0.1335559265442403,0.0,normal_morning,False,0
2026-05-26 17:17:38,patient_001,0.12403100775193798,True,synthetic_ad8232,0.9411764705882355,True,synthetic_max30102,0.13448275862069003,2123,0.31600831600831647,0.3160535117056855,0.0,False,False,-0.06,0.027,1.061,False,normal_morning,synthetic_label_demo,synthetic_normal_morning,True,0.22784166952218787,0.22688187689940112,0.11519198664440733,0.0,normal_morning,False,0
2026-05-26 17:17:43,patient_001,0.03875968992248058,True,synthetic_ad8232,0.8235294117647065,True,synthetic_max30102,0.12068965517241459,2178,0.3430353430353432,0.34280936454849487,0.0,False,False,-0.131,0.139,1.18,False,normal_morning,synthetic_label_demo,synthetic_normal_morning,True,0.2568387969381788,0.23052743561610797,0.07679465776293826,0.2857142857142857,normal_morning,False,0
2026-05-26 17:17:48,patient_001,0.10852713178294571,True,synthetic_ad8232,0.882352941176471,True,synthetic_max30102,0.12413793103448256,1930,0.28066528066528074,0.28093645484949814,0.0,False,False,0.001,-0.074,1.006,False,normal_morning,synthetic_label_demo,synthetic_normal_morning,True,0.21593789491399282,0.22799756549505862,0.08013355592654414,0.0,normal_morning,False,0
2026-05-26 17:17:53,patient_001,0.24806201550387597,True,synthetic_ad8232,0.7647058823529411,True,synthetic_max30102,0.23448275862068968,2047,0.35966735966735985,0.3595317725752505,0.0,False,False,-0.021,0.074,1.021,False,normal_morning,synthetic_label_demo,synthetic_normal_morning,True,0.21926340578053297,0.27100378377963774,0.08681135225375614,0.2857142857142857,normal_morning,False,0
2026-05-26 17:17:58,patient_001,0.13178294573643412,True,synthetic_ad8232,0.9411764705882355,True,synthetic_max30102,0.3758620689655192,2051,0.3659043659043659,0.36622073578595327,0.0,False,False,-0.089,-0.113,0.945,False,normal_morning,synthetic_label_demo,synthetic_normal_morning,True,0.20435966163262345,0.2620267446943375,0.09682804674457424,0.0,normal_morning,False,0
2026-05-26 17:18:03,patient_001,0.1937984496124031,True,synthetic_ad8232,0.8235294117647065,True,synthetic_max30102,0.3758620689655192,2081,0.43035343035343043,0.43143812709030094,0.0,False,False,0.052,0.035,0.853,False,normal_morning,synthetic_label_demo,synthetic_normal_morning,True,0.18231725655853662,0.2789141148241253,0.11185308848080122,0.2857142857142857,normal_morning,False,0
2026-05-26 17:18:08,patient_001,0.06201550387596899,True,synthetic_ad8232,0.9411764705882355,True,synthetic_max30102,0.21724137931034626,1988,0.34927234927234974,0.3494983277591972,0.0,False,False,-0.011,0.13,0.938,False,normal_morning,synthetic_label_demo,synthetic_normal_morning,True,0.20241918310681445,0.2535901857522622,0.11686143572621033,0.0,normal_morning,False,0
2026-05-26 17:18:18,patient_001,0.11627906976744184,True,synthetic_ad8232,0.9411764705882355,True,synthetic_max30102,0.33103448275862135,2039,0.33679833679833715,0.33612040133779253,0.0,False,False,-0.019,0.032,0.879,False,normal_morning,synthetic_label_demo,synthetic_normal_morning,True,0.18768353271187782,0.18222307493664835,0.10350584307178623,0.14285714285714285,normal_morning,False,0
2026-05-26 17:18:23,patient_001,0.20155038759689925,True,synthetic_ad8232,0.8235294117647065,True,synthetic_max30102,0.35517241379310427,1977,0.34511434511434524,0.3461538461538458,0.0,False,False,0.095,-0.019,1.101,False,normal_morning,synthetic_label_demo,synthetic_normal_morning,True,0.2370930581459759,0.20734710619193097,0.11853088480801333,0.2857142857142857,normal_morning,False,0
2026-05-26 17:18:33,patient_001,0.45736434108527135,True,synthetic_ad8232,0.8235294117647065,True,synthetic_max30102,0.4482758620689644,2207,0.4698544698544702,0.46989966555183926,0.0,False,False,-0.007,-0.067,1.061,False,normal_postmeal,synthetic_label_demo,synthetic_normal_postmeal,True,0.22786321099894788,0.4928253459149206,0.24040066777963265,0.0,normal_postmeal,False,0
2026-05-26 17:18:38,patient_001,0.4108527131782945,True,synthetic_ad8232,0.7058823529411766,True,synthetic_max30102,0.4034482758620701,2085,0.39708939708939717,0.39632107023411356,0.0,False,False,0.102,-0.023,0.986,False,normal_postmeal,synthetic_label_demo,synthetic_normal_postmeal,True,0.21217084966164565,0.5037379310110297,0.2904841402337228,0.2857142857142857,normal_postmeal,False,0
2026-05-26 17:18:43,patient_001,0.4883720930232558,True,synthetic_ad8232,0.7647058823529411,True,synthetic_max30102,0.5448275862068961,2087,0.45114345114345156,0.45150501672240795,0.0,False,False,-0.015,-0.03,0.946,False,normal_postmeal,synthetic_label_demo,synthetic_normal_postmeal,True,0.2023238241357883,0.39093624318243536,0.37061769616026696,0.0,normal_postmeal,False,0
2026-05-26 17:18:48,patient_001,0.3875968992248062,True,synthetic_ad8232,0.9411764705882355,True,synthetic_max30102,0.427586206896553,2181,0.5322245322245323,0.531772575250836,0.0,False,False,-0.105,0.0,0.962,False,normal_postmeal,synthetic_label_demo,synthetic_normal_postmeal,True,0.2069518800847835,0.17615400286892458,0.41068447412353914,0.0,normal_postmeal,False,0
2026-05-26 17:18:53,patient_001,0.49612403100775193,True,synthetic_ad8232,0.8235294117647065,True,synthetic_max30102,0.431034482758621,1946,0.5758835758835761,0.5752508361204014,0.0,False,False,0.1,0.159,1.172,False,normal_postmeal,synthetic_label_demo,synthetic_normal_postmeal,True,0.2549974825489604,0.16532605661324867,0.4390651085141902,0.2857142857142857,normal_postmeal,False,0
2026-05-26 17:18:58,patient_001,0.24806201550387597,True,synthetic_ad8232,0.7058823529411766,True,synthetic_max30102,0.6172413793103448,2049,0.32432432432432456,0.32441471571906355,0.0,False,False,0.141,0.1,0.834,False,normal_postmeal,synthetic_label_demo,synthetic_normal_postmeal,True,0.18153402708802152,0.3482720340489203,0.39398998330550916,0.2857142857142857,normal_postmeal,False,0
2026-05-26 17:19:08,patient_001,0.26356589147286824,True,synthetic_ad8232,0.7647058823529411,True,synthetic_max30102,0.5551724137931036,2065,0.39708939708939717,0.39799331103678925,0.0,False,False,-0.136,-0.001,0.839,False,normal_postmeal,synthetic_label_demo,synthetic_normal_postmeal,True,0.18114523814327677,0.3834463492240734,0.3105175292153589,0.0,normal_postmeal,False,0
2026-05-26 17:19:18,patient_001,0.4418604651162791,True,synthetic_ad8232,0.7058823529411766,True,synthetic_max30102,0.4241379310344815,2090,0.442827442827443,0.4431438127090299,0.0,False,False,-0.109,0.069,0.951,False,normal_postmeal,synthetic_label_demo,synthetic_normal_postmeal,True,0.20519798201401487,0.32623733420776097,0.3021702838063439,0.14285714285714285,normal_postmeal,False,0
2026-05-26 17:19:23,patient_001,0.3023255813953488,True,synthetic_ad8232,0.9411764705882355,True,synthetic_max30102,0.5758620689655185,1981,0.4033264033264037,0.4030100334448159,0.0,False,False,0.068,0.093,0.802,False,normal_postmeal,synthetic_label_demo,synthetic_normal_postmeal,True,0.1724410698508579,0.2994714888329009,0.3138564273789648,0.0,normal_postmeal,False,0
2026-05-26 17:19:28,patient_001,0.2790697674418604,True,synthetic_ad8232,0.9411764705882355,True,synthetic_max30102,0.4931034482758623,2108,0.4823284823284828,0.48160535117056824,0.0,False,False,-0.04,-0.042,1.025,False,normal_postmeal,synthetic_label_demo,synthetic_normal_postmeal,True,0.21986519833514948,0.27630250193048184,0.3205342237061768,0.0,normal_postmeal,False,0
2026-05-26 17:19:43,patient_001,0.4263565891472868,True,synthetic_ad8232,1.0,True,synthetic_max30102,0.3999999999999986,2099,0.4261954261954264,0.4264214046822743,0.0,False,False,0.024,0.059,1.066,False,normal_postmeal,synthetic_label_demo,synthetic_normal_postmeal,True,0.22890738802974736,0.3273466109012389,0.37729549248747907,0.0,normal_postmeal,False,0
2026-05-26 17:19:53,patient_001,0.3565891472868217,True,synthetic_ad8232,0.7058823529411766,True,synthetic_max30102,0.4379310344827605,1969,0.3762993762993765,0.37625418060200655,0.0,False,False,0.093,0.015,1.124,False,normal_postmeal,synthetic_label_demo,synthetic_normal_postmeal,True,0.2420646145653224,0.1880964256757416,0.41068447412353914,0.7142857142857142,normal_postmeal,False,0
2026-05-26 17:19:58,patient_001,0.24031007751937983,True,synthetic_ad8232,1.0,True,synthetic_max30102,0.41724137931034555,2100,0.4261954261954264,0.4264214046822743,0.0,False,False,-0.0,0.203,1.022,False,normal_postmeal,synthetic_label_demo,synthetic_normal_postmeal,True,0.22322384606574763,0.2900010875061166,0.357262103505843,0.0,normal_postmeal,False,0
2026-05-26 17:20:03,patient_001,0.2945736434108527,True,synthetic_ad8232,0.7058823529411766,True,synthetic_max30102,0.36551724137931174,2170,0.39501039501039514,0.39464882943143786,0.0,False,False,0.128,-0.039,0.994,False,normal_postmeal,synthetic_label_demo,synthetic_normal_postmeal,True,0.21467729687881776,0.2535901857522624,0.3222036727879799,0.7142857142857142,normal_postmeal,False,0
2026-05-26 17:20:08,patient_001,0.5038759689922481,True,synthetic_ad8232,0.7058823529411766,True,synthetic_max30102,0.35862068965517224,1928,0.39501039501039514,0.39464882943143786,0.0,False,False,0.065,0.06,1.11,False,normal_postmeal,synthetic_label_demo,synthetic_normal_postmeal,True,0.23890426100916692,0.3455551990101817,0.3388981636060099,0.0,normal_postmeal,False,0
2026-05-26 17:20:13,patient_001,0.33333333333333337,True,synthetic_ad8232,0.8235294117647065,True,synthetic_max30102,0.3379310344827573,2049,0.3409563409563412,0.34113712374581917,0.0,False,False,-0.023,0.037,1.141,False,normal_postmeal,synthetic_label_demo,synthetic_normal_postmeal,True,0.24510869447356598,0.34302825322831415,0.3288814691151919,0.0,normal_postmeal,False,0
2026-05-26 17:20:18,patient_001,0.4418604651162791,True,synthetic_ad8232,0.9411764705882355,True,synthetic_max30102,0.3793103448275872,2117,0.5571725571725574,0.5568561872909696,0.0,False,False,-0.038,0.031,1.092,False,normal_postmeal,synthetic_label_demo,synthetic_normal_postmeal,True,0.23442967142674717,0.37522800531199607,0.347245409015025,0.0,normal_postmeal,False,0
2026-05-26 17:20:23,patient_001,0.4418604651162791,True,synthetic_ad8232,0.7058823529411766,True,synthetic_max30102,0.29655172413793096,2062,0.43659043659043695,0.4364548494983276,0.0,False,False,-0.108,0.03,0.905,False,normal_postmeal,synthetic_label_demo,synthetic_normal_postmeal,True,0.19472406692419805,0.2998344113924493,0.39065108514190305,0.5714285714285714,normal_postmeal,False,0
2026-05-26 17:20:28,patient_001,0.32558139534883723,True,synthetic_ad8232,0.7647058823529411,True,synthetic_max30102,0.572413793103447,2078,0.5343035343035347,0.5334448160535117,0.0,False,False,0.066,0.05,1.008,False,normal_postmeal,synthetic_label_demo,synthetic_normal_postmeal,True,0.21652444982413263,0.26818005034686154,0.39732888146911505,0.0,normal_postmeal,False,0
2026-05-26 17:20:33,patient_001,0.2945736434108527,True,synthetic_ad8232,0.7647058823529411,True,synthetic_max30102,0.46896551724137936,2033,0.3617463617463619,0.3612040133779262,0.0,False,False,0.008,0.116,1.03,False,normal_postmeal,synthetic_label_demo,synthetic_normal_postmeal,True,0.22203530047974307,0.24128393364359016,0.352253756260434,0.0,normal_postmeal,False,0
2026-05-26 17:20:38,patient_001,0.4418604651162791,True,synthetic_ad8232,0.8235294117647065,True,synthetic_max30102,0.293103448275863,2259,0.4698544698544702,0.46989966555183926,0.0,False,False,-0.173,0.164,0.827,False,normal_postmeal,synthetic_label_demo,synthetic_normal_postmeal,True,0.1834942138678988,0.25359018575226244,0.37562604340567607,0.0,normal_postmeal,False,0
2026-05-26 17:20:48,patient_001,0.3798449612403101,True,synthetic_ad8232,0.7647058823529411,True,synthetic_max30102,0.5620689655172431,1945,0.34719334719334727,0.3478260869565215,0.0,False,False,-0.041,0.113,1.195,False,normal_postmeal,synthetic_label_demo,synthetic_normal_postmeal,True,0.25808183959013675,0.2460446179753885,0.3238731218697829,0.5714285714285714,normal_postmeal,False,0
2026-05-26 17:20:58,patient_001,0.4496124031007752,True,synthetic_ad8232,0.7058823529411766,True,synthetic_max30102,0.29999999999999893,2296,0.5467775467775469,0.5468227424749164,0.0,False,False,-0.113,0.109,1.123,False,normal_postmeal,synthetic_label_demo,synthetic_normal_postmeal,True,0.2433753878362334,0.31203882813157485,0.39398998330550916,0.14285714285714285,normal_postmeal,False,0
2026-05-26 17:21:03,patient_001,0.4651162790697674,True,synthetic_ad8232,0.7647058823529411,True,synthetic_max30102,0.24482758620689715,2029,0.3929313929313931,0.3929765886287626,0.0,False,False,-0.09,-0.029,1.006,False,normal_postmeal,synthetic_label_demo,synthetic_normal_postmeal,True,0.2163138507585825,0.321987231995822,0.39899833055091816,0.0,normal_postmeal,False,0
2026-05-26 17:21:08,patient_001,0.26356589147286824,True,synthetic_ad8232,0.7058823529411766,True,synthetic_max30102,0.2586206896551726,2062,0.3887733887733891,0.3896321070234112,0.0,False,False,0.14,0.138,0.983,False,normal_postmeal,synthetic_label_demo,synthetic_normal_postmeal,True,0.21456714771373145,0.321987231995822,0.39899833055091816,0.14285714285714285,normal_postmeal,False,0
2026-05-26 17:21:13,patient_001,0.2945736434108527,True,synthetic_ad8232,0.882352941176471,True,synthetic_max30102,0.5310344827586206,2012,0.3555093555093558,0.35618729096989954,0.0,False,False,0.162,0.239,1.024,False,normal_postmeal,synthetic_label_demo,synthetic_normal_postmeal,True,0.22803650104444226,0.3703660740169318,0.38063439065108506,0.0,normal_postmeal,False,0
2026-05-26 17:21:23,patient_001,0.32558139534883723,True,synthetic_ad8232,0.8235294117647065,True,synthetic_max30102,0.2586206896551726,2015,0.3388773388773392,0.3394648829431435,0.0,False,False,-0.017,-0.157,0.903,False,normal_postmeal,synthetic_label_demo,synthetic_normal_postmeal,True,0.19577363279280807,0.2692592500808055,0.3155258764607679,0.0,normal_postmeal,False,0
2026-05-26 17:21:33,patient_001,0.5193798449612402,True,synthetic_ad8232,0.882352941176471,True,synthetic_max30102,0.26896551724138007,2245,0.5072765072765075,0.5066889632107023,0.0,False,False,-0.169,0.151,1.114,False,normal_postmeal,synthetic_label_demo,synthetic_normal_postmeal,True,0.24401030978032354,0.33163733938586604,0.333889816360601,0.14285714285714285,normal_postmeal,False,0
2026-05-26 17:21:38,patient_001,0.28682170542635654,True,synthetic_ad8232,0.7058823529411766,True,synthetic_max30102,0.4655172413793114,1956,0.32224532224532254,0.32274247491638786,0.0,False,False,-0.128,0.09,0.901,False,normal_postmeal,synthetic_label_demo,synthetic_normal_postmeal,True,0.19528752290434107,0.3357653131840617,0.3322203672787979,0.42857142857142855,normal_postmeal,False,0
2026-05-26 17:21:43,patient_001,0.4418604651162791,True,synthetic_ad8232,0.8235294117647065,True,synthetic_max30102,0.5275862068965527,2119,0.39501039501039514,0.39464882943143786,0.0,False,False,0.015,0.062,1.077,False,normal_postmeal,synthetic_label_demo,synthetic_normal_postmeal,True,0.2313149345676089,0.3558910647071292,0.358931552587646,0.0,normal_postmeal,False,0
2026-05-26 17:21:48,patient_001,0.4108527131782945,True,synthetic_ad8232,0.7647058823529411,True,synthetic_max30102,0.3793103448275872,2010,0.4116424116424118,0.41137123745819393,0.0,False,False,0.179,0.131,0.982,False,normal_postmeal,synthetic_label_demo,synthetic_normal_postmeal,True,0.21550438362959495,0.3456600875234517,0.37729549248747907,0.14285714285714285,normal_postmeal,False,0
2026-05-26 17:21:53,patient_001,0.41860465116279066,True,synthetic_ad8232,0.9411764705882355,True,synthetic_max30102,0.24482758620689715,1888,0.33264033264033266,0.33277591973244114,0.0,False,False,0.001,0.084,1.021,False,normal_postmeal,synthetic_label_demo,synthetic_normal_postmeal,True,0.21938536934924166,0.29099937303156304,0.40400667779632704,0.0,normal_postmeal,False,0
2026-05-26 17:22:03,patient_001,0.32558139534883723,True,synthetic_ad8232,0.7058823529411766,True,synthetic_max30102,0.6172413793103448,2175,0.4199584199584203,0.41973244147157196,0.0,False,False,0.142,0.123,1.079,False,normal_postmeal,synthetic_label_demo,synthetic_normal_postmeal,True,0.23489683215141555,0.21456431502894222,0.36560934891485797,0.14285714285714285,normal_postmeal,False,0
2026-05-26 17:22:08,patient_001,0.41860465116279066,True,synthetic_ad8232,0.9411764705882355,True,synthetic_max30102,0.3379310344827573,2161,0.4116424116424118,0.41137123745819393,0.0,False,False,0.23,0.177,0.997,False,normal_postmeal,synthetic_label_demo,synthetic_normal_postmeal,True,0.2224385386815389,0.19657769410826648,0.3606010016694491,0.0,normal_postmeal,False,0
2026-05-26 17:22:13,patient_001,0.32558139534883723,True,synthetic_ad8232,0.8235294117647065,True,synthetic_max30102,0.3137931034482744,2026,0.3887733887733891,0.3896321070234112,0.0,False,False,-0.012,0.072,1.117,False,normal_postmeal,synthetic_label_demo,synthetic_normal_postmeal,True,0.2401891467216172,0.19453864356376174,0.342237061769616,0.2857142857142857,normal_postmeal,False,0
2026-05-26 17:22:18,patient_001,0.4418604651162791,True,synthetic_ad8232,0.7058823529411766,True,synthetic_max30102,0.289655172413795,2085,0.44698544698544707,0.4464882943143813,0.0,False,False,0.038,0.121,1.018,False,normal_postmeal,synthetic_label_demo,synthetic_normal_postmeal,True,0.21969650419618336,0.2182495297736719,0.347245409015025,0.2857142857142857,normal_postmeal,False,0
2026-05-26 17:22:23,patient_001,0.24806201550387597,True,synthetic_ad8232,0.9411764705882355,True,synthetic_max30102,0.45172413793103594,2092,0.33679833679833715,0.33612040133779253,0.0,False,False,0.204,0.012,1.046,False,normal_postmeal,synthetic_label_demo,synthetic_normal_postmeal,True,0.22844140683733674,0.2730028552583139,0.335559265442404,0.0,normal_postmeal,False,0
2026-05-26 17:22:33,patient_001,0.4496124031007752,True,synthetic_ad8232,1.0,True,synthetic_max30102,0.5413793103448281,2134,0.5592515592515594,0.5585284280936453,0.0,False,False,0.132,0.194,1.184,False,normal_postmeal,synthetic_label_demo,synthetic_normal_postmeal,True,0.2593960300638659,0.33877479357635976,0.327212020033389,0.0,normal_postmeal,False,0
2026-05-26 17:22:38,patient_001,0.41860465116279066,True,synthetic_ad8232,0.9411764705882355,True,synthetic_max30102,0.5275862068965527,1944,0.4054054054054057,0.4063545150501673,0.0,False,False,-0.052,0.059,1.032,False,normal_postmeal,synthetic_label_demo,synthetic_normal_postmeal,True,0.22169561560820492,0.3538480451596312,0.347245409015025,0.14285714285714285,normal_postmeal,False,0
2026-05-26 17:22:43,patient_001,0.24806201550387597,True,synthetic_ad8232,0.8235294117647065,True,synthetic_max30102,0.5793103448275865,2092,0.42203742203742234,0.4214046822742472,0.0,False,False,0.049,0.112,1.054,False,normal_postmeal,synthetic_label_demo,synthetic_normal_postmeal,True,0.2274094915176954,0.3512775618644613,0.3055091819699498,0.2857142857142857,normal_postmeal,False,0
2026-05-26 17:22:48,patient_001,0.5038759689922481,True,synthetic_ad8232,0.882352941176471,True,synthetic_max30102,0.5482758620689676,2186,0.44906444906444953,0.44983277591973225,0.0,False,False,0.018,0.051,0.845,False,normal_postmeal,synthetic_label_demo,synthetic_normal_postmeal,True,0.18043899139536326,0.40505398469275455,0.3606010016694491,0.0,normal_postmeal,False,0
2026-05-26 17:22:58,patient_001,0.5193798449612402,True,synthetic_ad8232,0.882352941176471,True,synthetic_max30102,0.45172413793103594,2235,0.5904365904365907,0.5903010033444813,0.0,False,False,-0.048,0.041,1.101,False,normal_postmeal,synthetic_label_demo,synthetic_normal_postmeal,True,0.23655702591296754,0.4692378409518297,0.37228714524206996,0.0,normal_postmeal,False,0
2026-05-26 17:23:03,patient_001,0.4496124031007752,True,synthetic_ad8232,0.7058823529411766,True,synthetic_max30102,0.35517241379310427,2150,0.48856548856548887,0.4882943143812706,0.0,False,False,0.065,0.169,1.016,False,normal_postmeal,synthetic_label_demo,synthetic_normal_postmeal,True,0.22104179086091097,0.47811527318901637,0.37896494156928207,0.42857142857142855,normal_postmeal,False,0
2026-05-26 17:23:08,patient_001,0.5271317829457364,True,synthetic_ad8232,0.7647058823529411,True,synthetic_max30102,0.36551724137931174,2096,0.3430353430353432,0.34280936454849487,0.0,False,False,0.13,0.09,0.818,False,normal_postmeal,synthetic_label_demo,synthetic_normal_postmeal,True,0.17746128263812236,0.41687384587969145,0.4390651085141902,0.0,normal_postmeal,False,0
2026-05-26 17:23:13,patient_001,0.5193798449612402,True,synthetic_ad8232,0.7647058823529411,True,synthetic_max30102,0.5965517241379299,2204,0.5072765072765075,0.5066889632107023,0.0,False,False,0.028,-0.114,1.083,False,normal_postmeal,synthetic_label_demo,synthetic_normal_postmeal,True,0.233606294236907,0.42377334375683773,0.4424040066777962,0.0,normal_postmeal,False,0
2026-05-26 17:23:18,patient_001,0.32558139534883723,True,synthetic_ad8232,0.9411764705882355,True,synthetic_max30102,0.5000000000000018,2076,0.5031185031185035,0.503344481605351,0.0,False,False,0.046,0.021,0.941,False,normal_postmeal,synthetic_label_demo,synthetic_normal_postmeal,True,0.20139537105436137,0.29777200172487184,0.4607679465776293,0.0,normal_postmeal,False,0
2026-05-26 17:23:33,patient_001,0.37209302325581395,True,synthetic_ad8232,0.9411764705882355,True,synthetic_max30102,0.44482758620689644,2125,0.37214137214137244,0.3729096989966556,0.0,False,False,0.107,-0.122,1.008,False,normal_postmeal,synthetic_label_demo,synthetic_normal_postmeal,True,0.21862458198560739,0.31688050287040026,0.38230383973288806,0.0,normal_postmeal,False,0
2026-05-26 17:23:38,patient_001,0.31007751937984496,True,synthetic_ad8232,1.0,True,synthetic_max30102,0.427586206896553,1964,0.2931392931392933,0.2943143812709028,0.0,False,False,0.114,0.21,1.096,False,normal_postmeal,synthetic_label_demo,synthetic_normal_postmeal,True,0.24070690552655657,0.22252611393729707,0.3372287145242069,0.0,normal_postmeal,False,0
2026-05-26 17:23:48,patient_001,0.49612403100775193,True,synthetic_ad8232,0.7058823529411766,True,synthetic_max30102,0.33103448275862135,1884,0.33264033264033266,0.33277591973244114,0.0,False,False,0.006,0.034,0.901,False,normal_postmeal,synthetic_label_demo,synthetic_normal_postmeal,True,0.1924770217377876,0.26993155886788794,0.357262103505843,0.14285714285714285,normal_postmeal,False,0
2026-05-26 17:23:53,patient_001,0.3643410852713178,True,synthetic_ad8232,0.9411764705882355,True,synthetic_max30102,0.44137931034482847,2213,0.4054054054054057,0.4046822742474916,0.0,False,False,-0.001,0.007,0.972,False,normal_postmeal,synthetic_label_demo,synthetic_normal_postmeal,True,0.20789692127483686,0.23673385968615043,0.37061769616026696,0.0,normal_postmeal,False,0
2026-05-26 17:23:58,patient_001,0.26356589147286824,True,synthetic_ad8232,0.7058823529411766,True,synthetic_max30102,0.2655172413793121,2188,0.48648648648648685,0.4866220735785953,0.0,False,False,0.109,0.137,1.064,False,normal_postmeal,synthetic_label_demo,synthetic_normal_postmeal,True,0.23118774744667359,0.3042748664841664,0.347245409015025,0.5714285714285714,normal_postmeal,False,0
2026-05-26 17:24:08,patient_001,0.4651162790697674,True,synthetic_ad8232,1.0,True,synthetic_max30102,0.289655172413795,2123,0.35966735966735985,0.3595317725752505,0.0,False,False,-0.008,0.143,0.84,False,normal_postmeal,synthetic_label_demo,synthetic_normal_postmeal,True,0.18162097192568835,0.33229253397791003,0.37061769616026696,0.0,normal_postmeal,False,0
2026-05-26 17:24:13,patient_001,0.3875968992248062,True,synthetic_ad8232,1.0,True,synthetic_max30102,0.3172413793103459,2088,0.3534303534303538,0.35284280936454815,0.0,False,False,0.004,0.089,1.064,False,normal_postmeal,synthetic_label_demo,synthetic_normal_postmeal,True,0.22886839501670336,0.2564332138880383,0.347245409015025,0.0,normal_postmeal,False,0
2026-05-26 17:24:18,patient_001,0.4031007751937984,True,synthetic_ad8232,0.9411764705882355,True,synthetic_max30102,0.5310344827586206,2069,0.43035343035343043,0.43143812709030094,0.0,False,False,0.089,0.062,0.936,False,normal_postmeal,synthetic_label_demo,synthetic_normal_postmeal,True,0.20137478954462462,0.2640937770781862,0.35559265442404,0.14285714285714285,normal_postmeal,False,0
2026-05-26 17:24:23,patient_001,0.3643410852713178,True,synthetic_ad8232,1.0,True,synthetic_max30102,0.27931034482758754,2055,0.39708939708939717,0.39632107023411356,0.0,False,False,-0.034,0.053,0.955,False,normal_postmeal,synthetic_label_demo,synthetic_normal_postmeal,True,0.20462027941245922,0.17093191373436697,0.37729549248747907,0.0,normal_postmeal,False,0
2026-05-26 17:24:33,patient_001,0.4108527131782945,True,synthetic_ad8232,0.7058823529411766,True,synthetic_max30102,0.5172413793103452,2347,0.5093555093555096,0.5100334448160533,0.0,False,False,0.048,0.134,0.929,False,normal_postmeal,synthetic_label_demo,synthetic_normal_postmeal,True,0.20084384501224248,0.11950986201796486,0.36393989983305497,0.0,normal_postmeal,False,0
2026-05-26 17:24:43,patient_001,0.5038759689922481,True,synthetic_ad8232,0.7058823529411766,True,synthetic_max30102,0.5034482758620697,2081,0.48024948024948033,0.479933110367893,0.0,False,False,-0.014,-0.106,1.074,False,normal_postmeal,synthetic_label_demo,synthetic_normal_postmeal,True,0.23140733595965735,0.23442570713467153,0.39398998330550916,0.14285714285714285,normal_postmeal,False,0
2026-05-26 17:24:48,patient_001,0.41860465116279066,True,synthetic_ad8232,1.0,True,synthetic_max30102,0.47931034482758683,2149,0.4698544698544702,0.46989966555183926,0.0,False,False,-0.126,0.095,0.921,False,normal_postmeal,synthetic_label_demo,synthetic_normal_postmeal,True,0.19965602991920994,0.21990421251983705,0.40567612687813015,0.0,normal_postmeal,False,0
2026-05-26 17:25:03,patient_001,0.2558139534883721,True,synthetic_ad8232,1.0,True,synthetic_max30102,0.5137931034482772,1960,0.3035343035343039,0.30434782608695654,0.0,False,False,-0.078,0.077,0.929,False,normal_postmeal,synthetic_label_demo,synthetic_normal_postmeal,True,0.1998801114099612,0.3791682717004898,0.42737896494156924,0.0,normal_postmeal,False,0
2026-05-26 17:25:08,patient_001,0.5736434108527132,True,synthetic_ad8232,0.7058823529411766,True,synthetic_max30102,0.5965517241379299,2083,0.5384615384615388,0.5384615384615383,0.0,False,False,0.016,0.141,1.322,False,stress,synthetic_label_demo,synthetic_stress,True,0.2862556605493259,0.42845230397948064,0.4424040066777962,0.7142857142857142,stress,False,0
2026-05-26 17:25:33,patient_001,0.49612403100775193,True,synthetic_ad8232,0.9411764705882355,True,synthetic_max30102,0.5965517241379299,2264,0.5093555093555096,0.5083612040133776,0.0,False,False,0.033,-0.042,1.168,False,stress,synthetic_label_demo,synthetic_stress,True,0.25111086516812225,0.2755141907606928,0.6010016694490815,0.0,stress,False,0
2026-05-26 17:25:38,patient_001,0.5038759689922481,True,synthetic_ad8232,0.7647058823529411,True,synthetic_max30102,0.41034482758620605,2103,0.5197505197505201,0.520066889632107,0.0,False,False,0.059,0.053,0.989,False,stress,synthetic_label_demo,synthetic_stress,True,0.21231247447690618,0.301642474481575,0.5742904841402335,0.42857142857142855,stress,False,0
2026-05-26 17:25:43,patient_001,0.6666666666666666,True,synthetic_ad8232,0.6470588235294121,True,synthetic_max30102,0.5827586206896544,2113,0.4178794178794183,0.41806020066889626,0.0,False,False,0.116,0.082,1.007,False,stress,synthetic_label_demo,synthetic_stress,True,0.21774626654297172,0.2647792019970473,0.5676126878130215,0.2857142857142857,stress,False,0
2026-05-26 17:25:48,patient_001,0.6589147286821705,True,synthetic_ad8232,0.882352941176471,True,synthetic_max30102,0.7344827586206915,1877,0.44490644490644504,0.4448160535117056,0.0,False,False,0.336,0.198,1.121,False,stress,synthetic_label_demo,synthetic_stress,True,0.2549860354708354,0.2921183664177068,0.5926544240400665,0.0,stress,False,0
2026-05-26 17:25:53,patient_001,0.5736434108527132,True,synthetic_ad8232,0.6470588235294121,True,synthetic_max30102,0.6310344827586203,2089,0.43659043659043695,0.4364548494983276,0.0,False,False,0.148,-0.137,1.021,False,stress,synthetic_label_demo,synthetic_stress,True,0.22295248092431022,0.2832986091313618,0.5809682804674458,0.5714285714285714,stress,False,0
2026-05-26 17:25:58,patient_001,0.6356589147286821,True,synthetic_ad8232,0.7058823529411766,True,synthetic_max30102,0.5379310344827601,2095,0.4823284823284828,0.48327759197324394,0.0,False,False,0.196,-0.055,0.793,False,stress,synthetic_label_demo,synthetic_stress,True,0.1742993434590869,0.2382602059921942,0.6110183639398997,0.0,stress,False,0
2026-05-26 17:26:03,patient_001,0.5736434108527132,True,synthetic_ad8232,0.6470588235294121,True,synthetic_max30102,0.4655172413793114,1998,0.38669438669438705,0.3879598662207355,0.0,False,False,0.267,0.124,0.87,False,stress,synthetic_label_demo,synthetic_stress,True,0.1961579055844205,0.15746487215850502,0.6260434056761267,0.14285714285714285,stress,False,0
2026-05-26 17:26:13,patient_001,0.5891472868217055,True,synthetic_ad8232,0.9411764705882355,True,synthetic_max30102,0.427586206896553,2065,0.4345114345114349,0.4347826086956519,0.0,False,False,0.201,0.171,1.194,False,stress,synthetic_label_demo,synthetic_stress,True,0.2628558305456747,0.11036345115428702,0.5859766277128547,0.0,stress,False,0
2026-05-26 17:26:18,patient_001,0.5581395348837209,True,synthetic_ad8232,0.8235294117647065,True,synthetic_max30102,0.3172413793103459,2111,0.4906444906444909,0.49163879598662197,0.0,False,False,0.033,-0.117,1.259,False,stress,synthetic_label_demo,synthetic_stress,True,0.27206855220036874,0.11736738607157617,0.5826377295492488,0.2857142857142857,stress,False,0
2026-05-26 17:26:23,patient_001,0.6821705426356589,True,synthetic_ad8232,0.8235294117647065,True,synthetic_max30102,0.7862068965517253,2062,0.43659043659043695,0.4364548494983276,0.0,False,False,-0.323,0.137,1.125,False,stress,synthetic_label_demo,synthetic_stress,True,0.253131418178422,0.18498717969611964,0.5926544240400665,0.0,stress,False,0
2026-05-26 17:26:33,patient_001,0.5581395348837209,True,synthetic_ad8232,0.8235294117647065,True,synthetic_max30102,0.703448275862069,2078,0.5654885654885655,0.5652173913043477,0.0,False,False,-0.083,0.158,1.12,False,stress,synthetic_label_demo,synthetic_stress,True,0.2434211865470245,0.1781999948492867,0.5959933222036727,0.0,stress,False,0
2026-05-26 17:26:43,patient_001,0.6666666666666666,True,synthetic_ad8232,0.9411764705882355,True,synthetic_max30102,0.4482758620689644,1964,0.5051975051975055,0.5050167224080266,0.0,False,False,0.098,0.065,0.975,False,stress,synthetic_label_demo,synthetic_stress,True,0.2100972223330699,0.1855741315032532,0.6243739565943237,0.0,stress,False,0
2026-05-26 17:26:48,patient_001,0.5503875968992248,True,synthetic_ad8232,0.882352941176471,True,synthetic_max30102,0.5137931034482772,2105,0.5592515592515594,0.560200668896321,0.0,False,False,0.109,-0.054,0.868,False,stress,synthetic_label_demo,synthetic_stress,True,0.1869591982980825,0.16444665645816803,0.5959933222036727,0.14285714285714285,stress,False,0
2026-05-26 17:26:58,patient_001,0.5968992248062016,True,synthetic_ad8232,0.7647058823529411,True,synthetic_max30102,0.6965517241379331,2242,0.4553014553014556,0.4548494983277589,0.0,False,False,-0.123,0.282,1.053,False,stress,synthetic_label_demo,synthetic_stress,True,0.235289484494631,0.2195742735305335,0.6327212020033387,0.0,stress,False,0
2026-05-26 17:27:03,patient_001,0.6434108527131782,True,synthetic_ad8232,0.9411764705882355,True,synthetic_max30102,0.7724137931034498,2251,0.6008316008316013,0.600334448160535,0.0,False,False,0.076,0.061,1.03,False,stress,synthetic_label_demo,synthetic_stress,True,0.22160963523163418,0.21824952977367196,0.6393989983305509,0.0,stress,False,0
2026-05-26 17:27:13,patient_001,0.5891472868217055,True,synthetic_ad8232,0.7058823529411766,True,synthetic_max30102,0.38620689655172313,2281,0.5779625779625781,0.5785953177257523,0.0,False,False,-0.038,0.001,1.087,False,stress,synthetic_label_demo,synthetic_stress,True,0.23323837247420887,0.20943454579227577,0.6577629382303839,0.14285714285714285,stress,False,0
2026-05-26 17:27:18,patient_001,0.5348837209302325,True,synthetic_ad8232,0.9411764705882355,True,synthetic_max30102,0.6862068965517256,2077,0.5093555093555096,0.5100334448160533,0.0,False,False,0.085,0.112,1.039,False,stress,synthetic_label_demo,synthetic_stress,True,0.22464923788508148,0.23209460142209176,0.6193656093489147,0.0,stress,False,0
2026-05-26 17:27:23,patient_001,0.6666666666666666,True,synthetic_ad8232,0.8235294117647065,True,synthetic_max30102,0.38275862068965516,2208,0.49480249480249494,0.4949832775919729,0.0,False,False,-0.176,0.02,1.089,False,stress,synthetic_label_demo,synthetic_stress,True,0.23666738624672204,0.24038080907593237,0.6343906510851417,0.2857142857142857,stress,False,0
2026-05-26 17:27:28,patient_001,0.4883720930232558,True,synthetic_ad8232,0.8235294117647065,True,synthetic_max30102,0.7517241379310349,2021,0.498960498960499,0.5,0.0,False,False,0.306,0.158,0.993,False,stress,synthetic_label_demo,synthetic_stress,True,0.22520860558676956,0.32052031214811993,0.6010016694490815,0.0,stress,False,0
2026-05-26 17:27:33,patient_001,0.5968992248062016,True,synthetic_ad8232,0.7647058823529411,True,synthetic_max30102,0.5620689655172431,2229,0.5218295218295221,0.5217391304347823,0.0,False,False,-0.029,0.164,1.066,False,stress,synthetic_label_demo,synthetic_stress,True,0.23132458255489963,0.23427102172875905,0.5759599332220365,0.14285714285714285,stress,False,0
2026-05-26 17:27:38,patient_001,0.7209302325581396,True,synthetic_ad8232,0.6470588235294121,True,synthetic_max30102,0.47241379310344733,2167,0.6153846153846159,0.6153846153846154,0.0,False,False,0.405,0.222,0.884,False,stress,synthetic_label_demo,synthetic_stress,True,0.21345293572186744,0.3284521412718568,0.6043405676126877,0.2857142857142857,stress,False,0
2026-05-26 17:27:43,patient_001,0.5813953488372093,True,synthetic_ad8232,0.7647058823529411,True,synthetic_max30102,0.38620689655172313,2019,0.45114345114345156,0.45150501672240795,0.0,False,False,0.075,0.308,1.059,False,stress,synthetic_label_demo,synthetic_stress,True,0.23713102465197738,0.30723884514789024,0.6143572621035059,0.0,stress,False,0
2026-05-26 17:27:53,patient_001,0.6124031007751939,True,synthetic_ad8232,0.9411764705882355,True,synthetic_max30102,0.431034482758621,2151,0.498960498960499,0.4983277591973243,0.0,False,False,0.071,-0.069,0.893,False,stress,synthetic_label_demo,synthetic_stress,True,0.19177800632405206,0.19379185138857632,0.6377295492487477,0.0,stress,False,0
2026-05-26 17:27:58,patient_001,0.5348837209302325,True,synthetic_ad8232,0.7058823529411766,True,synthetic_max30102,0.7517241379310349,2109,0.5322245322245323,0.531772575250836,0.0,False,False,0.075,-0.065,1.008,False,stress,synthetic_label_demo,synthetic_stress,True,0.21684857414435776,0.24530685134313804,0.6243739565943237,0.5714285714285714,stress,False,0
2026-05-26 17:28:03,patient_001,0.5581395348837209,True,synthetic_ad8232,0.6470588235294121,True,synthetic_max30102,0.6965517241379331,2119,0.40748440748440773,0.40802675585284254,0.0,False,False,-0.013,0.068,0.9,False,stress,synthetic_label_demo,synthetic_stress,True,0.19269564028819297,0.15861175455389406,0.5893155258764607,0.14285714285714285,stress,False,0
2026-05-26 17:28:08,patient_001,0.6124031007751939,True,synthetic_ad8232,0.7647058823529411,True,synthetic_max30102,0.7793103448275858,2131,0.5800415800415801,0.580267558528428,0.0,False,False,0.099,0.008,0.916,False,stress,synthetic_label_demo,synthetic_stress,True,0.19679586296004586,0.16222730159479934,0.5959933222036727,0.0,stress,False,0
2026-05-26 17:28:13,patient_001,0.5116279069767442,True,synthetic_ad8232,0.9411764705882355,True,synthetic_max30102,0.35862068965517224,2183,0.5051975051975055,0.5050167224080266,0.0,False,False,0.131,-0.102,0.82,False,stress,synthetic_label_demo,synthetic_stress,True,0.1782278600221285,0.15815399961795645,0.5659432387312185,0.0,stress,False,0
2026-05-26 17:28:18,patient_001,0.5813953488372093,True,synthetic_ad8232,0.7647058823529411,True,synthetic_max30102,0.5965517241379299,2102,0.39501039501039514,0.39464882943143786,0.0,False,False,-0.045,0.009,1.203,False,stress,synthetic_label_demo,synthetic_stress,True,0.258705123797457,0.13650142762915599,0.5592654424040066,0.42857142857142855,stress,False,0
2026-05-26 17:28:28,patient_001,0.6821705426356589,True,synthetic_ad8232,0.882352941176471,True,synthetic_max30102,0.572413793103447,2211,0.6943866943866945,0.6939799331103678,0.0,False,False,-0.018,-0.027,1.086,False,stress,synthetic_label_demo,synthetic_stress,True,0.23297983343962314,0.21422615198973977,0.5959933222036727,0.0,stress,False,0
2026-05-26 17:28:33,patient_001,0.5116279069767442,True,synthetic_ad8232,0.8235294117647065,True,synthetic_max30102,0.4655172413793114,2170,0.5467775467775469,0.5468227424749164,0.0,False,False,0.448,0.029,1.316,False,stress,synthetic_label_demo,synthetic_stress,True,0.29959570059277923,0.24308011675078092,0.5742904841402335,0.14285714285714285,stress,False,0
2026-05-26 17:28:43,patient_001,0.5813953488372093,True,synthetic_ad8232,0.9411764705882355,True,synthetic_max30102,0.586206896551726,2295,0.498960498960499,0.5,0.0,False,False,0.327,0.112,1.485,False,stress,synthetic_label_demo,synthetic_stress,True,0.32901088842032145,0.26285550821247033,0.6126878130217027,0.0,stress,False,0
2026-05-26 17:28:48,patient_001,0.6434108527131782,True,synthetic_ad8232,0.8235294117647065,True,synthetic_max30102,0.3999999999999986,2138,0.38669438669438705,0.3879598662207355,0.0,False,False,0.049,0.475,0.964,False,stress,synthetic_label_demo,synthetic_stress,True,0.2306359461536124,0.26063961613225806,0.6260434056761267,0.2857142857142857,stress,False,0
2026-05-26 17:28:53,patient_001,0.6201550387596898,True,synthetic_ad8232,0.6470588235294121,True,synthetic_max30102,0.5379310344827601,2129,0.3679833679833684,0.3678929765886285,0.0,False,False,0.121,0.107,1.041,False,stress,synthetic_label_demo,synthetic_stress,True,0.22574196867931698,0.23365125603518683,0.6126878130217027,0.42857142857142855,stress,False,0
2026-05-26 17:28:58,patient_001,0.5581395348837209,True,synthetic_ad8232,0.7647058823529411,True,synthetic_max30102,0.6241379310344843,2380,0.5051975051975055,0.5050167224080266,0.0,False,False,-0.131,0.034,0.936,False,stress,synthetic_label_demo,synthetic_stress,True,0.2021352917536766,0.18002150720975696,0.6227045075125209,0.0,stress,False,0
2026-05-26 17:29:03,patient_001,0.7054263565891473,True,synthetic_ad8232,0.9411764705882355,True,synthetic_max30102,0.3724137931034477,2164,0.48856548856548887,0.4882943143812706,0.0,False,False,0.008,0.081,1.06,False,stress,synthetic_label_demo,synthetic_stress,True,0.22785970677953157,0.19914265598680866,0.6260434056761267,0.0,stress,False,0
2026-05-26 17:29:08,patient_001,0.5348837209302325,True,synthetic_ad8232,0.7647058823529411,True,synthetic_max30102,0.7586206896551744,2115,0.40956340956340975,0.40969899665551823,0.0,False,False,0.114,0.121,1.134,False,stress,synthetic_label_demo,synthetic_stress,True,0.24604869302449356,0.23703991522401927,0.6160267111853087,0.42857142857142855,stress,False,0
2026-05-26 17:29:13,patient_001,0.49612403100775193,True,synthetic_ad8232,0.8235294117647065,True,synthetic_max30102,0.5551724137931036,2163,0.4615384615384617,0.46153846153846123,0.0,False,False,0.334,0.15,0.982,False,stress,synthetic_label_demo,synthetic_stress,True,0.22455411757550758,0.28457531054767365,0.5843071786310515,0.0,stress,False,0
2026-05-26 17:29:18,patient_001,0.6666666666666666,True,synthetic_ad8232,0.8235294117647065,True,synthetic_max30102,0.706896551724137,2089,0.567567567567568,0.5668896321070234,0.0,False,False,0.116,0.412,1.284,False,stress,synthetic_label_demo,synthetic_stress,True,0.2914858319522459,0.31087493437745306,0.5943238731218697,0.0,stress,False,0
2026-05-26 17:29:23,patient_001,0.6356589147286821,True,synthetic_ad8232,0.882352941176471,True,synthetic_max30102,0.6275862068965523,2035,0.40124740124740166,0.4013377926421402,0.0,False,False,0.301,-0.055,1.038,False,stress,synthetic_label_demo,synthetic_stress,True,0.23203207808522466,0.3085339753562064,0.6110183639398997,0.0,stress,False,0
2026-05-26 17:29:28,patient_001,0.6976744186046512,True,synthetic_ad8232,0.9411764705882355,True,synthetic_max30102,0.6517241379310352,2088,0.49688149688149696,0.4966555183946486,0.0,False,False,0.183,0.217,1.043,False,stress,synthetic_label_demo,synthetic_stress,True,0.23176431600128192,0.30128172991422075,0.6093489148580967,0.0,stress,False,0
2026-05-26 17:29:33,patient_001,0.5968992248062016,True,synthetic_ad8232,0.6470588235294121,True,synthetic_max30102,0.6551724137931032,2249,0.6112266112266114,0.612040133779264,0.0,False,False,0.34,0.113,0.855,False,stress,synthetic_label_demo,synthetic_stress,True,0.19803752172916686,0.27086998777850374,0.6227045075125209,0.7142857142857142,stress,False,0
2026-05-26 17:29:38,patient_001,0.4883720930232558,True,synthetic_ad8232,0.8235294117647065,True,synthetic_max30102,0.7344827586206915,2046,0.382536382536383,0.3829431438127089,0.0,False,False,0.071,-0.171,1.067,False,stress,synthetic_label_demo,synthetic_stress,True,0.23220424645292734,0.28150149968198573,0.6210350584307177,0.0,stress,False,0
2026-05-26 17:29:43,patient_001,0.4883720930232558,True,synthetic_ad8232,0.8235294117647065,True,synthetic_max30102,0.6068965517241374,2158,0.5280665280665282,0.5284280936454846,0.0,False,False,0.462,0.203,0.979,False,stress,synthetic_label_demo,synthetic_stress,True,0.23624961882343096,0.3202940358670766,0.5826377295492488,0.0,stress,False,0
2026-05-26 17:29:58,patient_001,0.7054263565891473,True,synthetic_ad8232,0.6470588235294121,True,synthetic_max30102,0.6034482758620694,2186,0.6153846153846159,0.6153846153846154,0.0,False,False,-0.114,0.079,1.427,False,stress,synthetic_label_demo,synthetic_stress,True,0.30907509528467947,0.3131983967060931,0.5626043405676125,0.5714285714285714,stress,False,0
2026-05-26 17:30:03,patient_001,0.5116279069767442,True,synthetic_ad8232,0.7647058823529411,True,synthetic_max30102,0.3413793103448288,2092,0.5259875259875262,0.5267558528428093,0.0,False,False,0.453,-0.196,0.958,False,stress,synthetic_label_demo,synthetic_stress,True,0.23104981631990976,0.29825855760774644,0.5676126878130215,0.0,stress,False,0
2026-05-26 17:30:08,patient_001,0.6976744186046512,True,synthetic_ad8232,0.7058823529411766,True,synthetic_max30102,0.427586206896553,2280,0.5987525987525988,0.5986622073578594,0.0,False,False,0.211,-0.121,0.767,False,stress,synthetic_label_demo,synthetic_stress,True,0.17121621615179183,0.3079459550478517,0.6126878130217027,0.14285714285714285,stress,False,0
2026-05-26 17:30:13,patient_001,0.5348837209302325,True,synthetic_ad8232,0.6470588235294121,True,synthetic_max30102,0.3379310344827573,2127,0.3908523908523911,0.3913043478260869,0.0,False,False,0.027,0.248,0.888,False,stress,synthetic_label_demo,synthetic_stress,True,0.197016462828032,0.32944394667356436,0.6010016694490815,0.14285714285714285,stress,False,0
2026-05-26 17:30:18,patient_001,0.5116279069767442,True,synthetic_ad8232,0.882352941176471,True,synthetic_max30102,0.5758620689655185,2034,0.5550935550935554,0.5551839464882944,0.0,False,False,0.28,0.005,0.992,False,stress,synthetic_label_demo,synthetic_stress,True,0.2207705681591511,0.3482720340489201,0.5943238731218697,0.0,stress,False,0
2026-05-26 17:30:23,patient_001,0.5503875968992248,True,synthetic_ad8232,0.7058823529411766,True,synthetic_max30102,0.38620689655172313,2057,0.4199584199584203,0.41973244147157196,0.0,False,False,0.19,-0.097,1.087,False,stress,synthetic_label_demo,synthetic_stress,True,0.23763680921417987,0.2710037837796382,0.5609348914858096,0.42857142857142855,stress,False,0
2026-05-26 17:30:28,patient_001,0.5193798449612402,True,synthetic_ad8232,0.7058823529411766,True,synthetic_max30102,0.6034482758620694,2139,0.4927234927234929,0.49331103678929766,0.0,False,False,0.395,0.117,1.089,False,stress,synthetic_label_demo,synthetic_stress,True,0.25003634358633925,0.2669607358962336,0.5626043405676125,0.0,stress,False,0
2026-05-26 17:30:33,patient_001,0.5813953488372093,True,synthetic_ad8232,0.9411764705882355,True,synthetic_max30102,0.6931034482758616,2200,0.5135135135135136,0.5133779264214047,0.0,False,False,-0.168,-0.004,1.108,False,stress,synthetic_label_demo,synthetic_stress,True,0.24047158038274996,0.09633311788020811,0.5375626043405676,0.0,stress,False,0
2026-05-26 17:30:38,patient_001,0.5658914728682171,True,synthetic_ad8232,0.9411764705882355,True,synthetic_max30102,0.706896551724137,2218,0.5259875259875262,0.5250836120401337,0.0,False,False,0.038,0.005,0.897,False,stress,synthetic_label_demo,synthetic_stress,True,0.1916349030190875,0.10358610174923837,0.5442404006677796,0.0,stress,False,0
2026-05-26 17:30:43,patient_001,0.6124031007751939,True,synthetic_ad8232,0.6470588235294121,True,synthetic_max30102,0.4586206896551719,2170,0.5280665280665282,0.5284280936454846,0.0,False,False,0.006,0.198,1.054,False,stress,synthetic_label_demo,synthetic_stress,True,0.22990493898453285,0.1204163973502587,0.5659432387312185,0.7142857142857142,stress,False,0
2026-05-26 17:30:48,patient_001,0.6124031007751939,True,synthetic_ad8232,0.7058823529411766,True,synthetic_max30102,0.5758620689655185,2141,0.43866943866943897,0.43979933110367897,0.0,False,False,-0.236,-0.106,0.86,False,stress,synthetic_label_demo,synthetic_stress,True,0.19169030231895196,0.13409002517342966,0.5792988313856425,0.0,stress,False,0
2026-05-26 17:30:53,patient_001,0.4883720930232558,True,synthetic_ad8232,0.882352941176471,True,synthetic_max30102,0.5827586206896544,2052,0.3617463617463619,0.3612040133779262,0.0,False,False,0.25,-0.065,0.901,False,stress,synthetic_label_demo,synthetic_stress,True,0.20028639588822453,0.17697523810341775,0.5726210350584308,0.0,stress,False,0
2026-05-26 17:30:58,patient_001,0.5116279069767442,True,synthetic_ad8232,0.882352941176471,True,synthetic_max30102,0.5379310344827601,2098,0.5363825363825367,0.5367892976588626,0.0,False,False,0.037,0.105,0.853,False,stress,synthetic_label_demo,synthetic_stress,True,0.18339858012640578,0.19786433136672715,0.5575959933222036,0.0,stress,False,0
2026-05-26 17:31:03,patient_001,0.5271317829457364,True,synthetic_ad8232,0.9411764705882355,True,synthetic_max30102,0.6275862068965523,2103,0.4906444906444909,0.4899665551839463,0.0,False,False,0.198,0.235,0.81,False,stress,synthetic_label_demo,synthetic_stress,True,0.18473458645138272,0.20239270545415922,0.5492487479131886,0.0,stress,False,0
2026-05-26 17:31:08,patient_001,0.5348837209302325,True,synthetic_ad8232,0.8235294117647065,True,synthetic_max30102,0.41034482758620605,2171,0.5654885654885655,0.5652173913043477,0.0,False,False,0.458,0.278,1.17,False,stress,synthetic_label_demo,synthetic_stress,True,0.2768855625263665,0.16267359487709934,0.5325542570951586,0.2857142857142857,stress,False,0
2026-05-26 17:31:18,patient_001,0.5581395348837209,True,synthetic_ad8232,0.9411764705882355,True,synthetic_max30102,0.35862068965517224,1907,0.3783783783783785,0.37959866220735794,0.0,False,False,0.013,0.23,1.156,False,stress,synthetic_label_demo,synthetic_stress,True,0.25319482286285633,0.07373968254309277,0.5242070116861436,0.0,stress,False,0
2026-05-26 17:31:23,patient_001,0.6201550387596898,True,synthetic_ad8232,0.6470588235294121,True,synthetic_max30102,0.7103448275862085,2145,0.5779625779625781,0.5785953177257523,0.0,False,False,0.099,-0.045,1.006,False,stress,synthetic_label_demo,synthetic_stress,True,0.21662647990082096,0.15397297752392625,0.5475792988313856,0.7142857142857142,stress,False,0
2026-05-26 17:31:28,patient_001,0.5581395348837209,True,synthetic_ad8232,0.6470588235294121,True,synthetic_max30102,0.5965517241379299,2109,0.45738045738045763,0.4581939799331103,0.0,False,False,0.238,0.372,1.124,False,stress,synthetic_label_demo,synthetic_stress,True,0.25953107332671754,0.14821492757980062,0.5542570951585976,0.0,stress,False,0
2026-05-26 17:31:33,patient_001,0.5658914728682171,True,synthetic_ad8232,0.882352941176471,True,synthetic_max30102,0.427586206896553,2115,0.5135135135135136,0.5133779264214047,0.0,False,False,-0.011,-0.101,0.718,False,stress,synthetic_label_demo,synthetic_stress,True,0.15379630001928193,0.14323984739730744,0.5609348914858096,0.0,stress,False,0
2026-05-26 17:31:43,patient_001,0.6201550387596898,True,synthetic_ad8232,0.6470588235294121,True,synthetic_max30102,0.3517241379310363,2246,0.62993762993763,0.6287625418060201,0.0,False,False,0.249,-0.025,1.028,False,stress,synthetic_label_demo,synthetic_stress,True,0.22674236807839274,0.10182130305998195,0.5943238731218697,0.42857142857142855,stress,False,0
2026-05-26 17:31:48,patient_001,0.8914728682170542,True,synthetic_ad8232,0.7647058823529411,True,synthetic_max30102,0.8241379310344836,2191,0.6112266112266114,0.612040133779264,0.0,False,False,0.022,0.075,1.004,False,anomaly_high_hr,synthetic_label_demo,synthetic_anomaly_high_hr,True,0.215569567976309,0.48339347587590864,0.6527545909849749,0.0,anomaly_high_hr,True,1
2026-05-26 17:31:53,patient_001,0.7906976744186046,True,synthetic_ad8232,0.8235294117647065,True,synthetic_max30102,0.7655172413793103,2182,0.6694386694386698,0.6688963210702341,0.0,False,False,-0.041,-0.043,1.038,False,anomaly_high_hr,synthetic_label_demo,synthetic_anomaly_high_hr,True,0.22272706247322316,0.4900962165302434,0.7028380634390651,0.0,anomaly_high_hr,True,1
2026-05-26 17:31:58,patient_001,0.8449612403100776,True,synthetic_ad8232,0.6470588235294121,True,synthetic_max30102,0.7896551724137932,2023,0.5758835758835761,0.5752508361204014,0.0,False,False,-0.262,0.33,0.601,False,anomaly_high_hr,synthetic_label_demo,synthetic_anomaly_high_hr,True,0.15573355020405938,0.4627030426804978,0.7629382303839732,0.42857142857142855,anomaly_high_hr,True,1
2026-05-26 17:32:03,patient_001,0.8914728682170542,True,synthetic_ad8232,0.882352941176471,True,synthetic_max30102,0.5758620689655185,2258,0.6694386694386698,0.6688963210702341,0.0,False,False,0.024,0.05,0.952,False,anomaly_high_hr,synthetic_label_demo,synthetic_anomaly_high_hr,True,0.20386215617185482,0.39176989563694226,0.8263772954924874,0.0,anomaly_high_hr,True,1
2026-05-26 17:32:08,patient_001,0.7441860465116278,True,synthetic_ad8232,0.5882352941176476,True,synthetic_max30102,0.8448275862068986,2221,0.627858627858628,0.6270903010033444,0.0,False,False,-0.314,0.557,0.759,False,anomaly_high_hr,synthetic_label_demo,synthetic_anomaly_high_hr,True,0.21236934147533332,0.22414922891139544,0.8530884808013356,0.7142857142857142,anomaly_high_hr,True,1
2026-05-26 17:32:13,patient_001,0.937984496124031,True,synthetic_ad8232,0.882352941176471,True,synthetic_max30102,0.586206896551726,2230,0.5925155925155927,0.591973244147157,0.0,False,False,-0.037,0.014,1.07,False,anomaly_high_hr,synthetic_label_demo,synthetic_anomaly_high_hr,True,0.22952752967134413,0.26831518769498763,0.8631051752921534,0.0,anomaly_high_hr,True,1
2026-05-26 17:32:23,patient_001,0.7441860465116278,True,synthetic_ad8232,0.5294117647058831,True,synthetic_max30102,0.3448275862068968,2199,0.5280665280665282,0.5284280936454846,0.0,False,False,0.02,-0.172,0.833,False,anomaly_high_hr,synthetic_label_demo,synthetic_anomaly_high_hr,True,0.1813327152746703,0.33446724654671234,0.8697829716193656,0.0,anomaly_high_hr,True,1
2026-05-26 17:32:28,patient_001,0.7441860465116278,True,synthetic_ad8232,0.5294117647058831,True,synthetic_max30102,0.724137931034484,2381,0.6465696465696467,0.6454849498327757,0.0,False,False,0.04,0.081,0.864,False,anomaly_high_hr,synthetic_label_demo,synthetic_anomaly_high_hr,True,0.18525597093821408,0.3544621874415018,0.8380634390651084,0.0,anomaly_high_hr,True,1
2026-05-26 17:32:33,patient_001,0.9534883720930233,True,synthetic_ad8232,0.8235294117647065,True,synthetic_max30102,0.7655172413793103,2233,0.6632016632016633,0.6622073578595318,0.0,False,False,-0.101,-0.175,0.602,False,anomaly_high_hr,synthetic_label_demo,synthetic_anomaly_high_hr,True,0.13404087366147222,0.3706595883205701,0.8831385642737896,0.0,anomaly_high_hr,True,1
2026-05-26 17:32:38,patient_001,0.7984496124031008,True,synthetic_ad8232,0.5882352941176476,True,synthetic_max30102,0.6758620689655181,2109,0.47401247401247426,0.47324414715719065,0.0,False,False,0.179,-0.28,0.981,False,anomaly_high_hr,synthetic_label_demo,synthetic_anomaly_high_hr,True,0.2218641992356737,0.345135326195316,0.8530884808013356,0.5714285714285714,anomaly_high_hr,True,1
2026-05-26 17:32:48,patient_001,0.8604651162790699,True,synthetic_ad8232,0.7058823529411766,True,synthetic_max30102,0.8206896551724157,2417,0.7068607068607071,0.7073578595317724,0.0,False,False,0.063,-0.075,0.895,False,anomaly_high_hr,synthetic_label_demo,synthetic_anomaly_high_hr,True,0.19218831774002085,0.33010349477455697,0.8864774624373956,0.0,anomaly_high_hr,True,1
2026-05-26 17:32:53,patient_001,0.813953488372093,True,synthetic_ad8232,0.8235294117647065,True,synthetic_max30102,0.7448275862068954,2081,0.5550935550935554,0.5551839464882944,0.0,False,False,0.082,-0.024,1.111,False,anomaly_high_hr,synthetic_label_demo,synthetic_anomaly_high_hr,True,0.23907109241195515,0.26546285715512136,0.9015025041736225,0.0,anomaly_high_hr,True,1
2026-05-26 17:32:58,patient_001,0.7984496124031008,True,synthetic_ad8232,0.6470588235294121,True,synthetic_max30102,0.5068965517241377,2204,0.5966735966735968,0.5969899665551837,0.0,False,False,-0.106,0.307,1.076,False,anomaly_high_hr,synthetic_label_demo,synthetic_anomaly_high_hr,True,0.2411898475344626,0.23962560517028775,0.8681135225375624,0.42857142857142855,anomaly_high_hr,True,1
2026-05-26 17:33:03,patient_001,0.9069767441860465,True,synthetic_ad8232,0.5294117647058831,True,synthetic_max30102,0.9068965517241399,2150,0.6403326403326406,0.6404682274247491,0.0,False,False,0.172,0.199,1.012,False,anomaly_high_hr,synthetic_label_demo,synthetic_anomaly_high_hr,True,0.22402542975617667,0.2331853507739179,0.8914858096828046,0.2857142857142857,anomaly_high_hr,True,1
2026-05-26 17:33:08,patient_001,0.7519379844961239,True,synthetic_ad8232,0.6470588235294121,True,synthetic_max30102,0.7586206896551744,2068,0.4698544698544702,0.46989966555183926,0.0,False,False,0.02,-0.133,1.08,False,anomaly_high_hr,synthetic_label_demo,synthetic_anomaly_high_hr,True,0.23338691809930837,0.20647111112064798,0.8464106844741234,0.0,anomaly_high_hr,True,1
2026-05-26 17:33:13,patient_001,0.8372093023255814,True,synthetic_ad8232,0.6470588235294121,True,synthetic_max30102,0.9241379310344833,2194,0.6133056133056134,0.6137123745819397,0.0,False,False,0.103,-0.026,0.907,False,anomaly_high_hr,synthetic_label_demo,synthetic_anomaly_high_hr,True,0.19500563326103948,0.19786433136672024,0.8414023372287144,0.0,anomaly_high_hr,True,1
2026-05-26 17:33:18,patient_001,0.8217054263565892,True,synthetic_ad8232,0.8235294117647065,True,synthetic_max30102,0.9137931034482758,2218,0.4656964656964657,0.4665551839464883,0.0,False,False,-0.02,0.048,0.988,False,anomaly_high_hr,synthetic_label_demo,synthetic_anomaly_high_hr,True,0.21169724973806453,0.19731394273070774,0.8430717863105174,0.0,anomaly_high_hr,True,1
2026-05-26 17:33:33,patient_001,0.8682170542635658,True,synthetic_ad8232,0.8235294117647065,True,synthetic_max30102,0.703448275862069,2168,0.6133056133056134,0.6137123745819397,0.0,False,False,-0.289,0.161,1.316,False,anomaly_high_hr,synthetic_label_demo,synthetic_anomaly_high_hr,True,0.2922492420139975,0.1268665468648153,0.8430717863105174,0.0,anomaly_high_hr,True,1
2026-05-26 17:33:38,patient_001,0.9069767441860465,True,synthetic_ad8232,0.5294117647058831,True,synthetic_max30102,0.44482758620689644,2374,0.5758835758835761,0.5752508361204014,0.0,False,False,0.058,0.012,0.941,False,anomaly_high_hr,synthetic_label_demo,synthetic_anomaly_high_hr,True,0.20150591796558734,0.18361032880980083,0.8580968280467444,0.7142857142857142,anomaly_high_hr,True,1
2026-05-26 17:33:43,patient_001,0.7519379844961239,True,synthetic_ad8232,0.7647058823529411,True,synthetic_max30102,0.6620689655172427,2145,0.5821205821205826,0.5819397993311037,0.0,False,False,0.01,0.266,0.157,False,anomaly_high_hr,synthetic_label_demo,synthetic_anomaly_high_hr,True,0.06260782243544442,0.22799756549505304,0.8430717863105174,0.0,anomaly_high_hr,True,1
2026-05-26 17:33:53,patient_001,0.9612403100775194,True,synthetic_ad8232,0.6470588235294121,True,synthetic_max30102,0.6517241379310352,2058,0.6174636174636179,0.6170568561872907,0.0,False,False,0.051,0.062,0.935,False,anomaly_high_hr,synthetic_label_demo,synthetic_anomaly_high_hr,True,0.20053688037879439,0.30067952717358676,0.9148580968280468,0.0,anomaly_high_hr,True,1
2026-05-26 17:33:58,patient_001,0.9147286821705426,True,synthetic_ad8232,0.7058823529411766,True,synthetic_max30102,0.8551724137931025,2332,0.6507276507276512,0.6505016722408024,0.0,False,False,-0.077,0.045,0.844,False,anomaly_high_hr,synthetic_label_demo,synthetic_anomaly_high_hr,True,0.18087070447378237,0.29922929591917075,0.9248747913188647,0.0,anomaly_high_hr,True,1
2026-05-26 17:34:03,patient_001,0.9767441860465117,True,synthetic_ad8232,0.6470588235294121,True,synthetic_max30102,0.41034482758620605,2247,0.567567567567568,0.5668896321070234,0.0,False,False,-0.134,0.04,0.615,False,anomaly_high_hr,synthetic_label_demo,synthetic_anomaly_high_hr,True,0.13309743607751837,0.323335404948757,0.9398998330550917,0.14285714285714285,anomaly_high_hr,True,1
2026-05-26 17:34:08,patient_001,0.8372093023255814,True,synthetic_ad8232,0.8235294117647065,True,synthetic_max30102,0.568965517241379,2370,0.5779625779625781,0.5785953177257523,0.0,False,False,0.072,-0.009,0.996,False,anomaly_high_hr,synthetic_label_demo,synthetic_anomaly_high_hr,True,0.21372916781560947,0.19786433136671736,0.9582637729549247,0.0,anomaly_high_hr,True,1
2026-05-26 17:34:13,patient_001,0.9457364341085271,True,synthetic_ad8232,0.882352941176471,True,synthetic_max30102,0.6413793103448278,2071,0.5862785862785866,0.5869565217391304,0.0,False,False,0.065,0.044,1.003,False,anomaly_high_hr,synthetic_label_demo,synthetic_anomaly_high_hr,True,0.2153567498725898,0.1919121575801483,0.9549248747913187,0.0,anomaly_high_hr,True,1
2026-05-26 17:34:18,patient_001,0.9224806201550387,True,synthetic_ad8232,0.8235294117647065,True,synthetic_max30102,0.5965517241379299,2238,0.4844074844074848,0.48494983277591963,0.0,False,False,0.045,-0.009,0.952,False,anomaly_high_hr,synthetic_label_demo,synthetic_anomaly_high_hr,True,0.20375067205751843,0.18022276105371118,0.9465776293823037,0.14285714285714285,anomaly_high_hr,True,1
2026-05-26 17:34:23,patient_001,0.8759689922480619,True,synthetic_ad8232,0.7058823529411766,True,synthetic_max30102,0.4068965517241381,2148,0.5197505197505201,0.520066889632107,0.0,False,False,0.073,0.045,1.023,False,anomaly_high_hr,synthetic_label_demo,synthetic_anomaly_high_hr,True,0.2198538848387954,0.1928542946004528,0.9382303839732887,0.2857142857142857,anomaly_high_hr,True,1
2026-05-26 17:34:28,patient_001,0.7751937984496123,True,synthetic_ad8232,0.7058823529411766,True,synthetic_max30102,0.43448275862068897,2298,0.6735966735966739,0.6739130434782608,0.0,False,False,0.022,0.034,1.042,False,anomaly_high_hr,synthetic_label_demo,synthetic_anomaly_high_hr,True,0.2234037015066225,0.23673385968614405,0.8948247078464105,0.0,anomaly_high_hr,True,1
2026-05-26 17:34:33,patient_001,0.8759689922480619,True,synthetic_ad8232,0.7058823529411766,True,synthetic_max30102,0.8344827586206911,2068,0.6174636174636179,0.6170568561872907,0.0,False,False,-0.091,0.772,1.072,False,anomaly_high_hr,synthetic_label_demo,synthetic_anomaly_high_hr,True,0.2850688496043074,0.22736069954293814,0.9031719532554258,0.0,anomaly_high_hr,True,1
2026-05-26 17:34:38,patient_001,0.9689922480620156,True,synthetic_ad8232,0.8235294117647065,True,synthetic_max30102,0.6275862068965523,2258,0.5176715176715181,0.5183946488294313,0.0,False,False,-0.202,0.556,1.252,False,anomaly_high_hr,synthetic_label_demo,synthetic_anomaly_high_hr,True,0.2983356521227135,0.2497007561632595,0.9081803005008345,0.0,anomaly_high_hr,True,1
2026-05-26 17:34:43,patient_001,0.9922480620155038,True,synthetic_ad8232,0.7058823529411766,True,synthetic_max30102,0.3724137931034477,2199,0.5093555093555096,0.5100334448160533,0.0,False,False,0.158,0.039,0.966,False,anomaly_high_hr,synthetic_label_demo,synthetic_anomaly_high_hr,True,0.20955955204335647,0.3006795271735867,0.9232053422370617,0.2857142857142857,anomaly_high_hr,True,1
2026-05-26 17:34:48,patient_001,0.8449612403100776,True,synthetic_ad8232,0.7058823529411766,True,synthetic_max30102,0.35517241379310427,2169,0.56964656964657,0.5702341137123743,0.0,False,False,0.063,-0.029,0.9,False,anomaly_high_hr,synthetic_label_demo,synthetic_anomaly_high_hr,True,0.1926977038672276,0.3111080614701114,0.9165275459098498,0.0,anomaly_high_hr,True,1
2026-05-26 17:34:53,patient_001,0.7906976744186046,True,synthetic_ad8232,0.6470588235294121,True,synthetic_max30102,0.6206896551724128,2289,0.6798336798336799,0.6789297658862874,0.0,False,False,-0.218,0.04,0.43,False,anomaly_high_hr,synthetic_label_demo,synthetic_anomaly_high_hr,True,0.10089684573596946,0.29409717560461446,0.9198664440734557,0.14285714285714285,anomaly_high_hr,True,1
2026-05-26 17:34:58,patient_001,0.9302325581395349,True,synthetic_ad8232,0.6470588235294121,True,synthetic_max30102,0.44137931034482847,2124,0.5925155925155927,0.591973244147157,0.0,False,False,0.009,0.091,0.971,False,anomaly_high_hr,synthetic_label_demo,synthetic_anomaly_high_hr,True,0.2086136611235564,0.2958177755158882,0.9315525876460767,0.0,anomaly_high_hr,True,1
2026-05-26 17:35:08,patient_001,0.7674418604651162,True,synthetic_ad8232,0.7647058823529411,True,synthetic_max30102,0.8103448275862082,2141,0.5800415800415801,0.580267558528428,0.0,False,False,-0.027,0.053,0.859,False,anomaly_high_hr,synthetic_label_demo,synthetic_anomaly_high_hr,True,0.18357885574783445,0.2578429728002817,0.8347245409015024,0.0,anomaly_high_hr,True,1
2026-05-26 17:35:18,patient_001,0.9922480620155038,True,synthetic_ad8232,0.8235294117647065,True,synthetic_max30102,0.6931034482758616,2214,0.5259875259875262,0.5250836120401337,0.0,False,False,0.009,0.091,0.971,False,anomaly_high_hr,synthetic_label_demo,synthetic_anomaly_high_hr,True,0.2086136611235564,0.3669243924180017,0.8848080133555926,0.0,anomaly_high_hr,True,1
2026-05-26 17:35:23,patient_001,0.813953488372093,True,synthetic_ad8232,0.8235294117647065,True,synthetic_max30102,0.43448275862068897,2308,0.6382536382536386,0.6387959866220734,0.0,False,False,0.044,-0.0,0.956,False,anomaly_high_hr,synthetic_label_demo,synthetic_anomaly_high_hr,True,0.20460676961855045,0.3455551990101777,0.8597662771285474,0.0,anomaly_high_hr,True,1
2026-05-26 17:35:28,patient_001,0.8449612403100776,True,synthetic_ad8232,0.7058823529411766,True,synthetic_max30102,0.5241379310344847,2106,0.5530145530145534,0.5535117056856187,0.0,False,False,0.078,-0.099,1.226,False,anomaly_high_hr,synthetic_label_demo,synthetic_anomaly_high_hr,True,0.2649696326080503,0.2939738902604409,0.8814691151919866,0.2857142857142857,anomaly_high_hr,True,1
2026-05-26 17:35:33,patient_001,0.813953488372093,True,synthetic_ad8232,0.882352941176471,True,synthetic_max30102,0.86551724137931,2238,0.6340956340956345,0.6337792642140467,0.0,False,False,0.075,0.126,0.917,False,anomaly_high_hr,synthetic_label_demo,synthetic_anomaly_high_hr,True,0.198391328168454,0.25685695399620323,0.8914858096828046,0.0,anomaly_high_hr,True,1
2026-05-26 17:35:38,patient_001,0.8449612403100776,True,synthetic_ad8232,0.5882352941176476,True,synthetic_max30102,0.6620689655172427,2119,0.5176715176715181,0.5167224080267556,0.0,False,False,-0.104,0.084,1.378,False,anomaly_high_hr,synthetic_label_demo,synthetic_anomaly_high_hr,True,0.29828120635175515,0.2585449696692177,0.8848080133555926,0.7142857142857142,anomaly_high_hr,True,1
2026-05-26 17:35:53,patient_001,0.883720930232558,True,synthetic_ad8232,0.7058823529411766,True,synthetic_max30102,0.5379310344827601,2107,0.5800415800415801,0.580267558528428,0.0,False,False,0.052,-0.018,0.957,False,anomaly_high_hr,synthetic_label_demo,synthetic_anomaly_high_hr,True,0.2049505407356584,0.2231767764778599,0.8514190317195324,0.0,anomaly_high_hr,True,1
2026-05-26 17:36:03,patient_001,0.7984496124031008,True,synthetic_ad8232,0.7058823529411766,True,synthetic_max30102,0.6275862068965523,2151,0.5426195426195428,0.543478260869565,0.0,False,False,0.075,-0.031,0.959,False,anomaly_high_hr,synthetic_label_demo,synthetic_anomaly_high_hr,True,0.2057935712018547,0.22608158559825733,0.8414023372287144,0.0,anomaly_high_hr,True,1
2026-05-26 17:36:08,patient_001,0.9302325581395349,True,synthetic_ad8232,0.6470588235294121,True,synthetic_max30102,0.9310344827586228,2326,0.5571725571725574,0.5568561872909696,0.0,False,False,0.009,0.16,1.033,False,anomaly_high_hr,synthetic_label_demo,synthetic_anomaly_high_hr,True,0.2239668442762551,0.1898229971467458,0.8848080133555926,0.14285714285714285,anomaly_high_hr,True,1
2026-05-26 17:36:13,patient_001,0.7751937984496123,True,synthetic_ad8232,0.7647058823529411,True,synthetic_max30102,0.41034482758620605,2240,0.6777546777546779,0.6772575250836117,0.0,False,False,0.04,0.046,1.019,False,anomaly_high_hr,synthetic_label_demo,synthetic_anomaly_high_hr,True,0.2185902368819349,0.22414922891139505,0.8614357262103506,0.0,anomaly_high_hr,True,1
2026-05-26 17:36:18,patient_001,0.7364341085271316,True,synthetic_ad8232,0.5294117647058831,True,synthetic_max30102,0.8448275862068986,2129,0.6216216216216219,0.6220735785953178,0.0,False,False,0.173,-0.053,1.169,False,anomaly_high_hr,synthetic_label_demo,synthetic_anomaly_high_hr,True,0.2541129112051683,0.25301774667965116,0.8297161936560934,0.5714285714285714,anomaly_high_hr,True,1
2026-05-26 17:36:23,patient_001,0.7364341085271316,True,synthetic_ad8232,0.8235294117647065,True,synthetic_max30102,0.8517241379310345,2220,0.48648648648648685,0.4866220735785953,0.0,False,False,0.199,0.226,0.883,False,anomaly_high_hr,synthetic_label_demo,synthetic_anomaly_high_hr,True,0.19933025269357602,0.27761137946882214,0.8130217028380632,0.0,anomaly_high_hr,True,1
2026-05-26 17:36:28,patient_001,0.9612403100775194,True,synthetic_ad8232,0.882352941176471,True,synthetic_max30102,0.6689655172413786,2275,0.6590436590436592,0.6588628762541804,0.0,False,False,0.115,0.001,0.531,False,anomaly_high_hr,synthetic_label_demo,synthetic_anomaly_high_hr,True,0.11394701749078394,0.3795504978778847,0.8480801335559266,0.0,anomaly_high_hr,True,1
2026-05-26 17:36:33,patient_001,0.8217054263565892,True,synthetic_ad8232,0.7058823529411766,True,synthetic_max30102,0.5448275862068961,2197,0.5155925155925161,0.5150501672240799,0.0,False,False,0.046,0.06,0.999,False,anomaly_high_hr,synthetic_label_demo,synthetic_anomaly_high_hr,True,0.21443419581207543,0.3247896106130565,0.8247078464106844,0.42857142857142855,anomaly_high_hr,True,1
2026-05-26 17:36:38,patient_001,0.7519379844961239,True,synthetic_ad8232,0.7058823529411766,True,synthetic_max30102,0.6482758620689673,2201,0.45945945945945965,0.459866220735786,0.0,False,False,-0.042,0.038,0.904,False,anomaly_high_hr,synthetic_label_demo,synthetic_anomaly_high_hr,True,0.19337799715699205,0.3333816635254539,0.8196994991652754,0.0,anomaly_high_hr,True,1
2026-05-26 17:36:43,patient_001,0.9612403100775194,True,synthetic_ad8232,0.7647058823529411,True,synthetic_max30102,0.5172413793103452,2194,0.6943866943866945,0.6939799331103678,0.0,False,False,-0.006,0.011,1.048,False,anomaly_high_hr,synthetic_label_demo,synthetic_anomaly_high_hr,True,0.22456258592551417,0.3805043835186275,0.8681135225375624,0.0,anomaly_high_hr,True,1
2026-05-26 17:36:48,patient_001,0.7674418604651162,True,synthetic_ad8232,0.5882352941176476,True,synthetic_max30102,0.8137931034482762,2075,0.42411642411642436,0.4247491638795986,0.0,False,False,-0.003,0.009,0.908,False,anomaly_high_hr,synthetic_label_demo,synthetic_anomaly_high_hr,True,0.19387697750332214,0.35568729081998846,0.8747913188647746,0.42857142857142855,anomaly_high_hr,True,1
2026-05-26 17:36:53,patient_001,0.813953488372093,True,synthetic_ad8232,0.8235294117647065,True,synthetic_max30102,0.6379310344827598,2199,0.6382536382536386,0.6387959866220734,0.0,False,False,0.17,0.059,1.027,False,anomaly_high_hr,synthetic_label_demo,synthetic_anomaly_high_hr,True,0.22337280713824673,0.28711168253553165,0.8430717863105174,0.0,anomaly_high_hr,True,1
2026-05-26 17:36:58,patient_001,0.7286821705426357,True,synthetic_ad8232,0.5882352941176476,True,synthetic_max30102,0.8862068965517249,2040,0.5218295218295221,0.5217391304347823,0.0,False,False,0.297,0.223,1.049,False,anomaly_high_hr,synthetic_label_demo,synthetic_anomaly_high_hr,True,0.23874814677087966,0.32277435055253,0.8230383973288814,0.5714285714285714,anomaly_high_hr,True,1
2026-05-26 17:37:03,patient_001,0.9069767441860465,True,synthetic_ad8232,0.7647058823529411,True,synthetic_max30102,0.7103448275862085,2158,0.5821205821205826,0.5819397993311037,0.0,False,False,-0.118,0.026,0.987,False,anomaly_high_hr,synthetic_label_demo,synthetic_anomaly_high_hr,True,0.21279322219509866,0.33598117004543065,0.8564273789649416,0.0,anomaly_high_hr,True,1
2026-05-26 17:37:13,patient_001,0.9302325581395349,True,synthetic_ad8232,0.8235294117647065,True,synthetic_max30102,0.7620689655172423,2239,0.6507276507276512,0.6505016722408024,0.0,False,False,-0.022,0.027,0.984,False,anomaly_high_hr,synthetic_label_demo,synthetic_anomaly_high_hr,True,0.21065603315294001,0.29825855760774167,0.8814691151919866,0.0,anomaly_high_hr,True,1
2026-05-26 17:37:18,patient_001,0.7984496124031008,True,synthetic_ad8232,0.8235294117647065,True,synthetic_max30102,0.6413793103448278,2023,0.5010395010395015,0.5016722408026753,0.0,False,False,-0.077,-0.292,0.827,False,anomaly_high_hr,synthetic_label_demo,synthetic_anomaly_high_hr,True,0.18781998386786464,0.3061751183130656,0.8781302170283806,0.0,anomaly_high_hr,True,1
2026-05-26 17:37:23,patient_001,0.813953488372093,True,synthetic_ad8232,0.5882352941176476,True,synthetic_max30102,0.8758620689655174,2079,0.6216216216216219,0.6220735785953178,0.0,False,False,0.142,0.148,0.992,False,anomaly_high_hr,synthetic_label_demo,synthetic_anomaly_high_hr,True,0.21687215589493342,0.21422615198973272,0.8964941569282135,0.5714285714285714,anomaly_high_hr,True,1
2026-05-26 17:37:28,patient_001,0.9767441860465117,True,synthetic_ad8232,0.7647058823529411,True,synthetic_max30102,0.45172413793103594,2341,0.62993762993763,0.6304347826086953,0.0,False,False,0.003,-0.003,1.125,False,anomaly_high_hr,synthetic_label_demo,synthetic_anomaly_high_hr,True,0.24142195479559048,0.2683151876949869,0.9115191986644408,0.0,anomaly_high_hr,True,1
2026-05-26 17:37:38,patient_001,0.7364341085271316,True,synthetic_ad8232,0.6470588235294121,True,synthetic_max30102,0.8206896551724157,2096,0.5301455301455302,0.5301003344481603,0.0,False,False,-0.428,0.067,0.904,False,anomaly_high_hr,synthetic_label_demo,synthetic_anomaly_high_hr,True,0.21456233835722072,0.35589106470712534,0.8764607679465773,0.14285714285714285,anomaly_high_hr,True,1
2026-05-26 17:37:43,patient_001,0.9147286821705426,True,synthetic_ad8232,0.7647058823529411,True,synthetic_max30102,0.8482758620689665,2231,0.7068607068607071,0.7056856187290967,0.0,False,False,0.087,-0.058,0.987,False,anomaly_high_hr,synthetic_label_demo,synthetic_anomaly_high_hr,True,0.2123887722252453,0.3466026557897443,0.9015025041736225,0.0,anomaly_high_hr,True,1
2026-05-26 17:37:48,patient_001,0.9457364341085271,True,synthetic_ad8232,0.882352941176471,True,synthetic_max30102,0.6275862068965523,2154,0.7380457380457384,0.7374581939799332,0.0,False,False,0.023,0.009,1.023,False,anomaly_high_hr,synthetic_label_demo,synthetic_anomaly_high_hr,True,0.21913291696302242,0.3339248961874038,0.9298831385642737,0.0,anomaly_high_hr,True,1
2026-05-26 17:37:58,patient_001,0.8992248062015503,True,synthetic_ad8232,0.882352941176471,True,synthetic_max30102,0.5241379310344847,2103,0.5072765072765075,0.5066889632107023,0.0,False,False,0.235,-0.288,1.165,False,anomaly_high_hr,synthetic_label_demo,synthetic_anomaly_high_hr,True,0.26286622464087545,0.282016128081747,0.8981636060100168,0.0,anomaly_high_hr,True,1
2026-05-26 17:38:03,patient_001,0.7286821705426357,True,synthetic_ad8232,0.8235294117647065,True,synthetic_max30102,0.7931034482758612,2286,0.5779625779625781,0.5785953177257523,0.0,False,False,-0.435,-0.264,1.086,False,anomaly_high_hr,synthetic_label_demo,synthetic_anomaly_high_hr,True,0.2577022260100734,0.2934802309864184,0.8964941569282135,0.14285714285714285,anomaly_high_hr,True,1
2026-05-26 17:38:13,patient_001,0.7364341085271316,True,synthetic_ad8232,0.7647058823529411,True,synthetic_max30102,0.5241379310344847,2303,0.5987525987525988,0.5986622073578594,0.0,False,False,0.171,0.055,1.025,False,anomaly_high_hr,synthetic_label_demo,synthetic_anomaly_high_hr,True,0.22292900145754807,0.2940971756046168,0.8130217028380632,0.0,anomaly_high_hr,True,1
2026-05-26 17:38:28,patient_001,0.49612403100775193,True,synthetic_ad8232,0.35294117647058876,True,synthetic_max30102,0.6482758620689673,2025,0.48648648648648685,0.4866220735785953,0.0,False,False,-0.081,0.038,0.969,False,anomaly_low_spo2,synthetic_label_demo,synthetic_anomaly_low_spo2,True,0.2081371156052483,0.6108684790544017,0.759599332220367,0.42857142857142855,anomaly_low_spo2,True,1
2026-05-26 17:38:33,patient_001,0.3023255813953488,True,synthetic_ad8232,0.058823529411765385,True,synthetic_max30102,0.5620689655172431,1945,0.3783783783783785,0.37959866220735794,0.0,False,False,0.267,0.159,1.117,False,anomaly_low_spo2,synthetic_label_demo,synthetic_anomaly_low_spo2,True,0.24896351513219145,0.9231705648628464,0.6661101836393989,0.7142857142857142,anomaly_low_spo2,True,1
2026-05-26 17:38:43,patient_001,0.2945736434108527,True,synthetic_ad8232,0.41176470588235325,True,synthetic_max30102,0.19310344827586334,1974,0.38045738045738053,0.3812709030100332,0.0,False,False,0.061,0.085,1.128,False,anomaly_low_spo2,synthetic_label_demo,synthetic_anomaly_low_spo2,True,0.24313862656536678,1.0,0.4941569282136894,0.0,anomaly_low_spo2,True,1
2026-05-26 17:38:48,patient_001,0.22480620155038755,True,synthetic_ad8232,0.17647058823529438,True,synthetic_max30102,0.6206896551724128,2159,0.4656964656964657,0.4648829431438126,0.0,False,False,0.104,0.203,0.86,False,anomaly_low_spo2,synthetic_label_demo,synthetic_anomaly_low_spo2,True,0.18986305073332307,0.37241581626127807,0.3288814691151919,0.5714285714285714,anomaly_low_spo2,True,1
2026-05-26 17:38:58,patient_001,0.5658914728682171,True,synthetic_ad8232,0.23529411764705888,True,synthetic_max30102,0.3413793103448288,2011,0.4823284823284828,0.48327759197324394,0.0,False,False,-0.021,-0.012,1.087,False,anomaly_low_spo2,synthetic_label_demo,synthetic_anomaly_low_spo2,True,0.23315172008245927,0.5523425459958363,0.40400667779632704,0.5714285714285714,anomaly_low_spo2,True,1
2026-05-26 17:39:03,patient_001,0.43410852713178294,True,synthetic_ad8232,0.11764705882352988,True,synthetic_max30102,0.3758620689655192,2249,0.45945945945945965,0.459866220735786,0.0,False,False,0.045,-0.009,0.952,False,anomaly_low_spo2,synthetic_label_demo,synthetic_anomaly_low_spo2,True,0.20375067205751843,0.5529329010024174,0.40901502504173615,0.2857142857142857,anomaly_low_spo2,True,1
2026-05-26 17:39:08,patient_001,0.21705426356589141,True,synthetic_ad8232,0.17647058823529438,True,synthetic_max30102,0.7517241379310349,2075,0.4927234927234929,0.49331103678929766,0.0,False,False,-0.281,0.149,0.87,False,anomaly_low_spo2,synthetic_label_demo,synthetic_anomaly_low_spo2,True,0.1978800239113061,0.6155975488925928,0.39232053422370616,0.0,anomaly_low_spo2,True,1
2026-05-26 17:39:13,patient_001,0.2558139534883721,True,synthetic_ad8232,0.29411764705882426,True,synthetic_max30102,0.5586206896551715,2075,0.3638253638253639,0.36454849498327757,0.0,False,False,0.089,-0.1,1.118,False,anomaly_low_spo2,synthetic_label_demo,synthetic_anomaly_low_spo2,True,0.24163632825835624,0.589610131613091,0.39899833055091816,0.0,anomaly_low_spo2,True,1
2026-05-26 17:39:18,patient_001,0.26356589147286824,True,synthetic_ad8232,0.35294117647058876,True,synthetic_max30102,0.46896551724137936,2159,0.4636174636174637,0.4632107023411369,0.0,False,False,0.136,0.178,0.674,False,anomaly_low_spo2,synthetic_label_demo,synthetic_anomaly_low_spo2,True,0.15053068482065324,0.5142076264225622,0.3305509181969949,0.0,anomaly_low_spo2,True,1
2026-05-26 17:39:23,patient_001,0.5271317829457364,True,synthetic_ad8232,0.47058823529411775,True,synthetic_max30102,0.5586206896551715,2224,0.56964656964657,0.5685618729096991,0.0,False,False,-0.019,-0.029,0.963,False,anomaly_low_spo2,synthetic_label_demo,synthetic_anomaly_low_spo2,True,0.2060557168542427,0.46574845884039634,0.3222036727879799,0.0,anomaly_low_spo2,True,1
2026-05-26 17:39:38,patient_001,0.5891472868217055,True,synthetic_ad8232,0.29411764705882426,True,synthetic_max30102,0.3517241379310363,1984,0.47193347193347224,0.47157190635451496,0.0,False,False,-0.59,0.693,1.229,False,anomaly_low_spo2,synthetic_label_demo,synthetic_anomaly_low_spo2,True,0.3300220738233141,0.5081800240584317,0.38898163606010006,0.42857142857142855,anomaly_low_spo2,True,1
2026-05-26 17:39:48,patient_001,0.5426356589147286,True,synthetic_ad8232,0.47058823529411775,True,synthetic_max30102,0.5965517241379299,2029,0.5446985446985448,0.5451505016722407,0.0,False,False,0.104,-0.048,0.978,False,anomaly_low_spo2,synthetic_label_demo,synthetic_anomaly_low_spo2,True,0.2106710559147847,0.5049598126416537,0.4641068447412353,0.0,anomaly_low_spo2,True,1
2026-05-26 17:39:53,patient_001,0.34883720930232553,True,synthetic_ad8232,0.17647058823529438,True,synthetic_max30102,0.19655172413793132,2007,0.4345114345114349,0.4347826086956519,0.0,False,False,-0.077,-0.292,0.827,False,anomaly_low_spo2,synthetic_label_demo,synthetic_anomaly_low_spo2,True,0.18781998386786464,0.46129068483790187,0.4741235392320533,0.7142857142857142,anomaly_low_spo2,True,1
2026-05-26 17:40:13,patient_001,0.24806201550387597,True,synthetic_ad8232,0.11764705882352988,True,synthetic_max30102,0.572413793103447,2352,0.5467775467775469,0.5468227424749164,0.0,False,False,0.261,0.198,1.133,False,anomaly_low_spo2,synthetic_label_demo,synthetic_anomaly_low_spo2,True,0.25334434793883653,0.47507282884463875,0.37729549248747907,0.0,anomaly_low_spo2,True,1
2026-05-26 17:40:18,patient_001,0.5348837209302325,True,synthetic_ad8232,0.35294117647058876,True,synthetic_max30102,0.5758620689655185,2071,0.4656964656964657,0.4648829431438126,0.0,False,False,0.006,-0.046,1.184,False,anomaly_low_spo2,synthetic_label_demo,synthetic_anomaly_low_spo2,True,0.25454873065305084,0.5120883388230025,0.41736227045075125,0.0,anomaly_low_spo2,True,1
2026-05-26 17:40:23,patient_001,0.43410852713178294,True,synthetic_ad8232,0.17647058823529438,True,synthetic_max30102,0.5482758620689676,1957,0.38669438669438705,0.3879598662207355,0.0,False,False,0.04,0.031,1.014,False,anomaly_low_spo2,synthetic_label_demo,synthetic_anomaly_low_spo2,True,0.2173718677780053,0.5075376162987739,0.41068447412353914,0.42857142857142855,anomaly_low_spo2,True,1
2026-05-26 17:40:28,patient_001,0.5426356589147286,True,synthetic_ad8232,0.058823529411765385,True,synthetic_max30102,0.7689655172413783,2004,0.5883575883575887,0.5886287625418061,0.0,False,False,0.103,-0.016,1.024,False,anomaly_low_spo2,synthetic_label_demo,synthetic_anomaly_low_spo2,True,0.22044633110759504,0.4731613668851194,0.4624373956594322,0.2857142857142857,anomaly_low_spo2,True,1
2026-05-26 17:40:33,patient_001,0.4108527131782945,True,synthetic_ad8232,0.058823529411765385,True,synthetic_max30102,0.4896551724137943,2086,0.45945945945945965,0.459866220735786,0.0,False,False,0.0,0.091,0.988,False,anomaly_low_spo2,synthetic_label_demo,synthetic_anomaly_low_spo2,True,0.2123140205725555,0.4149563729067639,0.42404006677796324,0.0,anomaly_low_spo2,True,1
2026-05-26 17:40:38,patient_001,0.2790697674418604,True,synthetic_ad8232,0.41176470588235325,True,synthetic_max30102,0.6275862068965523,2069,0.43866943866943897,0.43979933110367897,0.0,False,False,0.235,-0.288,1.165,False,anomaly_low_spo2,synthetic_label_demo,synthetic_anomaly_low_spo2,True,0.26286622464087545,0.3737760664008735,0.43071786310517524,0.0,anomaly_low_spo2,True,1
2026-05-26 17:40:43,patient_001,0.5426356589147286,True,synthetic_ad8232,0.11764705882352988,True,synthetic_max30102,0.6103448275862089,2060,0.4698544698544702,0.46989966555183926,0.0,False,False,0.095,0.388,1.262,False,anomaly_low_spo2,synthetic_label_demo,synthetic_anomaly_low_spo2,True,0.2849665564548165,0.3798369150972785,0.43238731218697823,0.7142857142857142,anomaly_low_spo2,True,1
2026-05-26 17:40:53,patient_001,0.41860465116279066,True,synthetic_ad8232,0.29411764705882426,True,synthetic_max30102,0.34827586206896477,2119,0.4282744282744284,0.42809364548494955,0.0,False,False,-0.067,-0.142,0.678,False,anomaly_low_spo2,synthetic_label_demo,synthetic_anomaly_low_spo2,True,0.14739531141283113,0.34450455748136005,0.41736227045075125,0.0,anomaly_low_spo2,True,1
2026-05-26 17:40:58,patient_001,0.37209302325581395,True,synthetic_ad8232,0.058823529411765385,True,synthetic_max30102,0.43448275862068897,2049,0.3201663201663205,0.32107023411371216,0.0,False,False,0.102,0.244,0.962,False,anomaly_low_spo2,synthetic_label_demo,synthetic_anomaly_low_spo2,True,0.2135209282126718,0.35538141090890785,0.40901502504173615,0.5714285714285714,anomaly_low_spo2,True,1
2026-05-26 17:41:03,patient_001,0.3643410852713178,True,synthetic_ad8232,0.35294117647058876,True,synthetic_max30102,0.3448275862068968,2055,0.41580041580041627,0.41638795986622057,0.0,False,False,-0.068,-0.064,0.978,False,anomaly_low_spo2,synthetic_label_demo,synthetic_anomaly_low_spo2,True,0.21018088547932526,0.26696073589623737,0.42737896494156924,0.0,anomaly_low_spo2,True,1
2026-05-26 17:41:08,patient_001,0.41860465116279066,True,synthetic_ad8232,0.29411764705882426,True,synthetic_max30102,0.3999999999999986,2020,0.4636174636174637,0.4632107023411369,0.0,False,False,-0.055,0.023,0.76,False,anomaly_low_spo2,synthetic_label_demo,synthetic_anomaly_low_spo2,True,0.1619445224367788,0.17177811649890648,0.40066777963272115,0.14285714285714285,anomaly_low_spo2,True,1
2026-05-26 17:41:23,patient_001,0.33333333333333337,True,synthetic_ad8232,0.41176470588235325,True,synthetic_max30102,0.3103448275862064,2044,0.23700623700623735,0.23745819397993317,0.0,False,False,0.058,-0.331,1.038,False,anomaly_low_spo2,synthetic_label_demo,synthetic_anomaly_low_spo2,True,0.23397816915431535,0.13381940930694616,0.3388981636060099,0.0,anomaly_low_spo2,True,1
2026-05-26 17:41:38,patient_001,0.3178294573643411,True,synthetic_ad8232,0.058823529411765385,True,synthetic_max30102,0.6103448275862089,1999,0.47401247401247426,0.47324414715719065,0.0,False,False,0.022,0.057,0.986,False,anomaly_low_spo2,synthetic_label_demo,synthetic_anomaly_low_spo2,True,0.2113737315518286,0.5131490766968351,0.347245409015025,0.42857142857142855,anomaly_low_spo2,True,1
2026-05-26 17:41:43,patient_001,0.28682170542635654,True,synthetic_ad8232,0.17647058823529438,True,synthetic_max30102,0.2241379310344822,1973,0.33679833679833715,0.3377926421404682,0.0,False,False,0.033,0.137,1.004,False,anomaly_low_spo2,synthetic_label_demo,synthetic_anomaly_low_spo2,True,0.2170605036417109,0.526124582255071,0.3372287145242069,0.0,anomaly_low_spo2,True,1
2026-05-26 17:41:48,patient_001,0.2790697674418604,True,synthetic_ad8232,0.11764705882352988,True,synthetic_max30102,0.4655172413793114,2009,0.43866943866943897,0.43979933110367897,0.0,False,False,-0.091,0.772,1.072,False,anomaly_low_spo2,synthetic_label_demo,synthetic_anomaly_low_spo2,True,0.2850688496043074,0.5389894978778285,0.3255425709515859,0.14285714285714285,anomaly_low_spo2,True,1
2026-05-26 17:41:53,patient_001,0.6434108527131782,True,synthetic_ad8232,0.058823529411765385,True,synthetic_max30102,0.18965517241379182,2165,0.45738045738045763,0.4581939799331103,0.0,False,False,0.002,0.012,1.008,False,anomaly_low_spo2,synthetic_label_demo,synthetic_anomaly_low_spo2,True,0.2157965291324902,0.6372974549693003,0.41736227045075125,0.14285714285714285,anomaly_low_spo2,True,1
2026-05-26 17:41:58,patient_001,0.41860465116279066,True,synthetic_ad8232,0.17647058823529438,True,synthetic_max30102,0.5931034482758619,2062,0.3388773388773392,0.3394648829431435,0.0,False,False,0.188,0.037,0.803,False,anomaly_low_spo2,synthetic_label_demo,synthetic_anomaly_low_spo2,True,0.17579632273243587,0.5301741300125489,0.37562604340567607,0.0,anomaly_low_spo2,True,1
2026-05-26 17:42:03,patient_001,0.3565891472868217,True,synthetic_ad8232,0.11764705882352988,True,synthetic_max30102,0.38620689655172313,2155,0.39501039501039514,0.39464882943143786,0.0,False,False,0.099,0.17,0.844,False,anomaly_low_spo2,synthetic_label_demo,synthetic_anomaly_low_spo2,True,0.184798826313305,0.5177204943392032,0.38397328881469106,0.14285714285714285,anomaly_low_spo2,True,1
2026-05-26 17:42:08,patient_001,0.3875968992248062,True,synthetic_ad8232,0.058823529411765385,True,synthetic_max30102,0.7620689655172423,2125,0.43866943866943897,0.4381270903010033,0.0,False,False,0.117,-0.184,0.99,False,anomaly_low_spo2,synthetic_label_demo,synthetic_anomaly_low_spo2,True,0.2170357529221983,0.4749965180532306,0.40567612687813015,0.14285714285714285,anomaly_low_spo2,True,1
2026-05-26 17:42:13,patient_001,0.24806201550387597,True,synthetic_ad8232,0.17647058823529438,True,synthetic_max30102,0.3724137931034477,1994,0.24324324324324342,0.2441471571906355,0.0,False,False,-0.172,-0.094,1.071,False,anomaly_low_spo2,synthetic_label_demo,synthetic_anomaly_low_spo2,True,0.23348475659701362,0.5037379310110321,0.39899833055091816,0.0,anomaly_low_spo2,True,1
2026-05-26 17:42:18,patient_001,0.34883720930232553,True,synthetic_ad8232,0.29411764705882426,True,synthetic_max30102,0.5206896551724132,2125,0.33056133056133064,0.3311036789297659,0.0,False,False,-0.173,-0.072,0.878,False,anomaly_low_spo2,synthetic_label_demo,synthetic_anomaly_low_spo2,True,0.19162501736315699,0.22333914592567172,0.335559265442404,0.0,anomaly_low_spo2,True,1
2026-05-26 17:42:23,patient_001,0.3178294573643411,True,synthetic_ad8232,0.11764705882352988,True,synthetic_max30102,0.33103448275862135,2113,0.40748440748440773,0.40802675585284254,0.0,False,False,-0.314,0.557,0.759,False,anomaly_low_spo2,synthetic_label_demo,synthetic_anomaly_low_spo2,True,0.21236934147533332,0.18400476606098398,0.3138564273789648,0.42857142857142855,anomaly_low_spo2,True,1
2026-05-26 17:42:28,patient_001,0.5581395348837209,True,synthetic_ad8232,0.17647058823529438,True,synthetic_max30102,0.5586206896551715,2108,0.4553014553014556,0.4548494983277589,0.0,False,False,0.553,-0.256,0.975,False,anomaly_low_spo2,synthetic_label_demo,synthetic_anomaly_low_spo2,True,0.24684827953035826,0.40254032753299024,0.357262103505843,0.0,anomaly_low_spo2,True,1
2026-05-26 17:42:38,patient_001,0.39534883720930225,True,synthetic_ad8232,0.058823529411765385,True,synthetic_max30102,0.4034482758620701,2044,0.3409563409563412,0.34113712374581917,0.0,False,False,0.26,0.076,1.277,False,anomaly_low_spo2,synthetic_label_demo,synthetic_anomaly_low_spo2,True,0.2809566516088874,0.41100640742816225,0.357262103505843,0.0,anomaly_low_spo2,True,1
2026-05-26 17:42:43,patient_001,0.5581395348837209,True,synthetic_ad8232,0.11764705882352988,True,synthetic_max30102,0.29999999999999893,2130,0.5405405405405408,0.540133779264214,0.0,False,False,0.069,0.09,0.983,False,anomaly_low_spo2,synthetic_label_demo,synthetic_anomaly_low_spo2,True,0.2117306934069986,0.4952467460973855,0.40233722871452415,0.0,anomaly_low_spo2,True,1
2026-05-26 17:42:48,patient_001,0.5736434108527132,True,synthetic_ad8232,0.23529411764705888,True,synthetic_max30102,0.24137931034482918,2004,0.40124740124740166,0.4013377926421402,0.0,False,False,-0.073,-0.101,1.129,False,anomaly_low_spo2,synthetic_label_demo,synthetic_anomaly_low_spo2,True,0.24379942787745537,0.5048162153651425,0.4574290484140233,0.0,anomaly_low_spo2,True,1
2026-05-26 17:42:53,patient_001,0.43410852713178294,True,synthetic_ad8232,0.35294117647058876,True,synthetic_max30102,0.24827586206896513,2227,0.56964656964657,0.5685618729096991,0.0,False,False,-0.067,-0.077,0.977,False,anomaly_low_spo2,synthetic_label_demo,synthetic_anomaly_low_spo2,True,0.2101522205698561,0.4715497510271417,0.43071786310517524,0.0,anomaly_low_spo2,True,1
2026-05-26 17:42:58,patient_001,0.31007751937984496,True,synthetic_ad8232,0.41176470588235325,True,synthetic_max30102,0.7931034482758612,2095,0.27442827442827467,0.2759197324414715,0.0,False,False,-0.101,0.219,0.7,False,anomaly_low_spo2,synthetic_label_demo,synthetic_anomaly_low_spo2,True,0.15713324563851247,0.38720940650174707,0.4457429048414022,0.0,anomaly_low_spo2,True,1
2026-05-26 17:43:03,patient_001,0.3565891472868217,True,synthetic_ad8232,0.35294117647058876,True,synthetic_max30102,0.427586206896553,2029,0.33679833679833715,0.3377926421404682,0.0,False,False,0.117,0.074,0.952,False,anomaly_low_spo2,synthetic_label_demo,synthetic_anomaly_low_spo2,True,0.20570269996071375,0.40906143179773624,0.43739565943238723,0.14285714285714285,anomaly_low_spo2,True,1
2026-05-26 17:43:08,patient_001,0.31007751937984496,True,synthetic_ad8232,0.29411764705882426,True,synthetic_max30102,0.1724137931034484,2197,0.43659043659043695,0.4364548494983276,0.0,False,False,-0.012,0.077,1.309,False,anomaly_low_spo2,synthetic_label_demo,synthetic_anomaly_low_spo2,True,0.28225045808563387,0.3857085892009285,0.38397328881469106,0.14285714285714285,anomaly_low_spo2,True,1
2026-05-26 17:43:13,patient_001,0.5038759689922481,True,synthetic_ad8232,0.47058823529411775,True,synthetic_max30102,0.7655172413793103,2028,0.5945945945945947,0.5936454849498327,0.0,False,False,0.046,0.06,0.999,False,anomaly_low_spo2,synthetic_label_demo,synthetic_anomaly_low_spo2,True,0.21443419581207543,0.2934802309864282,0.3689482470784641,0.0,anomaly_low_spo2,True,1
2026-05-26 17:43:18,patient_001,0.3410852713178294,True,synthetic_ad8232,0.17647058823529438,True,synthetic_max30102,0.18620689655172384,2090,0.43866943866943897,0.43979933110367897,0.0,False,False,0.262,0.242,1.427,False,anomaly_low_spo2,synthetic_label_demo,synthetic_anomaly_low_spo2,True,0.317221119826543,0.2798224209287151,0.348914858096828,0.7142857142857142,anomaly_low_spo2,True,1
2026-05-26 17:43:28,patient_001,0.49612403100775193,True,synthetic_ad8232,0.47058823529411775,True,synthetic_max30102,0.6172413793103448,2052,0.4656964656964657,0.4665551839464883,0.0,False,False,0.085,-0.01,0.981,False,anomaly_low_spo2,synthetic_label_demo,synthetic_anomaly_low_spo2,True,0.21068018034106625,0.32723585244403663,0.41736227045075125,0.0,anomaly_low_spo2,True,1
2026-05-26 17:43:33,patient_001,0.6201550387596898,True,synthetic_ad8232,0.29411764705882426,True,synthetic_max30102,0.7413793103448274,2278,0.4282744282744284,0.42809364548494955,0.0,False,False,0.002,-0.114,1.067,False,anomaly_low_spo2,synthetic_label_demo,synthetic_anomaly_low_spo2,True,0.23004109100511627,0.3445045574813593,0.4841402337228714,0.42857142857142855,anomaly_low_spo2,True,1
2026-05-26 17:43:38,patient_001,0.37209302325581395,True,synthetic_ad8232,0.41176470588235325,True,synthetic_max30102,0.6137931034482769,2058,0.38669438669438705,0.3879598662207355,0.0,False,False,0.032,-0.013,0.984,False,anomaly_low_spo2,synthetic_label_demo,synthetic_anomaly_low_spo2,True,0.2106538074696371,0.38664728270209087,0.4557595993322202,0.0,anomaly_low_spo2,True,1
2026-05-26 17:43:43,patient_001,0.6279069767441859,True,synthetic_ad8232,0.11764705882352988,True,synthetic_max30102,0.4586206896551719,2047,0.41580041580041627,0.41638795986622057,0.0,False,False,0.323,-0.166,0.498,False,anomaly_low_spo2,synthetic_label_demo,synthetic_anomaly_low_spo2,True,0.12995328756641022,0.3688949994597454,0.5175292153589316,0.7142857142857142,anomaly_low_spo2,True,1
2026-05-26 17:43:48,patient_001,0.3875968992248062,True,synthetic_ad8232,0.47058823529411775,True,synthetic_max30102,0.7758620689655178,2033,0.3347193347193351,0.33444816053511683,0.0,False,False,0.118,-0.014,1.051,False,anomaly_low_spo2,synthetic_label_demo,synthetic_anomaly_low_spo2,True,0.22667100237197613,0.42471325957656125,0.4958263772954924,0.0,anomaly_low_spo2,True,1
2026-05-26 17:43:53,patient_001,0.5116279069767442,True,synthetic_ad8232,0.29411764705882426,True,synthetic_max30102,0.19655172413793132,1971,0.5010395010395015,0.5016722408026753,0.0,False,False,-0.029,0.213,1.175,False,anomaly_low_spo2,synthetic_label_demo,synthetic_anomaly_low_spo2,True,0.256651093001799,0.4248839299710635,0.4991652754590984,0.42857142857142855,anomaly_low_spo2,True,1
2026-05-26 17:43:58,patient_001,0.5038759689922481,True,synthetic_ad8232,0.11764705882352988,True,synthetic_max30102,0.7862068965517253,1999,0.382536382536383,0.3829431438127089,0.0,False,False,0.184,0.119,0.964,False,anomaly_low_spo2,synthetic_label_demo,synthetic_anomaly_low_spo2,True,0.2115271830679071,0.3627512741723358,0.4741235392320533,0.42857142857142855,anomaly_low_spo2,True,1
2026-05-26 17:44:08,patient_001,0.41860465116279066,True,synthetic_ad8232,0.35294117647058876,True,synthetic_max30102,0.7482758620689669,1986,0.3430353430353432,0.34280936454849487,0.0,False,False,-0.011,0.033,0.947,False,anomaly_low_spo2,synthetic_label_demo,synthetic_anomaly_low_spo2,True,0.2025526583532778,0.2530177466796597,0.4707846410684473,0.0,anomaly_low_spo2,True,1
2026-05-26 17:44:13,patient_001,0.5581395348837209,True,synthetic_ad8232,0.23529411764705888,True,synthetic_max30102,0.33103448275862135,2069,0.5093555093555096,0.5083612040133776,0.0,False,False,-0.195,-0.146,0.857,False,anomaly_low_spo2,synthetic_label_demo,synthetic_anomaly_low_spo2,True,0.19012949084915565,0.20417593555215077,0.5075125208681134,0.2857142857142857,anomaly_low_spo2,True,1
2026-05-26 17:44:18,patient_001,0.3643410852713178,True,synthetic_ad8232,0.17647058823529438,True,synthetic_max30102,0.26206896551724057,2167,0.38669438669438705,0.3862876254180603,0.0,False,False,0.326,0.098,1.184,False,anomaly_low_spo2,synthetic_label_demo,synthetic_anomaly_low_spo2,True,0.26486070236801795,0.3066483413440234,0.4757929883138564,0.14285714285714285,anomaly_low_spo2,True,1
2026-05-26 17:44:28,patient_001,0.4263565891472868,True,synthetic_ad8232,0.47058823529411775,True,synthetic_max30102,0.4931034482758623,2152,0.4677754677754682,0.46822742474916357,0.0,False,False,-0.083,-0.049,0.634,False,anomaly_low_spo2,synthetic_label_demo,synthetic_anomaly_low_spo2,True,0.13541724910189845,0.24868245579901796,0.4290484140233721,0.0,anomaly_low_spo2,True,1
2026-05-26 17:44:38,patient_001,0.48062015503875966,True,synthetic_ad8232,0.058823529411765385,True,synthetic_max30102,0.7448275862068954,2053,0.4033264033264037,0.4030100334448159,0.0,False,False,0.027,-0.005,0.95,False,anomaly_low_spo2,synthetic_label_demo,synthetic_anomaly_low_spo2,True,0.20315708063806295,0.20541498597929828,0.43405676126878123,0.42857142857142855,anomaly_low_spo2,True,1
2026-05-26 17:44:48,patient_001,0.5658914728682171,True,synthetic_ad8232,0.11764705882352988,True,synthetic_max30102,0.36551724137931174,1999,0.4137214137214138,0.4147157190635449,0.0,False,False,0.04,0.048,0.823,False,anomaly_low_spo2,synthetic_label_demo,synthetic_anomaly_low_spo2,True,0.17575796066129204,0.427181306506987,0.4390651085141902,0.14285714285714285,anomaly_low_spo2,True,1
2026-05-26 17:44:53,patient_001,0.5426356589147286,True,synthetic_ad8232,0.35294117647058876,True,synthetic_max30102,0.4206896551724135,2016,0.44906444906444953,0.44983277591973225,0.0,False,False,0.158,-0.058,0.92,False,anomaly_low_spo2,synthetic_label_demo,synthetic_anomaly_low_spo2,True,0.1998419223715656,0.44708388377349817,0.4641068447412353,0.0,anomaly_low_spo2,True,1
2026-05-26 17:44:58,patient_001,0.2558139534883721,True,synthetic_ad8232,0.41176470588235325,True,synthetic_max30102,0.2551724137931046,2002,0.3679833679833684,0.3678929765886285,0.0,False,False,0.022,0.034,1.042,False,anomaly_low_spo2,synthetic_label_demo,synthetic_anomaly_low_spo2,True,0.2234037015066225,0.5395272775056194,0.40734557595993315,0.0,anomaly_low_spo2,True,1
2026-05-26 17:45:13,patient_001,0.27131782945736427,True,synthetic_ad8232,0.9411764705882355,True,synthetic_max30102,0.3137931034482744,2034,0.40124740124740166,0.4013377926421402,0.0,False,False,2.013,-2.022,2.8,True,fall,synthetic_label_demo,synthetic_fall,True,0.870926904344962,0.5923703501777754,0.39065108514190305,0.0,fall,True,1
2026-05-26 17:45:23,patient_001,0.6124031007751939,True,synthetic_ad8232,0.5294117647058831,True,synthetic_max30102,0.5517241379310356,2261,0.5114345114345116,0.511705685618729,0.0,False,False,-1.747,-0.841,2.8,True,fall,synthetic_label_demo,synthetic_fall,True,0.7412362100568811,0.6325013837415733,0.41068447412353914,0.7142857142857142,fall,True,1
2026-05-26 17:45:28,patient_001,0.5426356589147286,True,synthetic_ad8232,0.9411764705882355,True,synthetic_max30102,0.4137931034482776,2070,0.4116424116424118,0.41137123745819393,0.0,False,False,0.306,2.376,2.8,True,fall,synthetic_label_demo,synthetic_fall,True,0.802420579094489,0.5581530583193787,0.39232053422370616,0.0,fall,True,1
2026-05-26 17:45:33,patient_001,0.3565891472868217,True,synthetic_ad8232,0.8235294117647065,True,synthetic_max30102,0.4034482758620701,2165,0.38669438669438705,0.3879598662207355,0.0,False,False,-1.319,0.688,0.05,True,fall,synthetic_label_demo,synthetic_fall,True,0.32107676580422795,0.5430098631220595,0.40066777963272115,0.2857142857142857,fall,True,1
2026-05-26 17:45:38,patient_001,0.5813953488372093,True,synthetic_ad8232,0.5294117647058831,True,synthetic_max30102,0.3103448275862064,2130,0.571725571725572,0.57190635451505,0.0,False,False,2.571,0.11,2.8,True,fall,synthetic_label_demo,synthetic_fall,True,0.8282665690826277,0.5127957412031059,0.4674457429048413,0.7142857142857142,fall,True,1
2026-05-26 17:45:53,patient_001,0.6744186046511628,True,synthetic_ad8232,0.9411764705882355,True,synthetic_max30102,0.43448275862068897,1928,0.3887733887733891,0.3896321070234112,0.0,False,False,1.474,1.727,2.8,True,fall,synthetic_label_demo,synthetic_fall,True,0.7848705290930911,0.42385887677693634,0.5609348914858096,0.0,fall,True,1
2026-05-26 17:45:58,patient_001,0.6589147286821705,True,synthetic_ad8232,0.7058823529411766,True,synthetic_max30102,0.4931034482758623,2338,0.6569646569646572,0.6571906354515047,0.0,False,False,-2.337,-2.683,0.05,True,fall,synthetic_label_demo,synthetic_fall,True,0.7746940759996462,0.16422607063592895,0.6260434056761267,0.5714285714285714,fall,True,1
2026-05-26 17:46:03,patient_001,0.3023255813953488,True,synthetic_ad8232,0.7647058823529411,True,synthetic_max30102,0.17586206896551637,2007,0.311850311850312,0.31270903010033413,0.0,False,False,-1.772,0.646,2.8,True,fall,synthetic_label_demo,synthetic_fall,True,0.7347091827504307,0.5317444128911043,0.5659432387312185,0.0,fall,True,1
2026-05-26 17:46:08,patient_001,0.6046511627906977,True,synthetic_ad8232,0.6470588235294121,True,synthetic_max30102,0.6724137931034502,2259,0.6153846153846159,0.6153846153846154,0.0,False,False,-0.625,2.348,2.8,True,fall,synthetic_label_demo,synthetic_fall,True,0.8073036311881854,0.5351421753409172,0.5742904841402335,0.2857142857142857,fall,True,1
2026-05-26 17:46:18,patient_001,0.41860465116279066,True,synthetic_ad8232,0.7647058823529411,True,synthetic_max30102,0.4206896551724135,2107,0.4823284823284828,0.48327759197324394,0.0,False,False,0.2,1.91,0.05,True,fall,synthetic_label_demo,synthetic_fall,True,0.4158787022776086,0.5142076264225615,0.4724540901502503,0.0,fall,True,1
2026-05-26 17:46:28,patient_001,0.5193798449612402,True,synthetic_ad8232,0.9411764705882355,True,synthetic_max30102,0.4620689655172434,2220,0.4844074844074848,0.48494983277591963,0.0,False,False,1.528,1.751,0.05,True,fall,synthetic_label_demo,synthetic_fall,True,0.5042818069216716,0.2891247601788085,0.4941569282136894,0.0,fall,True,1
2026-05-26 17:46:33,patient_001,0.4263565891472868,True,synthetic_ad8232,0.882352941176471,True,synthetic_max30102,0.3275862068965534,2100,0.40748440748440773,0.40802675585284254,0.0,False,False,1.772,0.274,2.8,True,fall,synthetic_label_demo,synthetic_fall,True,0.7235167246700009,0.21658220566078462,0.4557595993322202,0.14285714285714285,fall,True,1
2026-05-26 17:46:38,patient_001,0.7131782945736435,True,synthetic_ad8232,0.7647058823529411,True,synthetic_max30102,0.6482758620689673,2182,0.5384615384615388,0.5384615384615383,0.0,False,False,-0.128,0.64,0.05,True,fall,synthetic_label_demo,synthetic_fall,True,0.13833234613375942,0.4139067345319326,0.5208681135225374,0.2857142857142857,fall,True,1
2026-05-26 17:46:43,patient_001,0.3023255813953488,True,synthetic_ad8232,0.7647058823529411,True,synthetic_max30102,0.38965517241379466,2170,0.384615384615385,0.3846153846153846,0.0,False,False,0.047,-2.382,2.8,True,fall,synthetic_label_demo,synthetic_fall,True,0.8005487194898648,0.5271570773587155,0.4958263772954924,0.0,fall,True,1
2026-05-26 17:46:48,patient_001,0.26356589147286824,True,synthetic_ad8232,0.6470588235294121,True,synthetic_max30102,0.5241379310344847,2066,0.23700623700623735,0.23745819397993317,0.0,False,False,1.177,-1.612,0.05,True,fall,synthetic_label_demo,synthetic_fall,True,0.4324233391180324,0.6287650317018193,0.43572621035058423,0.2857142857142857,fall,True,1
2026-05-26 17:46:53,patient_001,0.22480620155038755,True,synthetic_ad8232,0.882352941176471,True,synthetic_max30102,0.3103448275862064,2168,0.4615384615384617,0.46153846153846123,0.0,False,False,-1.278,0.275,0.05,True,fall,synthetic_label_demo,synthetic_fall,True,0.2815690669638853,0.6873762024141725,0.37228714524206996,0.0,fall,True,1
2026-05-26 17:46:58,patient_001,0.6201550387596898,True,synthetic_ad8232,0.6470588235294121,True,synthetic_max30102,0.18275862068965587,2016,0.498960498960499,0.5,0.0,False,False,1.914,-2.382,2.8,True,fall,synthetic_label_demo,synthetic_fall,True,0.9031348602761999,0.781176725701731,0.41402337228714514,0.5714285714285714,fall,True,1
2026-05-26 17:47:13,patient_001,0.5426356589147286,True,synthetic_ad8232,0.7647058823529411,True,synthetic_max30102,0.427586206896553,2193,0.5093555093555096,0.5083612040133776,0.0,False,False,1.621,2.27,0.05,True,fall,synthetic_label_demo,synthetic_fall,True,0.6062521154908472,0.5194680200480879,0.4390651085141902,0.2857142857142857,fall,True,1
2026-05-26 17:47:18,patient_001,0.43410852713178294,True,synthetic_ad8232,0.6470588235294121,True,synthetic_max30102,0.703448275862069,2071,0.3783783783783785,0.37792642140468224,0.0,False,False,-0.863,-2.15,0.05,True,fall,synthetic_label_demo,synthetic_fall,True,0.502699479399273,0.3060566982280743,0.4841402337228714,0.2857142857142857,fall,True,1
2026-05-26 17:47:23,patient_001,0.5038759689922481,True,synthetic_ad8232,0.882352941176471,True,synthetic_max30102,0.5620689655172431,1899,0.2993762993762994,0.29933110367892946,0.0,False,False,-1.891,2.374,2.8,True,fall,synthetic_label_demo,synthetic_fall,True,0.8998091997693216,0.18693651887597446,0.4590984974958263,0.0,fall,True,1
2026-05-26 17:47:28,patient_001,0.24031007751937983,True,synthetic_ad8232,0.9411764705882355,True,synthetic_max30102,0.720689655172416,2063,0.4137214137214138,0.4130434782608696,0.0,False,False,-1.692,-2.335,0.05,True,fall,synthetic_label_demo,synthetic_fall,True,0.6268982252011097,0.4041580446779951,0.42070116861435713,0.0,fall,True,1
2026-05-26 17:47:33,patient_001,0.2945736434108527,True,synthetic_ad8232,0.6470588235294121,True,synthetic_max30102,0.3344827586206893,1974,0.43866943866943897,0.43979933110367897,0.0,False,False,0.166,-0.14,0.05,True,fall,synthetic_label_demo,synthetic_fall,True,0.04371711144739735,0.4557565774132462,0.39065108514190305,0.7142857142857142,fall,True,1
2026-05-26 17:47:38,patient_001,0.6821705426356589,True,synthetic_ad8232,0.7647058823529411,True,synthetic_max30102,0.6068965517241374,2133,0.5114345114345116,0.511705685618729,0.0,False,False,1.869,1.837,2.8,True,fall,synthetic_label_demo,synthetic_fall,True,0.8353128280079611,0.6100371227144173,0.42070116861435713,0.0,fall,True,1
2026-05-26 17:47:43,patient_001,0.4418604651162791,True,synthetic_ad8232,0.7058823529411766,True,synthetic_max30102,0.47931034482758683,1915,0.3617463617463619,0.3612040133779262,0.0,False,False,-2.318,-2.32,2.8,True,fall,synthetic_label_demo,synthetic_fall,True,0.939885122139887,0.6102747686613803,0.42237061769616013,0.14285714285714285,fall,True,1
2026-05-26 17:47:48,patient_001,0.2945736434108527,True,synthetic_ad8232,0.8235294117647065,True,synthetic_max30102,0.5103448275862057,2117,0.40748440748440773,0.40802675585284254,0.0,False,False,-2.535,-2.602,2.8,True,fall,synthetic_label_demo,synthetic_fall,True,1.0000000000000002,0.6229730417245859,0.37729549248747907,0.0,fall,True,1
2026-05-26 17:47:53,patient_001,0.4031007751937984,True,synthetic_ad8232,0.9411764705882355,True,synthetic_max30102,0.7172413793103445,2056,0.3264033264033266,0.3260869565217388,0.0,False,False,-0.188,-2.565,2.8,True,fall,synthetic_label_demo,synthetic_fall,True,0.8280483718377674,0.5516858550657449,0.41235392320534214,0.0,fall,True,1
2026-05-26 17:47:58,patient_001,0.3798449612403101,True,synthetic_ad8232,0.7647058823529411,True,synthetic_max30102,0.5344827586206886,2194,0.35135135135135176,0.3511705685618729,0.0,False,False,2.463,0.061,2.8,True,fall,synthetic_label_demo,synthetic_fall,True,0.8122058085745943,0.5056771873642665,0.43071786310517524,0.42857142857142855,fall,True,1
2026-05-26 17:48:03,patient_001,0.34883720930232553,True,synthetic_ad8232,0.882352941176471,True,synthetic_max30102,0.6689655172413786,2115,0.3617463617463619,0.3612040133779262,0.0,False,False,-1.193,1.683,2.8,True,fall,synthetic_label_demo,synthetic_fall,True,0.7570407580532734,0.1936047032508796,0.358931552587646,0.0,fall,True,1
2026-05-26 17:48:08,patient_001,0.3643410852713178,True,synthetic_ad8232,0.7647058823529411,True,synthetic_max30102,0.572413793103447,2088,0.48648648648648685,0.4866220735785953,0.0,False,False,2.48,-2.012,2.8,True,fall,synthetic_label_demo,synthetic_fall,True,0.9256250188764902,0.14171326903251713,0.342237061769616,0.2857142857142857,fall,True,1
2026-05-26 17:48:13,patient_001,0.5813953488372093,True,synthetic_ad8232,0.9411764705882355,True,synthetic_max30102,0.24137931034482918,2175,0.4656964656964657,0.4665551839464883,0.0,False,False,2.093,-2.027,0.05,True,fall,synthetic_label_demo,synthetic_fall,True,0.6334855933612857,0.3295539630221601,0.40400667779632704,0.0,fall,True,1
2026-05-26 17:48:18,patient_001,0.26356589147286824,True,synthetic_ad8232,0.7058823529411766,True,synthetic_max30102,0.5586206896551715,1932,0.3555093555093558,0.35618729096989954,0.0,False,False,-1.171,0.37,2.8,True,fall,synthetic_label_demo,synthetic_fall,True,0.664908603329862,0.4074631826273895,0.37395659432387307,0.5714285714285714,fall,True,1
2026-05-26 17:48:23,patient_001,0.37209302325581395,True,synthetic_ad8232,0.7058823529411766,True,synthetic_max30102,0.4379310344827605,2096,0.571725571725572,0.57190635451505,0.0,False,False,1.712,-1.435,0.05,True,fall,synthetic_label_demo,synthetic_fall,True,0.48454388042555024,0.40808546776762333,0.37228714524206996,0.0,fall,True,1
2026-05-26 17:48:28,patient_001,0.4496124031007752,True,synthetic_ad8232,0.7058823529411766,True,synthetic_max30102,0.6793103448275861,2143,0.4760914760914763,0.4765886287625416,0.0,False,False,1.004,1.243,2.8,True,fall,synthetic_label_demo,synthetic_fall,True,0.701364116237279,0.41038855142501934,0.39398998330550916,0.0,fall,True,1
2026-05-26 17:48:33,patient_001,0.4883720930232558,True,synthetic_ad8232,0.9411764705882355,True,synthetic_max30102,0.6172413793103448,1950,0.48856548856548887,0.4882943143812706,0.0,False,False,0.064,2.428,0.05,True,fall,synthetic_label_demo,synthetic_fall,True,0.5272614351310867,0.41739526427722173,0.42070116861435713,0.0,fall,True,1
2026-05-26 17:48:38,patient_001,0.6589147286821705,True,synthetic_ad8232,0.7647058823529411,True,synthetic_max30102,0.2310344827586217,2121,0.4906444906444909,0.4899665551839463,0.0,False,False,-0.416,1.437,2.8,True,fall,synthetic_label_demo,synthetic_fall,True,0.6905741231480577,0.5089640879603619,0.43739565943238723,0.42857142857142855,fall,True,1
2026-05-26 17:48:48,patient_001,0.3643410852713178,True,synthetic_ad8232,0.5294117647058831,True,synthetic_max30102,0.21034482758620676,1994,0.25779625779625803,0.25919732441471544,0.0,False,False,1.583,0.106,2.8,True,fall,synthetic_label_demo,synthetic_fall,True,0.7001415277832005,0.47690062461328775,0.5258764607679466,0.14285714285714285,fall,True,1
2026-05-26 17:48:53,patient_001,0.4883720930232558,True,synthetic_ad8232,0.7647058823529411,True,synthetic_max30102,0.44482758620689644,2066,0.5363825363825367,0.5367892976588626,0.0,False,False,1.387,1.795,2.8,True,fall,synthetic_label_demo,synthetic_fall,True,0.7845844270555568,0.4610548712322188,0.5342237061769616,0.0,fall,True,1
2026-05-26 17:48:58,patient_001,0.22480620155038755,True,synthetic_ad8232,0.882352941176471,True,synthetic_max30102,0.21724137931034626,2111,0.4116424116424118,0.41137123745819393,0.0,False,False,2.691,-1.712,0.05,True,fall,synthetic_label_demo,synthetic_fall,True,0.6939106449558426,0.675728069983174,0.4774624373956594,0.0,fall,True,1
2026-05-26 17:49:03,patient_001,0.5271317829457364,True,synthetic_ad8232,0.7058823529411766,True,synthetic_max30102,0.572413793103447,2109,0.4615384615384617,0.46153846153846123,0.0,False,False,-0.116,-2.331,0.05,True,fall,synthetic_label_demo,synthetic_fall,True,0.5064564391498458,0.5993664941431567,0.4490818030050082,0.42857142857142855,fall,True,1
2026-05-26 17:49:08,patient_001,0.28682170542635654,True,synthetic_ad8232,0.7647058823529411,True,synthetic_max30102,0.47586206896551886,2175,0.38669438669438705,0.3879598662207355,0.0,False,False,1.657,0.842,0.05,True,fall,synthetic_label_demo,synthetic_fall,True,0.40234395359301633,0.4474891080783602,0.36393989983305497,0.0,fall,True,1
2026-05-26 17:49:18,patient_001,0.5503875968992248,True,synthetic_ad8232,0.7647058823529411,True,synthetic_max30102,0.3275862068965534,1989,0.3659043659043659,0.36622073578595327,0.0,False,False,-1.557,2.119,2.8,True,fall,synthetic_label_demo,synthetic_fall,True,0.836645465208728,0.5493812552756326,0.352253756260434,0.2857142857142857,fall,True,1
2026-05-26 17:49:23,patient_001,0.3023255813953488,True,synthetic_ad8232,0.9411764705882355,True,synthetic_max30102,0.4586206896551719,2025,0.35758835758835783,0.35785953177257523,0.0,False,False,-2.473,1.034,0.05,True,fall,synthetic_label_demo,synthetic_fall,True,0.5823917259294955,0.4996192271573357,0.3689482470784641,0.0,fall,True,1
2026-05-26 17:49:33,patient_001,0.26356589147286824,True,synthetic_ad8232,0.8235294117647065,True,synthetic_max30102,0.6620689655172427,2176,0.5239085239085242,0.523411371237458,0.0,False,False,1.926,-1.005,0.05,True,fall,synthetic_label_demo,synthetic_fall,True,0.47108595445836904,0.46207586103989756,0.348914858096828,0.0,fall,True,1
2026-05-26 17:49:38,patient_001,0.5891472868217055,True,synthetic_ad8232,0.882352941176471,True,synthetic_max30102,0.26896551724138007,2214,0.5613305613305615,0.5618729096989967,0.0,False,False,-1.139,-0.075,2.8,True,fall,synthetic_label_demo,synthetic_fall,True,0.6575141626079644,0.5049598126416545,0.42237061769616013,0.0,fall,True,1
2026-05-26 17:49:43,patient_001,0.5968992248062016,True,synthetic_ad8232,0.8235294117647065,True,synthetic_max30102,0.22758620689655018,2228,0.33264033264033266,0.33277591973244114,0.0,False,False,1.08,1.305,0.05,True,fall,synthetic_label_demo,synthetic_fall,True,0.36626073689652067,0.5415391947821024,0.43238731218697823,0.14285714285714285,fall,True,1
2026-05-26 17:49:48,patient_001,0.5038759689922481,True,synthetic_ad8232,0.5294117647058831,True,synthetic_max30102,0.2862068965517235,1993,0.3534303534303538,0.35451505016722384,0.0,False,False,-2.66,-1.389,2.8,True,fall,synthetic_label_demo,synthetic_fall,True,0.8943041319186326,0.4707803758189356,0.4757929883138564,0.7142857142857142,fall,True,1
2026-05-26 17:49:53,patient_001,0.6356589147286821,True,synthetic_ad8232,0.7058823529411766,True,synthetic_max30102,0.6172413793103448,2110,0.5010395010395015,0.5016722408026753,0.0,False,False,-0.781,0.226,2.8,True,fall,synthetic_label_demo,synthetic_fall,True,0.6338298855943919,0.5212096866391988,0.5141903171953254,0.0,fall,True,1
2026-05-26 17:49:58,patient_001,0.43410852713178294,True,synthetic_ad8232,0.5882352941176476,True,synthetic_max30102,0.2310344827586217,2030,0.40956340956340975,0.40969899665551823,0.0,False,False,0.624,0.861,0.05,True,fall,synthetic_label_demo,synthetic_fall,True,0.22816581798355098,0.2832986091313639,0.5509181969949916,0.2857142857142857,fall,True,1
2026-05-26 17:50:03,patient_001,0.31007751937984496,True,synthetic_ad8232,0.7647058823529411,True,synthetic_max30102,0.5103448275862057,2031,0.3056133056133059,0.3060200668896318,0.0,False,False,-1.999,2.586,0.05,True,fall,synthetic_label_demo,synthetic_fall,True,0.7112477693414987,0.45336413790992863,0.4908180300500834,0.0,fall,True,1
2026-05-26 17:50:08,patient_001,0.28682170542635654,True,synthetic_ad8232,0.5882352941176476,True,synthetic_max30102,0.5827586206896544,2188,0.5446985446985448,0.5451505016722407,0.0,False,False,2.142,1.321,2.8,True,fall,synthetic_label_demo,synthetic_fall,True,0.8198995827574702,0.49903844320378793,0.42404006677796324,0.42857142857142855,fall,True,1
2026-05-26 17:50:13,patient_001,0.32558139534883723,True,synthetic_ad8232,0.7647058823529411,True,synthetic_max30102,0.586206896551726,2087,0.4345114345114349,0.4347826086956519,0.0,False,False,-1.856,-2.062,0.05,True,fall,synthetic_label_demo,synthetic_fall,True,0.6029455504962111,0.5007063813270253,0.38564273789649417,0.0,fall,True,1
2026-05-26 17:50:18,patient_001,0.3178294573643411,True,synthetic_ad8232,0.6470588235294121,True,synthetic_max30102,0.275862068965516,2183,0.442827442827443,0.4431438127090299,0.0,False,False,2.213,-0.133,2.8,True,fall,synthetic_label_demo,synthetic_fall,True,0.7775371498303956,0.19914265598681735,0.3171953255425709,0.2857142857142857,fall,True,1
2026-05-26 17:50:23,patient_001,0.3798449612403101,True,synthetic_ad8232,0.5294117647058831,True,synthetic_max30102,0.2068965517241388,2007,0.3762993762993765,0.37625418060200655,0.0,False,False,-1.531,0.479,2.8,True,fall,synthetic_label_demo,synthetic_fall,True,0.7020549934408644,0.11950986201798026,0.3055091819699498,0.2857142857142857,fall,True,1
2026-05-26 17:50:28,patient_001,0.3178294573643411,True,synthetic_ad8232,0.5294117647058831,True,synthetic_max30102,0.4206896551724135,2187,0.4636174636174637,0.4632107023411369,0.0,False,False,2.669,-1.908,2.8,True,fall,synthetic_label_demo,synthetic_fall,True,0.9401011025069825,0.11736738607159197,0.3071786310517528,0.0,fall,True,1
2026-05-26 17:50:33,patient_001,0.5116279069767442,True,synthetic_ad8232,0.7647058823529411,True,synthetic_max30102,0.2827586206896555,2138,0.440748440748441,0.4414715719063542,0.0,False,False,0.566,-0.367,2.8,True,fall,synthetic_label_demo,synthetic_fall,True,0.6260411381762852,0.2883715029019518,0.35559265442404,0.0,fall,True,1
2026-05-26 17:50:38,patient_001,0.28682170542635654,True,synthetic_ad8232,0.5294117647058831,True,synthetic_max30102,0.5586206896551715,2055,0.3762993762993765,0.37625418060200655,0.0,False,False,-2.245,-1.166,2.8,True,fall,synthetic_label_demo,synthetic_fall,True,0.8218291839394429,0.31192263418670935,0.347245409015025,0.5714285714285714,fall,True,1
2026-05-26 17:50:43,patient_001,0.5271317829457364,True,synthetic_ad8232,0.882352941176471,True,synthetic_max30102,0.3689655172413797,2118,0.5218295218295221,0.5217391304347823,0.0,False,False,-2.348,-2.058,0.05,True,fall,synthetic_label_demo,synthetic_fall,True,0.6791925843688496,0.3824050166407051,0.39232053422370616,0.0,fall,True,1
2026-05-26 17:50:48,patient_001,0.3798449612403101,True,synthetic_ad8232,0.882352941176471,True,synthetic_max30102,0.4206896551724135,2208,0.3056133056133059,0.3060200668896318,0.0,False,False,-2.295,0.065,0.05,True,fall,synthetic_label_demo,synthetic_fall,True,0.49813877346850216,0.3824050166407051,0.39232053422370616,0.0,fall,True,1
2026-05-26 17:50:58,patient_001,0.4728682170542635,True,synthetic_ad8232,0.5882352941176476,True,synthetic_max30102,0.4862068965517228,2137,0.47193347193347224,0.47157190635451496,0.0,False,False,1.672,0.489,2.8,True,fall,synthetic_label_demo,synthetic_fall,True,0.7175487363688782,0.386741026740977,0.43572621035058423,0.5714285714285714,fall,True,1
2026-05-26 17:51:03,patient_001,0.6666666666666666,True,synthetic_ad8232,0.882352941176471,True,synthetic_max30102,0.275862068965516,2140,0.6174636174636179,0.6170568561872907,0.0,False,False,-0.524,-1.784,2.8,True,fall,synthetic_label_demo,synthetic_fall,True,0.731454199538248,0.3679110153133023,0.5175292153589316,0.0,fall,True,1
2026-05-26 17:51:08,patient_001,0.43410852713178294,True,synthetic_ad8232,0.8235294117647065,True,synthetic_max30102,0.5482758620689676,2192,0.3638253638253639,0.36454849498327757,0.0,False,False,-0.298,1.207,0.05,True,fall,synthetic_label_demo,synthetic_fall,True,0.26755258797879716,0.3908435053699164,0.4974958263772954,0.14285714285714285,fall,True,1
2026-05-26 17:51:13,patient_001,0.3643410852713178,True,synthetic_ad8232,0.7058823529411766,True,synthetic_max30102,0.21034482758620676,2113,0.3534303534303538,0.35284280936454815,0.0,False,False,0.482,-1.646,0.05,True,fall,synthetic_label_demo,synthetic_fall,True,0.370900910753669,0.4059479473442635,0.4941569282136894,0.2857142857142857,fall,True,1
2026-05-26 17:51:18,patient_001,0.5116279069767442,True,synthetic_ad8232,0.5294117647058831,True,synthetic_max30102,0.7103448275862085,2006,0.382536382536383,0.3829431438127089,0.0,False,False,0.178,2.14,2.8,True,fall,synthetic_label_demo,synthetic_fall,True,0.7681611699683043,0.39176989563694764,0.4841402337228714,0.42857142857142855,fall,True,1
2026-05-26 17:51:28,patient_001,0.43410852713178294,True,synthetic_ad8232,0.882352941176471,True,synthetic_max30102,0.27241379310344804,2121,0.44906444906444953,0.44983277591973225,0.0,False,False,-0.152,0.119,2.8,True,fall,synthetic_label_demo,synthetic_fall,True,0.6099416916012176,0.24530685134314265,0.4490818030050082,0.0,fall,True,1
2026-05-26 17:51:33,patient_001,0.49612403100775193,True,synthetic_ad8232,0.5294117647058831,True,synthetic_max30102,0.1793103448275879,2048,0.43035343035343043,0.43143812709030094,0.0,False,False,1.155,-0.971,2.8,True,fall,synthetic_label_demo,synthetic_fall,True,0.6919134387871785,0.24648621800400763,0.4624373956594322,0.8571428571428571,fall,True,1
2026-05-26 17:51:38,patient_001,0.4496124031007752,True,synthetic_ad8232,0.5294117647058831,True,synthetic_max30102,0.35862068965517224,2116,0.37422037422037446,0.37458193979933085,0.0,False,False,2.685,-1.485,0.05,True,fall,synthetic_label_demo,synthetic_fall,True,0.667370012034413,0.15514567517773564,0.4808013355592653,0.0,fall,True,1
2026-05-26 17:51:43,patient_001,0.3643410852713178,True,synthetic_ad8232,0.7058823529411766,True,synthetic_max30102,0.2551724137931046,2058,0.3264033264033266,0.3277591973244145,0.0,False,False,-0.808,-0.153,0.05,True,fall,synthetic_label_demo,synthetic_fall,True,0.17543108847651062,0.23318535077392918,0.4490818030050082,0.0,fall,True,1
