timestamp,device_id,heart_rate,heart_rate_valid,heart_rate_source,spo2,spo2_valid,spo2_source,temperature,ecg_raw,ecg_mv,ecg_raw_avg,ecg_lead_off,ecg_lo_plus,ecg_lo_minus,accel_x,accel_y,accel_z,fall_detect,label,session_id,subject_id,session,hr_rolling_mean,hr_rolling_std,spo2_change,accel_mag
2026-05-26T16:25:08,patient_001,0.946969696969697,True,synthetic_ad8232,0.9411764705882355,True,synthetic_max30102,0.7172413793103445,2215,1750,2172,False,False,False,0.116,0.012,0.738,False,anomaly_high_hr,synthetic_ad8232_anomaly_high_hr,patient_001,synthetic_ad8232_anomaly_high_hr,0.9999999999999999,0.0,0.5,0.16677482726423234
2026-05-26T16:25:13,patient_001,0.8333333333333333,True,synthetic_ad8232,0.8235294117647065,True,synthetic_max30102,0.7620689655172423,2071,1801,2235,False,False,False,-0.098,-0.107,1.28,False,anomaly_high_hr,synthetic_ad8232_anomaly_high_hr,patient_001,synthetic_ad8232_anomaly_high_hr,0.9373956594323872,0.33647175725999934,0.35714285714285715,0.2897562267939458
2026-05-26T16:25:18,patient_001,0.8106060606060606,True,synthetic_ad8232,0.7647058823529411,True,synthetic_max30102,0.6241379310344843,1514,1791,2222,False,False,False,0.135,0.537,1.028,False,anomaly_high_hr,synthetic_ad8232_anomaly_high_hr,patient_001,synthetic_ad8232_anomaly_high_hr,0.9081803005008345,0.3059241974277327,0.4285714285714286,0.26235233110121675
2026-05-26T16:25:23,patient_001,0.7803030303030303,True,synthetic_ad8232,0.882352941176471,True,synthetic_max30102,0.6827586206896541,2628,1604,1990,False,False,False,-0.838,0.165,1.374,False,anomaly_high_hr,synthetic_ad8232_anomaly_high_hr,patient_001,synthetic_ad8232_anomaly_high_hr,0.8852253756260432,0.30468813500951786,0.6428571428571428,0.3646814364423083
2026-05-26T16:25:28,patient_001,0.7121212121212122,True,synthetic_ad8232,0.882352941176471,True,synthetic_max30102,0.6206896551724128,2424,1755,2178,False,False,False,-0.43,0.119,1.22,False,anomaly_high_hr,synthetic_ad8232_anomaly_high_hr,patient_001,synthetic_ad8232_anomaly_high_hr,0.8564273789649416,0.359883245634018,0.5,0.2922169255056356
2026-05-26T16:25:33,patient_001,0.7878787878787878,True,synthetic_ad8232,0.5294117647058831,True,synthetic_max30102,0.727586206896552,1678,1638,2033,False,False,False,0.39,0.256,0.592,False,anomaly_high_hr,synthetic_ad8232_anomaly_high_hr,patient_001,synthetic_ad8232_anomaly_high_hr,0.8213689482470784,0.1911285951427782,0.07142857142857145,0.1682674984374377
2026-05-26T16:25:38,patient_001,0.7121212121212122,True,synthetic_ad8232,0.7647058823529411,True,synthetic_max30102,0.6827586206896541,2029,1693,2101,False,False,False,-0.246,0.185,1.11,False,anomaly_high_hr,synthetic_ad8232_anomaly_high_hr,patient_001,synthetic_ad8232_anomaly_high_hr,0.7946577629382304,0.1911285951427782,0.7857142857142857,0.2587718292671285
2026-05-26T16:25:43,patient_001,0.7121212121212122,True,synthetic_ad8232,0.7058823529411766,True,synthetic_max30102,0.6206896551724128,2245,1712,2125,False,False,False,0.074,0.106,1.039,False,anomaly_high_hr,synthetic_ad8232_anomaly_high_hr,patient_001,synthetic_ad8232_anomaly_high_hr,0.7729549248747912,0.16544620398304175,0.4285714285714286,0.23493331201996528
2026-05-26T16:25:48,patient_001,0.8939393939393938,True,synthetic_ad8232,0.7647058823529411,True,synthetic_max30102,0.6689655172413786,2296,1720,2134,False,False,False,0.003,-0.099,1.095,False,anomaly_high_hr,synthetic_ad8232_anomaly_high_hr,patient_001,synthetic_ad8232_anomaly_high_hr,0.7979966611018364,0.3345220493622357,0.5714285714285714,0.2468574972329257
2026-05-26T16:25:53,patient_001,0.8181818181818181,True,synthetic_ad8232,0.7058823529411766,True,synthetic_max30102,0.568965517241379,2544,1762,2187,False,False,False,-0.062,-0.299,1.067,False,anomaly_high_hr,synthetic_ad8232_anomaly_high_hr,patient_001,synthetic_ad8232_anomaly_high_hr,0.8213689482470784,0.32163915495442846,0.4285714285714286,0.24921347164886043
2026-05-26T16:25:58,patient_001,0.7803030303030303,True,synthetic_ad8232,1.0,True,synthetic_max30102,0.5620689655172431,2866,1845,2290,False,False,False,-0.135,-0.169,0.643,False,anomaly_high_hr,synthetic_ad8232_anomaly_high_hr,patient_001,synthetic_ad8232_anomaly_high_hr,0.8196994991652754,0.32163915495442846,0.8571428571428571,0.1511473380538241
2026-05-26T16:26:03,patient_001,0.8636363636363635,True,synthetic_ad8232,0.6470588235294121,True,synthetic_max30102,0.9034482758620683,3155,1798,2231,False,False,False,-0.03,-0.024,1.277,False,anomaly_high_hr,synthetic_ad8232_anomaly_high_hr,patient_001,synthetic_ad8232_anomaly_high_hr,0.8530884808013356,0.29893642604565074,0.07142857142857145,0.2873422904328145
2026-05-26T16:26:08,patient_001,0.8333333333333333,True,synthetic_ad8232,0.7058823529411766,True,synthetic_max30102,0.5241379310344847,2230,1790,2221,False,False,False,-0.329,-0.026,1.219,False,anomaly_high_hr,synthetic_ad8232_anomaly_high_hr,patient_001,synthetic_ad8232_anomaly_high_hr,0.8797996661101836,0.18168090181837745,0.5714285714285714,0.2840024931934303
2026-05-26T16:26:13,patient_001,0.7424242424242424,True,synthetic_ad8232,0.7647058823529411,True,synthetic_max30102,0.7793103448275858,912,1795,2227,False,False,False,0.126,0.063,0.831,False,anomaly_high_hr,synthetic_ad8232_anomaly_high_hr,patient_001,synthetic_ad8232_anomaly_high_hr,0.8464106844741234,0.19760058131324562,0.5714285714285714,0.18852763451814822
2026-05-26T16:26:18,patient_001,0.8484848484848484,True,synthetic_ad8232,1.0,True,synthetic_max30102,0.38620689655172313,2459,1822,2261,False,False,False,-0.008,0.028,0.897,False,anomaly_high_hr,synthetic_ad8232_anomaly_high_hr,patient_001,synthetic_ad8232_anomaly_high_hr,0.8530884808013356,0.2123300011423875,0.7857142857142857,0.2009423077884737
2026-05-26T16:26:23,patient_001,0.8333333333333333,True,synthetic_ad8232,0.882352941176471,True,synthetic_max30102,0.6241379310344843,1796,1631,2024,False,False,False,0.676,0.06,1.029,False,anomaly_high_hr,synthetic_ad8232_anomaly_high_hr,patient_001,synthetic_ad8232_anomaly_high_hr,0.8647746243739566,0.19861652930203336,0.35714285714285715,0.2771291286119944
2026-05-26T16:26:28,patient_001,0.9015151515151516,True,synthetic_ad8232,0.5882352941176476,True,synthetic_max30102,0.3103448275862064,1373,1736,2154,False,False,False,0.046,0.304,0.998,False,anomaly_high_hr,synthetic_ad8232_anomaly_high_hr,patient_001,synthetic_ad8232_anomaly_high_hr,0.8731218697829716,0.23992216375601186,0.1428571428571429,0.23431409918100266
2026-05-26T16:26:33,patient_001,0.856060606060606,True,synthetic_ad8232,0.8235294117647065,True,synthetic_max30102,0.3448275862068968,2499,1792,2224,False,False,False,0.267,0.183,1.216,False,anomaly_high_hr,synthetic_ad8232_anomaly_high_hr,patient_001,synthetic_ad8232_anomaly_high_hr,0.8781302170283806,0.24428663192813962,0.7857142857142857,0.28297074169538966
2026-05-26T16:26:38,patient_001,0.856060606060606,True,synthetic_ad8232,0.882352941176471,True,synthetic_max30102,0.3379310344827573,2343,1779,2207,False,False,False,-0.26,-0.117,0.964,False,anomaly_high_hr,synthetic_ad8232_anomaly_high_hr,patient_001,synthetic_ad8232_anomaly_high_hr,0.9031719532554258,0.10663789823718733,0.5714285714285714,0.22544719871738111
2026-05-26T16:26:43,patient_001,0.9015151515151516,True,synthetic_ad8232,0.882352941176471,True,synthetic_max30102,0.4862068965517228,778,1781,2210,False,False,False,0.088,-0.14,0.952,False,anomaly_high_hr,synthetic_ad8232_anomaly_high_hr,patient_001,synthetic_ad8232_anomaly_high_hr,0.9148580968280468,0.12768205455130682,0.5,0.21657684432430754
2026-05-26T16:26:48,patient_001,1.0,True,synthetic_ad8232,0.8235294117647065,True,synthetic_max30102,0.5275862068965527,2853,1740,2159,False,False,False,0.425,-0.039,1.017,False,anomaly_high_hr,synthetic_ad8232_anomaly_high_hr,patient_001,synthetic_ad8232_anomaly_high_hr,0.9515859766277127,0.24613342821783352,0.4285714285714286,0.247641881541299
2026-05-26T16:26:53,patient_001,0.8106060606060606,True,synthetic_ad8232,0.7647058823529411,True,synthetic_max30102,0.8068965517241402,2514,1919,2381,False,False,False,0.157,0.019,1.212,False,anomaly_high_hr,synthetic_ad8232_anomaly_high_hr,patient_001,synthetic_ad8232_anomaly_high_hr,0.9315525876460767,0.30128369145247796,0.4285714285714286,0.2747714643351529
2026-05-26T16:26:58,patient_001,0.8257575757575757,True,synthetic_ad8232,0.7647058823529411,True,synthetic_max30102,0.8241379310344836,1851,1667,2068,False,False,False,-0.08,-0.026,0.683,False,anomaly_high_hr,synthetic_ad8232_anomaly_high_hr,patient_001,synthetic_ad8232_anomaly_high_hr,0.9248747913188647,0.31881081240268594,0.5,0.15336455963327159
2026-05-26T16:27:03,patient_001,0.8106060606060606,True,synthetic_ad8232,1.0,True,synthetic_max30102,0.703448275862069,2273,1822,2261,False,False,False,-0.142,-0.116,1.265,False,anomaly_high_hr,synthetic_ad8232_anomaly_high_hr,patient_001,synthetic_ad8232_anomaly_high_hr,0.9148580968280468,0.34342836394116255,0.7857142857142857,0.2874881474292776
2026-05-26T16:27:08,patient_001,0.7878787878787878,True,synthetic_ad8232,0.882352941176471,True,synthetic_max30102,0.4655172413793114,2267,1688,2095,False,False,False,0.118,0.485,1.031,False,anomaly_high_hr,synthetic_ad8232_anomaly_high_hr,patient_001,synthetic_ad8232_anomaly_high_hr,0.8898163606010016,0.36266876122894776,0.35714285714285715,0.25731431411961453
2026-05-26T16:27:13,patient_001,0.7803030303030303,True,synthetic_ad8232,0.5882352941176476,True,synthetic_max30102,0.7310344827586199,2015,1675,2078,False,False,False,0.264,-0.032,0.915,False,anomaly_high_hr,synthetic_ad8232_anomaly_high_hr,patient_001,synthetic_ad8232_anomaly_high_hr,0.8414023372287144,0.07770482385150737,0.1428571428571429,0.21353250972811416
2026-05-26T16:27:18,patient_001,0.7727272727272727,True,synthetic_ad8232,0.6470588235294121,True,synthetic_max30102,0.9137931034482758,2050,1792,2224,False,False,False,0.133,0.144,1.167,False,anomaly_high_hr,synthetic_ad8232_anomaly_high_hr,patient_001,synthetic_ad8232_anomaly_high_hr,0.8330550918196994,0.09248723968134469,0.5714285714285714,0.2659234931444763
2026-05-26T16:27:23,patient_001,0.8409090909090908,True,synthetic_ad8232,0.7058823529411766,True,synthetic_max30102,0.6896551724137936,2098,1760,2184,False,False,False,0.108,-0.047,0.724,False,anomaly_high_hr,synthetic_ad8232_anomaly_high_hr,patient_001,synthetic_ad8232_anomaly_high_hr,0.8363939899833054,0.11569062720769323,0.5714285714285714,0.16367459822463654
2026-05-26T16:27:28,patient_001,0.7121212121212122,True,synthetic_ad8232,0.8235294117647065,True,synthetic_max30102,0.7689655172413783,2141,1654,2053,False,False,False,0.546,-0.048,0.882,False,anomaly_high_hr,synthetic_ad8232_anomaly_high_hr,patient_001,synthetic_ad8232_anomaly_high_hr,0.8146911519198664,0.1921787601633045,0.6428571428571428,0.23298348016275774
2026-05-26T16:27:33,patient_001,0.8333333333333333,True,synthetic_ad8232,0.6470588235294121,True,synthetic_max30102,0.5931034482758619,1568,1746,2167,False,False,False,-0.356,0.215,0.836,False,anomaly_high_hr,synthetic_ad8232_anomaly_high_hr,patient_001,synthetic_ad8232_anomaly_high_hr,0.8247078464106844,0.21863473472331332,0.2857142857142857,0.20918446392501022
2026-05-26T16:27:38,patient_001,0.7727272727272727,True,synthetic_ad8232,0.7058823529411766,True,synthetic_max30102,0.6172413793103448,2847,1805,2240,False,False,False,0.136,0.318,1.137,False,anomaly_high_hr,synthetic_ad8232_anomaly_high_hr,patient_001,synthetic_ad8232_anomaly_high_hr,0.8230383973288814,0.22023983560354424,0.5714285714285714,0.2670807267069691
2026-05-26T16:27:43,patient_001,0.8636363636363635,True,synthetic_ad8232,0.7647058823529411,True,synthetic_max30102,0.7758620689655178,1989,1696,2104,False,False,False,0.255,0.16,0.699,False,anomaly_high_hr,synthetic_ad8232_anomaly_high_hr,patient_001,synthetic_ad8232_anomaly_high_hr,0.8430717863105174,0.2581079311761987,0.5714285714285714,0.16993703356849812
2026-05-26T16:27:48,patient_001,0.8787878787878787,True,synthetic_ad8232,0.7647058823529411,True,synthetic_max30102,0.7965517241379327,2293,1684,2090,False,False,False,0.303,0.27,1.231,False,anomaly_high_hr,synthetic_ad8232_anomaly_high_hr,patient_001,synthetic_ad8232_anomaly_high_hr,0.8514190317195324,0.28935701675232656,0.5,0.29156957054309907
2026-05-26T16:27:53,patient_001,0.7727272727272727,True,synthetic_ad8232,0.5882352941176476,True,synthetic_max30102,0.5758620689655185,3202,1752,2174,False,False,False,0.305,0.122,1.394,False,anomaly_high_hr,synthetic_ad8232_anomaly_high_hr,patient_001,synthetic_ad8232_anomaly_high_hr,0.8647746243739566,0.20850392197394005,0.2857142857142857,0.32248464591204
2026-05-26T16:27:58,patient_001,0.8333333333333333,True,synthetic_ad8232,0.7647058823529411,True,synthetic_max30102,0.4206896551724135,2765,1837,2279,False,False,False,0.262,-0.07,0.861,False,anomaly_high_hr,synthetic_ad8232_anomaly_high_hr,patient_001,synthetic_ad8232_anomaly_high_hr,0.8647746243739566,0.20850392197394005,0.7142857142857143,0.20213024447191139
2026-05-26T16:28:03,patient_001,0.9015151515151516,True,synthetic_ad8232,0.7058823529411766,True,synthetic_max30102,0.6137931034482769,3043,1784,2214,False,False,False,0.028,0.187,1.301,False,anomaly_high_hr,synthetic_ad8232_anomaly_high_hr,patient_001,synthetic_ad8232_anomaly_high_hr,0.8931552587646076,0.20850392197394005,0.4285714285714286,0.29577327473558657
2026-05-26T16:28:08,patient_001,0.8863636363636362,True,synthetic_ad8232,0.7647058823529411,True,synthetic_max30102,0.7482758620689669,2091,1758,2182,False,False,False,0.381,0.43,1.227,False,anomaly_high_hr,synthetic_ad8232_anomaly_high_hr,patient_001,synthetic_ad8232_anomaly_high_hr,0.8981636060100168,0.21909453488359804,0.5714285714285714,0.30490429181072165
2026-05-26T16:28:13,patient_001,0.8636363636363635,True,synthetic_ad8232,0.9411764705882355,True,synthetic_max30102,0.6896551724137936,2219,1742,2162,False,False,False,0.131,0.04,0.924,False,anomaly_high_hr,synthetic_ad8232_anomaly_high_hr,patient_001,synthetic_ad8232_anomaly_high_hr,0.8948247078464105,0.21351159068290107,0.7142857142857143,0.20926721648691857
2026-05-26T16:28:18,patient_001,0.946969696969697,True,synthetic_ad8232,0.7647058823529411,True,synthetic_max30102,0.6275862068965523,2414,1877,2329,False,False,False,-0.133,0.173,1.263,False,anomaly_high_hr,synthetic_ad8232_anomaly_high_hr,patient_001,synthetic_ad8232_anomaly_high_hr,0.9332220367278797,0.1780441185813706,0.2857142857142857,0.288282139297677
2026-05-26T16:28:23,patient_001,0.8636363636363635,True,synthetic_ad8232,0.7647058823529411,True,synthetic_max30102,0.703448275862069,2090,1784,2214,False,False,False,0.103,0.042,1.018,False,anomaly_high_hr,synthetic_ad8232_anomaly_high_hr,patient_001,synthetic_ad8232_anomaly_high_hr,0.9398998330550917,0.14433030448172862,0.5,0.2297161111279282
2026-05-26T16:28:28,patient_001,0.803030303030303,True,synthetic_ad8232,0.9411764705882355,True,synthetic_max30102,1.0,2531,1737,2155,False,False,False,-0.201,-0.222,0.799,False,anomaly_high_hr,synthetic_ad8232_anomaly_high_hr,patient_001,synthetic_ad8232_anomaly_high_hr,0.9181969949916525,0.21678578199279547,0.7142857142857143,0.190896997261653
2026-05-26T16:28:33,patient_001,0.8636363636363635,True,synthetic_ad8232,0.7647058823529411,True,synthetic_max30102,0.703448275862069,1553,1645,2041,False,False,False,-0.098,-0.019,0.986,False,anomaly_high_hr,synthetic_ad8232_anomaly_high_hr,patient_001,synthetic_ad8232_anomaly_high_hr,0.9131886477462435,0.21468667710586695,0.2857142857142857,0.2222107771535619
2026-05-26T16:28:38,patient_001,0.7348484848484849,True,synthetic_ad8232,0.882352941176471,True,synthetic_max30102,0.6586206896551712,1041,1779,2208,False,False,False,0.162,-0.338,0.693,False,anomaly_high_hr,synthetic_ad8232_anomaly_high_hr,patient_001,synthetic_ad8232_anomaly_high_hr,0.8848080133555926,0.330740308482999,0.6428571428571428,0.1760287416303642
2026-05-26T16:28:43,patient_001,0.9090909090909092,True,synthetic_ad8232,0.5294117647058831,True,synthetic_max30102,0.7517241379310349,2283,1604,1991,False,False,False,-0.138,0.24,1.632,False,anomaly_high_hr,synthetic_ad8232_anomaly_high_hr,patient_001,synthetic_ad8232_anomaly_high_hr,0.8764607679465773,0.2823156449389176,0.07142857142857145,0.37320402868599933
2026-05-26T16:28:48,patient_001,0.7121212121212122,True,synthetic_ad8232,0.8235294117647065,True,synthetic_max30102,0.589655172413794,2545,1631,2024,False,False,False,0.066,-0.152,1.146,False,anomaly_high_hr,synthetic_ad8232_anomaly_high_hr,patient_001,synthetic_ad8232_anomaly_high_hr,0.8430717863105174,0.3492397470589979,0.8571428571428571,0.2601431578721645
2026-05-26T16:28:53,patient_001,0.7878787878787878,True,synthetic_ad8232,0.5882352941176476,True,synthetic_max30102,0.8689655172413815,2058,1687,2094,False,False,False,0.027,0.412,1.234,False,anomaly_high_hr,synthetic_ad8232_anomaly_high_hr,patient_001,synthetic_ad8232_anomaly_high_hr,0.8397328881469116,0.3506775454280829,0.2142857142857143,0.29272114258705095
2026-05-26T16:28:58,patient_001,0.8257575757575757,True,synthetic_ad8232,0.9411764705882355,True,synthetic_max30102,0.6896551724137936,2281,1837,2279,False,False,False,0.075,-0.01,0.98,False,anomaly_high_hr,synthetic_ad8232_anomaly_high_hr,patient_001,synthetic_ad8232_anomaly_high_hr,0.8313856427378964,0.3276834932860744,0.9285714285714286,0.22036419688985615
2026-05-26T16:29:03,patient_001,0.7878787878787878,True,synthetic_ad8232,0.7058823529411766,True,synthetic_max30102,0.5344827586206886,2440,1728,2144,False,False,False,-0.24,-0.12,1.29,False,anomaly_high_hr,synthetic_ad8232_anomaly_high_hr,patient_001,synthetic_ad8232_anomaly_high_hr,0.8430717863105174,0.29960894978888686,0.2142857142857143,0.2964421654750828
2026-05-26T16:29:08,patient_001,0.7121212121212122,True,synthetic_ad8232,0.8235294117647065,True,synthetic_max30102,0.5965517241379299,2354,1585,1967,False,False,False,-0.056,0.066,0.891,False,anomaly_high_hr,synthetic_ad8232_anomaly_high_hr,patient_001,synthetic_ad8232_anomaly_high_hr,0.7996661101836392,0.21280342425217869,0.6428571428571428,0.20042446737912636
2026-05-26T16:29:13,patient_001,0.8333333333333333,True,synthetic_ad8232,0.7058823529411766,True,synthetic_max30102,0.47241379310344733,1606,1762,2187,False,False,False,-0.254,0.075,1.313,False,anomaly_high_hr,synthetic_ad8232_anomaly_high_hr,patient_001,synthetic_ad8232_anomaly_high_hr,0.8263772954924874,0.20113394953020192,0.35714285714285715,0.30140479750594507
2026-05-26T16:29:18,patient_001,0.8333333333333333,True,synthetic_ad8232,0.7647058823529411,True,synthetic_max30102,0.7551724137931028,1488,1680,2085,False,False,False,0.161,-0.567,1.099,False,anomaly_high_hr,synthetic_ad8232_anomaly_high_hr,patient_001,synthetic_ad8232_anomaly_high_hr,0.8363939899833054,0.21701776256424465,0.5714285714285714,0.28041020333922295
2026-05-26T16:29:23,patient_001,0.803030303030303,True,synthetic_ad8232,0.8235294117647065,True,synthetic_max30102,0.36551724137931174,1679,1684,2090,False,False,False,0.181,0.183,0.999,False,anomaly_high_hr,synthetic_ad8232_anomaly_high_hr,patient_001,synthetic_ad8232_anomaly_high_hr,0.8313856427378964,0.2085039219739395,0.5714285714285714,0.23143598045362979
2026-05-26T16:29:28,patient_001,0.8939393939393938,True,synthetic_ad8232,0.5882352941176476,True,synthetic_max30102,0.7862068965517253,2427,1748,2169,False,False,False,0.007,0.011,0.648,False,anomaly_high_hr,synthetic_ad8232_anomaly_high_hr,patient_001,synthetic_ad8232_anomaly_high_hr,0.8547579298831384,0.27800522929858607,0.2142857142857143,0.1442656522123794
2026-05-26T16:29:33,patient_001,0.7196969696969697,True,synthetic_ad8232,0.8235294117647065,True,synthetic_max30102,0.6344827586206918,2858,1755,2178,False,False,False,-0.089,0.201,0.55,False,anomaly_high_hr,synthetic_ad8232_anomaly_high_hr,patient_001,synthetic_ad8232_anomaly_high_hr,0.8564273789649416,0.2657913917014364,0.7857142857142857,0.1315754462998733
2026-05-26T16:29:38,patient_001,0.9242424242424243,True,synthetic_ad8232,0.8235294117647065,True,synthetic_max30102,0.572413793103447,2436,1707,2118,False,False,False,-0.087,-0.031,1.099,False,anomaly_high_hr,synthetic_ad8232_anomaly_high_hr,patient_001,synthetic_ad8232_anomaly_high_hr,0.8764607679465773,0.3360228287648659,0.5,0.24763116442386407
2026-05-26T16:29:43,patient_001,0.9772727272727273,True,synthetic_ad8232,0.7647058823529411,True,synthetic_max30102,0.4137931034482776,2047,1830,2271,False,False,False,-0.229,0.185,0.978,False,anomaly_high_hr,synthetic_ad8232_anomaly_high_hr,patient_001,synthetic_ad8232_anomaly_high_hr,0.9081803005008345,0.4285522597629044,0.4285714285714286,0.22909967453942714
2026-05-26T16:29:48,patient_001,0.8787878787878787,True,synthetic_ad8232,0.7647058823529411,True,synthetic_max30102,0.5068965517241377,2441,1749,2170,False,False,False,-0.04,-0.209,1.388,False,anomaly_high_hr,synthetic_ad8232_anomaly_high_hr,patient_001,synthetic_ad8232_anomaly_high_hr,0.9248747913188647,0.4043887245154669,0.5,0.3161280407730054
2026-05-26T16:29:53,patient_001,0.7803030303030303,True,synthetic_ad8232,0.6470588235294121,True,synthetic_max30102,0.5827586206896544,2383,1751,2173,False,False,False,0.26,-0.074,0.816,False,anomaly_high_hr,synthetic_ad8232_anomaly_high_hr,patient_001,synthetic_ad8232_anomaly_high_hr,0.8998330550918195,0.44013684095314576,0.35714285714285715,0.1923362917594657
2026-05-26T16:29:58,patient_001,0.9393939393939394,True,synthetic_ad8232,0.8235294117647065,True,synthetic_max30102,0.720689655172416,1537,1690,2097,False,False,False,0.184,-0.201,0.797,False,anomaly_high_hr,synthetic_ad8232_anomaly_high_hr,patient_001,synthetic_ad8232_anomaly_high_hr,0.9482470784641069,0.3167524146407392,0.7142857142857143,0.1884008406944733
2026-05-26T16:30:03,patient_001,0.8787878787878787,True,synthetic_ad8232,0.8235294117647065,True,synthetic_max30102,0.6344827586206918,1744,1896,2353,False,False,False,-0.479,0.441,0.811,False,anomaly_high_hr,synthetic_ad8232_anomaly_high_hr,patient_001,synthetic_ad8232_anomaly_high_hr,0.9382303839732887,0.3129167242587416,0.5,0.23334426783731216
2026-05-26T16:30:08,patient_001,0.7575757575757576,True,synthetic_ad8232,0.5294117647058831,True,synthetic_max30102,0.6758620689655181,2521,1791,2222,False,False,False,-0.18,-0.185,0.715,False,anomaly_high_hr,synthetic_ad8232_anomaly_high_hr,patient_001,synthetic_ad8232_anomaly_high_hr,0.8898163606010016,0.31754568514082343,0.1428571428571429,0.16973142917682874
2026-05-26T16:30:13,patient_001,0.9545454545454546,True,synthetic_ad8232,0.7058823529411766,True,synthetic_max30102,0.6551724137931032,2659,1799,2232,False,False,False,-0.218,-0.037,0.886,False,anomaly_high_hr,synthetic_ad8232_anomaly_high_hr,patient_001,synthetic_ad8232_anomaly_high_hr,0.9065108514190318,0.3769551694279819,0.7142857142857143,0.20451160939885363
2026-05-26T16:30:18,patient_001,0.8939393939393938,True,synthetic_ad8232,0.6470588235294121,True,synthetic_max30102,0.7758620689655178,2865,1719,2133,False,False,False,0.031,-0.035,0.848,False,anomaly_high_hr,synthetic_ad8232_anomaly_high_hr,patient_001,synthetic_ad8232_anomaly_high_hr,0.9315525876460767,0.3253720360751924,0.4285714285714286,0.189989680675767
2026-05-26T16:30:23,patient_001,0.8409090909090908,True,synthetic_ad8232,0.7647058823529411,True,synthetic_max30102,0.5793103448275865,2058,1731,2148,False,False,False,0.529,0.291,0.846,False,anomaly_high_hr,synthetic_ad8232_anomaly_high_hr,patient_001,synthetic_ad8232_anomaly_high_hr,0.9098497495826375,0.3046055525076597,0.6428571428571428,0.23319068054860778
2026-05-26T16:30:28,patient_001,0.8257575757575757,True,synthetic_ad8232,0.7058823529411766,True,synthetic_max30102,0.6896551724137936,1944,1714,2127,False,False,False,0.33,-0.233,0.764,False,anomaly_high_hr,synthetic_ad8232_anomaly_high_hr,patient_001,synthetic_ad8232_anomaly_high_hr,0.8981636060100168,0.31033326024486907,0.4285714285714286,0.19338497588827994
2026-05-26T16:30:33,patient_001,0.9696969696969697,True,synthetic_ad8232,0.882352941176471,True,synthetic_max30102,0.7655172413793103,2467,1822,2261,False,False,False,-0.013,-0.027,0.7,False,anomaly_high_hr,synthetic_ad8232_anomaly_high_hr,patient_001,synthetic_ad8232_anomaly_high_hr,0.9449081803005007,0.2715966084501911,0.7142857142857143,0.15620145492189869
2026-05-26T16:30:38,patient_001,0.9166666666666667,True,synthetic_ad8232,0.7647058823529411,True,synthetic_max30102,0.6000000000000014,2239,1812,2248,False,False,False,0.074,0.208,0.696,False,anomaly_high_hr,synthetic_ad8232_anomaly_high_hr,patient_001,synthetic_ad8232_anomaly_high_hr,0.9365609348914857,0.2442866319281398,0.35714285714285715,0.16291473597014486
2026-05-26T16:30:43,patient_001,0.7348484848484849,True,synthetic_ad8232,0.5294117647058831,True,synthetic_max30102,0.6000000000000014,2300,1868,2318,False,False,False,0.33,0.365,1.061,False,anomaly_high_hr,synthetic_ad8232_anomaly_high_hr,patient_001,synthetic_ad8232_anomaly_high_hr,0.9015025041736225,0.37695516942798174,0.2142857142857143,0.26278687080970586
2026-05-26T16:30:48,patient_001,0.8939393939393938,True,synthetic_ad8232,0.7058823529411766,True,synthetic_max30102,0.5413793103448281,1789,1713,2126,False,False,False,-0.096,-0.382,1.247,False,anomaly_high_hr,synthetic_ad8232_anomaly_high_hr,patient_001,synthetic_ad8232_anomaly_high_hr,0.9131886477462435,0.3797479606737951,0.7142857142857143,0.2941952917353625
2026-05-26T16:30:53,patient_001,0.7272727272727273,True,synthetic_ad8232,0.7647058823529411,True,synthetic_max30102,0.8931034482758644,2477,1662,2062,False,False,False,0.459,-0.302,0.919,False,anomaly_high_hr,synthetic_ad8232_anomaly_high_hr,patient_001,synthetic_ad8232_anomaly_high_hr,0.8914858096828046,0.46352300648241035,0.5714285714285714,0.24032288862498705
2026-05-26T16:30:58,patient_001,0.8409090909090908,True,synthetic_ad8232,0.7058823529411766,True,synthetic_max30102,0.6310344827586203,1108,1795,2228,False,False,False,-0.055,0.353,1.099,False,anomaly_high_hr,synthetic_ad8232_anomaly_high_hr,patient_001,synthetic_ad8232_anomaly_high_hr,0.8631051752921534,0.36899565594034844,0.4285714285714286,0.2596184018425706
2026-05-26T16:31:03,patient_001,0.8106060606060606,True,synthetic_ad8232,1.0,True,synthetic_max30102,0.8275862068965516,2414,1862,2311,False,False,False,-0.329,-0.033,0.75,False,anomaly_high_hr,synthetic_ad8232_anomaly_high_hr,patient_001,synthetic_ad8232_anomaly_high_hr,0.8397328881469116,0.2970791357216984,0.8571428571428571,0.18325335420880168
2026-05-26T16:31:08,patient_001,0.7575757575757576,True,synthetic_ad8232,0.7647058823529411,True,synthetic_max30102,0.3103448275862064,1831,1604,1991,False,False,False,-0.177,0.037,1.159,False,anomaly_high_hr,synthetic_ad8232_anomaly_high_hr,patient_001,synthetic_ad8232_anomaly_high_hr,0.8447412353923204,0.2770987866204817,0.2142857142857143,0.2635760358970887
2026-05-26T16:31:13,patient_001,0.8939393939393938,True,synthetic_ad8232,0.5882352941176476,True,synthetic_max30102,0.6551724137931032,2525,1745,2166,False,False,False,0.053,0.373,0.944,False,anomaly_high_hr,synthetic_ad8232_anomaly_high_hr,patient_001,synthetic_ad8232_anomaly_high_hr,0.8447412353923204,0.2770987866204817,0.2857142857142857,0.22797572412209652
2026-05-26T16:31:18,patient_001,0.7196969696969697,True,synthetic_ad8232,0.7647058823529411,True,synthetic_max30102,0.5482758620689676,2142,1680,2085,False,False,False,0.012,0.2,1.101,False,anomaly_high_hr,synthetic_ad8232_anomaly_high_hr,patient_001,synthetic_ad8232_anomaly_high_hr,0.8430717863105174,0.28673676644504015,0.7142857142857143,0.2513153855285949
2026-05-26T16:31:23,patient_001,0.9318181818181819,True,synthetic_ad8232,0.6470588235294121,True,synthetic_max30102,0.6448275862068957,1983,1860,2308,False,False,False,0.001,0.017,0.664,False,anomaly_high_hr,synthetic_ad8232_anomaly_high_hr,patient_001,synthetic_ad8232_anomaly_high_hr,0.8631051752921534,0.37441040833472705,0.35714285714285715,0.1479223551852206
2026-05-26T16:31:28,patient_001,0.8939393939393938,True,synthetic_ad8232,0.7058823529411766,True,synthetic_max30102,0.5241379310344847,2125,1810,2246,False,False,False,0.283,0.229,1.032,False,anomaly_high_hr,synthetic_ad8232_anomaly_high_hr,patient_001,synthetic_ad8232_anomaly_high_hr,0.8814691151919866,0.39456404926261873,0.5714285714285714,0.24568864208365862
2026-05-26T16:31:33,patient_001,0.8181818181818181,True,synthetic_ad8232,0.7058823529411766,True,synthetic_max30102,0.7620689655172423,2488,1748,2169,False,False,False,-0.099,0.327,0.927,False,anomaly_high_hr,synthetic_ad8232_anomaly_high_hr,patient_001,synthetic_ad8232_anomaly_high_hr,0.8948247078464105,0.35367789688485307,0.5,0.2215099082225166
2026-05-26T16:31:38,patient_001,0.8181818181818181,True,synthetic_ad8232,0.7058823529411766,True,synthetic_max30102,0.6172413793103448,2531,1747,2168,False,False,False,0.219,-0.103,0.965,False,anomaly_high_hr,synthetic_ad8232_anomaly_high_hr,patient_001,synthetic_ad8232_anomaly_high_hr,0.8781302170283806,0.3421071984215394,0.5,0.22308455127487678
2026-05-26T16:31:43,patient_001,0.8106060606060606,True,synthetic_ad8232,1.0,True,synthetic_max30102,0.5965517241379299,1854,1674,2077,False,False,False,-0.008,-0.004,0.727,False,anomaly_high_hr,synthetic_ad8232_anomaly_high_hr,patient_001,synthetic_ad8232_anomaly_high_hr,0.8981636060100168,0.23029136962557079,0.8571428571428571,0.16220547417615208
2026-05-26T16:31:48,patient_001,0.9015151515151516,True,synthetic_ad8232,0.7647058823529411,True,synthetic_max30102,0.5448275862068961,1902,1700,2110,False,False,False,0.285,0.34,1.241,False,anomaly_high_hr,synthetic_ad8232_anomaly_high_hr,patient_001,synthetic_ad8232_anomaly_high_hr,0.8914858096828046,0.18901076140777281,0.2142857142857143,0.2965116802461607
2026-05-26T16:31:53,patient_001,0.9545454545454546,True,synthetic_ad8232,0.7647058823529411,True,synthetic_max30102,0.5793103448275865,2600,1782,2211,False,False,False,0.184,0.231,0.876,False,anomaly_high_hr,synthetic_ad8232_anomaly_high_hr,patient_001,synthetic_ad8232_anomaly_high_hr,0.9048414023372285,0.26973760913156714,0.5,0.20707260612372647
2026-05-26T16:31:58,patient_001,0.7272727272727273,True,synthetic_ad8232,0.7647058823529411,True,synthetic_max30102,0.4482758620689644,1851,1711,2123,False,False,False,-0.157,-0.083,1.085,False,anomaly_high_hr,synthetic_ad8232_anomaly_high_hr,patient_001,synthetic_ad8232_anomaly_high_hr,0.8848080133555926,0.36817657467289866,0.5,0.24685005445138908
2026-05-26T16:32:03,patient_001,0.8257575757575757,True,synthetic_ad8232,0.6470588235294121,True,synthetic_max30102,0.6862068965517256,1348,1773,2200,False,False,False,0.266,0.014,0.949,False,anomaly_high_hr,synthetic_ad8232_anomaly_high_hr,patient_001,synthetic_ad8232_anomaly_high_hr,0.8864774624373956,0.3662582616400391,0.35714285714285715,0.22099094679913903
2026-05-26T16:32:08,patient_001,0.856060606060606,True,synthetic_ad8232,1.0,True,synthetic_max30102,0.6000000000000014,1352,1819,2257,False,False,False,0.016,0.179,1.319,False,anomaly_high_hr,synthetic_ad8232_anomaly_high_hr,patient_001,synthetic_ad8232_anomaly_high_hr,0.8964941569282135,0.3579204863790136,0.9285714285714286,0.29952788521071577
2026-05-26T16:32:13,patient_001,0.8636363636363635,True,synthetic_ad8232,1.0,True,synthetic_max30102,0.7172413793103445,1879,1837,2280,False,False,False,-0.191,0.086,0.734,False,anomaly_high_hr,synthetic_ad8232_anomaly_high_hr,patient_001,synthetic_ad8232_anomaly_high_hr,0.8881469115191986,0.3421071984215394,0.5,0.1704450651445187
2026-05-26T16:32:18,patient_001,0.8257575757575757,True,synthetic_ad8232,0.6470588235294121,True,synthetic_max30102,0.5344827586206886,1285,1669,2071,False,False,False,0.337,0.051,0.878,False,anomaly_high_hr,synthetic_ad8232_anomaly_high_hr,patient_001,synthetic_ad8232_anomaly_high_hr,0.8597662771285474,0.22809597756731478,0.07142857142857145,0.21102623141435423
2026-05-26T16:32:23,patient_001,0.7196969696969697,True,synthetic_ad8232,0.7647058823529411,True,synthetic_max30102,0.7724137931034498,1676,1716,2129,False,False,False,-0.072,0.344,0.846,False,anomaly_high_hr,synthetic_ad8232_anomaly_high_hr,patient_001,synthetic_ad8232_anomaly_high_hr,0.8580968280467444,0.24159411543883347,0.6428571428571428,0.20517602735859553
2026-05-26T16:32:28,patient_001,0.8939393939393938,True,synthetic_ad8232,1.0,True,synthetic_max30102,0.34827586206896477,2742,1796,2229,False,False,False,-0.029,0.283,0.701,False,anomaly_high_hr,synthetic_ad8232_anomaly_high_hr,patient_001,synthetic_ad8232_anomaly_high_hr,0.8731218697829716,0.28142308612916006,0.7857142857142857,0.1689042999473418
2026-05-26T16:32:33,patient_001,0.8257575757575757,True,synthetic_ad8232,0.8235294117647065,True,synthetic_max30102,0.8931034482758644,2500,1684,2090,False,False,False,0.43,0.018,0.884,False,anomaly_high_hr,synthetic_ad8232_anomaly_high_hr,patient_001,synthetic_ad8232_anomaly_high_hr,0.8664440734557596,0.27564227831237603,0.2857142857142857,0.22042836123797196
2026-05-26T16:32:38,patient_001,0.7121212121212122,True,synthetic_ad8232,0.7058823529411766,True,synthetic_max30102,0.6379310344827598,1954,1722,2137,False,False,False,-0.061,0.086,1.503,False,anomaly_high_hr,synthetic_ad8232_anomaly_high_hr,patient_001,synthetic_ad8232_anomaly_high_hr,0.8330550918196994,0.32583563930639303,0.35714285714285715,0.3394215895941901
2026-05-26T16:32:43,patient_001,0.8939393939393938,True,synthetic_ad8232,0.7647058823529411,True,synthetic_max30102,0.8448275862068986,1272,1646,2043,False,False,False,0.073,-0.02,0.633,False,anomaly_high_hr,synthetic_ad8232_anomaly_high_hr,patient_001,synthetic_ad8232_anomaly_high_hr,0.8480801335559266,0.37494758279795576,0.5714285714285714,0.14185122664130848
2026-05-26T16:32:48,patient_001,0.8484848484848484,True,synthetic_ad8232,0.5882352941176476,True,synthetic_max30102,0.8172413793103441,1887,1793,2225,False,False,False,0.046,-0.019,0.821,False,anomaly_high_hr,synthetic_ad8232_anomaly_high_hr,patient_001,synthetic_ad8232_anomaly_high_hr,0.8764607679465773,0.312755882960909,0.2857142857142857,0.1839022606432749
2026-05-26T16:32:53,patient_001,0.7424242424242424,True,synthetic_ad8232,0.882352941176471,True,synthetic_max30102,0.6758620689655181,1843,1762,2186,False,False,False,-0.007,0.158,0.992,False,anomaly_high_hr,synthetic_ad8232_anomaly_high_hr,patient_001,synthetic_ad8232_anomaly_high_hr,0.8430717863105174,0.3159571524905273,0.8571428571428571,0.22527664670675832
2026-05-26T16:32:58,patient_001,0.9772727272727273,True,synthetic_ad8232,0.7058823529411766,True,synthetic_max30102,0.862068965517242,1941,1849,2294,False,False,False,0.002,0.191,1.137,False,anomaly_high_hr,synthetic_ad8232_anomaly_high_hr,patient_001,synthetic_ad8232_anomaly_high_hr,0.8764607679465773,0.45663293344458744,0.2857142857142857,0.2590098037455026
2026-05-26T16:33:03,patient_001,0.9015151515151516,True,synthetic_ad8232,1.0,True,synthetic_max30102,0.5793103448275865,1906,1876,2328,False,False,False,0.047,-0.075,0.921,False,anomaly_high_hr,synthetic_ad8232_anomaly_high_hr,patient_001,synthetic_ad8232_anomaly_high_hr,0.9181969949916525,0.36127868803696,0.8571428571428571,0.20725472719557544
2026-05-26T16:33:08,patient_001,0.75,True,synthetic_ad8232,0.9411764705882355,True,synthetic_max30102,0.7172413793103445,2158,1691,2098,False,False,False,0.464,-0.06,1.015,False,anomaly_high_hr,synthetic_ad8232_anomaly_high_hr,patient_001,synthetic_ad8232_anomaly_high_hr,0.8864774624373956,0.4200135614097945,0.4285714285714286,0.2509877487553264
2026-05-26T16:33:13,patient_001,0.7121212121212122,True,synthetic_ad8232,0.8235294117647065,True,synthetic_max30102,0.6724137931034502,1717,1780,2209,False,False,False,0.028,-0.048,0.811,False,anomaly_high_hr,synthetic_ad8232_anomaly_high_hr,patient_001,synthetic_ad8232_anomaly_high_hr,0.8564273789649416,0.4859917533262236,0.35714285714285715,0.18171886699173995
2026-05-26T16:33:18,patient_001,0.856060606060606,True,synthetic_ad8232,1.0,True,synthetic_max30102,0.8517241379310345,1580,1747,2168,False,False,False,-0.261,-0.077,1.074,False,anomaly_high_hr,synthetic_ad8232_anomaly_high_hr,patient_001,synthetic_ad8232_anomaly_high_hr,0.8814691151919866,0.45552968724834697,0.7142857142857143,0.24878218254515932
2026-05-26T16:33:23,patient_001,0.8484848484848484,True,synthetic_ad8232,0.7647058823529411,True,synthetic_max30102,0.9172413793103438,2388,1680,2085,False,False,False,-0.011,0.264,0.737,False,anomaly_high_hr,synthetic_ad8232_anomaly_high_hr,patient_001,synthetic_ad8232_anomaly_high_hr,0.8530884808013356,0.3316518590637003,0.2142857142857143,0.1749071213119591
2026-05-26T16:33:28,patient_001,0.9015151515151516,True,synthetic_ad8232,0.6470588235294121,True,synthetic_max30102,0.6241379310344843,2040,1729,2145,False,False,False,-0.236,-0.006,1.157,False,anomaly_high_hr,synthetic_ad8232_anomaly_high_hr,patient_001,synthetic_ad8232_anomaly_high_hr,0.8530884808013356,0.3316518590637003,0.35714285714285715,0.26535306334780057
2026-05-26T16:33:33,patient_001,0.7348484848484849,True,synthetic_ad8232,0.7058823529411766,True,synthetic_max30102,0.8931034482758644,1590,1625,2016,False,False,False,0.055,-0.17,0.927,False,anomaly_high_hr,synthetic_ad8232_anomaly_high_hr,patient_001,synthetic_ad8232_anomaly_high_hr,0.8497495826377294,0.34532779077772696,0.5714285714285714,0.21153245330450254
2026-05-26T16:33:38,patient_001,0.9242424242424243,True,synthetic_ad8232,0.7647058823529411,True,synthetic_max30102,0.9137931034482758,2045,1579,1959,False,False,False,0.021,0.023,1.118,False,anomaly_high_hr,synthetic_ad8232_anomaly_high_hr,patient_001,synthetic_ad8232_anomaly_high_hr,0.8964941569282135,0.30641722626884416,0.5714285714285714,0.25116798090997866
2026-05-26T16:33:43,patient_001,0.8181818181818181,True,synthetic_ad8232,0.9411764705882355,True,synthetic_max30102,0.7689655172413783,2173,1684,2090,False,False,False,-0.187,0.278,0.938,False,anomaly_high_hr,synthetic_ad8232_anomaly_high_hr,patient_001,synthetic_ad8232_anomaly_high_hr,0.8881469115191986,0.3129167242587413,0.7142857142857143,0.2233473723691651
2026-05-26T16:33:48,patient_001,0.803030303030303,True,synthetic_ad8232,0.9411764705882355,True,synthetic_max30102,0.6724137931034502,2827,1798,2231,False,False,False,0.081,0.21,1.209,False,anomaly_high_hr,synthetic_ad8232_anomaly_high_hr,patient_001,synthetic_ad8232_anomaly_high_hr,0.8781302170283806,0.32242040253466414,0.5,0.27647603682683247
2026-05-26T16:33:53,patient_001,0.8636363636363635,True,synthetic_ad8232,0.7647058823529411,True,synthetic_max30102,0.8137931034482762,2310,1864,2313,False,False,False,0.022,0.037,1.334,False,anomaly_high_hr,synthetic_ad8232_anomaly_high_hr,patient_001,synthetic_ad8232_anomaly_high_hr,0.8697829716193656,0.2955508533800608,0.2857142857142857,0.30032519502247573
2026-05-26T16:33:58,patient_001,0.7803030303030303,True,synthetic_ad8232,0.9411764705882355,True,synthetic_max30102,0.7448275862068954,1879,1739,2158,False,False,False,0.103,-0.034,1.056,False,anomaly_high_hr,synthetic_ad8232_anomaly_high_hr,patient_001,synthetic_ad8232_anomaly_high_hr,0.8797996661101836,0.2390818033324863,0.7142857142857143,0.2382393495910141
2026-05-26T16:34:03,patient_001,0.8257575757575757,True,synthetic_ad8232,0.8235294117647065,True,synthetic_max30102,0.5620689655172431,2462,1729,2145,False,False,False,0.221,0.288,1.184,False,anomaly_high_hr,synthetic_ad8232_anomaly_high_hr,patient_001,synthetic_ad8232_anomaly_high_hr,0.8580968280467444,0.12885887255805323,0.35714285714285715,0.2784375577695069
2026-05-26T16:34:08,patient_001,0.8257575757575757,True,synthetic_ad8232,0.6470588235294121,True,synthetic_max30102,0.724137931034484,2334,1796,2229,False,False,False,0.069,0.549,1.281,False,anomaly_high_hr,synthetic_ad8232_anomaly_high_hr,patient_001,synthetic_ad8232_anomaly_high_hr,0.8597662771285474,0.12963748310291687,0.2857142857142857,0.31412244067219147
2026-05-26T16:34:13,patient_001,0.8333333333333333,True,synthetic_ad8232,0.6470588235294121,True,synthetic_max30102,0.3517241379310363,2020,1712,2124,False,False,False,-0.135,0.02,0.569,False,anomaly_high_hr,synthetic_ad8232_anomaly_high_hr,patient_001,synthetic_ad8232_anomaly_high_hr,0.8664440734557596,0.12489303061140093,0.5,0.12994687173693661
2026-05-26T16:34:18,patient_001,0.393939393939394,True,synthetic_ad8232,0.23529411764705888,True,synthetic_max30102,0.4068965517241381,2071,1679,2083,False,False,False,0.212,0.096,0.934,False,anomaly_low_spo2,synthetic_ad8232_anomaly_low_spo2,patient_001,synthetic_ad8232_anomaly_low_spo2,0.39065108514190305,0.0,0.5,0.2157363566790227
2026-05-26T16:34:23,patient_001,0.32575757575757575,True,synthetic_ad8232,0.17647058823529438,True,synthetic_max30102,0.568965517241379,1257,1681,2086,False,False,False,-0.002,-0.079,0.986,False,anomaly_low_spo2,synthetic_ad8232_anomaly_low_spo2,patient_001,synthetic_ad8232_anomaly_low_spo2,0.3530884808013355,0.2018830543559996,0.4285714285714286,0.22178376205265138
2026-05-26T16:34:28,patient_001,0.4090909090909091,True,synthetic_ad8232,0.41176470588235325,True,synthetic_max30102,0.5034482758620697,2647,1877,2329,False,False,False,0.263,0.155,1.135,False,anomaly_low_spo2,synthetic_ad8232_anomaly_low_spo2,patient_001,synthetic_ad8232_anomaly_low_spo2,0.3711741791875347,0.18587900543823765,0.7857142857142857,0.26410259145578396
2026-05-26T16:34:33,patient_001,0.4393939393939394,True,synthetic_ad8232,0.41176470588235325,True,synthetic_max30102,0.3793103448275872,1753,1646,2042,False,False,False,0.051,-0.035,1.03,False,anomaly_low_spo2,synthetic_ad8232_anomaly_low_spo2,patient_001,synthetic_ad8232_anomaly_low_spo2,0.3885642737896493,0.201258993962256,0.5,0.23148830469573517
2026-05-26T16:34:38,patient_001,0.46969696969696967,True,synthetic_ad8232,0.29411764705882426,True,synthetic_max30102,0.21724137931034626,2230,1723,2138,False,False,False,-0.106,-0.085,0.902,False,anomaly_low_spo2,synthetic_ad8232_anomaly_low_spo2,patient_001,synthetic_ad8232_anomaly_low_spo2,0.40567612687813015,0.22699031920232393,0.35714285714285715,0.20428447222632362
2026-05-26T16:34:43,patient_001,0.5454545454545454,True,synthetic_ad8232,0.41176470588235325,True,synthetic_max30102,0.5793103448275865,2353,1769,2195,False,False,False,0.101,0.051,1.1,False,anomaly_low_spo2,synthetic_ad8232_anomaly_low_spo2,patient_001,synthetic_ad8232_anomaly_low_spo2,0.4390651085141902,0.33751693497182406,0.6428571428571428,0.24829712552067706
2026-05-26T16:34:48,patient_001,0.5681818181818181,True,synthetic_ad8232,0.0,True,synthetic_max30102,0.4137931034482776,2591,1610,1998,False,False,False,0.009,0.145,1.147,False,anomaly_low_spo2,synthetic_ad8232_anomaly_low_spo2,patient_001,synthetic_ad8232_anomaly_low_spo2,0.4924874791318864,0.28585801241270364,0.0,0.2597442579757724
2026-05-26T16:34:53,patient_001,0.27272727272727276,True,synthetic_ad8232,0.11764705882352988,True,synthetic_max30102,0.4206896551724135,2567,1712,2124,False,False,False,0.008,-0.126,1.055,False,anomaly_low_spo2,synthetic_ad8232_anomaly_low_spo2,patient_001,synthetic_ad8232_anomaly_low_spo2,0.4624373956594322,0.48919079930039266,0.6428571428571428,0.2384602252753256
2026-05-26T16:34:58,patient_001,0.3636363636363637,True,synthetic_ad8232,0.29411764705882426,True,synthetic_max30102,0.44482758620689644,1627,1679,2083,False,False,False,0.209,-0.253,0.894,False,anomaly_low_spo2,synthetic_ad8232_anomaly_low_spo2,patient_001,synthetic_ad8232_anomaly_low_spo2,0.4457429048414022,0.5220314705015613,0.7142857142857143,0.21341093420705898
2026-05-26T16:35:03,patient_001,0.3863636363636364,True,synthetic_ad8232,0.29411764705882426,True,synthetic_max30102,0.3689655172413797,1979,1651,2049,False,False,False,0.046,0.093,0.966,False,anomaly_low_spo2,synthetic_ad8232_anomaly_low_spo2,patient_001,synthetic_ad8232_anomaly_low_spo2,0.42737896494156924,0.527306102632048,0.5,0.21778186855330853
2026-05-26T16:35:08,patient_001,0.4166666666666667,True,synthetic_ad8232,0.058823529411765385,True,synthetic_max30102,0.5034482758620697,1767,1766,2192,False,False,False,-0.005,0.156,1.049,False,anomaly_low_spo2,synthetic_ad8232_anomaly_low_spo2,patient_001,synthetic_ad8232_anomaly_low_spo2,0.39899833055091816,0.45030822581750063,0.2142857142857143,0.2380102343621854
2026-05-26T16:35:13,patient_001,0.37121212121212127,True,synthetic_ad8232,0.11764705882352988,True,synthetic_max30102,0.3620689655172402,2013,1648,2045,False,False,False,0.165,0.179,0.875,False,anomaly_low_spo2,synthetic_ad8232_anomaly_low_spo2,patient_001,synthetic_ad8232_anomaly_low_spo2,0.35559265442404,0.22587924880510113,0.5714285714285714,0.20338869148542663
2026-05-26T16:35:18,patient_001,0.4848484848484849,True,synthetic_ad8232,0.058823529411765385,True,synthetic_max30102,0.2551724137931046,2294,1708,2119,False,False,False,0.089,-0.165,0.945,False,anomaly_low_spo2,synthetic_ad8232_anomaly_low_spo2,patient_001,synthetic_ad8232_anomaly_low_spo2,0.40233722871452415,0.20632057466730164,0.4285714285714286,0.21593168155011952
2026-05-26T16:35:23,patient_001,0.40151515151515155,True,synthetic_ad8232,0.23529411764705888,True,synthetic_max30102,0.5517241379310356,2845,1711,2123,False,False,False,0.069,-0.035,0.994,False,anomaly_low_spo2,synthetic_ad8232_anomaly_low_spo2,patient_001,synthetic_ad8232_anomaly_low_spo2,0.41068447412353914,0.18442963435188822,0.7142857142857143,0.22356691707597476
2026-05-26T16:35:28,patient_001,0.5151515151515151,True,synthetic_ad8232,0.47058823529411775,True,synthetic_max30102,0.3758620689655192,2557,1632,2025,False,False,False,-0.012,0.006,0.976,False,anomaly_low_spo2,synthetic_ad8232_anomaly_low_spo2,patient_001,synthetic_ad8232_anomaly_low_spo2,0.4390651085141902,0.251192186065459,0.7857142857142857,0.2188129806024731
2026-05-26T16:35:33,patient_001,0.5227272727272727,True,synthetic_ad8232,0.23529411764705888,True,synthetic_max30102,0.5241379310344847,2076,1692,2100,False,False,False,0.062,0.102,0.856,False,anomaly_low_spo2,synthetic_ad8232_anomaly_low_spo2,patient_001,synthetic_ad8232_anomaly_low_spo2,0.4624373956594322,0.2877877294054369,0.2142857142857143,0.193397994772246
2026-05-26T16:35:38,patient_001,0.4924242424242425,True,synthetic_ad8232,0.23529411764705888,True,synthetic_max30102,0.1724137931034484,2495,1813,2250,False,False,False,-0.068,0.024,0.996,False,anomaly_low_spo2,synthetic_ad8232_anomaly_low_spo2,patient_001,synthetic_ad8232_anomaly_low_spo2,0.4891485809682804,0.2023809171449571,0.5,0.22393072175858605
2026-05-26T16:35:43,patient_001,0.42424242424242425,True,synthetic_ad8232,0.29411764705882426,True,synthetic_max30102,0.5827586206896544,2380,1785,2215,False,False,False,-0.019,0.016,0.881,False,anomaly_low_spo2,synthetic_ad8232_anomaly_low_spo2,patient_001,synthetic_ad8232_anomaly_low_spo2,0.4757929883138564,0.23029136962557104,0.5714285714285714,0.19727758467853249
2026-05-26T16:35:48,patient_001,0.3333333333333333,True,synthetic_ad8232,0.29411764705882426,True,synthetic_max30102,0.5103448275862057,1956,1697,2106,False,False,False,0.015,-0.023,0.925,False,anomaly_low_spo2,synthetic_ad8232_anomaly_low_spo2,patient_001,synthetic_ad8232_anomaly_low_spo2,0.4607679465776293,0.33316556779181267,0.5,0.20729206587441343
2026-05-26T16:35:53,patient_001,0.3636363636363637,True,synthetic_ad8232,0.11764705882352988,True,synthetic_max30102,0.4586206896551719,2442,1730,2147,False,False,False,0.022,-0.002,1.01,False,anomaly_low_spo2,synthetic_ad8232_anomaly_low_spo2,patient_001,synthetic_ad8232_anomaly_low_spo2,0.42737896494156924,0.33915284950678226,0.2857142857142857,0.22657531260846625
2026-05-26T16:35:58,patient_001,0.4848484848484849,True,synthetic_ad8232,0.23529411764705888,True,synthetic_max30102,0.3793103448275872,2079,1643,2039,False,False,False,-0.064,-0.029,0.992,False,anomaly_low_spo2,synthetic_ad8232_anomaly_low_spo2,patient_001,synthetic_ad8232_anomaly_low_spo2,0.41903171953255425,0.2972484598367409,0.6428571428571428,0.22299382881480248
2026-05-26T16:36:03,patient_001,0.30303030303030304,True,synthetic_ad8232,0.058823529411765385,True,synthetic_max30102,0.5482758620689676,2685,1699,2108,False,False,False,-0.007,-0.054,0.881,False,anomaly_low_spo2,synthetic_ad8232_anomaly_low_spo2,patient_001,synthetic_ad8232_anomaly_low_spo2,0.37729549248747907,0.3055950696321457,0.2857142857142857,0.19758013779901393
2026-05-26T16:36:08,patient_001,0.37121212121212127,True,synthetic_ad8232,0.29411764705882426,True,synthetic_max30102,0.5793103448275865,1813,1494,1854,False,False,False,-0.141,0.227,1.234,False,anomaly_low_spo2,synthetic_ad8232_anomaly_low_spo2,patient_001,synthetic_ad8232_anomaly_low_spo2,0.36560934891485797,0.28900902261950173,0.7857142857142857,0.2839384099389082
2026-05-26T16:36:13,patient_001,0.32575757575757575,True,synthetic_ad8232,0.23529411764705888,True,synthetic_max30102,0.3965517241379306,2277,1661,2061,False,False,False,0.121,0.019,0.899,False,anomaly_low_spo2,synthetic_ad8232_anomaly_low_spo2,patient_001,synthetic_ad8232_anomaly_low_spo2,0.36393989983305497,0.2936721522342335,0.4285714285714286,0.20317735410056262
2026-05-26T16:36:18,patient_001,0.27272727272727276,True,synthetic_ad8232,0.058823529411765385,True,synthetic_max30102,0.6896551724137936,2858,1703,2113,False,False,False,-0.024,0.016,0.95,False,anomaly_low_spo2,synthetic_ad8232_anomaly_low_spo2,patient_001,synthetic_ad8232_anomaly_low_spo2,0.343906510851419,0.34649149345507974,0.2857142857142857,0.21298159270828426
2026-05-26T16:36:23,patient_001,0.4848484848484849,True,synthetic_ad8232,0.11764705882352988,True,synthetic_max30102,0.2827586206896555,1719,1753,2175,False,False,False,0.0,0.003,0.818,False,anomaly_low_spo2,synthetic_ad8232_anomaly_low_spo2,patient_001,synthetic_ad8232_anomaly_low_spo2,0.343906510851419,0.34649149345507974,0.5714285714285714,0.18287901304382648
2026-05-26T16:36:28,patient_001,0.5984848484848484,True,synthetic_ad8232,0.47058823529411775,True,synthetic_max30102,0.41724137931034555,1627,1679,2084,False,False,False,0.084,-0.093,1.052,False,anomaly_low_spo2,synthetic_ad8232_anomaly_low_spo2,patient_001,synthetic_ad8232_anomaly_low_spo2,0.40901502504173615,0.5482642980949638,0.9285714285714286,0.23775794511266768
2026-05-26T16:36:33,patient_001,0.37878787878787884,True,synthetic_ad8232,0.23529411764705888,True,synthetic_max30102,0.41034482758620605,2651,1590,1973,False,False,False,0.135,-0.049,1.164,False,anomaly_low_spo2,synthetic_ad8232_anomaly_low_spo2,patient_001,synthetic_ad8232_anomaly_low_spo2,0.41068447412353914,0.5460572540545962,0.2142857142857143,0.2635317540035931
2026-05-26T16:36:38,patient_001,0.29545454545454547,True,synthetic_ad8232,0.29411764705882426,True,synthetic_max30102,0.38965517241379466,2002,1750,2172,False,False,False,0.006,0.11,1.14,False,anomaly_low_spo2,synthetic_ad8232_anomaly_low_spo2,patient_001,synthetic_ad8232_anomaly_low_spo2,0.40400667779632704,0.5695115127792283,0.5714285714285714,0.2572772035815287
2026-05-26T16:36:43,patient_001,0.4393939393939394,True,synthetic_ad8232,0.17647058823529438,True,synthetic_max30102,0.3275862068965534,1915,1559,1934,False,False,False,-0.075,-0.014,1.015,False,anomaly_low_spo2,synthetic_ad8232_anomaly_low_spo2,patient_001,synthetic_ad8232_anomaly_low_spo2,0.4407345575959932,0.47637134342661724,0.35714285714285715,0.22830781037417833
2026-05-26T16:36:48,patient_001,0.5984848484848484,True,synthetic_ad8232,0.41176470588235325,True,synthetic_max30102,0.3793103448275872,2131,1790,2221,False,False,False,-0.1,0.076,0.758,False,anomaly_low_spo2,synthetic_ad8232_anomaly_low_spo2,patient_001,synthetic_ad8232_anomaly_low_spo2,0.4657762938230383,0.5634716067247627,0.7857142857142857,0.17158883465118369
2026-05-26T16:36:53,patient_001,0.6363636363636362,True,synthetic_ad8232,0.058823529411765385,True,synthetic_max30102,0.5586206896551715,2468,1760,2184,False,False,False,0.03,-0.003,0.853,False,anomaly_low_spo2,synthetic_ad8232_anomaly_low_spo2,patient_001,synthetic_ad8232_anomaly_low_spo2,0.4741235392320533,0.6064793884927994,0.07142857142857145,0.19095452904303
2026-05-26T16:36:58,patient_001,0.6363636363636362,True,synthetic_ad8232,0.41176470588235325,True,synthetic_max30102,0.3758620689655192,2689,1666,2067,False,False,False,-0.06,-0.107,1.137,False,anomaly_low_spo2,synthetic_ad8232_anomaly_low_spo2,patient_001,synthetic_ad8232_anomaly_low_spo2,0.5308848080133556,0.6286411496863675,0.9285714285714286,0.2568881175009672
2026-05-26T16:37:03,patient_001,0.47727272727272735,True,synthetic_ad8232,0.35294117647058876,True,synthetic_max30102,0.41034482758620605,2103,1743,2163,False,False,False,0.106,0.028,0.953,False,anomaly_low_spo2,synthetic_ad8232_anomaly_low_spo2,patient_001,synthetic_ad8232_anomaly_low_spo2,0.5709515859766275,0.38891244930875174,0.4285714285714286,0.21499276342254672
2026-05-26T16:37:08,patient_001,0.3181818181818182,True,synthetic_ad8232,0.35294117647058876,True,synthetic_max30102,0.44137931034482847,2872,1791,2222,False,False,False,0.089,-0.015,0.869,False,anomaly_low_spo2,synthetic_ad8232_anomaly_low_spo2,patient_001,synthetic_ad8232_anomaly_low_spo2,0.5442404006677796,0.5730346612157194,0.5,0.19553286177127288
2026-05-26T16:37:13,patient_001,0.5227272727272727,True,synthetic_ad8232,0.23529411764705888,True,synthetic_max30102,0.41034482758620605,2252,1831,2272,False,False,False,0.178,-0.005,0.927,False,anomaly_low_spo2,synthetic_ad8232_anomaly_low_spo2,patient_001,synthetic_ad8232_anomaly_low_spo2,0.5275459098497496,0.552469822069108,0.35714285714285715,0.21150644816774192
2026-05-26T16:37:18,patient_001,0.6287878787878787,True,synthetic_ad8232,0.11764705882352988,True,synthetic_max30102,0.5103448275862057,2488,1638,2033,False,False,False,0.247,0.033,0.964,False,anomaly_low_spo2,synthetic_ad8232_anomaly_low_spo2,patient_001,synthetic_ad8232_anomaly_low_spo2,0.5258764607679466,0.5455040978220664,0.35714285714285715,0.22326714269402256
2026-05-26T16:37:23,patient_001,0.32575757575757575,True,synthetic_ad8232,0.29411764705882426,True,synthetic_max30102,0.29999999999999893,2623,1594,1978,False,False,False,0.196,0.145,0.987,False,anomaly_low_spo2,synthetic_ad8232_anomaly_low_spo2,patient_001,synthetic_ad8232_anomaly_low_spo2,0.4574290484140233,0.5567339598252864,0.7142857142857143,0.22803565112715268
2026-05-26T16:37:28,patient_001,0.37121212121212127,True,synthetic_ad8232,0.17647058823529438,True,synthetic_max30102,0.23448275862068968,1990,1731,2148,False,False,False,-0.025,-0.115,0.928,False,anomaly_low_spo2,synthetic_ad8232_anomaly_low_spo2,patient_001,synthetic_ad8232_anomaly_low_spo2,0.43405676126878123,0.57294684654028,0.35714285714285715,0.20957081249551632
2026-05-26T16:37:33,patient_001,0.4621212121212121,True,synthetic_ad8232,0.17647058823529438,True,synthetic_max30102,0.4551724137931039,2606,1586,1968,False,False,False,0.232,-0.005,1.028,False,anomaly_low_spo2,synthetic_ad8232_anomaly_low_spo2,patient_001,synthetic_ad8232_anomaly_low_spo2,0.4657762938230383,0.5055792175066142,0.5,0.23649132704147371
2026-05-26T16:37:38,patient_001,0.356060606060606,True,synthetic_ad8232,0.41176470588235325,True,synthetic_max30102,0.43448275862068897,1855,1752,2174,False,False,False,0.101,0.097,0.945,False,anomaly_low_spo2,synthetic_ad8232_anomaly_low_spo2,patient_001,synthetic_ad8232_anomaly_low_spo2,0.4290484140233721,0.5142627117154853,0.7857142857142857,0.21409118974579874
2026-05-26T16:37:43,patient_001,0.5075757575757576,True,synthetic_ad8232,0.23529411764705888,True,synthetic_max30102,0.4896551724137943,2150,1717,2131,False,False,False,-0.006,0.035,0.883,False,anomaly_low_spo2,synthetic_ad8232_anomaly_low_spo2,patient_001,synthetic_ad8232_anomaly_low_spo2,0.40233722871452415,0.32163915495442863,0.2857142857142857,0.19781485604402613
2026-05-26T16:37:48,patient_001,0.34848484848484845,True,synthetic_ad8232,0.29411764705882426,True,synthetic_max30102,0.4655172413793114,2725,1837,2280,False,False,False,-0.022,0.017,0.889,False,anomaly_low_spo2,synthetic_ad8232_anomaly_low_spo2,patient_001,synthetic_ad8232_anomaly_low_spo2,0.40734557595993315,0.2992728768286117,0.5714285714285714,0.19911524709247005
2026-05-26T16:37:53,patient_001,0.44696969696969696,True,synthetic_ad8232,0.47058823529411775,True,synthetic_max30102,0.21034482758620676,2164,1675,2078,False,False,False,-0.216,-0.01,0.852,False,anomaly_low_spo2,synthetic_ad8232_anomaly_low_spo2,patient_001,synthetic_ad8232_anomaly_low_spo2,0.42404006677796324,0.2907448281519587,0.7142857142857143,0.196745850663166
2026-05-26T16:37:58,patient_001,0.5303030303030303,True,synthetic_ad8232,0.11764705882352988,True,synthetic_max30102,0.49655172413793025,2188,1798,2231,False,False,False,0.041,0.065,0.938,False,anomaly_low_spo2,synthetic_ad8232_anomaly_low_spo2,patient_001,synthetic_ad8232_anomaly_low_spo2,0.4390651085141902,0.3513942384819099,0.07142857142857145,0.21086881787703804
2026-05-26T16:38:03,patient_001,0.6287878787878787,True,synthetic_ad8232,0.17647058823529438,True,synthetic_max30102,0.5379310344827601,989,1698,2107,False,False,False,0.034,-0.003,1.053,False,anomaly_low_spo2,synthetic_ad8232_anomaly_low_spo2,patient_001,synthetic_ad8232_anomaly_low_spo2,0.4991652754590984,0.4343831707790409,0.5714285714285714,0.23642024753788127
2026-05-26T16:38:08,patient_001,0.1363636363636364,True,synthetic_ad8232,0.47058823529411775,True,synthetic_max30102,0.5965517241379299,2010,1616,2005,False,False,False,0.229,0.028,0.861,False,anomaly_low_spo2,synthetic_ad8232_anomaly_low_spo2,patient_001,synthetic_ad8232_anomaly_low_spo2,0.41736227045075125,0.789064333174358,0.8571428571428571,0.19955586644384668
2026-05-26T16:38:13,patient_001,0.29545454545454547,True,synthetic_ad8232,0.47058823529411775,True,synthetic_max30102,0.7172413793103445,2234,1775,2202,False,False,False,0.088,0.029,0.861,False,anomaly_low_spo2,synthetic_ad8232_anomaly_low_spo2,patient_001,synthetic_ad8232_anomaly_low_spo2,0.40567612687813015,0.8154071372243746,0.5,0.19378186134381428
2026-05-26T16:38:18,patient_001,0.37878787878787884,True,synthetic_ad8232,0.35294117647058876,True,synthetic_max30102,0.3793103448275872,2564,1674,2077,False,False,False,0.055,-0.114,1.099,False,anomaly_low_spo2,synthetic_ad8232_anomaly_low_spo2,patient_001,synthetic_ad8232_anomaly_low_spo2,0.39065108514190305,0.8109520034235674,0.35714285714285715,0.24840193761146834
2026-05-26T16:38:23,patient_001,0.393939393939394,True,synthetic_ad8232,0.29411764705882426,True,synthetic_max30102,0.30344827586207046,2140,1683,2089,False,False,False,0.116,-0.058,0.941,False,anomaly_low_spo2,synthetic_ad8232_anomaly_low_spo2,patient_001,synthetic_ad8232_anomaly_low_spo2,0.3606010016694491,0.7482158174818543,0.4285714285714286,0.21285827121915288
2026-05-26T16:38:28,patient_001,0.2121212121212121,True,synthetic_ad8232,0.23529411764705888,True,synthetic_max30102,0.5448275862068961,1611,1647,2044,False,False,False,0.002,0.008,1.006,False,anomaly_low_spo2,synthetic_ad8232_anomaly_low_spo2,patient_001,synthetic_ad8232_anomaly_low_spo2,0.26878130217028373,0.4594889767496641,0.4285714285714286,0.2256188662112916
2026-05-26T16:38:33,patient_001,0.4090909090909091,True,synthetic_ad8232,0.41176470588235325,True,synthetic_max30102,0.3206896551724139,1727,1679,2084,False,False,False,0.003,-0.108,1.084,False,anomaly_low_spo2,synthetic_ad8232_anomaly_low_spo2,patient_001,synthetic_ad8232_anomaly_low_spo2,0.3288814691151919,0.34721682708006507,0.7142857142857143,0.24456184700400824
2026-05-26T16:38:38,patient_001,0.42424242424242425,True,synthetic_ad8232,0.11764705882352988,True,synthetic_max30102,0.32413793103448185,2228,1638,2032,False,False,False,-0.106,-0.077,1.126,False,anomaly_low_spo2,synthetic_ad8232_anomaly_low_spo2,patient_001,synthetic_ad8232_anomaly_low_spo2,0.357262103505843,0.3616962709404081,0.1428571428571429,0.25461455928087373
2026-05-26T16:38:43,patient_001,0.3181818181818182,True,synthetic_ad8232,0.41176470588235325,True,synthetic_max30102,0.32413793103448185,1879,1715,2128,False,False,False,0.044,0.035,1.223,False,anomaly_low_spo2,synthetic_ad8232_anomaly_low_spo2,patient_001,synthetic_ad8232_anomaly_low_spo2,0.343906510851419,0.36831321471273887,0.8571428571428571,0.27523005802814204
2026-05-26T16:38:48,patient_001,0.5,True,synthetic_ad8232,0.47058823529411775,True,synthetic_max30102,0.2517241379310331,1532,1676,2080,False,False,False,-0.044,0.006,0.948,False,anomaly_low_spo2,synthetic_ad8232_anomaly_low_spo2,patient_001,synthetic_ad8232_anomaly_low_spo2,0.3672787979966611,0.463197231809521,0.5714285714285714,0.21266375620232422
2026-05-26T16:38:53,patient_001,0.5833333333333333,True,synthetic_ad8232,0.11764705882352988,True,synthetic_max30102,0.4241379310344815,1912,1619,2009,False,False,False,0.145,0.027,0.892,False,anomaly_low_spo2,synthetic_ad8232_anomaly_low_spo2,patient_001,synthetic_ad8232_anomaly_low_spo2,0.4490818030050082,0.4184532827497206,0.07142857142857145,0.20245142413471826
2026-05-26T16:38:58,patient_001,0.32575757575757575,True,synthetic_ad8232,0.29411764705882426,True,synthetic_max30102,0.27931034482758754,2014,1771,2198,False,False,False,0.121,0.042,1.009,False,anomaly_low_spo2,synthetic_ad8232_anomaly_low_spo2,patient_001,synthetic_ad8232_anomaly_low_spo2,0.43071786310517524,0.4765825477568463,0.7142857142857143,0.22813355809202032
2026-05-26T16:39:03,patient_001,0.32575757575757575,True,synthetic_ad8232,0.23529411764705888,True,synthetic_max30102,0.4241379310344815,2179,1634,2028,False,False,False,0.031,-0.053,0.788,False,anomaly_low_spo2,synthetic_ad8232_anomaly_low_spo2,patient_001,synthetic_ad8232_anomaly_low_spo2,0.40901502504173615,0.5161183803644913,0.4285714285714286,0.176601521360718
2026-05-26T16:39:08,patient_001,0.4318181818181818,True,synthetic_ad8232,0.47058823529411775,True,synthetic_max30102,0.6827586206896541,3018,1806,2241,False,False,False,0.116,0.168,1.067,False,anomaly_low_spo2,synthetic_ad8232_anomaly_low_spo2,patient_001,synthetic_ad8232_anomaly_low_spo2,0.43405676126878123,0.4685972420577873,0.7857142857142857,0.243876501916684
2026-05-26T16:39:13,patient_001,0.5303030303030303,True,synthetic_ad8232,0.41176470588235325,True,synthetic_max30102,0.4241379310344815,1973,1654,2053,False,False,False,0.036,-0.004,1.052,False,anomaly_low_spo2,synthetic_ad8232_anomaly_low_spo2,patient_001,synthetic_ad8232_anomaly_low_spo2,0.4407345575959932,0.4904235374144638,0.4285714285714286,0.23620893378800834
2026-05-26T16:39:18,patient_001,0.1363636363636364,True,synthetic_ad8232,0.47058823529411775,True,synthetic_max30102,0.4206896551724135,1642,1744,2164,False,False,False,0.086,0.176,1.02,False,anomaly_low_spo2,synthetic_ad8232_anomaly_low_spo2,patient_001,synthetic_ad8232_anomaly_low_spo2,0.342237061769616,0.6140647979892814,0.5714285714285714,0.23303031853999187
2026-05-26T16:39:23,patient_001,0.6666666666666667,True,synthetic_ad8232,0.41176470588235325,True,synthetic_max30102,0.47241379310344733,1478,1823,2262,False,False,False,0.183,-0.087,0.961,False,anomaly_low_spo2,synthetic_ad8232_anomaly_low_spo2,patient_001,synthetic_ad8232_anomaly_low_spo2,0.41736227045075125,0.8439115929368238,0.4285714285714286,0.22018536437035524
2026-05-26T16:39:28,patient_001,0.4848484848484849,True,synthetic_ad8232,0.35294117647058876,True,synthetic_max30102,0.6862068965517256,1554,1666,2067,False,False,False,-0.118,0.191,0.934,False,anomaly_low_spo2,synthetic_ad8232_anomaly_low_spo2,patient_001,synthetic_ad8232_anomaly_low_spo2,0.4524207011686143,0.8197766848490138,0.4285714285714286,0.21529253961100592
2026-05-26T16:39:33,patient_001,0.2878787878787879,True,synthetic_ad8232,0.35294117647058876,True,synthetic_max30102,0.3137931034482744,2165,1631,2024,False,False,False,0.114,-0.036,0.869,False,anomaly_low_spo2,synthetic_ad8232_anomaly_low_spo2,patient_001,synthetic_ad8232_anomaly_low_spo2,0.42070116861435713,0.8761484505933377,0.5,0.19633076673834465
2026-05-26T16:39:38,patient_001,0.3863636363636364,True,synthetic_ad8232,0.29411764705882426,True,synthetic_max30102,0.5310344827586206,2292,1687,2094,False,False,False,0.148,-0.001,0.886,False,anomaly_low_spo2,synthetic_ad8232_anomaly_low_spo2,patient_001,synthetic_ad8232_anomaly_low_spo2,0.38898163606010006,0.8382282190714296,0.4285714285714286,0.20112508890140646
2026-05-26T16:39:43,patient_001,0.2424242424242425,True,synthetic_ad8232,0.17647058823529438,True,synthetic_max30102,0.3620689655172402,1261,1550,1924,False,False,False,0.019,-0.046,1.061,False,anomaly_low_spo2,synthetic_ad8232_anomaly_low_spo2,patient_001,synthetic_ad8232_anomaly_low_spo2,0.41235392320534214,0.7099119964963599,0.35714285714285715,0.23837816958039013
2026-05-26T16:39:48,patient_001,0.37878787878787884,True,synthetic_ad8232,0.29411764705882426,True,synthetic_max30102,0.27241379310344804,1821,1692,2099,False,False,False,-0.021,-0.01,0.951,False,anomaly_low_spo2,synthetic_ad8232_anomaly_low_spo2,patient_001,synthetic_ad8232_anomaly_low_spo2,0.348914858096828,0.39494644061315964,0.6428571428571428,0.21317402972656296
2026-05-26T16:39:53,patient_001,0.5984848484848484,True,synthetic_ad8232,0.35294117647058876,True,synthetic_max30102,0.3517241379310363,2397,1672,2075,False,False,False,0.049,0.042,1.111,False,anomaly_low_spo2,synthetic_ad8232_anomaly_low_spo2,patient_001,synthetic_ad8232_anomaly_low_spo2,0.37395659432387307,0.5740873895885302,0.5714285714285714,0.24990396554108196
2026-05-26T16:39:58,patient_001,0.42424242424242425,True,synthetic_ad8232,0.47058823529411775,True,synthetic_max30102,0.6034482758620694,2785,1675,2079,False,False,False,0.06,0.004,1.041,False,anomaly_low_spo2,synthetic_ad8232_anomaly_low_spo2,patient_001,synthetic_ad8232_anomaly_low_spo2,0.40400667779632704,0.5348854507331998,0.6428571428571428,0.2339613275930999
2026-05-26T16:40:03,patient_001,0.42424242424242425,True,synthetic_ad8232,0.23529411764705888,True,synthetic_max30102,0.39310344827586263,1645,1763,2188,False,False,False,-0.081,0.086,0.908,False,anomaly_low_spo2,synthetic_ad8232_anomaly_low_spo2,patient_001,synthetic_ad8232_anomaly_low_spo2,0.41235392320534214,0.533472525528363,0.2142857142857143,0.20507489250411884
2026-05-26T16:40:08,patient_001,0.4318181818181818,True,synthetic_ad8232,0.47058823529411775,True,synthetic_max30102,0.18965517241379182,2449,1728,2144,False,False,False,0.242,-0.013,1.004,False,anomaly_low_spo2,synthetic_ad8232_anomaly_low_spo2,patient_001,synthetic_ad8232_anomaly_low_spo2,0.4540901502504172,0.3550977255440047,0.7857142857142857,0.23171102029113247
2026-05-26T16:40:13,patient_001,0.44696969696969696,True,synthetic_ad8232,0.41176470588235325,True,synthetic_max30102,0.5103448275862057,1417,1753,2175,False,False,False,0.216,0.082,1.186,False,anomaly_low_spo2,synthetic_ad8232_anomaly_low_spo2,patient_001,synthetic_ad8232_anomaly_low_spo2,0.4691151919866444,0.3145206134142142,0.4285714285714286,0.27159386076823977
2026-05-26T16:40:18,patient_001,0.6666666666666667,True,synthetic_ad8232,0.23529411764705888,True,synthetic_max30102,0.6275862068965523,2086,1766,2192,False,False,False,0.043,0.136,0.921,False,anomaly_low_spo2,synthetic_ad8232_anomaly_low_spo2,patient_001,synthetic_ad8232_anomaly_low_spo2,0.4841402337228714,0.44150656472375754,0.2857142857142857,0.208785948025938
2026-05-26T16:40:23,patient_001,0.606060606060606,True,synthetic_ad8232,0.35294117647058876,True,synthetic_max30102,0.5620689655172431,2551,1730,2147,False,False,False,-0.176,0.021,1.031,False,anomaly_low_spo2,synthetic_ad8232_anomaly_low_spo2,patient_001,synthetic_ad8232_anomaly_low_spo2,0.5242070116861436,0.47319196634472066,0.6428571428571428,0.23473186718350716
2026-05-26T16:40:28,patient_001,0.37121212121212127,True,synthetic_ad8232,0.29411764705882426,True,synthetic_max30102,0.589655172413794,2148,1617,2007,False,False,False,-0.188,0.089,0.957,False,anomaly_low_spo2,synthetic_ad8232_anomaly_low_spo2,patient_001,synthetic_ad8232_anomaly_low_spo2,0.5125208681135224,0.525394181533956,0.4285714285714286,0.219552052627089
2026-05-26T16:40:33,patient_001,0.5681818181818181,True,synthetic_ad8232,0.41176470588235325,True,synthetic_max30102,0.431034482758621,1795,1662,2062,False,False,False,0.128,0.117,0.981,False,anomaly_low_spo2,synthetic_ad8232_anomaly_low_spo2,patient_001,synthetic_ad8232_anomaly_low_spo2,0.5425709515859766,0.5042837527131706,0.6428571428571428,0.2233858223190204
2026-05-26T16:40:38,patient_001,0.5151515151515151,True,synthetic_ad8232,0.29411764705882426,True,synthetic_max30102,0.3206896551724139,2660,1724,2139,False,False,False,-0.128,0.113,0.935,False,anomaly_low_spo2,synthetic_ad8232_anomaly_low_spo2,patient_001,synthetic_ad8232_anomaly_low_spo2,0.5575959933222036,0.46891926516902044,0.35714285714285715,0.21298709328753845
2026-05-26T16:40:43,patient_001,0.2575757575757576,True,synthetic_ad8232,0.29411764705882426,True,synthetic_max30102,0.427586206896553,2545,1702,2112,False,False,False,0.078,0.154,0.857,False,anomaly_low_spo2,synthetic_ad8232_anomaly_low_spo2,patient_001,synthetic_ad8232_anomaly_low_spo2,0.4674457429048413,0.6099539953319885,0.5,0.19565536489760552
2026-05-26T16:40:48,patient_001,0.393939393939394,True,synthetic_ad8232,0.29411764705882426,True,synthetic_max30102,0.5000000000000018,2421,1616,2005,False,False,False,0.074,0.088,1.046,False,anomaly_low_spo2,synthetic_ad8232_anomaly_low_spo2,patient_001,synthetic_ad8232_anomaly_low_spo2,0.42070116861435713,0.5147516941514428,0.5,0.23613550229371172
2026-05-26T16:40:53,patient_001,0.5606060606060606,True,synthetic_ad8232,0.29411764705882426,True,synthetic_max30102,0.26896551724138007,1497,1683,2089,False,False,False,0.029,0.049,0.876,False,anomaly_low_spo2,synthetic_ad8232_anomaly_low_spo2,patient_001,synthetic_ad8232_anomaly_low_spo2,0.4624373956594322,0.5547420609176418,0.5,0.19648165324502584
2026-05-26T16:40:58,patient_001,0.4924242424242425,True,synthetic_ad8232,0.29411764705882426,True,synthetic_max30102,0.24827586206896513,1737,1671,2074,False,False,False,0.075,0.024,1.042,False,anomaly_low_spo2,synthetic_ad8232_anomaly_low_spo2,patient_001,synthetic_ad8232_anomaly_low_spo2,0.4457429048414022,0.5053801313726864,0.5,0.23446957034330487
2026-05-26T16:41:03,patient_001,0.32575757575757575,True,synthetic_ad8232,0.23529411764705888,True,synthetic_max30102,0.45172413793103594,3099,1649,2046,False,False,False,0.055,0.011,0.948,False,anomaly_low_spo2,synthetic_ad8232_anomaly_low_spo2,patient_001,synthetic_ad8232_anomaly_low_spo2,0.40400667779632704,0.5127929667502431,0.4285714285714286,0.2128043033932849
2026-05-26T16:41:08,patient_001,0.32575757575757575,True,synthetic_ad8232,0.23529411764705888,True,synthetic_max30102,0.7931034482758612,2381,1611,1999,False,False,False,0.082,-0.108,1.074,False,anomaly_low_spo2,synthetic_ad8232_anomaly_low_spo2,patient_001,synthetic_ad8232_anomaly_low_spo2,0.41903171953255425,0.43646322978114843,0.5,0.24300611284962825
2026-05-26T16:41:13,patient_001,0.393939393939394,True,synthetic_ad8232,0.23529411764705888,True,synthetic_max30102,0.6413793103448278,2308,1653,2051,False,False,False,0.097,0.127,1.033,False,anomaly_low_spo2,synthetic_ad8232_anomaly_low_spo2,patient_001,synthetic_ad8232_anomaly_low_spo2,0.41903171953255425,0.43646322978114843,0.5,0.23454155959246414
2026-05-26T16:41:18,patient_001,0.5606060606060606,True,synthetic_ad8232,0.29411764705882426,True,synthetic_max30102,0.6655172413793107,1605,1717,2131,False,False,False,0.125,0.051,1.015,False,anomaly_low_spo2,synthetic_ad8232_anomaly_low_spo2,patient_001,synthetic_ad8232_anomaly_low_spo2,0.41903171953255425,0.43646322978114843,0.5714285714285714,0.2296888078124921
2026-05-26T16:41:23,patient_001,0.4090909090909091,True,synthetic_ad8232,0.29411764705882426,True,synthetic_max30102,0.3965517241379306,2218,1731,2148,False,False,False,0.074,0.032,1.067,False,anomaly_low_spo2,synthetic_ad8232_anomaly_low_spo2,patient_001,synthetic_ad8232_anomaly_low_spo2,0.40066777963272115,0.4021427963053774,0.5,0.2401681849531927
2026-05-26T16:41:28,patient_001,0.25000000000000006,True,synthetic_ad8232,0.47058823529411775,True,synthetic_max30102,0.431034482758621,2775,1767,2193,False,False,False,0.032,-0.004,0.941,False,anomaly_low_spo2,synthetic_ad8232_anomaly_low_spo2,patient_001,synthetic_ad8232_anomaly_low_spo2,0.38397328881469106,0.48287572363518166,0.7142857142857143,0.21096190382841018
2026-05-26T16:41:33,patient_001,0.46969696969696967,True,synthetic_ad8232,0.29411764705882426,True,synthetic_max30102,0.5241379310344847,2171,1664,2065,False,False,False,0.047,0.011,1.024,False,anomaly_low_spo2,synthetic_ad8232_anomaly_low_spo2,patient_001,synthetic_ad8232_anomaly_low_spo2,0.41569282136894814,0.47689917887211375,0.2857142857142857,0.22996114267531453
2026-05-26T16:41:38,patient_001,0.4393939393939394,True,synthetic_ad8232,0.35294117647058876,True,synthetic_max30102,0.3724137931034477,1602,1654,2052,False,False,False,0.111,-0.061,0.933,False,anomaly_low_spo2,synthetic_ad8232_anomaly_low_spo2,patient_001,synthetic_ad8232_anomaly_low_spo2,0.42570951585976624,0.47499622621022813,0.5714285714285714,0.21096311090293035
2026-05-26T16:41:43,patient_001,0.5378787878787878,True,synthetic_ad8232,0.17647058823529438,True,synthetic_max30102,0.36551724137931174,2379,1635,2029,False,False,False,0.166,-0.027,0.971,False,anomaly_low_spo2,synthetic_ad8232_anomaly_low_spo2,patient_001,synthetic_ad8232_anomaly_low_spo2,0.42070116861435713,0.44784322074506655,0.2857142857142857,0.22094170633092697
2026-05-26T16:41:48,patient_001,0.5227272727272727,True,synthetic_ad8232,0.41176470588235325,True,synthetic_max30102,0.5137931034482772,2543,1791,2222,False,False,False,0.047,-0.022,0.909,False,anomaly_low_spo2,synthetic_ad8232_anomaly_low_spo2,patient_001,synthetic_ad8232_anomaly_low_spo2,0.4457429048414022,0.48350053613329086,0.7857142857142857,0.20389899023190342
2026-05-26T16:41:53,patient_001,0.3333333333333333,True,synthetic_ad8232,0.29411764705882426,True,synthetic_max30102,0.41034482758620605,1375,1608,1996,False,False,False,-0.073,0.048,0.948,False,anomaly_low_spo2,synthetic_ad8232_anomaly_low_spo2,patient_001,synthetic_ad8232_anomaly_low_spo2,0.4641068447412353,0.3412235795587044,0.35714285714285715,0.2133406302581539
2026-05-26T16:41:58,patient_001,0.22727272727272724,True,synthetic_ad8232,0.23529411764705888,True,synthetic_max30102,0.4379310344827605,2030,1698,2107,False,False,False,-0.048,0.095,0.983,False,anomaly_low_spo2,synthetic_ad8232_anomaly_low_spo2,patient_001,synthetic_ad8232_anomaly_low_spo2,0.41068447412353914,0.550645280024997,0.4285714285714286,0.22168918109898297
2026-05-26T16:42:03,patient_001,0.3181818181818182,True,synthetic_ad8232,0.29411764705882426,True,synthetic_max30102,0.29655172413793096,2492,1649,2046,False,False,False,0.094,-0.064,1.082,False,anomaly_low_spo2,synthetic_ad8232_anomaly_low_spo2,patient_001,synthetic_ad8232_anomaly_low_spo2,0.38397328881469106,0.5707470885658292,0.5714285714285714,0.24424103690938015
2026-05-26T16:42:08,patient_001,0.28030303030303033,True,synthetic_ad8232,0.23529411764705888,True,synthetic_max30102,0.4931034482758623,2102,1792,2224,False,False,False,0.157,0.197,0.994,False,anomaly_low_spo2,synthetic_ad8232_anomaly_low_spo2,patient_001,synthetic_ad8232_anomaly_low_spo2,0.327212020033389,0.4687046076777226,0.4285714285714286,0.23002632269320933
2026-05-26T16:42:13,patient_001,0.553030303030303,True,synthetic_ad8232,0.17647058823529438,True,synthetic_max30102,0.5000000000000018,2185,1617,2006,False,False,False,-0.194,-0.082,1.037,False,anomaly_low_spo2,synthetic_ad8232_anomaly_low_spo2,patient_001,synthetic_ad8232_anomaly_low_spo2,0.333889816360601,0.5219350746978588,0.4285714285714286,0.2374702724978157
2026-05-26T16:42:18,patient_001,0.5303030303030303,True,synthetic_ad8232,0.23529411764705888,True,synthetic_max30102,0.33103448275862135,1993,1710,2122,False,False,False,-0.007,-0.067,0.98,False,anomaly_low_spo2,synthetic_ad8232_anomaly_low_spo2,patient_001,synthetic_ad8232_anomaly_low_spo2,0.37729549248747907,0.6267172242878606,0.5714285714285714,0.22022690422426075
2026-05-26T16:42:23,patient_001,0.6212121212121211,True,synthetic_ad8232,0.17647058823529438,True,synthetic_max30102,0.6172413793103448,2050,1795,2227,False,False,False,-0.064,0.037,1.108,False,anomaly_low_spo2,synthetic_ad8232_anomaly_low_spo2,patient_001,synthetic_ad8232_anomaly_low_spo2,0.4641068447412353,0.6350121373738113,0.4285714285714286,0.24935628626310208
2026-05-26T16:42:28,patient_001,0.4848484848484849,True,synthetic_ad8232,0.35294117647058876,True,synthetic_max30102,0.38275862068965516,2436,1736,2154,False,False,False,0.102,0.216,1.037,False,anomaly_low_spo2,synthetic_ad8232_anomaly_low_spo2,patient_001,synthetic_ad8232_anomaly_low_spo2,0.5008347245409014,0.5408724628158704,0.7142857142857143,0.2388304664472346
2026-05-26T16:42:33,patient_001,0.2424242424242425,True,synthetic_ad8232,0.35294117647058876,True,synthetic_max30102,0.32413793103448185,2482,1610,1998,False,False,False,-0.019,0.246,0.965,False,anomaly_low_spo2,synthetic_ad8232_anomaly_low_spo2,patient_001,synthetic_ad8232_anomaly_low_spo2,0.4924874791318864,0.607059870709424,0.5,0.22334794289092094
2026-05-26T16:42:38,patient_001,0.30303030303030304,True,synthetic_ad8232,0.23529411764705888,True,synthetic_max30102,0.6000000000000014,2685,1642,2038,False,False,False,0.044,-0.126,1.044,False,anomaly_low_spo2,synthetic_ad8232_anomaly_low_spo2,patient_001,synthetic_ad8232_anomaly_low_spo2,0.43739565943238723,0.664516340196572,0.35714285714285715,0.23617999583128665
2026-05-26T16:42:43,patient_001,0.3409090909090909,True,synthetic_ad8232,0.41176470588235325,True,synthetic_max30102,0.6620689655172427,2120,1617,2006,False,False,False,-0.045,0.011,1.029,False,anomaly_low_spo2,synthetic_ad8232_anomaly_low_spo2,patient_001,synthetic_ad8232_anomaly_low_spo2,0.39565943238731205,0.6413982913442146,0.7142857142857143,0.23107611404414768
2026-05-26T16:42:48,patient_001,0.3863636363636364,True,synthetic_ad8232,0.23529411764705888,True,synthetic_max30102,0.4551724137931039,1990,1644,2040,False,False,False,0.047,0.046,0.93,False,anomaly_low_spo2,synthetic_ad8232_anomaly_low_spo2,patient_001,synthetic_ad8232_anomaly_low_spo2,0.343906510851419,0.3823887988934443,0.2857142857142857,0.20886385824285877
2026-05-26T16:42:53,patient_001,0.4090909090909091,True,synthetic_ad8232,0.23529411764705888,True,synthetic_max30102,0.4862068965517228,2703,1627,2019,False,False,False,-0.141,-0.043,0.962,False,anomaly_low_spo2,synthetic_ad8232_anomaly_low_spo2,patient_001,synthetic_ad8232_anomaly_low_spo2,0.327212020033389,0.2789087260882594,0.5,0.21816207753298988
2026-05-26T16:42:58,patient_001,0.4166666666666667,True,synthetic_ad8232,0.29411764705882426,True,synthetic_max30102,0.38965517241379466,1896,1622,2013,False,False,False,0.038,-0.092,0.973,False,anomaly_low_spo2,synthetic_ad8232_anomaly_low_spo2,patient_001,synthetic_ad8232_anomaly_low_spo2,0.36560934891485797,0.20188305435599996,0.5714285714285714,0.21926441123239748
2026-05-26T16:43:03,patient_001,0.1363636363636364,True,synthetic_ad8232,0.17647058823529438,True,synthetic_max30102,0.6241379310344843,1908,1691,2098,False,False,False,0.123,0.162,1.129,False,anomaly_low_spo2,synthetic_ad8232_anomaly_low_spo2,patient_001,synthetic_ad8232_anomaly_low_spo2,0.3288814691151919,0.4876454943990652,0.35714285714285715,0.25770137726514014
2026-05-26T16:43:08,patient_001,0.2878787878787879,True,synthetic_ad8232,0.47058823529411775,True,synthetic_max30102,0.4551724137931039,2617,1657,2056,False,False,False,0.289,-0.007,1.187,False,anomaly_low_spo2,synthetic_ad8232_anomaly_low_spo2,patient_001,synthetic_ad8232_anomaly_low_spo2,0.3171953255425709,0.4962372252435522,0.8571428571428571,0.2746398599015367
2026-05-26T16:43:13,patient_001,0.6212121212121211,True,synthetic_ad8232,0.17647058823529438,True,synthetic_max30102,0.38965517241379466,2136,1704,2114,False,False,False,-0.063,-0.093,1.057,False,anomaly_low_spo2,synthetic_ad8232_anomaly_low_spo2,patient_001,synthetic_ad8232_anomaly_low_spo2,0.3689482470784641,0.7492238780514726,0.1428571428571429,0.2385566879721457
2026-05-26T16:43:18,patient_001,0.4848484848484849,True,synthetic_ad8232,0.058823529411765385,True,synthetic_max30102,0.6034482758620694,2178,1791,2222,False,False,False,0.005,0.083,1.052,False,anomaly_low_spo2,synthetic_ad8232_anomaly_low_spo2,patient_001,synthetic_ad8232_anomaly_low_spo2,0.38564273789649417,0.7775660981117143,0.35714285714285715,0.2368130242963472
2026-05-26T16:43:23,patient_001,0.15909090909090912,True,synthetic_ad8232,0.29411764705882426,True,synthetic_max30102,0.47241379310344733,2213,1556,1931,False,False,False,-0.063,0.045,0.954,False,anomaly_low_spo2,synthetic_ad8232_anomaly_low_spo2,patient_001,synthetic_ad8232_anomaly_low_spo2,0.3288814691151919,0.8807308482221821,0.7857142857142857,0.21450421180541973
2026-05-26T16:43:28,patient_001,0.3409090909090909,True,synthetic_ad8232,0.7058823529411766,True,synthetic_max30102,0.39310344827586263,2685,1707,2118,False,False,False,-0.003,0.006,0.054,True,fall,synthetic_ad8232_fall,patient_001,synthetic_ad8232_fall,0.3322203672787979,0.0,0.5,0.009310759548331623
2026-05-26T16:43:33,patient_001,0.5075757575757576,True,synthetic_ad8232,0.8235294117647065,True,synthetic_max30102,0.5206896551724132,1233,1627,2019,False,False,False,-0.07,-0.016,0.036,True,fall,synthetic_ad8232_fall,patient_001,synthetic_ad8232_fall,0.42404006677796324,0.493491910647999,0.6428571428571428,0.015200077635303379
2026-05-26T16:43:38,patient_001,0.23484848484848492,True,synthetic_ad8232,0.7058823529411766,True,synthetic_max30102,0.44137931034482847,2337,1648,2045,False,False,False,0.006,-0.035,0.145,True,fall,synthetic_ad8232_fall,patient_001,synthetic_ad8232_fall,0.3544796883695047,0.5756920074521029,0.35714285714285715,0.03087520122001278
2026-05-26T16:43:43,patient_001,0.44696969696969696,True,synthetic_ad8232,0.5882352941176476,True,synthetic_max30102,0.4379310344827605,2528,1730,2147,False,False,False,1.39,1.61,2.805,True,fall,synthetic_ad8232_fall,patient_001,synthetic_ad8232_fall,0.37813021702838057,0.5032516454460182,0.35714285714285715,0.7971159662373006
2026-05-26T16:43:48,patient_001,0.3106060606060606,True,synthetic_ad8232,0.7647058823529411,True,synthetic_max30102,0.46896551724137936,1667,1541,1912,False,False,False,-2.615,0.142,0.004,True,fall,synthetic_ad8232_fall,patient_001,synthetic_ad8232_fall,0.36227045075125197,0.45619195513463,0.7142857142857143,0.5922220400771281
2026-05-26T16:43:53,patient_001,0.09848484848484845,True,synthetic_ad8232,0.7647058823529411,True,synthetic_max30102,0.5448275862068961,1847,1588,1970,False,False,False,2.308,-2.363,0.02,True,fall,synthetic_ad8232_fall,patient_001,synthetic_ad8232_fall,0.3088480801335559,0.6871496930173713,0.5,0.747773879680123
2026-05-26T16:43:58,patient_001,0.2424242424242425,True,synthetic_ad8232,0.7647058823529411,True,synthetic_max30102,0.431034482758621,1963,1694,2102,False,False,False,0.016,0.017,0.0,True,fall,synthetic_ad8232_fall,patient_001,synthetic_ad8232_fall,0.25041736227045075,0.5310145493725816,0.5,0.0022484169272263335
2026-05-26T16:44:03,patient_001,0.393939393939394,True,synthetic_ad8232,0.882352941176471,True,synthetic_max30102,0.3620689655172402,2227,1757,2180,False,False,False,2.594,0.861,2.035,True,fall,synthetic_ad8232_fall,patient_001,synthetic_ad8232_fall,0.2854757929883138,0.5712758029807928,0.6428571428571428,0.7714960469924463
2026-05-26T16:44:08,patient_001,0.3181818181818182,True,synthetic_ad8232,0.882352941176471,True,synthetic_max30102,0.3448275862068968,2657,1758,2181,False,False,False,1.188,-1.46,2.874,True,fall,synthetic_ad8232_fall,patient_001,synthetic_ad8232_fall,0.25709515859766274,0.46568901363652243,0.5,0.7778550190432477
2026-05-26T16:44:13,patient_001,0.4166666666666667,True,synthetic_ad8232,0.5294117647058831,True,synthetic_max30102,0.3137931034482744,1774,1647,2044,False,False,False,0.947,-1.214,0.614,True,fall,synthetic_ad8232_fall,patient_001,synthetic_ad8232_fall,0.2804674457429047,0.5399413681973929,0.07142857142857145,0.37372088393912867
2026-05-26T16:44:18,patient_001,0.4090909090909091,True,synthetic_ad8232,0.8235294117647065,True,synthetic_max30102,0.431034482758621,2410,1658,2057,False,False,False,-0.064,0.01,0.107,True,fall,synthetic_ad8232_fall,patient_001,synthetic_ad8232_fall,0.348914858096828,0.31243395196158114,0.8571428571428571,0.025373275937605976
2026-05-26T16:44:23,patient_001,0.4393939393939394,True,synthetic_ad8232,0.882352941176471,True,synthetic_max30102,0.47241379310344733,1721,1733,2151,False,False,False,-0.051,-0.05,0.153,True,fall,synthetic_ad8232_fall,patient_001,synthetic_ad8232_fall,0.39232053422370616,0.19348345104613213,0.5714285714285714,0.03532222349319035
2026-05-26T16:44:28,patient_001,0.4393939393939394,True,synthetic_ad8232,0.5294117647058831,True,synthetic_max30102,0.3793103448275872,2206,1663,2064,False,False,False,-0.01,0.009,0.0,True,fall,synthetic_ad8232_fall,patient_001,synthetic_ad8232_fall,0.40233722871452415,0.2099468729071573,0.07142857142857145,0.0
2026-05-26T16:44:33,patient_001,0.47727272727272735,True,synthetic_ad8232,0.882352941176471,True,synthetic_max30102,0.4241379310344815,1491,1569,1947,False,False,False,-0.107,-0.016,0.004,True,fall,synthetic_ad8232_fall,patient_001,synthetic_ad8232_fall,0.43739565943238723,0.11125637636592843,0.9285714285714286,0.021550815226841595
2026-05-26T16:44:38,patient_001,0.6212121212121211,True,synthetic_ad8232,0.7058823529411766,True,synthetic_max30102,0.47586206896551886,1845,1733,2150,False,False,False,2.315,-2.595,0.081,True,fall,synthetic_ad8232_fall,patient_001,synthetic_ad8232_fall,0.4824707846410684,0.35182355353326034,0.2857142857142857,0.7876189260731687
2026-05-26T16:44:43,patient_001,0.16666666666666669,True,synthetic_ad8232,0.6470588235294121,True,synthetic_max30102,0.35862068965517224,2072,1715,2128,False,False,False,-1.266,-1.234,2.855,True,fall,synthetic_ad8232_fall,patient_001,synthetic_ad8232_fall,0.4290484140233721,0.6890509302381874,0.4285714285714286,0.7602461873690473
2026-05-26T16:44:48,patient_001,0.5227272727272727,True,synthetic_ad8232,0.7647058823529411,True,synthetic_max30102,0.5000000000000018,2046,1804,2239,False,False,False,2.008,-1.163,-0.084,True,fall,synthetic_ad8232_fall,patient_001,synthetic_ad8232_fall,0.4474123539232052,0.7119644854908013,0.6428571428571428,0.5247453789930641
2026-05-26T16:44:53,patient_001,0.47727272727272735,True,synthetic_ad8232,0.8235294117647065,True,synthetic_max30102,0.6551724137931032,3452,1727,2143,False,False,False,1.441,-0.546,0.247,True,fall,synthetic_ad8232_fall,patient_001,synthetic_ad8232_fall,0.4557595993322202,0.7140815418599462,0.5714285714285714,0.3516845097262417
2026-05-26T16:44:58,patient_001,0.4621212121212121,True,synthetic_ad8232,0.5882352941176476,True,synthetic_max30102,0.4241379310344815,2032,1714,2127,False,False,False,-2.021,-1.723,0.657,True,fall,synthetic_ad8232_fall,patient_001,synthetic_ad8232_fall,0.4524207011686143,0.7123884000776266,0.2142857142857143,0.6188131522309714
2026-05-26T16:45:03,patient_001,0.5227272727272727,True,synthetic_ad8232,0.8235294117647065,True,synthetic_max30102,0.4827586206896548,2033,1713,2126,False,False,False,0.011,0.054,0.125,True,fall,synthetic_ad8232_fall,patient_001,synthetic_ad8232_fall,0.43071786310517524,0.627439387643579,0.7857142857142857,0.027993870385167867
2026-05-26T16:45:08,patient_001,0.6287878787878787,True,synthetic_ad8232,0.7058823529411766,True,synthetic_max30102,0.49655172413793025,1478,1684,2090,False,False,False,-0.049,-0.065,0.059,True,fall,synthetic_ad8232_fall,patient_001,synthetic_ad8232_fall,0.5325542570951586,0.27289037300862956,0.35714285714285715,0.019793746319055786
2026-05-26T16:45:13,patient_001,0.32575757575757575,True,synthetic_ad8232,0.8235294117647065,True,synthetic_max30102,0.6000000000000014,2109,1704,2115,False,False,False,-0.208,0.051,0.047,True,fall,synthetic_ad8232_fall,patient_001,synthetic_ad8232_fall,0.4891485809682804,0.4588314677411236,0.6428571428571428,0.04678041627259942
2026-05-26T16:45:18,patient_001,0.393939393939394,True,synthetic_ad8232,0.7647058823529411,True,synthetic_max30102,0.44482758620689644,2406,1561,1937,False,False,False,-1.811,-0.883,3.033,True,fall,synthetic_ad8232_fall,patient_001,synthetic_ad8232_fall,0.4707846410684473,0.48919079930039266,0.4285714285714286,0.8246115046172835
2026-05-26T16:45:23,patient_001,0.356060606060606,True,synthetic_ad8232,0.8235294117647065,True,synthetic_max30102,0.33103448275862135,1916,1686,2092,False,False,False,0.158,-0.077,0.149,True,fall,synthetic_ad8232_fall,patient_001,synthetic_ad8232_fall,0.4474123539232052,0.5319612688786638,0.5714285714285714,0.04931794368050922
2026-05-26T16:45:28,patient_001,0.4090909090909091,True,synthetic_ad8232,0.5882352941176476,True,synthetic_max30102,0.4482758620689644,1863,1685,2091,False,False,False,-1.291,1.54,3.098,True,fall,synthetic_ad8232_fall,patient_001,synthetic_ad8232_fall,0.42237061769616013,0.5012814413336895,0.2142857142857143,0.8363081276438888
2026-05-26T16:45:33,patient_001,0.5151515151515151,True,synthetic_ad8232,0.7647058823529411,True,synthetic_max30102,0.30689655172413843,1991,1782,2211,False,False,False,-0.001,-0.007,0.056,True,fall,synthetic_ad8232_fall,patient_001,synthetic_ad8232_fall,0.39732888146911505,0.30211758092843266,0.7142857142857143,0.009772096774797208
2026-05-26T16:45:38,patient_001,0.20454545454545453,True,synthetic_ad8232,0.7058823529411766,True,synthetic_max30102,0.6068965517241374,2177,1643,2039,False,False,False,-1.94,1.811,0.007,True,fall,synthetic_ad8232_fall,patient_001,synthetic_ad8232_fall,0.37061769616026696,0.47084677883743875,0.4285714285714286,0.6001957211143204
2026-05-26T16:45:43,patient_001,0.30303030303030304,True,synthetic_ad8232,0.7647058823529411,True,synthetic_max30102,0.4862068965517228,1755,1543,1915,False,False,False,-0.015,-0.024,0.142,True,fall,synthetic_ad8232_fall,patient_001,synthetic_ad8232_fall,0.350584307178631,0.4859917533262235,0.5714285714285714,0.029854143673810268
2026-05-26T16:45:48,patient_001,0.34848484848484845,True,synthetic_ad8232,0.882352941176471,True,synthetic_max30102,0.44137931034482847,1621,1585,1967,False,False,False,1.574,-1.268,0.401,True,fall,synthetic_ad8232_fall,patient_001,synthetic_ad8232_fall,0.348914858096828,0.4863022581518479,0.6428571428571428,0.4653290736411478
2026-05-26T16:45:53,patient_001,0.47727272727272735,True,synthetic_ad8232,0.882352941176471,True,synthetic_max30102,0.18275862068965587,1966,1591,1974,False,False,False,-0.011,-0.151,0.0,True,fall,synthetic_ad8232_fall,patient_001,synthetic_ad8232_fall,0.36393989983305497,0.5333781974354093,0.5,0.03135599078429957
2026-05-26T16:45:58,patient_001,0.4090909090909091,True,synthetic_ad8232,0.8235294117647065,True,synthetic_max30102,0.38275862068965516,2403,1631,2024,False,False,False,-0.033,0.003,0.094,True,fall,synthetic_ad8232_fall,patient_001,synthetic_ad8232_fall,0.340567612687813,0.4343831707790405,0.4285714285714286,0.0195973265149947
2026-05-26T16:46:03,patient_001,0.3333333333333333,True,synthetic_ad8232,0.6470588235294121,True,synthetic_max30102,0.38275862068965516,2613,1688,2095,False,False,False,1.727,1.909,3.4,True,fall,synthetic_ad8232_fall,patient_001,synthetic_ad8232_fall,0.3689482470784641,0.2903984970842398,0.2857142857142857,0.9663085847629804
2026-05-26T16:46:08,patient_001,0.5606060606060606,True,synthetic_ad8232,0.7058823529411766,True,synthetic_max30102,0.45172413793103594,1935,1657,2056,False,False,False,-2.505,1.287,2.659,True,fall,synthetic_ad8232_fall,patient_001,synthetic_ad8232_fall,0.42570951585976624,0.39520116262649113,0.5714285714285714,0.8773412273144466
2026-05-26T16:46:13,patient_001,0.4924242424242425,True,synthetic_ad8232,0.7647058823529411,True,synthetic_max30102,0.2241379310344822,2144,1644,2040,False,False,False,-2.636,-1.123,2.89,True,fall,synthetic_ad8232_fall,patient_001,synthetic_ad8232_fall,0.4574290484140233,0.36239117315825015,0.5714285714285714,0.9219863671214286
2026-05-26T16:46:18,patient_001,0.356060606060606,True,synthetic_ad8232,0.6470588235294121,True,synthetic_max30102,0.5379310344827601,2314,1644,2040,False,False,False,0.076,-0.049,0.151,True,fall,synthetic_ad8232_fall,patient_001,synthetic_ad8232_fall,0.43071786310517524,0.39837144575811523,0.35714285714285715,0.036948965903479375
2026-05-26T16:46:23,patient_001,0.34848484848484845,True,synthetic_ad8232,0.7647058823529411,True,synthetic_max30102,0.1724137931034484,1744,1596,1981,False,False,False,0.007,-0.033,0.185,True,fall,synthetic_ad8232_fall,patient_001,synthetic_ad8232_fall,0.41736227045075125,0.4276119355146507,0.6428571428571428,0.03968682425125583
2026-05-26T16:46:28,patient_001,0.29545454545454547,True,synthetic_ad8232,0.7058823529411766,True,synthetic_max30102,0.572413793103447,1475,1661,2061,False,False,False,-2.198,0.764,0.492,True,fall,synthetic_ad8232_fall,patient_001,synthetic_ad8232_fall,0.40901502504173615,0.4648238219674753,0.4285714285714286,0.5375736396696318
2026-05-26T16:46:33,patient_001,0.23484848484848492,True,synthetic_ad8232,0.7647058823529411,True,synthetic_max30102,0.5137931034482772,1659,1704,2114,False,False,False,1.623,1.28,3.321,True,fall,synthetic_ad8232_fall,patient_001,synthetic_ad8232_fall,0.3372287145242069,0.39975840545410235,0.5714285714285714,0.8860976111891335
2026-05-26T16:46:38,patient_001,0.37878787878787884,True,synthetic_ad8232,0.7647058823529411,True,synthetic_max30102,0.3344827586206893,1883,1720,2134,False,False,False,-2.338,1.993,2.791,True,fall,synthetic_ad8232_fall,patient_001,synthetic_ad8232_fall,0.3121869782971618,0.24221812194210812,0.5,0.9404093664535116
2026-05-26T16:46:43,patient_001,0.4924242424242425,True,synthetic_ad8232,0.5294117647058831,True,synthetic_max30102,0.5000000000000018,1718,1617,2007,False,False,False,-1.925,-1.058,-0.2,True,fall,synthetic_ad8232_fall,patient_001,synthetic_ad8232_fall,0.342237061769616,0.40463750259160647,0.2142857142857143,0.49830314928299574
2026-05-26T16:46:48,patient_001,0.4393939393939394,True,synthetic_ad8232,0.5294117647058831,True,synthetic_max30102,0.4482758620689644,1708,1699,2108,False,False,False,-1.511,-1.277,2.122,True,fall,synthetic_ad8232_fall,patient_001,synthetic_ad8232_fall,0.36227045075125197,0.43761454602495037,0.5,0.6563915313445835
2026-05-26T16:46:53,patient_001,0.3409090909090909,True,synthetic_ad8232,0.8235294117647065,True,synthetic_max30102,0.6206896551724128,2590,1671,2074,False,False,False,0.044,-0.116,0.095,True,fall,synthetic_ad8232_fall,patient_001,synthetic_ad8232_fall,0.37228714524206996,0.41203100387393915,0.8571428571428571,0.032460528715451506
2026-05-26T16:46:58,patient_001,0.3409090909090909,True,synthetic_ad8232,0.7647058823529411,True,synthetic_max30102,0.5758620689655185,2220,1699,2108,False,False,False,1.19,0.807,0.077,True,fall,synthetic_ad8232_fall,patient_001,synthetic_ad8232_fall,0.39565943238731205,0.2770987866204814,0.4285714285714286,0.32423632710156247
2026-05-26T16:47:03,patient_001,0.393939393939394,True,synthetic_ad8232,0.7647058823529411,True,synthetic_max30102,0.4206896551724135,1399,1652,2050,False,False,False,1.679,1.728,2.676,True,fall,synthetic_ad8232_fall,patient_001,synthetic_ad8232_fall,0.39899833055091816,0.2738107478745218,0.5,0.8154309088499392
2026-05-26T16:47:08,patient_001,0.393939393939394,True,synthetic_ad8232,0.7058823529411766,True,synthetic_max30102,0.589655172413794,1846,1782,2211,False,False,False,-2.117,-1.057,2.486,True,fall,synthetic_ad8232_fall,patient_001,synthetic_ad8232_fall,0.37729549248747907,0.17461987352949837,0.4285714285714286,0.7770710539879269
2026-05-26T16:47:13,patient_001,0.4924242424242425,True,synthetic_ad8232,0.882352941176471,True,synthetic_max30102,0.431034482758621,2337,1724,2139,False,False,False,-1.327,-2.093,0.14,True,fall,synthetic_ad8232_fall,patient_001,synthetic_ad8232_fall,0.38898163606010006,0.2590808254326691,0.7142857142857143,0.561153107560937
2026-05-26T16:47:18,patient_001,0.2878787878787879,True,synthetic_ad8232,0.6470588235294121,True,synthetic_max30102,0.5344827586206886,2194,1762,2187,False,False,False,0.287,-1.97,2.963,True,fall,synthetic_ad8232_fall,patient_001,synthetic_ad8232_fall,0.37729549248747907,0.3177041015563349,0.2142857142857143,0.8083502999276504
2026-05-26T16:47:23,patient_001,0.553030303030303,True,synthetic_ad8232,0.7647058823529411,True,synthetic_max30102,0.6413793103448278,2035,1786,2216,False,False,False,-0.001,0.054,0.069,True,fall,synthetic_ad8232_fall,patient_001,synthetic_ad8232_fall,0.42404006677796324,0.42737653118328733,0.6428571428571428,0.016859374352493905
2026-05-26T16:47:28,patient_001,0.696969696969697,True,synthetic_ad8232,1.0,True,synthetic_max30102,0.4827586206896548,2130,1712,2125,False,False,False,-2.453,0.678,2.896,True,fall,synthetic_ad8232_fall,patient_001,synthetic_ad8232_fall,0.4908180300500834,0.651285103006362,0.7857142857142857,0.8732834893426484
2026-05-26T16:47:33,patient_001,0.09848484848484845,True,synthetic_ad8232,0.7647058823529411,True,synthetic_max30102,0.35862068965517224,2155,1537,1907,False,False,False,0.08,0.046,0.104,True,fall,synthetic_ad8232_fall,patient_001,synthetic_ad8232_fall,0.42570951585976624,0.9827433245687821,0.2142857142857143,0.028546366204434983
2026-05-26T16:47:38,patient_001,0.5,True,synthetic_ad8232,0.882352941176471,True,synthetic_max30102,0.703448275862069,2520,1683,2088,False,False,False,-2.014,-1.305,2.805,True,fall,synthetic_ad8232_fall,patient_001,synthetic_ad8232_fall,0.42737896494156924,0.9850957342898258,0.6428571428571428,0.8360421957458644
2026-05-26T16:47:43,patient_001,0.2651515151515152,True,synthetic_ad8232,0.6470588235294121,True,synthetic_max30102,0.32413793103448185,2365,1610,1998,False,False,False,-0.098,-0.004,0.07,True,fall,synthetic_ad8232_fall,patient_001,synthetic_ad8232_fall,0.42237061769616013,1.0,0.2142857142857143,0.02433198707338919
2026-05-26T16:47:48,patient_001,0.4090909090909091,True,synthetic_ad8232,0.882352941176471,True,synthetic_max30102,0.4241379310344815,2274,1657,2056,False,False,False,-0.045,-0.001,0.123,True,fall,synthetic_ad8232_fall,patient_001,synthetic_ad8232_fall,0.39065108514190305,0.9530067142067447,0.7857142857142857,0.026713723994983788
2026-05-26T16:47:53,patient_001,0.30303030303030304,True,synthetic_ad8232,0.882352941176471,True,synthetic_max30102,0.3793103448275872,1373,1575,1954,False,False,False,2.637,-2.035,2.584,True,fall,synthetic_ad8232_fall,patient_001,synthetic_ad8232_fall,0.3038397328881468,0.637068990345865,0.5,0.9551913711635384
2026-05-26T16:47:58,patient_001,0.5,True,synthetic_ad8232,0.7647058823529411,True,synthetic_max30102,0.38965517241379466,2085,1754,2176,False,False,False,1.472,0.995,-0.2,True,fall,synthetic_ad8232_fall,patient_001,synthetic_ad8232_fall,0.39232053422370616,0.4566329334445874,0.35714285714285715,0.4033554516323649
2026-05-26T16:48:03,patient_001,0.696969696969697,True,synthetic_ad8232,0.7058823529411766,True,synthetic_max30102,0.5517241379310356,1601,1767,2193,False,False,False,-0.042,-0.059,0.124,True,fall,synthetic_ad8232_fall,patient_001,synthetic_ad8232_fall,0.43572621035058423,0.7246434858216316,0.4285714285714286,0.02958301003561267
2026-05-26T16:48:08,patient_001,0.2651515151515152,True,synthetic_ad8232,0.5294117647058831,True,synthetic_max30102,0.5206896551724132,1742,1631,2024,False,False,False,-0.013,-0.135,0.014,True,fall,synthetic_ad8232_fall,patient_001,synthetic_ad8232_fall,0.43572621035058423,0.7246434858216316,0.2857142857142857,0.02793391161434541
2026-05-26T16:48:13,patient_001,0.4318181818181818,True,synthetic_ad8232,0.8235294117647065,True,synthetic_max30102,0.720689655172416,1395,1665,2066,False,False,False,0.089,-0.066,0.0,True,fall,synthetic_ad8232_fall,patient_001,synthetic_ad8232_fall,0.4407345575959932,0.7223484337467195,0.8571428571428571,0.022127729431527642
2026-05-26T16:48:18,patient_001,0.4166666666666667,True,synthetic_ad8232,0.6470588235294121,True,synthetic_max30102,0.21379310344827474,2489,1637,2031,False,False,False,-0.043,-0.131,0.134,True,fall,synthetic_ad8232_fall,patient_001,synthetic_ad8232_fall,0.4657762938230383,0.6566708954944123,0.2857142857142857,0.04064489764688421
2026-05-26T16:48:23,patient_001,0.3181818181818182,True,synthetic_ad8232,0.7058823529411766,True,synthetic_max30102,0.4896551724137943,1455,1662,2062,False,False,False,-1.849,1.691,0.17,True,fall,synthetic_ad8232_fall,patient_001,synthetic_ad8232_fall,0.42570951585976624,0.6976866271955737,0.5714285714285714,0.5677991383796209
2026-05-26T16:48:28,patient_001,0.5,True,synthetic_ad8232,0.7647058823529411,True,synthetic_max30102,0.3999999999999986,1969,1721,2135,False,False,False,-0.114,0.132,0.079,True,fall,synthetic_ad8232_fall,patient_001,synthetic_ad8232_fall,0.38230383973288806,0.39303076347857974,0.5714285714285714,0.040464231393913364
2026-05-26T16:48:33,patient_001,0.1893939393939394,True,synthetic_ad8232,0.7647058823529411,True,synthetic_max30102,0.4896551724137943,2557,1578,1958,False,False,False,1.691,-2.248,3.4,True,fall,synthetic_ad8232_fall,patient_001,synthetic_ad8232_fall,0.36560934891485797,0.5050813550347941,0.5,0.9999999999999999
2026-05-26T16:48:38,patient_001,0.2878787878787879,True,synthetic_ad8232,0.7647058823529411,True,synthetic_max30102,0.5241379310344847,2323,1649,2046,False,False,False,0.127,0.006,0.108,True,fall,synthetic_ad8232_fall,patient_001,synthetic_ad8232_fall,0.333889816360601,0.5012814413336893,0.5,0.03486107021946687
2026-05-26T16:48:43,patient_001,0.6287878787878787,True,synthetic_ad8232,0.7647058823529411,True,synthetic_max30102,0.6586206896551712,2209,1659,2059,False,False,False,-1.531,0.812,2.803,True,fall,synthetic_ad8232_fall,patient_001,synthetic_ad8232_fall,0.38063439065108506,0.7396938733459082,0.5,0.7460198605455023
2026-05-26T16:48:48,patient_001,0.4393939393939394,True,synthetic_ad8232,0.7647058823529411,True,synthetic_max30102,0.44137931034482847,1731,1593,1977,False,False,False,1.598,1.046,1.03,True,fall,synthetic_ad8232_fall,patient_001,synthetic_ad8232_fall,0.40734557595993315,0.7265158631345447,0.5,0.49018004331769344
2026-05-26T16:48:53,patient_001,0.34848484848484845,True,synthetic_ad8232,1.0,True,synthetic_max30102,0.289655172413795,1314,1690,2097,False,False,False,1.983,2.08,-0.058,True,fall,synthetic_ad8232_fall,patient_001,synthetic_ad8232_fall,0.37395659432387307,0.6982633469693517,0.7857142857142857,0.6503038175267148
2026-05-26T16:48:58,patient_001,0.4318181818181818,True,synthetic_ad8232,0.6470588235294121,True,synthetic_max30102,0.4241379310344815,1634,1604,1991,False,False,False,0.032,-0.136,0.089,True,fall,synthetic_ad8232_fall,patient_001,synthetic_ad8232_fall,0.42737896494156924,0.539568480467697,0.07142857142857145,0.03459580244872931
2026-05-26T16:49:03,patient_001,0.5757575757575757,True,synthetic_ad8232,0.8235294117647065,True,synthetic_max30102,0.586206896551726,1979,1762,2186,False,False,False,-0.062,0.12,0.0,True,fall,synthetic_ad8232_fall,patient_001,synthetic_ad8232_fall,0.4908180300500834,0.47952964106817897,0.7142857142857143,0.02764414305192907
2026-05-26T16:49:08,patient_001,0.2878787878787879,True,synthetic_ad8232,0.8235294117647065,True,synthetic_max30102,0.5620689655172431,2201,1704,2115,False,False,False,-1.682,-1.11,0.206,True,fall,synthetic_ad8232_fall,patient_001,synthetic_ad8232_fall,0.41569282136894814,0.45530871721970156,0.5,0.45740572783126265
2026-05-26T16:49:13,patient_001,0.5303030303030303,True,synthetic_ad8232,0.5882352941176476,True,synthetic_max30102,0.431034482758621,1719,1562,1938,False,False,False,2.703,1.139,0.365,True,fall,synthetic_ad8232_fall,patient_001,synthetic_ad8232_fall,0.43572621035058423,0.5043835219796946,0.2142857142857143,0.668811370176993
2026-05-26T16:49:18,patient_001,0.46969696969696967,True,synthetic_ad8232,0.5294117647058831,True,synthetic_max30102,0.33103448275862135,2017,1733,2150,False,False,False,2.352,-0.915,0.175,True,fall,synthetic_ad8232_fall,patient_001,synthetic_ad8232_fall,0.4624373956594322,0.4627625088307713,0.4285714285714286,0.5719731814457291
2026-05-26T16:49:23,patient_001,0.4318181818181818,True,synthetic_ad8232,0.7058823529411766,True,synthetic_max30102,0.6000000000000014,1858,1712,2124,False,False,False,1.576,-1.925,2.99,True,fall,synthetic_ad8232_fall,patient_001,synthetic_ad8232_fall,0.4624373956594322,0.4627625088307713,0.7142857142857143,0.8810841163667916
2026-05-26T16:49:28,patient_001,0.47727272727272735,True,synthetic_ad8232,0.6470588235294121,True,synthetic_max30102,0.5241379310344847,3020,1709,2121,False,False,False,0.13,0.057,0.0,True,fall,synthetic_ad8232_fall,patient_001,synthetic_ad8232_fall,0.4407345575959932,0.3839645835869882,0.4285714285714286,0.029207281881994545
2026-05-26T16:49:33,patient_001,0.29545454545454547,True,synthetic_ad8232,0.7647058823529411,True,synthetic_max30102,0.6172413793103448,1672,1752,2174,False,False,False,0.198,-0.059,0.021,True,fall,synthetic_ad8232_fall,patient_001,synthetic_ad8232_fall,0.4424040066777962,0.3708998112983248,0.6428571428571428,0.04414598384967444
2026-05-26T16:49:38,patient_001,0.3863636363636364,True,synthetic_ad8232,0.7647058823529411,True,synthetic_max30102,0.572413793103447,2719,1957,2429,False,False,False,0.037,-0.032,0.153,True,fall,synthetic_ad8232_fall,patient_001,synthetic_ad8232_fall,0.41068447412353914,0.312111688903195,0.5,0.03345399209985382
2026-05-26T16:49:43,patient_001,0.4318181818181818,True,synthetic_ad8232,0.5882352941176476,True,synthetic_max30102,0.3724137931034477,1575,1678,2082,False,False,False,-2.094,2.378,0.537,True,fall,synthetic_ad8232_fall,patient_001,synthetic_ad8232_fall,0.40233722871452415,0.2886606089634553,0.2857142857142857,0.7274412157313438
2026-05-26T16:49:48,patient_001,0.5984848484848484,True,synthetic_ad8232,0.7647058823529411,True,synthetic_max30102,0.24137931034482918,1734,1679,2083,False,False,False,-3.0,0.946,3.057,True,fall,synthetic_ad8232_fall,patient_001,synthetic_ad8232_fall,0.4390651085141902,0.4696697937975109,0.7142857142857143,0.9939856622657097
2026-05-26T16:49:53,patient_001,0.5151515151515151,True,synthetic_ad8232,0.7058823529411766,True,synthetic_max30102,0.5137931034482772,1732,1665,2066,False,False,False,1.056,1.539,0.423,True,fall,synthetic_ad8232_fall,patient_001,synthetic_ad8232_fall,0.4474123539232052,0.48857326385627925,0.4285714285714286,0.43195641727573975
2026-05-26T16:49:58,patient_001,0.5984848484848484,True,synthetic_ad8232,0.5882352941176476,True,synthetic_max30102,0.6000000000000014,2316,1648,2045,False,False,False,1.422,0.951,-0.2,True,fall,synthetic_ad8232_fall,patient_001,synthetic_ad8232_fall,0.5141903171953254,0.4027679215021027,0.35714285714285715,0.3884411327624259
2026-05-26T16:50:03,patient_001,0.5075757575757576,True,synthetic_ad8232,0.6470588235294121,True,synthetic_max30102,0.5310344827586206,2562,1733,2150,False,False,False,0.121,0.046,0.144,True,fall,synthetic_ad8232_fall,patient_001,synthetic_ad8232_fall,0.5409015025041736,0.29418571511950786,0.5714285714285714,0.0409553175464516
2026-05-26T16:50:08,patient_001,0.2424242424242425,True,synthetic_ad8232,0.7647058823529411,True,synthetic_max30102,0.44482758620689644,1737,1649,2046,False,False,False,0.036,0.051,0.104,True,fall,synthetic_ad8232_fall,patient_001,synthetic_ad8232_fall,0.4991652754590984,0.6130807191550374,0.6428571428571428,0.024513420708099396
2026-05-26T16:50:13,patient_001,0.5681818181818181,True,synthetic_ad8232,0.8235294117647065,True,synthetic_max30102,0.32413793103448185,2738,1670,2072,False,False,False,0.841,-1.121,2.731,True,fall,synthetic_ad8232_fall,patient_001,synthetic_ad8232_fall,0.4924874791318864,0.5923771920382968,0.5714285714285714,0.6946727091774294
2026-05-26T16:50:18,patient_001,0.2575757575757576,True,synthetic_ad8232,0.8235294117647065,True,synthetic_max30102,0.7137931034482765,1739,1634,2028,False,False,False,-0.003,-0.091,0.0,True,fall,synthetic_ad8232_fall,patient_001,synthetic_ad8232_fall,0.43572621035058423,0.7201159433890599,0.5,0.017637949912425545
2026-05-26T16:50:23,patient_001,0.3181818181818182,True,synthetic_ad8232,0.7058823529411766,True,synthetic_max30102,0.43448275862068897,1416,1687,2094,False,False,False,-2.175,1.312,0.743,True,fall,synthetic_ad8232_fall,patient_001,synthetic_ad8232_fall,0.37395659432387307,0.6260746019970578,0.35714285714285715,0.5985081415196267
2026-05-26T16:50:28,patient_001,0.47727272727272735,True,synthetic_ad8232,0.8235294117647065,True,synthetic_max30102,0.43448275862068897,2872,1737,2155,False,False,False,-0.833,1.763,0.17,True,fall,synthetic_ad8232_fall,patient_001,synthetic_ad8232_fall,0.3672787979966611,0.6008112324711481,0.6428571428571428,0.44184305159115855
2026-05-26T16:50:33,patient_001,0.4924242424242425,True,synthetic_ad8232,0.7058823529411766,True,synthetic_max30102,0.5827586206896544,2171,1581,1962,False,False,False,1.089,0.832,0.229,True,fall,synthetic_ad8232_fall,patient_001,synthetic_ad8232_fall,0.42237061769616013,0.5427298599817125,0.35714285714285715,0.3127726546533334
2026-05-26T16:50:38,patient_001,0.30303030303030304,True,synthetic_ad8232,0.9411764705882355,True,synthetic_max30102,0.4068965517241381,2308,1659,2059,False,False,False,1.842,2.098,2.8,True,fall,synthetic_ad8232_fall,patient_001,synthetic_ad8232_fall,0.36393989983305497,0.45053164841909993,0.7857142857142857,0.8957205934700195
2026-05-26T16:50:43,patient_001,0.28030303030303033,True,synthetic_ad8232,0.5882352941176476,True,synthetic_max30102,0.49655172413793025,2737,1604,1991,False,False,False,-1.34,-1.111,-0.117,True,fall,synthetic_ad8232_fall,patient_001,synthetic_ad8232_fall,0.3689482470784641,0.42714099711679854,0.07142857142857145,0.3934977288911373
2026-05-26T16:50:48,patient_001,0.5378787878787878,True,synthetic_ad8232,0.7058823529411766,True,synthetic_max30102,0.5172413793103452,2169,1721,2136,False,False,False,1.43,-1.151,0.066,True,fall,synthetic_ad8232_fall,patient_001,synthetic_ad8232_fall,0.41736227045075125,0.4936957908098255,0.6428571428571428,0.4144703211635518
2026-05-26T16:50:53,patient_001,0.393939393939394,True,synthetic_ad8232,0.7058823529411766,True,synthetic_max30102,0.3965517241379306,2278,1784,2214,False,False,False,-1.691,-2.048,0.24,True,fall,synthetic_ad8232_fall,patient_001,synthetic_ad8232_fall,0.39899833055091816,0.4742541269771042,0.5,0.6031014132399144
2026-05-26T16:50:58,patient_001,0.3636363636363637,True,synthetic_ad8232,0.7647058823529411,True,synthetic_max30102,0.3103448275862064,2589,1642,2038,False,False,False,0.015,-0.054,0.07,True,fall,synthetic_ad8232_fall,patient_001,synthetic_ad8232_fall,0.37061769616026696,0.424778473483142,0.5714285714285714,0.017324765312898
2026-05-26T16:51:03,patient_001,0.3863636363636364,True,synthetic_ad8232,0.7647058823529411,True,synthetic_max30102,0.5172413793103452,2138,1679,2083,False,False,False,-1.693,0.545,2.888,True,fall,synthetic_ad8232_fall,patient_001,synthetic_ad8232_fall,0.38898163606010006,0.3894296203474834,0.5,0.767900093130789
2026-05-26T16:51:08,patient_001,0.42424242424242425,True,synthetic_ad8232,0.8235294117647065,True,synthetic_max30102,0.6103448275862089,3290,1719,2133,False,False,False,-0.027,0.053,0.109,True,fall,synthetic_ad8232_fall,patient_001,synthetic_ad8232_fall,0.42070116861435713,0.28778772940543673,0.5714285714285714,0.025167176198122723
2026-05-26T16:51:13,patient_001,0.5,True,synthetic_ad8232,0.882352941176471,True,synthetic_max30102,0.41034482758620605,2000,1673,2076,False,False,False,-1.408,-1.176,2.725,True,fall,synthetic_ad8232_fall,patient_001,synthetic_ad8232_fall,0.41235392320534214,0.22160638337298713,0.5714285714285714,0.7436347309069575
2026-05-26T16:51:18,patient_001,0.5151515151515151,True,synthetic_ad8232,0.882352941176471,True,synthetic_max30102,0.3275862068965534,2068,1808,2244,False,False,False,-0.052,0.038,0.068,True,fall,synthetic_ad8232_fall,patient_001,synthetic_ad8232_fall,0.4390651085141902,0.28231564493891725,0.5,0.018231107684628853
2026-05-26T16:51:23,patient_001,0.4393939393939394,True,synthetic_ad8232,0.8235294117647065,True,synthetic_max30102,0.3413793103448288,1941,1766,2192,False,False,False,-0.021,-0.041,0.054,True,fall,synthetic_ad8232_fall,patient_001,synthetic_ad8232_fall,0.4557595993322202,0.22476268611569084,0.4285714285714286,0.013075800978268024
2026-05-26T16:51:28,patient_001,0.4924242424242425,True,synthetic_ad8232,0.8235294117647065,True,synthetic_max30102,0.27931034482758754,2048,1609,1997,False,False,False,1.023,-1.679,0.103,True,fall,synthetic_ad8232_fall,patient_001,synthetic_ad8232_fall,0.4791318864774623,0.16726102468111756,0.5,0.4444611761852559
2026-05-26T16:51:33,patient_001,0.5454545454545454,True,synthetic_ad8232,0.6470588235294121,True,synthetic_max30102,0.3758620689655192,1325,1696,2104,False,False,False,-3.0,-0.292,3.044,True,fall,synthetic_ad8232_fall,patient_001,synthetic_ad8232_fall,0.5058430717863104,0.1623764344686931,0.2857142857142857,0.9706797665504612
2026-05-26T16:51:38,patient_001,0.5075757575757576,True,synthetic_ad8232,0.7058823529411766,True,synthetic_max30102,0.5137931034482772,3240,1853,2300,False,False,False,1.931,1.875,-0.2,True,fall,synthetic_ad8232_fall,patient_001,synthetic_ad8232_fall,0.5075125208681134,0.16330342449947421,0.5714285714285714,0.6104302290706699
2026-05-26T16:51:43,patient_001,0.6363636363636362,True,synthetic_ad8232,0.9411764705882355,True,synthetic_max30102,0.4379310344827605,2216,1796,2229,False,False,False,-0.008,-0.124,0.17,True,fall,synthetic_ad8232_fall,patient_001,synthetic_ad8232_fall,0.5342237061769616,0.3070733666909993,0.7857142857142857,0.04480577172692571
2026-05-26T15:38:28,patient_001,0.393939393939394,True,synthetic_ad8232,0.8235294117647065,True,synthetic_max30102,0.3413793103448288,2198,1804,2239,False,False,False,-0.002,-0.003,0.941,False,normal_light,synthetic_ad8232_normal_light,patient_001,synthetic_ad8232_normal_light,0.39065108514190305,0.0,0.5,0.2108379010020878
2026-05-26T15:38:33,patient_001,0.34848484848484845,True,synthetic_ad8232,0.6470588235294121,True,synthetic_max30102,0.3275862068965534,2607,1665,2066,False,False,False,-0.007,-0.093,1.239,False,normal_light,synthetic_ad8232_normal_light,patient_001,synthetic_ad8232_normal_light,0.36560934891485797,0.1345887029039997,0.2857142857142857,0.2793700852759677
2026-05-26T15:38:38,patient_001,0.37121212121212127,True,synthetic_ad8232,0.8235294117647065,True,synthetic_max30102,0.4068965517241381,1686,1542,1914,False,False,False,0.041,0.339,0.572,False,normal_light,synthetic_ad8232_normal_light,patient_001,synthetic_ad8232_normal_light,0.36560934891485797,0.09516858449451979,0.7142857142857143,0.14836658107966874
2026-05-26T15:38:43,patient_001,0.3636363636363637,True,synthetic_ad8232,0.882352941176471,True,synthetic_max30102,0.4586206896551719,2503,1692,2099,False,False,False,-0.029,0.213,1.175,False,normal_light,synthetic_ad8232_normal_light,patient_001,synthetic_ad8232_normal_light,0.3635225375626042,0.07930715374543316,0.5714285714285714,0.26845871017145506
2026-05-26T15:38:48,patient_001,0.37878787878787884,True,synthetic_ad8232,0.7647058823529411,True,synthetic_max30102,0.4827586206896548,1282,1513,1877,False,False,False,0.06,0.03,1.255,False,normal_light,synthetic_ad8232_normal_light,patient_001,synthetic_ad8232_normal_light,0.36560934891485797,0.07093447475072624,0.35714285714285715,0.28261746597462106
2026-05-26T15:38:53,patient_001,0.28030303030303033,True,synthetic_ad8232,0.7647058823529411,True,synthetic_max30102,0.38965517241379466,3033,1834,2276,False,False,False,-0.231,-0.147,0.835,False,normal_light,synthetic_ad8232_normal_light,patient_001,synthetic_ad8232_normal_light,0.340567612687813,0.16635608914280176,0.5,0.19668571890317202
2026-05-26T15:38:58,patient_001,0.3333333333333333,True,synthetic_ad8232,0.7647058823529411,True,synthetic_max30102,0.30344827586207046,1398,1668,2070,False,False,False,-0.303,0.009,0.81,False,normal_light,synthetic_ad8232_normal_light,patient_001,synthetic_ad8232_normal_light,0.3372287145242069,0.16875846748591203,0.5,0.1935302387806318
2026-05-26T15:39:03,patient_001,0.3106060606060606,True,synthetic_ad8232,0.8235294117647065,True,synthetic_max30102,0.4482758620689644,2271,1616,2005,False,False,False,0.115,-0.208,1.144,False,normal_light,synthetic_ad8232_normal_light,patient_001,synthetic_ad8232_normal_light,0.3238731218697829,0.16635608914280173,0.5714285714285714,0.26253204909553435
2026-05-26T15:39:08,patient_001,0.3636363636363637,True,synthetic_ad8232,0.7058823529411766,True,synthetic_max30102,0.38275862068965516,2636,1783,2213,False,False,False,0.106,0.14,0.965,False,normal_light,synthetic_ad8232_normal_light,patient_001,synthetic_ad8232_normal_light,0.3238731218697829,0.16635608914280173,0.35714285714285715,0.21989378932547465
2026-05-26T15:39:13,patient_001,0.34848484848484845,True,synthetic_ad8232,0.882352941176471,True,synthetic_max30102,0.6000000000000014,1762,1778,2206,False,False,False,0.393,-0.191,0.823,False,normal_light,synthetic_ad8232_normal_light,patient_001,synthetic_ad8232_normal_light,0.3171953255425709,0.13718074540008773,0.7142857142857143,0.2087460673930101
2026-05-26T15:39:18,patient_001,0.27272727272727276,True,synthetic_ad8232,0.7647058823529411,True,synthetic_max30102,0.4551724137931039,1637,1617,2006,False,False,False,0.022,-0.087,0.869,False,normal_light,synthetic_ad8232_normal_light,patient_001,synthetic_ad8232_normal_light,0.3155258764607679,0.1487934095177277,0.35714285714285715,0.19552076341481417
2026-05-26T15:39:23,patient_001,0.5227272727272727,True,synthetic_ad8232,0.8235294117647065,True,synthetic_max30102,0.5000000000000018,1308,1521,1887,False,False,False,-0.048,-0.003,0.862,False,normal_light,synthetic_ad8232_normal_light,patient_001,synthetic_ad8232_normal_light,0.357262103505843,0.4006385162342098,0.5714285714285714,0.19318392842373225
2026-05-26T15:39:28,patient_001,0.2424242424242425,True,synthetic_ad8232,0.6470588235294121,True,synthetic_max30102,0.29999999999999893,2425,1689,2096,False,False,False,0.278,0.022,1.222,False,normal_light,synthetic_ad8232_normal_light,patient_001,synthetic_ad8232_normal_light,0.342237061769616,0.45663293344458755,0.2857142857142857,0.2818502151411003
2026-05-26T15:39:33,patient_001,0.30303030303030304,True,synthetic_ad8232,0.882352941176471,True,synthetic_max30102,0.4827586206896548,1553,1632,2025,False,False,False,-0.064,0.131,1.092,False,normal_light,synthetic_ad8232_normal_light,patient_001,synthetic_ad8232_normal_light,0.3288814691151919,0.4627625088307716,0.7857142857142857,0.24736205580618525
2026-05-26T15:39:38,patient_001,0.28030303030303033,True,synthetic_ad8232,0.8235294117647065,True,synthetic_max30102,0.44482758620689644,2772,1708,2120,False,False,False,-0.103,0.035,1.093,False,normal_light,synthetic_ad8232_normal_light,patient_001,synthetic_ad8232_normal_light,0.3138564273789648,0.4734045891217253,0.4285714285714286,0.24661425161292144
2026-05-26T15:39:43,patient_001,0.44696969696969696,True,synthetic_ad8232,0.7647058823529411,True,synthetic_max30102,0.5758620689655185,1304,1662,2063,False,False,False,-0.056,0.218,1.002,False,normal_light,synthetic_ad8232_normal_light,patient_001,synthetic_ad8232_normal_light,0.352253756260434,0.5018833404194252,0.4285714285714286,0.23037740482775723
2026-05-26T15:39:48,patient_001,0.34848484848484845,True,synthetic_ad8232,0.7058823529411766,True,synthetic_max30102,0.5068965517241377,1755,1627,2019,False,False,False,0.313,-0.113,1.044,False,normal_light,synthetic_ad8232_normal_light,patient_001,synthetic_ad8232_normal_light,0.3138564273789648,0.32921544877753983,0.4285714285714286,0.24601246253240205
2026-05-26T15:39:53,patient_001,0.4166666666666667,True,synthetic_ad8232,0.8235294117647065,True,synthetic_max30102,0.5827586206896544,1972,1741,2160,False,False,False,-0.047,0.21,1.008,False,normal_light,synthetic_ad8232_normal_light,patient_001,synthetic_ad8232_normal_light,0.352253756260434,0.2997768449826686,0.6428571428571428,0.23122899248908385
2026-05-26T15:39:58,patient_001,0.3636363636363637,True,synthetic_ad8232,0.8235294117647065,True,synthetic_max30102,0.3344827586206893,2823,1784,2214,False,False,False,0.159,0.147,1.097,False,normal_light,synthetic_ad8232_normal_light,patient_001,synthetic_ad8232_normal_light,0.36560934891485797,0.27011043254258166,0.5,0.25110751115825347
2026-05-26T15:40:03,patient_001,0.3409090909090909,True,synthetic_ad8232,0.882352941176471,True,synthetic_max30102,0.35517241379310427,2018,1700,2110,False,False,False,0.044,-0.078,1.282,False,normal_light,synthetic_ad8232_normal_light,patient_001,synthetic_ad8232_normal_light,0.37896494156928207,0.19374333491215678,0.5714285714285714,0.2890576127518941
2026-05-26T15:40:08,patient_001,0.44696969696969696,True,synthetic_ad8232,0.6470588235294121,True,synthetic_max30102,0.22068965517241423,1976,1600,1986,False,False,False,0.183,0.041,1.035,False,normal_light,synthetic_ad8232_normal_light,patient_001,synthetic_ad8232_normal_light,0.37896494156928207,0.19374333491215678,0.2142857142857143,0.23603384886567536
2026-05-26T15:40:13,patient_001,0.5,True,synthetic_ad8232,0.882352941176471,True,synthetic_max30102,0.431034482758621,2485,1716,2130,False,False,False,-0.039,-0.041,0.607,False,normal_light,synthetic_ad8232_normal_light,patient_001,synthetic_ad8232_normal_light,0.41235392320534214,0.26786570858992353,0.7857142857142857,0.13551455136186005
2026-05-26T15:40:18,patient_001,0.2575757575757576,True,synthetic_ad8232,0.7647058823529411,True,synthetic_max30102,0.30344827586207046,2433,1705,2116,False,False,False,-0.134,0.04,0.615,False,normal_light,synthetic_ad8232_normal_light,patient_001,synthetic_ad8232_normal_light,0.37729549248747907,0.3953284620862678,0.35714285714285715,0.14030318643488163
2026-05-26T15:40:23,patient_001,0.34848484848484845,True,synthetic_ad8232,0.6470588235294121,True,synthetic_max30102,0.3172413793103459,2318,1596,1980,False,False,False,0.262,-0.47,0.927,False,normal_light,synthetic_ad8232_normal_light,patient_001,synthetic_ad8232_normal_light,0.37395659432387307,0.3993806213985813,0.35714285714285715,0.24058036840545716
2026-05-26T15:40:28,patient_001,0.3181818181818182,True,synthetic_ad8232,0.882352941176471,True,synthetic_max30102,0.46896551724137936,2448,1570,1948,False,False,False,0.371,-0.007,1.058,False,normal_light,synthetic_ad8232_normal_light,patient_001,synthetic_ad8232_normal_light,0.3689482470784641,0.41093045908754106,0.7857142857142857,0.25179317749175145
2026-05-26T15:40:33,patient_001,0.3106060606060606,True,synthetic_ad8232,0.7647058823529411,True,synthetic_max30102,0.41034482758620605,1431,1691,2098,False,False,False,-0.241,0.071,1.164,False,normal_light,synthetic_ad8232_normal_light,patient_001,synthetic_ad8232_normal_light,0.3388981636060099,0.38357124431667183,0.35714285714285715,0.26761850322830194
2026-05-26T15:40:38,patient_001,0.356060606060606,True,synthetic_ad8232,0.882352941176471,True,synthetic_max30102,0.2310344827586217,2898,1706,2117,False,False,False,-0.153,0.188,1.039,False,normal_light,synthetic_ad8232_normal_light,patient_001,synthetic_ad8232_normal_light,0.3071786310517528,0.16330342449947444,0.6428571428571428,0.2394539134297762
2026-05-26T15:40:43,patient_001,0.393939393939394,True,synthetic_ad8232,0.882352941176471,True,synthetic_max30102,0.6551724137931032,1905,1713,2126,False,False,False,0.002,-0.114,1.067,False,normal_light,synthetic_ad8232_normal_light,patient_001,synthetic_ad8232_normal_light,0.3372287145242069,0.13936413051249277,0.5,0.24085759477423074
2026-05-26T15:40:48,patient_001,0.29545454545454547,True,synthetic_ad8232,1.0,True,synthetic_max30102,0.44482758620689644,2285,1651,2049,False,False,False,-0.092,0.195,0.97,False,normal_light,synthetic_ad8232_normal_light,patient_001,synthetic_ad8232_normal_light,0.3255425709515859,0.16695992448253652,0.6428571428571428,0.22280952956447028
2026-05-26T15:40:53,patient_001,0.27272727272727276,True,synthetic_ad8232,0.8235294117647065,True,synthetic_max30102,0.6000000000000014,1924,1637,2031,False,False,False,0.124,-0.038,0.899,False,normal_light,synthetic_ad8232_normal_light,patient_001,synthetic_ad8232_normal_light,0.3155258764607679,0.20436023971834594,0.2857142857142857,0.20340495849720067
2026-05-26T15:40:58,patient_001,0.3409090909090909,True,synthetic_ad8232,0.882352941176471,True,synthetic_max30102,0.24482758620689715,2541,1598,1983,False,False,False,0.195,-0.038,1.058,False,normal_light,synthetic_ad8232_normal_light,patient_001,synthetic_ad8232_normal_light,0.3222036727879799,0.20238091714495712,0.5714285714285714,0.24163418474733175
2026-05-26T15:41:03,patient_001,0.44696969696969696,True,synthetic_ad8232,0.882352941176471,True,synthetic_max30102,0.26896551724138007,2249,1689,2096,False,False,False,0.189,0.103,0.701,False,normal_light,synthetic_ad8232_normal_light,patient_001,synthetic_ad8232_normal_light,0.342237061769616,0.29876805857183525,0.5,0.16362531941476002
2026-05-26T15:41:08,patient_001,0.40151515151515155,True,synthetic_ad8232,0.8235294117647065,True,synthetic_max30102,0.44137931034482847,1994,1662,2063,False,False,False,0.305,0.251,0.474,False,normal_light,synthetic_ad8232_normal_light,patient_001,synthetic_ad8232_normal_light,0.343906510851419,0.30394408472915485,0.4285714285714286,0.13719176510568007
2026-05-26T15:41:13,patient_001,0.2424242424242425,True,synthetic_ad8232,0.8235294117647065,True,synthetic_max30102,0.5344827586206886,2624,1614,2003,False,False,False,-0.156,0.091,0.825,False,normal_light,synthetic_ad8232_normal_light,patient_001,synthetic_ad8232_normal_light,0.3322203672787979,0.35820153902253987,0.5,0.18890966670082918
2026-05-26T15:41:18,patient_001,0.32575757575757575,True,synthetic_ad8232,0.882352941176471,True,synthetic_max30102,0.23448275862068968,1533,1712,2125,False,False,False,0.375,0.138,0.957,False,normal_light,synthetic_ad8232_normal_light,patient_001,synthetic_ad8232_normal_light,0.343906510851419,0.3262985838533407,0.5714285714285714,0.23267398195899
2026-05-26T15:41:23,patient_001,0.44696969696969696,True,synthetic_ad8232,0.8235294117647065,True,synthetic_max30102,0.39310344827586263,2394,1708,2120,False,False,False,-0.048,-0.075,1.115,False,normal_light,synthetic_ad8232_normal_light,patient_001,synthetic_ad8232_normal_light,0.3672787979966611,0.3688592687037765,0.4285714285714286,0.2511944001517341
2026-05-26T15:41:28,patient_001,0.3636363636363637,True,synthetic_ad8232,0.882352941176471,True,synthetic_max30102,0.3724137931034477,1841,1772,2199,False,False,False,0.441,-0.252,1.217,False,normal_light,synthetic_ad8232_normal_light,patient_001,synthetic_ad8232_normal_light,0.348914858096828,0.32583563930639314,0.5714285714285714,0.2966985829066698
2026-05-26T15:41:33,patient_001,0.5151515151515151,True,synthetic_ad8232,0.882352941176471,True,synthetic_max30102,0.5068965517241377,2732,1728,2144,False,False,False,0.045,-0.009,0.952,False,normal_light,synthetic_ad8232_normal_light,patient_001,synthetic_ad8232_normal_light,0.37395659432387307,0.4435532195679696,0.5,0.21358796558350449
2026-05-26T15:41:38,patient_001,0.37878787878787884,True,synthetic_ad8232,0.7647058823529411,True,synthetic_max30102,0.4931034482758623,1673,1662,2063,False,False,False,0.206,0.148,1.124,False,normal_light,synthetic_ad8232_normal_light,patient_001,synthetic_ad8232_normal_light,0.40400667779632704,0.3145206134142141,0.35714285714285715,0.2588581483565462
2026-05-26T15:41:43,patient_001,0.30303030303030304,True,synthetic_ad8232,0.7058823529411766,True,synthetic_max30102,0.4379310344827605,2437,1584,1966,False,False,False,0.025,-0.049,0.458,False,normal_light,synthetic_ad8232_normal_light,patient_001,synthetic_ad8232_normal_light,0.39899833055091816,0.34166567464312964,0.4285714285714286,0.10179601989498029
2026-05-26T15:41:48,patient_001,0.3181818181818182,True,synthetic_ad8232,0.882352941176471,True,synthetic_max30102,0.27931034482758754,2909,1831,2272,False,False,False,0.299,0.004,1.042,False,normal_light,synthetic_ad8232_normal_light,patient_001,synthetic_ad8232_normal_light,0.37061769616026696,0.3515374017546987,0.7142857142857143,0.24335411320762312
2026-05-26T15:41:53,patient_001,0.3409090909090909,True,synthetic_ad8232,0.7647058823529411,True,synthetic_max30102,0.38275862068965516,2156,1776,2204,False,False,False,0.132,0.011,0.919,False,normal_light,synthetic_ad8232_normal_light,patient_001,synthetic_ad8232_normal_light,0.36560934891485797,0.3574984931259152,0.35714285714285715,0.20799424793869872
2026-05-26T15:41:58,patient_001,0.5227272727272727,True,synthetic_ad8232,0.8235294117647065,True,synthetic_max30102,0.586206896551726,2233,1644,2040,False,False,False,0.104,0.203,0.86,False,normal_light,synthetic_ad8232_normal_light,patient_001,synthetic_ad8232_normal_light,0.3672787979966611,0.37089981129832517,0.5714285714285714,0.1991830873422381
2026-05-26T15:42:03,patient_001,0.4318181818181818,True,synthetic_ad8232,0.8235294117647065,True,synthetic_max30102,0.289655172413795,2578,1696,2105,False,False,False,-0.205,-0.227,0.672,False,normal_light,synthetic_ad8232_normal_light,patient_001,synthetic_ad8232_normal_light,0.37896494156928207,0.3876165028552061,0.5,0.16476938716373898
2026-05-26T15:42:08,patient_001,0.3636363636363637,True,synthetic_ad8232,0.6470588235294121,True,synthetic_max30102,0.3965517241379306,2766,1652,2050,False,False,False,0.011,0.407,0.728,False,normal_light,synthetic_ad8232_normal_light,patient_001,synthetic_ad8232_normal_light,0.39232053422370616,0.3470718816230788,0.2857142857142857,0.1865416299026402
2026-05-26T15:42:13,patient_001,0.393939393939394,True,synthetic_ad8232,0.882352941176471,True,synthetic_max30102,0.4241379310344815,1586,1743,2163,False,False,False,0.099,0.17,0.844,False,normal_light,synthetic_ad8232_normal_light,patient_001,synthetic_ad8232_normal_light,0.40901502504173615,0.2987680585718353,0.7857142857142857,0.1939302413397543
2026-05-26T15:42:18,patient_001,0.3863636363636364,True,synthetic_ad8232,0.8235294117647065,True,synthetic_max30102,0.35517241379310427,1593,1658,2057,False,False,False,0.036,-0.082,0.797,False,normal_light,synthetic_ad8232_normal_light,patient_001,synthetic_ad8232_normal_light,0.41903171953255425,0.2621698266648644,0.4285714285714286,0.17924441841357575
2026-05-26T15:42:23,patient_001,0.3863636363636364,True,synthetic_ad8232,0.7058823529411766,True,synthetic_max30102,0.4827586206896548,2339,1773,2200,False,False,False,-0.173,-0.072,0.878,False,normal_light,synthetic_ad8232_normal_light,patient_001,synthetic_ad8232_normal_light,0.38898163606010006,0.10376819057623349,0.35714285714285715,0.201010680000148
2026-05-26T15:42:28,patient_001,0.34848484848484845,True,synthetic_ad8232,0.882352941176471,True,synthetic_max30102,0.21034482758620676,2316,1681,2086,False,False,False,0.032,0.39,1.014,False,normal_light,synthetic_ad8232_normal_light,patient_001,synthetic_ad8232_normal_light,0.37061769616026696,0.07962375042839577,0.7142857142857143,0.24399688825137694
2026-05-26T15:42:33,patient_001,0.42424242424242425,True,synthetic_ad8232,0.6470588235294121,True,synthetic_max30102,0.2517241379310331,1254,1666,2067,False,False,False,0.078,-0.099,1.226,False,normal_light,synthetic_ad8232_normal_light,patient_001,synthetic_ad8232_normal_light,0.38397328881469106,0.11305094983559434,0.2142857142857143,0.27708708124926057
2026-05-26T15:42:38,patient_001,0.28030303030303033,True,synthetic_ad8232,0.6470588235294121,True,synthetic_max30102,0.38965517241379466,2097,1748,2169,False,False,False,0.006,-0.046,1.184,False,normal_light,synthetic_ad8232_normal_light,patient_001,synthetic_ad8232_normal_light,0.358931552587646,0.22809597756731517,0.5,0.2662780434506555
2026-05-26T15:42:43,patient_001,0.21969696969696967,True,synthetic_ad8232,0.882352941176471,True,synthetic_max30102,0.46896551724137936,1824,1795,2227,False,False,False,0.096,0.207,0.78,False,normal_light,synthetic_ad8232_normal_light,patient_001,synthetic_ad8232_normal_light,0.3222036727879799,0.34416015331545846,0.7857142857142857,0.18167076569098586
2026-05-26T15:42:48,patient_001,0.4166666666666667,True,synthetic_ad8232,0.7058823529411766,True,synthetic_max30102,0.32413793103448185,2069,1703,2113,False,False,False,0.313,-0.017,1.141,False,normal_light,synthetic_ad8232_normal_light,patient_001,synthetic_ad8232_normal_light,0.3288814691151919,0.3689956559403485,0.2857142857142857,0.26590668504058745
2026-05-26T15:42:53,patient_001,0.45454545454545453,True,synthetic_ad8232,0.8235294117647065,True,synthetic_max30102,0.24137931034482918,1663,1585,1967,False,False,False,-0.105,0.129,1.061,False,normal_light,synthetic_ad8232_normal_light,patient_001,synthetic_ad8232_normal_light,0.352253756260434,0.43066048256466477,0.6428571428571428,0.241058535182818
2026-05-26T15:42:58,patient_001,0.32575757575757575,True,synthetic_ad8232,0.7647058823529411,True,synthetic_max30102,0.27931034482758754,2084,1729,2145,False,False,False,-0.073,-0.101,1.129,False,normal_light,synthetic_ad8232_normal_light,patient_001,synthetic_ad8232_normal_light,0.3305509181969949,0.4040152701727454,0.4285714285714286,0.2551283732482293
2026-05-26T15:43:03,patient_001,0.3333333333333333,True,synthetic_ad8232,0.8235294117647065,True,synthetic_max30102,0.3344827586206893,2047,1595,1979,False,False,False,-0.166,-0.139,0.876,False,normal_light,synthetic_ad8232_normal_light,patient_001,synthetic_ad8232_normal_light,0.342237061769616,0.38159846639391976,0.5714285714285714,0.20205317720143146
2026-05-26T15:43:08,patient_001,0.4166666666666667,True,synthetic_ad8232,0.7058823529411766,True,synthetic_max30102,0.41724137931034555,1439,1587,1969,False,False,False,0.0,0.091,0.988,False,normal_light,synthetic_ad8232_normal_light,patient_001,synthetic_ad8232_normal_light,0.38564273789649417,0.23802718061998218,0.35714285714285715,0.2224702636975615
2026-05-26T15:43:13,patient_001,0.3636363636363637,True,synthetic_ad8232,0.882352941176471,True,synthetic_max30102,0.1999999999999993,1835,1716,2130,False,False,False,0.102,0.244,0.962,False,normal_light,synthetic_ad8232_normal_light,patient_001,synthetic_ad8232_normal_light,0.37395659432387307,0.23203272803061045,0.7142857142857143,0.22372212369564776
2026-05-26T15:43:18,patient_001,0.356060606060606,True,synthetic_ad8232,0.7058823529411766,True,synthetic_max30102,0.18620689655172384,1372,1583,1964,False,False,False,0.21,-0.147,0.908,False,normal_light,synthetic_ad8232_normal_light,patient_001,synthetic_ad8232_normal_light,0.352253756260434,0.1498044748944436,0.2857142857142857,0.21140227562738834
2026-05-26T15:43:23,patient_001,0.34848484848484845,True,synthetic_ad8232,0.7647058823529411,True,synthetic_max30102,0.45172413793103594,1766,1784,2214,False,False,False,0.121,0.088,1.033,False,normal_light,synthetic_ad8232_normal_light,patient_001,synthetic_ad8232_normal_light,0.357262103505843,0.13270625071399245,0.5714285714285714,0.23419849059065712
2026-05-26T15:43:28,patient_001,0.3636363636363637,True,synthetic_ad8232,0.9411764705882355,True,synthetic_max30102,0.5344827586206886,2208,1713,2126,False,False,False,-0.216,-0.026,1.234,False,normal_light,synthetic_ad8232_normal_light,patient_001,synthetic_ad8232_normal_light,0.36393989983305497,0.11305094983559427,0.7142857142857143,0.2817627916366943
2026-05-26T15:43:33,patient_001,0.34848484848484845,True,synthetic_ad8232,0.7647058823529411,True,synthetic_max30102,0.44137931034482847,2246,1630,2023,False,False,False,-0.005,0.022,1.004,False,normal_light,synthetic_ad8232_normal_light,patient_001,synthetic_ad8232_normal_light,0.348914858096828,0.03172286149817394,0.2857142857142857,0.22521418466865792
2026-05-26T15:43:38,patient_001,0.553030303030303,True,synthetic_ad8232,0.7058823529411766,True,synthetic_max30102,0.44482758620689644,2677,1759,2183,False,False,False,-0.097,0.134,0.998,False,normal_light,synthetic_ad8232_normal_light,patient_001,synthetic_ad8232_normal_light,0.39065108514190305,0.37333374066118286,0.4285714285714286,0.22688796375873452
2026-05-26T15:43:43,patient_001,0.37878787878787884,True,synthetic_ad8232,0.9411764705882355,True,synthetic_max30102,0.18620689655172384,1633,1597,1982,False,False,False,0.326,0.098,1.184,False,normal_light,synthetic_ad8232_normal_light,patient_001,synthetic_ad8232_normal_light,0.39565943238731205,0.3655707103266991,0.7857142857142857,0.2769740938046992
2026-05-26T15:43:48,patient_001,0.37121212121212127,True,synthetic_ad8232,0.8235294117647065,True,synthetic_max30102,0.44137931034482847,1999,1680,2085,False,False,False,0.235,-0.288,1.165,False,normal_light,synthetic_ad8232_normal_light,patient_001,synthetic_ad8232_normal_light,0.40066777963272115,0.3542465112341205,0.35714285714285715,0.2749053299650378
2026-05-26T15:43:53,patient_001,0.2651515151515152,True,synthetic_ad8232,0.882352941176471,True,synthetic_max30102,0.1793103448275879,2546,1656,2055,False,False,False,0.157,-0.239,1.0,False,normal_light,synthetic_ad8232_normal_light,patient_001,synthetic_ad8232_normal_light,0.37896494156928207,0.43990813901982784,0.5714285714285714,0.23335814589928744
2026-05-26T15:43:58,patient_001,0.34848484848484845,True,synthetic_ad8232,0.7647058823529411,True,synthetic_max30102,0.36551724137931174,1402,1660,2060,False,False,False,0.269,0.127,0.921,False,normal_light,synthetic_ad8232_normal_light,patient_001,synthetic_ad8232_normal_light,0.37896494156928207,0.43990813901982784,0.35714285714285715,0.2169391738140019
2026-05-26T15:44:03,patient_001,0.3863636363636364,True,synthetic_ad8232,0.7058823529411766,True,synthetic_max30102,0.4862068965517228,2833,1675,2078,False,False,False,0.063,0.46,0.792,False,normal_light,synthetic_ad8232_normal_light,patient_001,synthetic_ad8232_normal_light,0.342237061769616,0.20729379032594894,0.4285714285714286,0.20562180019577703
2026-05-26T15:44:08,patient_001,0.44696969696969696,True,synthetic_ad8232,0.7647058823529411,True,synthetic_max30102,0.43448275862068897,1420,1685,2091,False,False,False,0.04,0.081,0.864,False,normal_light,synthetic_ad8232_normal_light,patient_001,synthetic_ad8232_normal_light,0.357262103505843,0.27655349494094905,0.5714285714285714,0.1944044127263972
2026-05-26T15:44:13,patient_001,0.37121212121212127,True,synthetic_ad8232,0.882352941176471,True,synthetic_max30102,0.39310344827586263,1905,1630,2023,False,False,False,-0.251,0.208,1.056,False,normal_light,synthetic_ad8232_normal_light,patient_001,synthetic_ad8232_normal_light,0.357262103505843,0.27655349494094905,0.6428571428571428,0.2481530917482057
2026-05-26T15:44:18,patient_001,0.2575757575757576,True,synthetic_ad8232,0.7647058823529411,True,synthetic_max30102,0.3620689655172402,2122,1626,2018,False,False,False,0.261,-0.085,1.105,False,normal_light,synthetic_ad8232_normal_light,patient_001,synthetic_ad8232_normal_light,0.35559265442404,0.2884862443392922,0.35714285714285715,0.2557479955674867
2026-05-26T15:44:23,patient_001,0.356060606060606,True,synthetic_ad8232,0.882352941176471,True,synthetic_max30102,0.3620689655172402,2147,1592,1975,False,False,False,-0.243,-0.219,0.894,False,normal_light,synthetic_ad8232_normal_light,patient_001,synthetic_ad8232_normal_light,0.357262103505843,0.28726272854974977,0.6428571428571428,0.21332976632061035
2026-05-26T15:44:28,patient_001,0.3333333333333333,True,synthetic_ad8232,1.0,True,synthetic_max30102,0.24482758620689715,1112,1683,2089,False,False,False,0.077,-0.173,0.901,False,normal_light,synthetic_ad8232_normal_light,patient_001,synthetic_ad8232_normal_light,0.3455759599332219,0.286033979196012,0.6428571428571428,0.2062183902638739
2026-05-26T15:44:33,patient_001,0.37878787878787884,True,synthetic_ad8232,1.0,True,synthetic_max30102,0.3689655172413797,1080,1641,2036,False,False,False,0.087,0.214,0.96,False,normal_light,synthetic_ad8232_normal_light,patient_001,synthetic_ad8232_normal_light,0.3305509181969949,0.20485208216190082,0.5,0.22138402123175982
2026-05-26T15:44:38,patient_001,0.4090909090909091,True,synthetic_ad8232,0.8235294117647065,True,synthetic_max30102,0.3172413793103459,1581,1727,2143,False,False,False,0.063,-0.075,0.895,False,normal_light,synthetic_ad8232_normal_light,patient_001,synthetic_ad8232_normal_light,0.3388981636060099,0.23992216375601183,0.2857142857142857,0.2015949610049768
2026-05-26T15:44:43,patient_001,0.4318181818181818,True,synthetic_ad8232,0.7058823529411766,True,synthetic_max30102,0.34827586206896477,1794,1625,2016,False,False,False,0.386,0.233,1.008,False,normal_light,synthetic_ad8232_normal_light,patient_001,synthetic_ad8232_normal_light,0.37729549248747907,0.16575005401676732,0.35714285714285715,0.2479419808931312
2026-05-26T15:44:48,patient_001,0.37121212121212127,True,synthetic_ad8232,0.8235294117647065,True,synthetic_max30102,0.4034482758620701,2424,1644,2040,False,False,False,0.034,-0.009,0.73,False,normal_light,synthetic_ad8232_normal_light,patient_001,synthetic_ad8232_normal_light,0.38063439065108506,0.15765974932847424,0.6428571428571428,0.16306735969260486
2026-05-26T15:44:53,patient_001,0.27272727272727276,True,synthetic_ad8232,0.8235294117647065,True,synthetic_max30102,0.3344827586206893,1558,1700,2109,False,False,False,0.06,-0.04,1.256,False,normal_light,synthetic_ad8232_normal_light,patient_001,synthetic_ad8232_normal_light,0.3672787979966611,0.25516699281766186,0.5,0.28290769198014853
2026-05-26T15:44:58,patient_001,0.4090909090909091,True,synthetic_ad8232,0.7647058823529411,True,synthetic_max30102,0.35862068965517224,1766,1633,2026,False,False,False,0.096,-0.059,1.151,False,normal_light,synthetic_ad8232_normal_light,patient_001,synthetic_ad8232_normal_light,0.37395659432387307,0.2644629008829852,0.4285714285714286,0.25982121682904263
2026-05-26T15:45:03,patient_001,0.3181818181818182,True,synthetic_ad8232,0.7647058823529411,True,synthetic_max30102,0.5206896551724132,2017,1601,1987,False,False,False,0.153,0.338,1.398,False,normal_light,synthetic_ad8232_normal_light,patient_001,synthetic_ad8232_normal_light,0.353923205342237,0.27344296967243203,0.5,0.32571524279191305
2026-05-26T15:45:08,patient_001,0.28030303030303033,True,synthetic_ad8232,0.7647058823529411,True,synthetic_max30102,0.3517241379310363,2318,1583,1964,False,False,False,-0.15,-0.159,0.964,False,normal_light,synthetic_ad8232_normal_light,patient_001,synthetic_ad8232_normal_light,0.3205342237061768,0.24633777314984928,0.5,0.22162698651213222
2026-05-26T15:45:13,patient_001,0.30303030303030304,True,synthetic_ad8232,1.0,True,synthetic_max30102,0.3689655172413797,2292,1746,2167,False,False,False,0.053,-0.203,1.297,False,normal_light,synthetic_ad8232_normal_light,patient_001,synthetic_ad8232_normal_light,0.3055091819699498,0.22919630222410894,0.7857142857142857,0.29558933962430295
2026-05-26T15:45:18,patient_001,0.27272727272727276,True,synthetic_ad8232,0.8235294117647065,True,synthetic_max30102,0.30689655172413843,1446,1498,1859,False,False,False,0.303,0.176,1.007,False,normal_light,synthetic_ad8232_normal_light,patient_001,synthetic_ad8232_normal_light,0.3055091819699498,0.22919630222410894,0.2857142857142857,0.23930046716399633
2026-05-26T15:45:23,patient_001,0.4090909090909091,True,synthetic_ad8232,0.9411764705882355,True,synthetic_max30102,0.5206896551724132,1947,1571,1950,False,False,False,-0.247,0.084,1.173,False,normal_light,synthetic_ad8232_normal_light,patient_001,synthetic_ad8232_normal_light,0.3055091819699498,0.22919630222410894,0.6428571428571428,0.27008645030021705
2026-05-26T15:45:28,patient_001,0.37878787878787884,True,synthetic_ad8232,0.8235294117647065,True,synthetic_max30102,0.23448275862068968,1852,1642,2038,False,False,False,-0.019,-0.029,0.963,False,normal_light,synthetic_ad8232_normal_light,patient_001,synthetic_ad8232_normal_light,0.3188647746243739,0.2573269674157843,0.35714285714285715,0.21597886384191461
2026-05-26T15:45:33,patient_001,0.3636363636363637,True,synthetic_ad8232,0.882352941176471,True,synthetic_max30102,0.38275862068965516,2124,1712,2124,False,False,False,-0.034,0.047,0.644,False,normal_light,synthetic_ad8232_normal_light,patient_001,synthetic_ad8232_normal_light,0.3372287145242069,0.23483489689875522,0.5714285714285714,0.14391927058087356
2026-05-26T15:45:38,patient_001,0.3636363636363637,True,synthetic_ad8232,0.882352941176471,True,synthetic_max30102,0.2241379310344822,1903,1690,2097,False,False,False,-0.315,0.079,0.989,False,normal_light,synthetic_ad8232_normal_light,patient_001,synthetic_ad8232_normal_light,0.350584307178631,0.21327579647437517,0.5,0.2335566114028362
2026-05-26T15:45:43,patient_001,0.4090909090909091,True,synthetic_ad8232,0.882352941176471,True,synthetic_max30102,0.4620689655172434,2466,1769,2195,False,False,False,-0.007,-0.349,1.128,False,normal_light,synthetic_ad8232_normal_light,patient_001,synthetic_ad8232_normal_light,0.38063439065108506,0.09622020298781787,0.5,0.26533891460427095
2026-05-26T15:45:48,patient_001,0.30303030303030304,True,synthetic_ad8232,0.882352941176471,True,synthetic_max30102,0.49655172413793025,2159,1721,2135,False,False,False,0.321,-0.128,0.949,False,normal_light,synthetic_ad8232_normal_light,patient_001,synthetic_ad8232_normal_light,0.357262103505843,0.1617554898061863,0.5,0.22651207860077416
2026-05-26T15:45:53,patient_001,0.2878787878787879,True,synthetic_ad8232,0.882352941176471,True,synthetic_max30102,0.46896551724137936,1817,1769,2195,False,False,False,0.056,0.07,0.943,False,normal_light,synthetic_ad8232_normal_light,patient_001,synthetic_ad8232_normal_light,0.3372287145242069,0.2075363811524659,0.5,0.2122572822987122
2026-05-26T15:45:58,patient_001,0.32575757575757575,True,synthetic_ad8232,0.8235294117647065,True,synthetic_max30102,0.5000000000000018,1609,1675,2079,False,False,False,-0.23,-0.206,0.623,False,normal_light,synthetic_ad8232_normal_light,patient_001,synthetic_ad8232_normal_light,0.3288814691151919,0.20509756107820812,0.4285714285714286,0.1549911307158026
2026-05-26T15:46:03,patient_001,0.3409090909090909,True,synthetic_ad8232,0.882352941176471,True,synthetic_max30102,0.3517241379310363,1828,1708,2119,False,False,False,0.082,-0.024,1.111,False,normal_light,synthetic_ad8232_normal_light,patient_001,synthetic_ad8232_normal_light,0.3238731218697829,0.19683517915464901,0.5714285714285714,0.25022392668575516
2026-05-26T15:46:08,patient_001,0.34848484848484845,True,synthetic_ad8232,0.882352941176471,True,synthetic_max30102,0.45172413793103594,2630,1773,2200,False,False,False,-0.211,0.148,0.795,False,normal_light,synthetic_ad8232_normal_light,patient_001,synthetic_ad8232_normal_light,0.3105175292153589,0.10663789823718696,0.5,0.18690861780460064
2026-05-26T15:46:13,patient_001,0.3863636363636364,True,synthetic_ad8232,0.8235294117647065,True,synthetic_max30102,0.39310344827586263,1925,1741,2161,False,False,False,0.162,-0.037,1.032,False,normal_light,synthetic_ad8232_normal_light,patient_001,synthetic_ad8232_normal_light,0.3288814691151919,0.1498044748944429,0.4285714285714286,0.23454264687612908
2026-05-26T15:46:18,patient_001,0.3181818181818182,True,synthetic_ad8232,0.7058823529411766,True,synthetic_max30102,0.3103448275862064,1513,1770,2196,False,False,False,-0.289,0.161,1.316,False,normal_light,synthetic_ad8232_normal_light,patient_001,synthetic_ad8232_normal_light,0.335559265442404,0.11125637636592768,0.35714285714285715,0.3053827441845216
2026-05-26T15:46:23,patient_001,0.4166666666666667,True,synthetic_ad8232,0.9411764705882355,True,synthetic_max30102,0.3689655172413797,2086,1613,2002,False,False,False,0.058,-0.331,1.038,False,normal_light,synthetic_ad8232_normal_light,patient_001,synthetic_ad8232_normal_light,0.35559265442404,0.16391850548849524,0.7857142857142857,0.24494131293169202
2026-05-26T15:46:28,patient_001,0.2575757575757576,True,synthetic_ad8232,0.882352941176471,True,synthetic_max30102,0.5137931034482772,1797,1645,2041,False,False,False,-0.101,-0.175,0.602,False,normal_light,synthetic_ad8232_normal_light,patient_001,synthetic_ad8232_normal_light,0.3372287145242069,0.2583028031791762,0.4285714285714286,0.14128176319816163
2026-05-26T15:46:33,patient_001,0.2575757575757576,True,synthetic_ad8232,0.882352941176471,True,synthetic_max30102,0.3689655172413797,2060,1704,2115,False,False,False,-0.154,-0.07,1.183,False,normal_light,synthetic_ad8232_normal_light,patient_001,synthetic_ad8232_normal_light,0.3171953255425709,0.3054303727354445,0.5,0.2685795193852292
2026-05-26T15:46:38,patient_001,0.4090909090909091,True,synthetic_ad8232,0.7058823529411766,True,synthetic_max30102,0.41724137931034555,2239,1632,2025,False,False,False,0.067,-0.055,1.068,False,normal_light,synthetic_ad8232_normal_light,patient_001,synthetic_ad8232_normal_light,0.3222036727879799,0.3269148234653002,0.2857142857142857,0.24050242118626106
2026-05-26T15:46:43,patient_001,0.40151515151515155,True,synthetic_ad8232,0.6470588235294121,True,synthetic_max30102,0.5275862068965527,1447,1662,2063,False,False,False,-0.509,-0.081,1.175,False,normal_light,synthetic_ad8232_normal_light,patient_001,synthetic_ad8232_normal_light,0.340567612687813,0.3482297560041216,0.4285714285714286,0.2885905565202093
2026-05-26T15:46:48,patient_001,0.2878787878787879,True,synthetic_ad8232,0.882352941176471,True,synthetic_max30102,0.22758620689655018,1592,1627,2019,False,False,False,0.243,0.02,0.775,False,normal_light,synthetic_ad8232_normal_light,patient_001,synthetic_ad8232_normal_light,0.3121869782971618,0.3200709391028282,0.7857142857142857,0.18161607719684206
2026-05-26T15:46:53,patient_001,0.42424242424242425,True,synthetic_ad8232,0.882352941176471,True,synthetic_max30102,0.24827586206896513,2653,1595,1979,False,False,False,-0.033,-0.125,1.223,False,normal_light,synthetic_ad8232_normal_light,patient_001,synthetic_ad8232_normal_light,0.348914858096828,0.32351097961237324,0.5,0.2764853708513538
2026-05-26T15:46:58,patient_001,0.3636363636363637,True,synthetic_ad8232,0.7058823529411766,True,synthetic_max30102,0.34827586206896477,1063,1595,1979,False,False,False,-0.104,-0.199,1.007,False,normal_light,synthetic_ad8232_normal_light,patient_001,synthetic_ad8232_normal_light,0.37228714524206996,0.22919630222410894,0.2857142857142857,0.2314596655041392
2026-05-26T15:47:03,patient_001,0.3409090909090909,True,synthetic_ad8232,0.6470588235294121,True,synthetic_max30102,0.3413793103448288,2187,1679,2084,False,False,False,-0.124,-0.127,1.35,False,normal_light,synthetic_ad8232_normal_light,patient_001,synthetic_ad8232_normal_light,0.357262103505843,0.2231901142765914,0.4285714285714286,0.3064452063251813
2026-05-26T15:47:08,patient_001,0.2424242424242425,True,synthetic_ad8232,0.7647058823529411,True,synthetic_max30102,0.43448275862068897,1790,1641,2036,False,False,False,-0.144,0.193,0.774,False,normal_light,synthetic_ad8232_normal_light,patient_001,synthetic_ad8232_normal_light,0.3222036727879799,0.292814212474515,0.6428571428571428,0.1811941096125689
2026-05-26T15:47:13,patient_001,0.37121212121212127,True,synthetic_ad8232,0.7647058823529411,True,synthetic_max30102,0.38620689655172313,2068,1696,2105,False,False,False,-0.003,-0.102,1.077,False,normal_light,synthetic_ad8232_normal_light,patient_001,synthetic_ad8232_normal_light,0.340567612687813,0.27926930636305497,0.5,0.24284626862482908
2026-05-26T15:47:18,patient_001,0.3333333333333333,True,synthetic_ad8232,0.882352941176471,True,synthetic_max30102,0.38965517241379466,2286,1582,1963,False,False,False,-0.015,0.049,1.295,False,normal_light,synthetic_ad8232_normal_light,patient_001,synthetic_ad8232_normal_light,0.3205342237061768,0.21585536661749835,0.6428571428571428,0.29153282901322813
2026-05-26T15:47:23,patient_001,0.23484848484848492,True,synthetic_ad8232,0.8235294117647065,True,synthetic_max30102,0.565517241379311,1956,1662,2062,False,False,False,0.128,0.061,0.889,False,normal_light,synthetic_ad8232_normal_light,patient_001,synthetic_ad8232_normal_light,0.2921535893155258,0.25908082543266914,0.4285714285714286,0.2015705966682365
2026-05-26T15:47:28,patient_001,0.3106060606060606,True,synthetic_ad8232,0.8235294117647065,True,synthetic_max30102,0.43448275862068897,2335,1697,2106,False,False,False,-0.098,-0.115,0.745,False,normal_light,synthetic_ad8232_normal_light,patient_001,synthetic_ad8232_normal_light,0.2854757929883138,0.24633777314984925,0.5,0.16973202721857658
2026-05-26T15:47:33,patient_001,0.37878787878787884,True,synthetic_ad8232,0.882352941176471,True,synthetic_max30102,0.4206896551724135,2971,1645,2041,False,False,False,0.111,0.085,0.974,False,normal_light,synthetic_ad8232_normal_light,patient_001,synthetic_ad8232_normal_light,0.3155258764607679,0.2426332347092798,0.5714285714285714,0.22060653745766481
2026-05-26T15:47:38,patient_001,0.3333333333333333,True,synthetic_ad8232,0.7647058823529411,True,synthetic_max30102,0.4551724137931039,1602,1667,2069,False,False,False,0.085,-0.223,1.192,False,normal_light,synthetic_ad8232_normal_light,patient_001,synthetic_ad8232_normal_light,0.3071786310517528,0.22092416610494567,0.35714285714285715,0.27326699076918054
2026-05-26T15:47:43,patient_001,0.44696969696969696,True,synthetic_ad8232,0.882352941176471,True,synthetic_max30102,0.293103448275863,2301,1800,2234,False,False,False,0.36,0.149,0.988,False,normal_light,synthetic_ad8232_normal_light,patient_001,synthetic_ad8232_normal_light,0.3322203672787979,0.33043589948294455,0.6428571428571428,0.23835109685179887
2026-05-26T15:47:48,patient_001,0.3636363636363637,True,synthetic_ad8232,0.7647058823529411,True,synthetic_max30102,0.46896551724137936,2065,1687,2094,False,False,False,0.126,0.033,0.848,False,normal_light,synthetic_ad8232_normal_light,patient_001,synthetic_ad8232_normal_light,0.3606010016694491,0.21817396553944485,0.35714285714285715,0.19195739559047792
2026-05-26T15:47:53,patient_001,0.27272727272727276,True,synthetic_ad8232,0.7058823529411766,True,synthetic_max30102,0.46896551724137936,1970,1754,2177,False,False,False,-0.428,0.067,0.904,False,normal_light,synthetic_ad8232_normal_light,patient_001,synthetic_ad8232_normal_light,0.352253756260434,0.26692483561400865,0.4285714285714286,0.22480232209544937
2026-05-26T15:47:58,patient_001,0.4090909090909091,True,synthetic_ad8232,0.7647058823529411,True,synthetic_max30102,0.4241379310344815,2131,1617,2007,False,False,False,0.173,-0.053,1.169,False,normal_light,synthetic_ad8232_normal_light,patient_001,synthetic_ad8232_normal_light,0.358931552587646,0.2823156449389172,0.5714285714285714,0.26582599151639186
2026-05-26T15:48:03,patient_001,0.42424242424242425,True,synthetic_ad8232,0.882352941176471,True,synthetic_max30102,0.6000000000000014,2359,1733,2150,False,False,False,-0.097,-0.218,0.811,False,normal_light,synthetic_ad8232_normal_light,patient_001,synthetic_ad8232_normal_light,0.37896494156928207,0.2886606089634555,0.6428571428571428,0.18909959132701176
2026-05-26T15:48:08,patient_001,0.37121212121212127,True,synthetic_ad8232,0.7058823529411766,True,synthetic_max30102,0.4862068965517228,2361,1705,2116,False,False,False,-0.18,0.239,1.504,False,normal_light,synthetic_ad8232_normal_light,patient_001,synthetic_ad8232_normal_light,0.36227045075125197,0.2473569656412423,0.2857142857142857,0.34550848189690864
2026-05-26T15:48:13,patient_001,0.3333333333333333,True,synthetic_ad8232,0.6470588235294121,True,synthetic_max30102,0.35517241379310427,2260,1693,2101,False,False,False,-0.157,-0.23,1.3,False,normal_light,synthetic_ad8232_normal_light,patient_001,synthetic_ad8232_normal_light,0.35559265442404,0.25615105737518395,0.4285714285714286,0.29914267515137344
2026-05-26T15:48:18,patient_001,0.3409090909090909,True,synthetic_ad8232,0.8235294117647065,True,synthetic_max30102,0.5068965517241377,1459,1652,2050,False,False,False,0.034,0.126,0.955,False,normal_light,synthetic_ad8232_normal_light,patient_001,synthetic_ad8232_normal_light,0.37061769616026696,0.16875846748591167,0.7142857142857143,0.2160361766539729
2026-05-26T15:48:23,patient_001,0.22727272727272724,True,synthetic_ad8232,0.8235294117647065,True,synthetic_max30102,0.4206896551724135,1491,1511,1875,False,False,False,-0.192,0.024,1.0,False,normal_light,synthetic_ad8232_normal_light,patient_001,synthetic_ad8232_normal_light,0.3305509181969949,0.30211758092843255,0.5,0.22846340946805985
2026-05-26T15:48:28,patient_001,0.5984848484848484,True,synthetic_ad8232,0.8235294117647065,True,synthetic_max30102,0.38965517241379466,1921,1707,2118,False,False,False,0.095,0.388,1.262,False,normal_moderate,synthetic_ad8232_normal_moderate,patient_001,synthetic_ad8232_normal_moderate,0.6160267111853087,0.0,0.5,0.2978288084672032
2026-05-26T15:48:33,patient_001,0.5227272727272727,True,synthetic_ad8232,0.8235294117647065,True,synthetic_max30102,0.5379310344827601,2450,1708,2120,False,False,False,0.26,0.076,1.277,False,normal_moderate,synthetic_ad8232_normal_moderate,patient_001,synthetic_ad8232_normal_moderate,0.5742904841402335,0.22431450483999957,0.5,0.2936695511173475
2026-05-26T15:48:38,patient_001,0.6363636363636362,True,synthetic_ad8232,0.7058823529411766,True,synthetic_max30102,0.3172413793103459,2397,1671,2073,False,False,False,0.58,0.12,0.39,False,normal_moderate,synthetic_ad8232_normal_moderate,patient_001,synthetic_ad8232_normal_moderate,0.6021146355036172,0.2422873567932986,0.35714285714285715,0.15813657224373673
2026-05-26T15:48:43,patient_001,0.5454545454545454,True,synthetic_ad8232,0.7058823529411766,True,synthetic_max30102,0.6724137931034502,2358,1733,2150,False,False,False,-0.327,-0.249,1.064,False,normal_moderate,synthetic_ad8232_normal_moderate,patient_001,synthetic_ad8232_normal_moderate,0.5909849749582637,0.21515491468959064,0.5,0.2562122387249806
2026-05-26T15:48:48,patient_001,0.6363636363636362,True,synthetic_ad8232,0.7647058823529411,True,synthetic_max30102,0.572413793103447,2476,1734,2152,False,False,False,-0.051,0.052,1.028,False,normal_moderate,synthetic_ad8232_normal_moderate,patient_001,synthetic_ad8232_normal_moderate,0.6043405676126877,0.21817396553944518,0.5714285714285714,0.23119767487440943
2026-05-26T15:48:53,patient_001,0.6136363636363635,True,synthetic_ad8232,0.7647058823529411,True,synthetic_max30102,0.427586206896553,2097,1867,2317,False,False,False,0.064,0.02,1.058,False,normal_moderate,synthetic_ad8232_normal_moderate,patient_001,synthetic_ad8232_normal_moderate,0.6076794657762937,0.22319011427659166,0.5,0.23791355291611282
2026-05-26T15:48:58,patient_001,0.5984848484848484,True,synthetic_ad8232,0.882352941176471,True,synthetic_max30102,0.5275862068965527,1911,1659,2059,False,False,False,0.858,-0.102,1.103,False,normal_moderate,synthetic_ad8232_normal_moderate,patient_001,synthetic_ad8232_normal_moderate,0.6243739565943237,0.15702015338799966,0.6428571428571428,0.3154273308247095
2026-05-26T15:49:03,patient_001,0.5833333333333333,True,synthetic_ad8232,0.8235294117647065,True,synthetic_max30102,0.5517241379310356,2519,1896,2353,False,False,False,0.481,-0.003,0.874,False,normal_moderate,synthetic_ad8232_normal_moderate,patient_001,synthetic_ad8232_normal_moderate,0.6126878130217027,0.1429290062063518,0.4285714285714286,0.22370640275119455
2026-05-26T15:49:08,patient_001,0.5151515151515151,True,synthetic_ad8232,0.7058823529411766,True,synthetic_max30102,0.4137931034482776,2413,1697,2106,False,False,False,0.368,-0.098,1.035,False,normal_moderate,synthetic_ad8232_normal_moderate,patient_001,synthetic_ad8232_normal_moderate,0.6060100166944907,0.19217876016330432,0.35714285714285715,0.24762312628510857
2026-05-26T15:49:13,patient_001,0.5075757575757576,True,synthetic_ad8232,0.6470588235294121,True,synthetic_max30102,0.5413793103448281,1855,1746,2167,False,False,False,0.25,0.146,0.707,False,normal_moderate,synthetic_ad8232_normal_moderate,patient_001,synthetic_ad8232_normal_moderate,0.5776293823038398,0.20509756107820865,0.4285714285714286,0.17059865756810677
2026-05-26T15:49:18,patient_001,0.5303030303030303,True,synthetic_ad8232,0.6470588235294121,True,synthetic_max30102,0.6620689655172427,1635,1896,2353,False,False,False,0.262,0.242,1.427,False,normal_moderate,synthetic_ad8232_normal_moderate,patient_001,synthetic_ad8232_normal_moderate,0.5592654424040066,0.17288231912627414,0.5,0.33128472199254205
2026-05-26T15:49:23,patient_001,0.5151515151515151,True,synthetic_ad8232,0.7058823529411766,True,synthetic_max30102,0.4241379310344815,2161,1724,2139,False,False,False,-0.337,-0.075,0.564,False,normal_moderate,synthetic_ad8232_normal_moderate,patient_001,synthetic_ad8232_normal_moderate,0.5409015025041736,0.12885887255805356,0.5714285714285714,0.14725424224340164
2026-05-26T15:49:28,patient_001,0.606060606060606,True,synthetic_ad8232,0.8235294117647065,True,synthetic_max30102,0.5827586206896544,1548,1587,1969,False,False,False,-0.091,0.772,1.072,False,normal_moderate,synthetic_ad8232_normal_moderate,patient_001,synthetic_ad8232_normal_moderate,0.5459098497495826,0.17024273940174298,0.6428571428571428,0.2979349116168308
2026-05-26T15:49:33,patient_001,0.4393939393939394,True,synthetic_ad8232,0.7647058823529411,True,synthetic_max30102,0.5034482758620697,1768,1740,2159,False,False,False,-0.124,0.734,1.182,False,normal_moderate,synthetic_ad8232_normal_moderate,patient_001,synthetic_ad8232_normal_moderate,0.5292153589315524,0.24938285504997157,0.4285714285714286,0.31445888890834145
2026-05-26T15:49:38,patient_001,0.4924242424242425,True,synthetic_ad8232,0.7647058823529411,True,synthetic_max30102,0.5379310344827601,1747,1683,2089,False,False,False,-0.61,-0.033,0.995,False,normal_moderate,synthetic_ad8232_normal_moderate,patient_001,synthetic_ad8232_normal_moderate,0.5258764607679466,0.25417911844365304,0.5,0.2623363675838464
2026-05-26T15:49:43,patient_001,0.5303030303030303,True,synthetic_ad8232,0.7647058823529411,True,synthetic_max30102,0.5275862068965527,2259,1672,2075,False,False,False,0.252,0.408,0.887,False,normal_moderate,synthetic_ad8232_normal_moderate,patient_001,synthetic_ad8232_normal_moderate,0.5258764607679466,0.25417911844365304,0.5,0.22614166358339802
2026-05-26T15:49:48,patient_001,0.6136363636363635,True,synthetic_ad8232,0.7058823529411766,True,synthetic_max30102,0.6034482758620694,2062,1657,2056,False,False,False,0.383,0.482,1.612,False,normal_moderate,synthetic_ad8232_normal_moderate,patient_001,synthetic_ad8232_normal_moderate,0.5475792988313856,0.3119504325303009,0.4285714285714286,0.3891710609746069
2026-05-26T15:49:53,patient_001,0.5681818181818181,True,synthetic_ad8232,0.7647058823529411,True,synthetic_max30102,0.44482758620689644,1795,1715,2128,False,False,False,-0.48,0.062,0.721,False,normal_moderate,synthetic_ad8232_normal_moderate,patient_001,synthetic_ad8232_normal_moderate,0.5392320534223706,0.28142308612916017,0.5714285714285714,0.1943295641808753
2026-05-26T15:49:58,patient_001,0.4848484848484849,True,synthetic_ad8232,0.7647058823529411,True,synthetic_max30102,0.5344827586206886,1694,1730,2147,False,False,False,0.243,0.795,1.087,False,normal_moderate,synthetic_ad8232_normal_moderate,patient_001,synthetic_ad8232_normal_moderate,0.5492487479131886,0.2254332873655315,0.5,0.30799700829037013
2026-05-26T15:50:03,patient_001,0.46969696969696967,True,synthetic_ad8232,0.9411764705882355,True,synthetic_max30102,0.4137931034482776,1898,1633,2026,False,False,False,-0.325,0.016,0.958,False,normal_moderate,synthetic_ad8232_normal_moderate,patient_001,synthetic_ad8232_normal_moderate,0.5442404006677796,0.24837197591930332,0.7142857142857143,0.22691896959830402
2026-05-26T15:50:08,patient_001,0.659090909090909,True,synthetic_ad8232,0.7058823529411766,True,synthetic_max30102,0.3620689655172402,1690,1614,2003,False,False,False,0.37,0.202,0.773,False,normal_moderate,synthetic_ad8232_normal_moderate,patient_001,synthetic_ad8232_normal_moderate,0.5726210350584308,0.34122357955870397,0.2142857142857143,0.19707825316746197
2026-05-26T15:50:13,patient_001,0.5606060606060606,True,synthetic_ad8232,0.882352941176471,True,synthetic_max30102,0.4034482758620701,1710,1779,2207,False,False,False,0.01,0.266,0.157,False,normal_moderate,synthetic_ad8232_normal_moderate,patient_001,synthetic_ad8232_normal_moderate,0.5609348914858096,0.31770410155633505,0.7142857142857143,0.0671881238849732
2026-05-26T15:50:18,patient_001,0.5909090909090908,True,synthetic_ad8232,0.7647058823529411,True,synthetic_max30102,0.6379310344827598,2055,1722,2137,False,False,False,0.233,-0.802,0.715,False,normal_moderate,synthetic_ad8232_normal_moderate,patient_001,synthetic_ad8232_normal_moderate,0.5659432387312185,0.32660684899894865,0.35714285714285715,0.24684540260036417
2026-05-26T15:50:23,patient_001,0.606060606060606,True,synthetic_ad8232,0.8235294117647065,True,synthetic_max30102,0.5827586206896544,1705,1743,2163,False,False,False,-0.035,-0.616,0.831,False,normal_moderate,synthetic_ad8232_normal_moderate,patient_001,synthetic_ad8232_normal_moderate,0.5926544240400665,0.2928142124745153,0.5714285714285714,0.23220490836703409
2026-05-26T15:50:28,patient_001,0.6136363636363635,True,synthetic_ad8232,0.8235294117647065,True,synthetic_max30102,0.5310344827586206,1250,1679,2083,False,False,False,-1.032,-0.417,1.65,False,normal_moderate,synthetic_ad8232_normal_moderate,patient_001,synthetic_ad8232_normal_moderate,0.6243739565943237,0.15047474434843358,0.5,0.44935471214317907
2026-05-26T15:50:33,patient_001,0.659090909090909,True,synthetic_ad8232,0.7647058823529411,True,synthetic_max30102,0.6379310344827598,3154,1770,2197,False,False,False,0.137,0.19,1.117,False,normal_moderate,synthetic_ad8232_normal_moderate,patient_001,synthetic_ad8232_normal_moderate,0.6243739565943237,0.15047474434843358,0.4285714285714286,0.2563648433886576
2026-05-26T15:50:38,patient_001,0.6439393939393938,True,synthetic_ad8232,0.5882352941176476,True,synthetic_max30102,0.565517241379311,2624,1800,2234,False,False,False,0.44,0.451,0.841,False,normal_moderate,synthetic_ad8232_normal_moderate,patient_001,synthetic_ad8232_normal_moderate,0.6427378964941567,0.11741744844937806,0.2857142857142857,0.23580543013217103
2026-05-26T15:50:43,patient_001,0.696969696969697,True,synthetic_ad8232,0.7058823529411766,True,synthetic_max30102,0.4620689655172434,1727,1539,1910,False,False,False,-0.067,-0.142,0.678,False,normal_moderate,synthetic_ad8232_normal_moderate,patient_001,synthetic_ad8232_normal_moderate,0.6661101836393989,0.15378227670430278,0.6428571428571428,0.1551335989660153
2026-05-26T15:50:48,patient_001,0.5984848484848484,True,synthetic_ad8232,0.7058823529411766,True,synthetic_max30102,0.7310344827586199,2314,1770,2197,False,False,False,0.045,0.482,1.081,False,normal_moderate,synthetic_ad8232_normal_moderate,patient_001,synthetic_ad8232_normal_moderate,0.6644407345575959,0.16237643446869357,0.5,0.2661727061209972
2026-05-26T15:50:53,patient_001,0.6742424242424243,True,synthetic_ad8232,0.7647058823529411,True,synthetic_max30102,0.572413793103447,2216,1878,2330,False,False,False,0.168,-0.071,1.132,False,normal_moderate,synthetic_ad8232_normal_moderate,patient_001,synthetic_ad8232_normal_moderate,0.6777963272120199,0.15476075281171398,0.5714285714285714,0.25757007421916445
2026-05-26T15:50:58,patient_001,0.5984848484848484,True,synthetic_ad8232,0.882352941176471,True,synthetic_max30102,0.6413793103448278,2555,1562,1938,False,False,False,0.044,-0.804,1.171,False,normal_moderate,synthetic_ad8232_normal_moderate,patient_001,synthetic_ad8232_normal_moderate,0.6644407345575959,0.18551772423093219,0.6428571428571428,0.3199710908806596
2026-05-26T15:51:03,patient_001,0.5833333333333333,True,synthetic_ad8232,0.882352941176471,True,synthetic_max30102,0.41724137931034555,2118,1678,2082,False,False,False,-0.503,0.121,0.978,False,normal_moderate,synthetic_ad8232_normal_moderate,patient_001,synthetic_ad8232_normal_moderate,0.6510851419031717,0.21562213546714443,0.5,0.24843398905618952
2026-05-26T15:51:08,patient_001,0.696969696969697,True,synthetic_ad8232,0.8235294117647065,True,synthetic_max30102,0.6344827586206918,1891,1588,1970,False,False,False,0.335,0.548,0.923,False,normal_moderate,synthetic_ad8232_normal_moderate,patient_001,synthetic_ad8232_normal_moderate,0.6510851419031717,0.21562213546714443,0.4285714285714286,0.25254260767011827
2026-05-26T15:51:13,patient_001,0.6287878787878787,True,synthetic_ad8232,0.6470588235294121,True,synthetic_max30102,0.49655172413793025,2448,1762,2187,False,False,False,-0.202,0.556,1.252,False,normal_moderate,synthetic_ad8232_normal_moderate,patient_001,synthetic_ad8232_normal_moderate,0.6577629382303839,0.20312542333967878,0.2857142857142857,0.3116958480988484
2026-05-26T15:51:18,patient_001,0.5681818181818181,True,synthetic_ad8232,0.7647058823529411,True,synthetic_max30102,0.38620689655172313,2884,1792,2224,False,False,False,-0.725,0.083,1.103,False,normal_moderate,synthetic_ad8232_normal_moderate,patient_001,synthetic_ad8232_normal_moderate,0.6343906510851417,0.21327579647437558,0.6428571428571428,0.2975633867551867
2026-05-26T15:51:23,patient_001,0.6893939393939394,True,synthetic_ad8232,0.6470588235294121,True,synthetic_max30102,0.47931034482758683,2075,1804,2238,False,False,False,0.208,0.916,1.508,False,normal_moderate,synthetic_ad8232_normal_moderate,patient_001,synthetic_ad8232_normal_moderate,0.6544240400667779,0.2473569656412427,0.35714285714285715,0.400777640937627
2026-05-26T15:51:28,patient_001,0.5,True,synthetic_ad8232,0.8235294117647065,True,synthetic_max30102,0.3965517241379306,1054,1675,2078,False,False,False,-0.043,-0.01,1.548,False,normal_moderate,synthetic_ad8232_normal_moderate,patient_001,synthetic_ad8232_normal_moderate,0.6360601001669449,0.34938379315588775,0.7142857142857143,0.3489537935728951
2026-05-26T15:51:33,patient_001,0.606060606060606,True,synthetic_ad8232,0.7058823529411766,True,synthetic_max30102,0.5206896551724132,1781,1610,1998,False,False,False,0.01,-0.066,1.267,False,normal_moderate,synthetic_ad8232_normal_moderate,patient_001,synthetic_ad8232_normal_moderate,0.6160267111853087,0.29503966674193605,0.35714285714285715,0.2853373382458634
2026-05-26T15:51:38,patient_001,0.6212121212121211,True,synthetic_ad8232,0.7058823529411766,True,synthetic_max30102,0.3413793103448288,2261,1583,1964,False,False,False,0.274,0.423,0.974,False,normal_moderate,synthetic_ad8232_normal_moderate,patient_001,synthetic_ad8232_normal_moderate,0.6143572621035059,0.2919537515707831,0.5,0.2462205439350398
2026-05-26T15:51:43,patient_001,0.4393939393939394,True,synthetic_ad8232,0.7647058823529411,True,synthetic_max30102,0.4206896551724135,2289,1646,2042,False,False,False,-0.366,-0.125,0.926,False,normal_moderate,synthetic_ad8232_normal_moderate,patient_001,synthetic_ad8232_normal_moderate,0.5859766277128547,0.41941414115087167,0.5714285714285714,0.22504798863010886
2026-05-26T15:51:48,patient_001,0.5378787878787878,True,synthetic_ad8232,0.882352941176471,True,synthetic_max30102,0.5482758620689676,1991,1725,2140,False,False,False,-0.204,-0.273,0.413,False,normal_moderate,synthetic_ad8232_normal_moderate,patient_001,synthetic_ad8232_normal_moderate,0.5525876460767946,0.3153194986569492,0.6428571428571428,0.11865416134493445
2026-05-26T15:51:53,patient_001,0.3863636363636364,True,synthetic_ad8232,0.7058823529411766,True,synthetic_max30102,0.41724137931034555,2752,1758,2182,False,False,False,0.591,-0.566,0.486,False,normal_moderate,synthetic_ad8232_normal_moderate,patient_001,synthetic_ad8232_normal_moderate,0.5275459098497496,0.43066048256466494,0.2857142857142857,0.21328045390131867
2026-05-26T15:51:58,patient_001,0.5151515151515151,True,synthetic_ad8232,0.7058823529411766,True,synthetic_max30102,0.586206896551726,2060,1808,2243,False,False,False,-0.774,-0.621,0.892,False,normal_moderate,synthetic_ad8232_normal_moderate,patient_001,synthetic_ad8232_normal_moderate,0.5075125208681134,0.3800128703402464,0.5,0.30023764549971965
2026-05-26T15:52:03,patient_001,0.5757575757575757,True,synthetic_ad8232,0.882352941176471,True,synthetic_max30102,0.7482758620689669,2425,1606,1993,False,False,False,-0.162,0.024,1.628,False,normal_moderate,synthetic_ad8232_normal_moderate,patient_001,synthetic_ad8232_normal_moderate,0.4974958263772954,0.32148267761364024,0.7142857142857143,0.36886278844370096
2026-05-26T15:52:08,patient_001,0.4924242424242425,True,synthetic_ad8232,0.7647058823529411,True,synthetic_max30102,0.4896551724137943,2137,1766,2191,False,False,False,-0.295,-0.314,1.087,False,normal_moderate,synthetic_ad8232_normal_moderate,patient_001,synthetic_ad8232_normal_moderate,0.5091819699499164,0.2987680585718356,0.35714285714285715,0.26272311538576665
2026-05-26T15:52:13,patient_001,0.5757575757575757,True,synthetic_ad8232,0.8235294117647065,True,synthetic_max30102,0.41034482758620605,1898,1684,2090,False,False,False,0.299,0.317,1.901,False,normal_moderate,synthetic_ad8232_normal_moderate,patient_001,synthetic_ad8232_normal_moderate,0.5175292153589316,0.3261443420182736,0.5714285714285714,0.4402569232255825
2026-05-26T15:52:18,patient_001,0.6287878787878787,True,synthetic_ad8232,0.8235294117647065,True,synthetic_max30102,0.4586206896551719,2135,1690,2097,False,False,False,-0.101,0.219,0.7,False,normal_moderate,synthetic_ad8232_normal_moderate,patient_001,synthetic_ad8232_normal_moderate,0.5709515859766275,0.22721188130407347,0.5,0.16523423128942205
2026-05-26T15:52:23,patient_001,0.6439393939393938,True,synthetic_ad8232,0.7058823529411766,True,synthetic_max30102,0.3137931034482744,1623,1710,2122,False,False,False,-0.631,-0.411,0.53,False,normal_moderate,synthetic_ad8232_normal_moderate,patient_001,synthetic_ad8232_normal_moderate,0.5993322203672787,0.24877682048451716,0.35714285714285715,0.20625825880908716
2026-05-26T15:52:28,patient_001,0.5151515151515151,True,synthetic_ad8232,0.7058823529411766,True,synthetic_max30102,0.46896551724137936,1890,1670,2072,False,False,False,0.503,0.262,0.996,False,normal_moderate,synthetic_ad8232_normal_moderate,patient_001,synthetic_ad8232_normal_moderate,0.5859766277128547,0.28070699569089486,0.5,0.257468950568532
2026-05-26T15:52:33,patient_001,0.5909090909090908,True,synthetic_ad8232,0.8235294117647065,True,synthetic_max30102,0.41724137931034555,2072,1765,2190,False,False,False,0.053,-0.681,1.064,False,normal_moderate,synthetic_ad8232_normal_moderate,patient_001,synthetic_ad8232_normal_moderate,0.6076794657762937,0.21161788063071807,0.6428571428571428,0.2843431902751708
2026-05-26T15:52:38,patient_001,0.696969696969697,True,synthetic_ad8232,0.7058823529411766,True,synthetic_max30102,0.5413793103448281,2510,1736,2154,False,False,False,0.027,-0.005,0.95,False,normal_moderate,synthetic_ad8232_normal_moderate,patient_001,synthetic_ad8232_normal_moderate,0.6343906510851417,0.2832053907468805,0.35714285714285715,0.2129722653190237
2026-05-26T15:52:43,patient_001,0.6742424242424243,True,synthetic_ad8232,0.7647058823529411,True,synthetic_max30102,0.6068965517241374,3161,1799,2233,False,False,False,-0.206,0.298,0.723,False,normal_moderate,synthetic_ad8232_normal_moderate,patient_001,synthetic_ad8232_normal_moderate,0.6444073455759599,0.3047706951343256,0.5714285714285714,0.18076007107516534
2026-05-26T15:52:48,patient_001,0.5606060606060606,True,synthetic_ad8232,0.5882352941176476,True,synthetic_max30102,0.4551724137931039,2408,1777,2205,False,False,False,0.471,0.224,1.077,False,normal_moderate,synthetic_ad8232_normal_moderate,patient_001,synthetic_ad8232_normal_moderate,0.6260434056761267,0.3206991456721075,0.2857142857142857,0.2689445693705562
2026-05-26T15:52:53,patient_001,0.659090909090909,True,synthetic_ad8232,0.8235294117647065,True,synthetic_max30102,0.6862068965517256,2803,1681,2086,False,False,False,0.166,0.347,0.883,False,normal_moderate,synthetic_ad8232_normal_moderate,patient_001,synthetic_ad8232_normal_moderate,0.6577629382303839,0.2426332347092806,0.7857142857142857,0.2158706833731136
2026-05-26T15:52:58,patient_001,0.5833333333333333,True,synthetic_ad8232,0.8235294117647065,True,synthetic_max30102,0.5310344827586206,1452,1750,2171,False,False,False,-0.165,0.034,1.493,False,normal_moderate,synthetic_ad8232_normal_moderate,patient_001,synthetic_ad8232_normal_moderate,0.6560934891485809,0.24918100729933687,0.5,0.3384625638970624
2026-05-26T15:53:03,patient_001,0.553030303030303,True,synthetic_ad8232,0.9411764705882355,True,synthetic_max30102,0.4931034482758623,1956,1702,2112,False,False,False,-0.59,0.693,1.229,False,normal_moderate,synthetic_ad8232_normal_moderate,patient_001,synthetic_ad8232_normal_moderate,0.6243739565943237,0.23739215810849398,0.6428571428571428,0.34456245900674765
2026-05-26T15:53:08,patient_001,0.6515151515151514,True,synthetic_ad8232,0.7058823529411766,True,synthetic_max30102,0.6448275862068957,2560,1709,2121,False,False,False,0.23,0.116,1.041,False,normal_moderate,synthetic_ad8232_normal_moderate,patient_001,synthetic_ad8232_normal_moderate,0.6193656093489147,0.21114179930632038,0.2142857142857143,0.24070376035572288
2026-05-26T15:53:13,patient_001,0.5,True,synthetic_ad8232,0.5882352941176476,True,synthetic_max30102,0.586206896551726,2412,1677,2081,False,False,False,0.261,0.198,1.133,False,normal_moderate,synthetic_ad8232_normal_moderate,patient_001,synthetic_ad8232_normal_moderate,0.6060100166944907,0.2814230861291608,0.35714285714285715,0.265028802421602
2026-05-26T15:53:18,patient_001,0.5681818181818181,True,synthetic_ad8232,0.7058823529411766,True,synthetic_max30102,0.4827586206896548,1933,1594,1978,False,False,False,0.747,-0.577,1.165,False,normal_moderate,synthetic_ad8232_normal_moderate,patient_001,synthetic_ad8232_normal_moderate,0.5859766277128547,0.22941573387056263,0.6428571428571428,0.33776085298126707
2026-05-26T15:53:23,patient_001,0.5378787878787878,True,synthetic_ad8232,0.5882352941176476,True,synthetic_max30102,0.5586206896551715,2863,1803,2237,False,False,False,-0.093,-0.705,1.284,False,normal_moderate,synthetic_ad8232_normal_moderate,patient_001,synthetic_ad8232_normal_moderate,0.5759599332220365,0.2346205336437676,0.35714285714285715,0.3305725603502056
2026-05-26T15:53:28,patient_001,0.5984848484848484,True,synthetic_ad8232,0.7647058823529411,True,synthetic_max30102,0.6655172413793107,2329,1728,2144,False,False,False,0.629,0.427,0.66,False,normal_moderate,synthetic_ad8232_normal_moderate,patient_001,synthetic_ad8232_normal_moderate,0.5859766277128547,0.24221812194210923,0.7142857142857143,0.22578442187427641
2026-05-26T15:53:33,patient_001,0.4318181818181818,True,synthetic_ad8232,0.8235294117647065,True,synthetic_max30102,0.7689655172413783,2249,1683,2089,False,False,False,0.264,0.546,1.054,False,normal_moderate,synthetic_ad8232_normal_moderate,patient_001,synthetic_ad8232_normal_moderate,0.5375626043405676,0.27066870478655375,0.5714285714285714,0.27335205439612364
2026-05-26T15:53:38,patient_001,0.5075757575757576,True,synthetic_ad8232,0.6470588235294121,True,synthetic_max30102,0.6586206896551712,2245,1694,2102,False,False,False,0.52,-0.317,1.329,False,normal_moderate,synthetic_ad8232_normal_moderate,patient_001,synthetic_ad8232_normal_moderate,0.5392320534223706,0.2676777985642794,0.2857142857142857,0.3292380510538099
2026-05-26T15:53:43,patient_001,0.606060606060606,True,synthetic_ad8232,0.882352941176471,True,synthetic_max30102,0.5275862068965527,2964,1658,2057,False,False,False,0.534,0.138,1.208,False,normal_moderate,synthetic_ad8232_normal_moderate,patient_001,synthetic_ad8232_normal_moderate,0.5475792988313856,0.2996089497888874,0.7857142857142857,0.29879326357118596
2026-05-26T15:53:48,patient_001,0.606060606060606,True,synthetic_ad8232,0.8235294117647065,True,synthetic_max30102,0.3413793103448288,2401,1584,1965,False,False,False,-0.248,0.463,1.09,False,normal_moderate,synthetic_ad8232_normal_moderate,patient_001,synthetic_ad8232_normal_moderate,0.5626043405676125,0.3270687019503886,0.4285714285714286,0.2719695633435621
2026-05-26T15:53:53,patient_001,0.5303030303030303,True,synthetic_ad8232,0.882352941176471,True,synthetic_max30102,0.5068965517241377,1946,1635,2029,False,False,False,0.112,0.443,0.676,False,normal_moderate,synthetic_ad8232_normal_moderate,patient_001,synthetic_ad8232_normal_moderate,0.5475792988313856,0.307073366691,0.5714285714285714,0.18241103394261515
2026-05-26T15:53:58,patient_001,0.6287878787878787,True,synthetic_ad8232,0.6470588235294121,True,synthetic_max30102,0.3344827586206893,1689,1591,1974,False,False,False,0.328,-0.181,0.853,False,normal_moderate,synthetic_ad8232_normal_moderate,patient_001,synthetic_ad8232_normal_moderate,0.5909849749582637,0.2231901142765925,0.2142857142857143,0.20870886309125714
2026-05-26T15:54:03,patient_001,0.5681818181818181,True,synthetic_ad8232,0.8235294117647065,True,synthetic_max30102,0.431034482758621,2340,1814,2251,False,False,False,0.62,-0.21,0.751,False,normal_moderate,synthetic_ad8232_normal_moderate,patient_001,synthetic_ad8232_normal_moderate,0.6043405676126877,0.1626860180375973,0.7142857142857143,0.22339346589306333
2026-05-26T15:54:08,patient_001,0.5227272727272727,True,synthetic_ad8232,0.7647058823529411,True,synthetic_max30102,0.6655172413793107,1706,1708,2120,False,False,False,0.553,-0.256,0.975,False,normal_moderate,synthetic_ad8232_normal_moderate,patient_001,synthetic_ad8232_normal_moderate,0.5859766277128547,0.19374333491215784,0.4285714285714286,0.25829078211656686
2026-05-26T15:54:13,patient_001,0.5606060606060606,True,synthetic_ad8232,0.7647058823529411,True,synthetic_max30102,0.6413793103448278,1930,1754,2176,False,False,False,0.463,-0.085,0.915,False,normal_moderate,synthetic_ad8232_normal_moderate,patient_001,synthetic_ad8232_normal_moderate,0.5759599332220365,0.17576870087735044,0.5,0.23083677910959055
2026-05-26T15:54:18,patient_001,0.6136363636363635,True,synthetic_ad8232,0.7647058823529411,True,synthetic_max30102,0.41034482758620605,2053,1828,2269,False,False,False,-0.295,0.536,0.935,False,normal_moderate,synthetic_ad8232_normal_moderate,patient_001,synthetic_ad8232_normal_moderate,0.5943238731218697,0.17888993863240887,0.5,0.2509292703664969
2026-05-26T15:54:23,patient_001,0.5909090909090908,True,synthetic_ad8232,1.0,True,synthetic_max30102,0.3999999999999986,1877,1711,2123,False,False,False,-0.624,0.48,0.701,False,normal_moderate,synthetic_ad8232_normal_moderate,patient_001,synthetic_ad8232_normal_moderate,0.5859766277128547,0.14292900620635324,0.7857142857142857,0.236549986798987
2026-05-26T15:54:28,patient_001,0.5909090909090908,True,synthetic_ad8232,0.6470588235294121,True,synthetic_max30102,0.49655172413793025,1495,1688,2095,False,False,False,0.197,-0.323,0.745,False,normal_moderate,synthetic_ad8232_normal_moderate,patient_001,synthetic_ad8232_normal_moderate,0.5909849749582637,0.14709285755975543,0.07142857142857145,0.1868695841982602
2026-05-26T15:54:33,patient_001,0.5378787878787878,True,synthetic_ad8232,0.7647058823529411,True,synthetic_max30102,0.47241379310344733,2777,1752,2174,False,False,False,-0.055,0.023,0.76,False,normal_moderate,synthetic_ad8232_normal_moderate,patient_001,synthetic_ad8232_normal_moderate,0.5943238731218697,0.12408465298728262,0.6428571428571428,0.17022470840902135
2026-05-26T15:54:38,patient_001,0.5303030303030303,True,synthetic_ad8232,0.8235294117647065,True,synthetic_max30102,0.4896551724137943,2154,1582,1963,False,False,False,0.168,0.578,1.168,False,normal_moderate,synthetic_ad8232_normal_moderate,patient_001,synthetic_ad8232_normal_moderate,0.5876460767946575,0.1531264857561637,0.5714285714285714,0.2956157218557346
2026-05-26T15:54:43,patient_001,0.659090909090909,True,synthetic_ad8232,0.7647058823529411,True,synthetic_max30102,0.6275862068965523,1887,1602,1988,False,False,False,-0.202,-0.49,1.039,False,normal_moderate,synthetic_ad8232_normal_moderate,patient_001,synthetic_ad8232_normal_moderate,0.5976627712854757,0.2167857819927958,0.4285714285714286,0.26206474328514046
2026-05-26T15:54:48,patient_001,0.6666666666666667,True,synthetic_ad8232,0.5882352941176476,True,synthetic_max30102,0.3758620689655192,2659,1820,2258,False,False,False,-0.321,0.008,0.862,False,normal_moderate,synthetic_ad8232_normal_moderate,patient_001,synthetic_ad8232_normal_moderate,0.6143572621035059,0.2704827420680797,0.2857142857142857,0.20603190706104224
2026-05-26T15:54:53,patient_001,0.606060606060606,True,synthetic_ad8232,0.7647058823529411,True,synthetic_max30102,0.5620689655172431,2697,1772,2199,False,False,False,-0.262,0.33,0.601,False,normal_moderate,synthetic_ad8232_normal_moderate,patient_001,synthetic_ad8232_normal_moderate,0.6176961602671117,0.2704827420680797,0.7142857142857143,0.16378240294261756
2026-05-26T15:54:58,patient_001,0.5833333333333333,True,synthetic_ad8232,0.7647058823529411,True,synthetic_max30102,0.5620689655172431,2416,1708,2119,False,False,False,-0.962,0.136,0.95,False,normal_moderate,synthetic_ad8232_normal_moderate,patient_001,synthetic_ad8232_normal_moderate,0.6277128547579299,0.23590379134779843,0.5,0.3058131191170161
2026-05-26T15:55:03,patient_001,0.5606060606060606,True,synthetic_ad8232,0.6470588235294121,True,synthetic_max30102,0.5000000000000018,1752,1779,2208,False,False,False,0.064,0.07,1.047,False,normal_moderate,synthetic_ad8232_normal_moderate,patient_001,synthetic_ad8232_normal_moderate,0.6343906510851417,0.19477940291400778,0.35714285714285715,0.23590523478864694
2026-05-26T15:55:08,patient_001,0.5833333333333333,True,synthetic_ad8232,0.882352941176471,True,synthetic_max30102,0.32413793103448185,1976,1650,2047,False,False,False,0.103,-0.175,0.86,False,normal_moderate,synthetic_ad8232_normal_moderate,patient_001,synthetic_ad8232_normal_moderate,0.6176961602671117,0.16994692208112155,0.7857142857142857,0.19779993695436976
2026-05-26T15:55:13,patient_001,0.696969696969697,True,synthetic_ad8232,0.6470588235294121,True,synthetic_max30102,0.38965517241379466,1973,1726,2142,False,False,False,-0.416,0.635,0.828,False,normal_moderate,synthetic_ad8232_normal_moderate,patient_001,synthetic_ad8232_normal_moderate,0.6243739565943237,0.22319011427659216,0.2142857142857143,0.25228039543351627
2026-05-26T15:55:18,patient_001,0.5,True,synthetic_ad8232,0.7647058823529411,True,synthetic_max30102,0.7896551724137932,1292,1642,2038,False,False,False,0.527,-0.269,1.217,False,normal_moderate,synthetic_ad8232_normal_moderate,patient_001,synthetic_ad8232_normal_moderate,0.6010016694490815,0.2987680585718355,0.6428571428571428,0.30453404597735706
2026-05-26T15:55:23,patient_001,0.6439393939393938,True,synthetic_ad8232,0.882352941176471,True,synthetic_max30102,0.6310344827586203,2003,1747,2168,False,False,False,-0.124,-0.028,1.252,False,normal_moderate,synthetic_ad8232_normal_moderate,patient_001,synthetic_ad8232_normal_moderate,0.6143572621035059,0.3183369788798831,0.6428571428571428,0.2829915143454167
2026-05-26T15:55:28,patient_001,0.44696969696969696,True,synthetic_ad8232,0.7647058823529411,True,synthetic_max30102,0.6379310344827598,2528,1742,2162,False,False,False,-0.379,0.254,1.106,False,normal_moderate,synthetic_ad8232_normal_moderate,patient_001,synthetic_ad8232_normal_moderate,0.5893155258764607,0.42761193551465115,0.35714285714285715,0.2688920422531678
2026-05-26T15:55:33,patient_001,0.5151515151515151,True,synthetic_ad8232,0.5882352941176476,True,synthetic_max30102,0.4586206896551719,2692,1576,1956,False,False,False,0.351,-0.16,0.747,False,normal_moderate,synthetic_ad8232_normal_moderate,patient_001,synthetic_ad8232_normal_moderate,0.5742904841402335,0.4401368409531459,0.2857142857142857,0.1880421260287826
2026-05-26T15:55:38,patient_001,0.6287878787878787,True,synthetic_ad8232,0.8235294117647065,True,synthetic_max30102,0.6241379310344843,3203,1689,2096,False,False,False,0.242,-0.056,0.933,False,normal_moderate,synthetic_ad8232_normal_moderate,patient_001,synthetic_ad8232_normal_moderate,0.5592654424040066,0.35848237131892957,0.7857142857142857,0.21640516685862704
2026-05-26T15:55:43,patient_001,0.6136363636363635,True,synthetic_ad8232,0.7058823529411766,True,synthetic_max30102,0.568965517241379,2620,1750,2172,False,False,False,-0.314,0.557,0.759,False,normal_moderate,synthetic_ad8232_normal_moderate,patient_001,synthetic_ad8232_normal_moderate,0.5843071786310515,0.35637073481698034,0.35714285714285715,0.22252764507700068
2026-05-26T15:55:48,patient_001,0.5984848484848484,True,synthetic_ad8232,0.7647058823529411,True,synthetic_max30102,0.5172413793103452,2206,1815,2252,False,False,False,0.02,-0.172,0.833,False,normal_moderate,synthetic_ad8232_normal_moderate,patient_001,synthetic_ad8232_normal_moderate,0.5742904841402335,0.32351097961237385,0.5714285714285714,0.19033503188547182
2026-05-26T15:55:53,patient_001,0.5075757575757576,True,synthetic_ad8232,0.7058823529411766,True,synthetic_max30102,0.6379310344827598,1888,1739,2158,False,False,False,0.276,0.226,0.9,False,normal_moderate,synthetic_ad8232_normal_moderate,patient_001,synthetic_ad8232_normal_moderate,0.5876460767946575,0.239081803332487,0.4285714285714286,0.21700034539752758
2026-05-26T15:55:58,patient_001,0.5454545454545454,True,synthetic_ad8232,0.882352941176471,True,synthetic_max30102,0.6137931034482769,1458,1824,2263,False,False,False,-0.304,-0.269,1.028,False,normal_moderate,synthetic_ad8232_normal_moderate,patient_001,synthetic_ad8232_normal_moderate,0.5943238731218697,0.21233000114238829,0.7142857142857143,0.2481695451781371
2026-05-26T15:56:03,patient_001,0.5909090909090908,True,synthetic_ad8232,0.6470588235294121,True,synthetic_max30102,0.4482758620689644,1901,1713,2126,False,False,False,-0.088,-0.117,0.803,False,normal_moderate,synthetic_ad8232_normal_moderate,patient_001,synthetic_ad8232_normal_moderate,0.5859766277128547,0.1830604273357717,0.2142857142857143,0.18247690612633158
2026-05-26T15:56:08,patient_001,0.45454545454545453,True,synthetic_ad8232,0.8235294117647065,True,synthetic_max30102,0.6000000000000014,1724,1738,2157,False,False,False,0.335,-0.509,1.095,False,normal_moderate,synthetic_ad8232_normal_moderate,patient_001,synthetic_ad8232_normal_moderate,0.5509181969949916,0.25119218606545957,0.7142857142857143,0.28178483141870836
2026-05-26T15:56:13,patient_001,0.5681818181818181,True,synthetic_ad8232,0.7647058823529411,True,synthetic_max30102,0.720689655172416,2455,1646,2043,False,False,False,0.714,-0.553,1.863,False,normal_moderate,synthetic_ad8232_normal_moderate,patient_001,synthetic_ad8232_normal_moderate,0.5442404006677796,0.2249864419561857,0.4285714285714286,0.46754508763335506
2026-05-26T15:56:18,patient_001,0.6439393939393938,True,synthetic_ad8232,0.6470588235294121,True,synthetic_max30102,0.572413793103447,2268,1802,2236,False,False,False,0.002,0.224,1.071,False,normal_moderate,synthetic_ad8232_normal_moderate,patient_001,synthetic_ad8232_normal_moderate,0.5742904841402335,0.29160885629199984,0.35714285714285715,0.24565405557727923
2026-05-26T15:56:23,patient_001,0.553030303030303,True,synthetic_ad8232,0.882352941176471,True,synthetic_max30102,0.5827586206896544,1809,1668,2070,False,False,False,0.296,-0.203,0.624,False,normal_moderate,synthetic_ad8232_normal_moderate,patient_001,synthetic_ad8232_normal_moderate,0.5759599332220365,0.29022517656919844,0.7857142857142857,0.16057041476431405
2026-05-26T15:56:28,patient_001,0.6287878787878787,True,synthetic_ad8232,0.882352941176471,True,synthetic_max30102,0.5000000000000018,2724,1662,2062,False,False,False,0.541,0.509,1.075,False,normal_moderate,synthetic_ad8232_normal_moderate,patient_001,synthetic_ad8232_normal_moderate,0.5843071786310515,0.31436059274071,0.5,0.29395515313245574
2026-05-26T15:56:33,patient_001,0.5606060606060606,True,synthetic_ad8232,0.7647058823529411,True,synthetic_max30102,0.47931034482758683,3338,1654,2053,False,False,False,-0.271,-0.484,1.212,False,normal_moderate,synthetic_ad8232_normal_moderate,patient_001,synthetic_ad8232_normal_moderate,0.6076794657762937,0.1766254177365226,0.35714285714285715,0.2999189153068377
2026-05-26T15:56:38,patient_001,0.4848484848484849,True,synthetic_ad8232,0.6470588235294121,True,synthetic_max30102,0.572413793103447,1664,1571,1949,False,False,False,0.575,0.053,1.19,False,normal_moderate,synthetic_ad8232_normal_moderate,patient_001,synthetic_ad8232_normal_moderate,0.5893155258764607,0.26861603417338126,0.35714285714285715,0.2975987039302341
2026-05-26T15:56:43,patient_001,0.4848484848484849,True,synthetic_ad8232,0.5882352941176476,True,synthetic_max30102,0.5310344827586206,2201,1640,2035,False,False,False,-0.745,-0.433,0.802,False,normal_moderate,synthetic_ad8232_normal_moderate,patient_001,synthetic_ad8232_normal_moderate,0.5542570951585976,0.25239120092690226,0.4285714285714286,0.26451797287363316
2026-05-26T15:56:48,patient_001,0.5909090909090908,True,synthetic_ad8232,0.8235294117647065,True,synthetic_max30102,0.6000000000000014,2227,1747,2168,False,False,False,0.439,0.029,1.096,False,normal_moderate,synthetic_ad8232_normal_moderate,patient_001,synthetic_ad8232_normal_moderate,0.5626043405676125,0.2688032883154489,0.7857142857142857,0.2653912708538519
2026-05-26T15:56:53,patient_001,0.5378787878787878,True,synthetic_ad8232,0.7058823529411766,True,synthetic_max30102,0.427586206896553,1551,1659,2059,False,False,False,0.188,-0.003,0.758,False,normal_moderate,synthetic_ad8232_normal_moderate,patient_001,synthetic_ad8232_normal_moderate,0.5425709515859766,0.19606678905504013,0.35714285714285715,0.1744610584730019
2026-05-26T15:56:58,patient_001,0.6439393939393938,True,synthetic_ad8232,0.7647058823529411,True,synthetic_max30102,0.4206896551724135,1996,1791,2222,False,False,False,0.323,-0.166,0.498,False,normal_moderate,synthetic_ad8232_normal_moderate,patient_001,synthetic_ad8232_normal_moderate,0.5609348914858096,0.2895308569703229,0.5714285714285714,0.13704193129134853
2026-05-26T15:57:03,patient_001,0.5378787878787878,True,synthetic_ad8232,0.7647058823529411,True,synthetic_max30102,0.6448275862068957,2867,1671,2074,False,False,False,0.047,-0.39,1.18,False,normal_moderate,synthetic_ad8232_normal_moderate,patient_001,synthetic_ad8232_normal_moderate,0.5726210350584308,0.25318738965828613,0.5,0.27963431177344017
2026-05-26T15:57:08,patient_001,0.5681818181818181,True,synthetic_ad8232,0.5882352941176476,True,synthetic_max30102,0.5551724137931036,2417,1639,2034,False,False,False,0.721,0.582,1.631,False,normal_moderate,synthetic_ad8232_normal_moderate,patient_001,synthetic_ad8232_normal_moderate,0.5909849749582637,0.18497447936268924,0.2857142857142857,0.4233275305893222
2026-05-26T15:57:13,patient_001,0.5151515151515151,True,synthetic_ad8232,0.7647058823529411,True,synthetic_max30102,0.3758620689655192,2295,1756,2179,False,False,False,-0.186,-0.207,1.304,False,normal_moderate,synthetic_ad8232_normal_moderate,patient_001,synthetic_ad8232_normal_moderate,0.5742904841402335,0.21042565773170527,0.7142857142857143,0.30002292295462524
2026-05-26T15:57:18,patient_001,0.4621212121212121,True,synthetic_ad8232,0.7647058823529411,True,synthetic_max30102,0.43448275862068897,886,1642,2037,False,False,False,0.344,0.442,1.36,False,normal_moderate,synthetic_ad8232_normal_moderate,patient_001,synthetic_ad8232_normal_moderate,0.5575959933222036,0.2819589604693398,0.5,0.3312664090599111
2026-05-26T15:57:23,patient_001,0.4318181818181818,True,synthetic_ad8232,0.882352941176471,True,synthetic_max30102,0.47241379310344733,1975,1691,2098,False,False,False,-0.223,0.605,1.433,False,normal_moderate,synthetic_ad8232_normal_moderate,patient_001,synthetic_ad8232_normal_moderate,0.5108514190317196,0.2326823776305743,0.6428571428571428,0.3541257009866961
2026-05-26T15:57:28,patient_001,0.5606060606060606,True,synthetic_ad8232,0.7647058823529411,True,synthetic_max30102,0.6931034482758616,2337,1628,2020,False,False,False,0.188,0.284,1.399,False,normal_moderate,synthetic_ad8232_normal_moderate,patient_001,synthetic_ad8232_normal_moderate,0.5158597662771284,0.25079124058072294,0.35714285714285715,0.32423024930989974
2026-05-26T15:57:33,patient_001,0.5454545454545454,True,synthetic_ad8232,0.5882352941176476,True,synthetic_max30102,0.2827586206896555,2951,1718,2132,False,False,False,-0.316,0.216,1.03,False,normal_moderate,synthetic_ad8232_normal_moderate,patient_001,synthetic_ad8232_normal_moderate,0.5108514190317196,0.2294157338705625,0.2857142857142857,0.2467103578013413
2026-05-26T15:57:38,patient_001,0.46969696969696967,True,synthetic_ad8232,0.7647058823529411,True,synthetic_max30102,0.5517241379310356,1936,1791,2222,False,False,False,-0.218,0.04,0.43,False,normal_moderate,synthetic_ad8232_normal_moderate,patient_001,synthetic_ad8232_normal_moderate,0.5008347245409014,0.2346205336437675,0.7142857142857143,0.10690325621365737
2026-05-26T15:57:43,patient_001,0.696969696969697,True,synthetic_ad8232,0.7647058823529411,True,synthetic_max30102,0.6310344827586203,2289,1737,2155,False,False,False,0.021,0.019,0.786,False,normal_moderate,synthetic_ad8232_normal_moderate,patient_001,synthetic_ad8232_normal_moderate,0.5525876460767946,0.4277295890966037,0.5,0.17571991737147416
2026-05-26T15:57:48,patient_001,0.5075757575757576,True,synthetic_ad8232,0.7647058823529411,True,synthetic_max30102,0.4482758620689644,2202,1687,2093,False,False,False,0.845,-0.001,1.531,False,normal_moderate,synthetic_ad8232_normal_moderate,patient_001,synthetic_ad8232_normal_moderate,0.5692821368948248,0.3614179359465585,0.5,0.39443322424128774
2026-05-26T15:57:53,patient_001,0.46969696969696967,True,synthetic_ad8232,0.7058823529411766,True,synthetic_max30102,0.5413793103448281,2841,1738,2157,False,False,False,0.595,0.108,1.474,False,normal_moderate,synthetic_ad8232_normal_moderate,patient_001,synthetic_ad8232_normal_moderate,0.5492487479131886,0.39494644061315987,0.4285714285714286,0.3590905528687149
2026-05-26T15:57:58,patient_001,0.5606060606060606,True,synthetic_ad8232,1.0,True,synthetic_max30102,0.4620689655172434,2049,1764,2189,False,False,False,-0.228,-0.394,1.806,False,normal_moderate,synthetic_ad8232_normal_moderate,patient_001,synthetic_ad8232_normal_moderate,0.5525876460767946,0.3972330586040672,0.8571428571428571,0.4202952213186314
2026-05-26T15:58:03,patient_001,0.659090909090909,True,synthetic_ad8232,0.8235294117647065,True,synthetic_max30102,0.7344827586206915,2415,1588,1970,False,False,False,-0.502,-0.063,0.828,False,normal_moderate,synthetic_ad8232_normal_moderate,patient_001,synthetic_ad8232_normal_moderate,0.5943238731218697,0.406622247805238,0.2857142857142857,0.21750515422863903
2026-05-26T15:58:08,patient_001,0.5454545454545454,True,synthetic_ad8232,0.8235294117647065,True,synthetic_max30102,0.7793103448275858,1963,1774,2201,False,False,False,-0.084,-0.117,1.032,False,normal_moderate,synthetic_ad8232_normal_moderate,patient_001,synthetic_ad8232_normal_moderate,0.5609348914858096,0.29809363771494835,0.5,0.23379472500579127
2026-05-26T15:58:13,patient_001,0.5227272727272727,True,synthetic_ad8232,0.882352941176471,True,synthetic_max30102,0.5586206896551715,1827,1730,2147,False,False,False,-0.676,-0.399,1.515,False,normal_moderate,synthetic_ad8232_normal_moderate,patient_001,synthetic_ad8232_normal_moderate,0.5642737896494158,0.2902251765691984,0.5714285714285714,0.3847893363672286
2026-05-26T15:58:18,patient_001,0.553030303030303,True,synthetic_ad8232,0.7647058823529411,True,synthetic_max30102,0.6000000000000014,2350,1700,2110,False,False,False,-0.435,-0.264,1.086,False,normal_moderate,synthetic_ad8232_normal_moderate,patient_001,synthetic_ad8232_normal_moderate,0.5826377295492488,0.22092416610494636,0.35714285714285715,0.2695489935717657
2026-05-26T15:58:23,patient_001,0.47727272727272735,True,synthetic_ad8232,0.8235294117647065,True,synthetic_max30102,0.6379310344827598,2003,1638,2033,False,False,False,0.21,0.079,0.956,False,normal_moderate,synthetic_ad8232_normal_moderate,patient_001,synthetic_ad8232_normal_moderate,0.5642737896494158,0.28052768746711043,0.5714285714285714,0.22015041399372637
2026-05-26T15:58:28,patient_001,0.15151515151515155,True,synthetic_ad8232,0.882352941176471,True,synthetic_max30102,0.137931034482758,2305,1680,2085,False,False,False,0.01,0.042,0.968,False,normal_morning,synthetic_ad8232_normal_morning,patient_001,synthetic_ad8232_normal_morning,0.12353923205342232,0.0,0.5,0.21719232077852027
2026-05-26T15:58:33,patient_001,0.12878787878787884,True,synthetic_ad8232,1.0,True,synthetic_max30102,0.2827586206896555,1523,1613,2001,False,False,False,-0.016,-0.024,0.985,False,normal_morning,synthetic_ad8232_normal_morning,patient_001,synthetic_ad8232_normal_morning,0.11101836393989972,0.06729435145199986,0.6428571428571428,0.22093374842436458
2026-05-26T15:58:38,patient_001,0.06060606060606061,True,synthetic_ad8232,0.8235294117647065,True,synthetic_max30102,0.15517241379310498,2309,1803,2237,False,False,False,0.021,0.101,1.002,False,normal_morning,synthetic_ad8232_normal_morning,patient_001,synthetic_ad8232_normal_morning,0.08180300500834714,0.19810920655956166,0.2857142857142857,0.22590585858727044
2026-05-26T15:58:43,patient_001,0.06818181818181818,True,synthetic_ad8232,0.882352941176471,True,synthetic_max30102,0.22758620689655018,2188,1693,2101,False,False,False,0.066,0.155,0.939,False,normal_morning,synthetic_ad8232_normal_morning,patient_001,synthetic_ad8232_normal_morning,0.06928213689482465,0.18767497957141205,0.5714285714285714,0.21378963365212503
2026-05-26T15:58:48,patient_001,0.0,True,synthetic_ad8232,0.9411764705882355,True,synthetic_max30102,0.30344827586207046,2349,1538,1909,False,False,False,-0.011,0.029,0.886,False,normal_morning,synthetic_ad8232_normal_morning,patient_001,synthetic_ad8232_normal_morning,0.046744574290484064,0.251192186065459,0.5714285714285714,0.19845789597877753
2026-05-26T15:58:53,patient_001,0.06060606060606061,True,synthetic_ad8232,0.8235294117647065,True,synthetic_max30102,0.2241379310344822,1548,1554,1928,False,False,False,0.009,0.002,1.034,False,normal_morning,synthetic_ad8232_normal_morning,patient_001,synthetic_ad8232_normal_morning,0.026711185308848084,0.19112859514277786,0.35714285714285715,0.2319850788207337
2026-05-26T15:58:58,patient_001,0.09090909090909088,True,synthetic_ad8232,0.9411764705882355,True,synthetic_max30102,0.29999999999999893,1712,1763,2188,False,False,False,0.0,0.086,0.943,False,normal_morning,synthetic_ad8232_normal_morning,patient_001,synthetic_ad8232_normal_morning,0.018363939899833093,0.14115782246945868,0.6428571428571428,0.2121804803829062
2026-05-26T15:59:03,patient_001,0.15151515151515155,True,synthetic_ad8232,0.8235294117647065,True,synthetic_max30102,0.35862068965517224,2552,1700,2110,False,False,False,0.075,-0.031,0.959,False,normal_morning,synthetic_ad8232_normal_morning,patient_001,synthetic_ad8232_normal_morning,0.03839732888146907,0.22919630222410925,0.35714285714285715,0.21570695433948978
2026-05-26T15:59:08,patient_001,0.08333333333333331,True,synthetic_ad8232,0.882352941176471,True,synthetic_max30102,0.2655172413793121,2562,1653,2051,False,False,False,0.048,-0.048,0.941,False,normal_morning,synthetic_ad8232_normal_morning,patient_001,synthetic_ad8232_normal_morning,0.04173622704507507,0.22919630222410925,0.5714285714285714,0.21139215675441064
2026-05-26T15:59:13,patient_001,0.16666666666666669,True,synthetic_ad8232,0.9411764705882355,True,synthetic_max30102,0.22758620689655018,1453,1593,1977,False,False,False,0.085,-0.01,0.981,False,normal_morning,synthetic_ad8232_normal_morning,patient_001,synthetic_ad8232_normal_morning,0.07846410684474114,0.1924404059756372,0.5714285714285714,0.22077556962066575
2026-05-26T15:59:18,patient_001,0.09848484848484845,True,synthetic_ad8232,0.882352941176471,True,synthetic_max30102,0.2586206896551726,2203,1636,2030,False,False,False,0.073,0.045,1.023,False,normal_morning,synthetic_ad8232_normal_morning,patient_001,synthetic_ad8232_normal_morning,0.08681135225375614,0.15956315528121395,0.4285714285714286,0.23029095697364016
2026-05-26T15:59:23,patient_001,0.04545454545454547,True,synthetic_ad8232,0.882352941176471,True,synthetic_max30102,0.2586206896551726,1507,1595,1979,False,False,False,-0.0,0.033,0.953,False,normal_morning,synthetic_ad8232_normal_morning,patient_001,synthetic_ad8232_normal_morning,0.07679465776293826,0.2087451064640269,0.5,0.2136938289592145
2026-05-26T15:59:28,patient_001,0.15151515151515155,True,synthetic_ad8232,0.9411764705882355,True,synthetic_max30102,0.24827586206896513,2131,1631,2024,False,False,False,0.158,0.019,1.172,False,normal_morning,synthetic_ad8232_normal_morning,patient_001,synthetic_ad8232_normal_morning,0.07679465776293826,0.2087451064640269,0.5714285714285714,0.2657885184329512
2026-05-26T15:59:33,patient_001,0.06060606060606061,True,synthetic_ad8232,0.882352941176471,True,synthetic_max30102,0.26896551724138007,1668,1652,2050,False,False,False,0.033,0.137,1.004,False,normal_morning,synthetic_ad8232_normal_morning,patient_001,synthetic_ad8232_normal_morning,0.07178631051752915,0.22476268611569108,0.4285714285714286,0.22739353378747215
2026-05-26T15:59:38,patient_001,0.10606060606060602,True,synthetic_ad8232,0.882352941176471,True,synthetic_max30102,0.16206896551724093,1619,1541,1912,False,False,False,-0.007,0.19,0.974,False,normal_morning,synthetic_ad8232_normal_morning,patient_001,synthetic_ad8232_normal_morning,0.058430717863105164,0.1743314837810285,0.5,0.22251607834886386
2026-05-26T15:59:43,patient_001,0.08333333333333331,True,synthetic_ad8232,0.9411764705882355,True,synthetic_max30102,0.24827586206896513,1697,1577,1957,False,False,False,0.081,-0.009,1.01,False,normal_morning,synthetic_ad8232_normal_morning,patient_001,synthetic_ad8232_normal_morning,0.055091819699499056,0.1743314837810285,0.5714285714285714,0.2272666003827004
2026-05-26T15:59:48,patient_001,0.0378787878787879,True,synthetic_ad8232,0.8235294117647065,True,synthetic_max30102,0.2862068965517235,1349,1683,2089,False,False,False,0.081,0.089,0.992,False,normal_morning,synthetic_ad8232_normal_morning,patient_001,synthetic_ad8232_normal_morning,0.05342237061769606,0.18306042733577094,0.35714285714285715,0.2240820402871188
2026-05-26T15:59:53,patient_001,0.12878787878787884,True,synthetic_ad8232,0.882352941176471,True,synthetic_max30102,0.2551724137931046,2216,1595,1979,False,False,False,0.063,-0.029,0.9,False,normal_morning,synthetic_ad8232_normal_morning,patient_001,synthetic_ad8232_normal_morning,0.04841402337228706,0.15047474434843341,0.5714285714285714,0.20212331967554484
2026-05-26T15:59:58,patient_001,0.12121212121212127,True,synthetic_ad8232,0.7647058823529411,True,synthetic_max30102,0.13103448275862206,1572,1545,1917,False,False,False,-0.003,0.009,0.908,False,normal_morning,synthetic_ad8232_normal_morning,patient_001,synthetic_ad8232_normal_morning,0.06176961602671105,0.15312648575616247,0.35714285714285715,0.20334651641633453
2026-05-26T16:00:03,patient_001,0.09090909090909088,True,synthetic_ad8232,0.8235294117647065,True,synthetic_max30102,0.19655172413793132,1944,1708,2120,False,False,False,0.104,-0.048,0.978,False,normal_morning,synthetic_ad8232_normal_morning,patient_001,synthetic_ad8232_normal_morning,0.058430717863105164,0.15114204138840012,0.5714285714285714,0.2207661053469403
2026-05-26T16:00:08,patient_001,0.05303030303030304,True,synthetic_ad8232,0.9411764705882355,True,synthetic_max30102,0.18275862068965587,2201,1665,2066,False,False,False,0.106,0.056,0.969,False,normal_morning,synthetic_ad8232_normal_morning,patient_001,synthetic_ad8232_normal_morning,0.05175292153589317,0.1687584674859121,0.6428571428571428,0.2188801542683235
2026-05-26T16:00:13,patient_001,0.1363636363636364,True,synthetic_ad8232,0.8235294117647065,True,synthetic_max30102,0.21034482758620676,2323,1714,2127,False,False,False,0.036,0.072,0.928,False,normal_morning,synthetic_ad8232_normal_morning,patient_001,synthetic_ad8232_normal_morning,0.07345575959933215,0.14363136427487497,0.35714285714285715,0.2086734824462845
2026-05-26T16:00:18,patient_001,0.015151515151515138,True,synthetic_ad8232,0.9411764705882355,True,synthetic_max30102,0.3758620689655192,1102,1513,1877,False,False,False,0.1,0.116,0.995,False,normal_morning,synthetic_ad8232_normal_morning,patient_001,synthetic_ad8232_normal_morning,0.04841402337228706,0.2080207140892181,0.6428571428571428,0.2257743745021419
2026-05-26T16:00:23,patient_001,0.09848484848484845,True,synthetic_ad8232,0.8235294117647065,True,synthetic_max30102,0.137931034482758,2630,1608,1996,False,False,False,0.036,0.067,0.903,False,normal_morning,synthetic_ad8232_normal_morning,patient_001,synthetic_ad8232_normal_morning,0.04340567612687807,0.19374333491215692,0.35714285714285715,0.20292554495530274
2026-05-26T16:00:28,patient_001,0.022727272727272763,True,synthetic_ad8232,0.9411764705882355,True,synthetic_max30102,0.16896551724138043,1613,1690,2097,False,False,False,0.073,0.096,1.034,False,normal_morning,synthetic_ad8232_normal_morning,patient_001,synthetic_ad8232_normal_morning,0.02838063439065097,0.21585536661749863,0.6428571428571428,0.233569057734145
2026-05-26T16:00:33,patient_001,0.14393939393939398,True,synthetic_ad8232,0.8235294117647065,True,synthetic_max30102,0.22758620689655018,1404,1588,1971,False,False,False,0.055,0.059,1.01,False,normal_morning,synthetic_ad8232_normal_morning,patient_001,synthetic_ad8232_normal_morning,0.04841402337228706,0.25673968562907173,0.35714285714285715,0.2272513457256718
2026-05-26T16:00:38,patient_001,0.12878787878787884,True,synthetic_ad8232,0.882352941176471,True,synthetic_max30102,0.293103448275863,2152,1618,2008,False,False,False,0.037,-0.054,1.048,False,normal_morning,synthetic_ad8232_normal_morning,patient_001,synthetic_ad8232_normal_morning,0.046744574290484064,0.2501886175858687,0.5714285714285714,0.2356222563405739
2026-05-26T16:00:43,patient_001,0.04545454545454547,True,synthetic_ad8232,1.0,True,synthetic_max30102,0.14137931034482598,2729,1654,2052,False,False,False,0.02,0.036,0.924,False,normal_morning,synthetic_ad8232_normal_morning,patient_001,synthetic_ad8232_normal_morning,0.05342237061769606,0.21932407348493044,0.6428571428571428,0.2071806443384855
2026-05-26T16:00:48,patient_001,0.06060606060606061,True,synthetic_ad8232,0.882352941176471,True,synthetic_max30102,0.0,1982,1708,2119,False,False,False,0.038,0.011,0.941,False,normal_morning,synthetic_ad8232_normal_morning,patient_001,synthetic_ad8232_normal_morning,0.045075125208681066,0.22273876879086763,0.35714285714285715,0.21102526603999847
2026-05-26T16:00:53,patient_001,0.07575757575757575,True,synthetic_ad8232,0.882352941176471,True,synthetic_max30102,0.06206896551724128,1797,1584,1965,False,False,False,-0.028,0.088,0.863,False,normal_morning,synthetic_ad8232_normal_morning,patient_001,synthetic_ad8232_normal_morning,0.056761268781302054,0.18084813547020395,0.5,0.19422640464279345
2026-05-26T16:00:58,patient_001,0.17424242424242425,True,synthetic_ad8232,0.9411764705882355,True,synthetic_max30102,0.1655172413793089,2383,1557,1932,False,False,False,0.118,-0.014,1.051,False,normal_morning,synthetic_ad8232_normal_morning,patient_001,synthetic_ad8232_normal_morning,0.06343906510851416,0.22364054887055818,0.5714285714285714,0.2373619841660928
2026-05-26T16:01:03,patient_001,0.06060606060606061,True,synthetic_ad8232,0.8235294117647065,True,synthetic_max30102,0.18965517241379182,2238,1593,1977,False,False,False,0.057,0.0,1.023,False,normal_morning,synthetic_ad8232_normal_morning,patient_001,synthetic_ad8232_normal_morning,0.04841402337228706,0.21748098136783675,0.35714285714285715,0.22983605239363483
2026-05-26T16:01:08,patient_001,0.10606060606060602,True,synthetic_ad8232,0.882352941176471,True,synthetic_max30102,0.1724137931034484,2525,1704,2115,False,False,False,0.049,0.063,1.114,False,normal_morning,synthetic_ad8232_normal_morning,patient_001,synthetic_ad8232_normal_morning,0.06176961602671105,0.2001307814329543,0.5714285714285714,0.25080922035558134
2026-05-26T16:01:13,patient_001,0.25000000000000006,True,synthetic_ad8232,0.9411764705882355,True,synthetic_max30102,0.24482758620689715,2291,1627,2019,False,False,False,0.082,-0.031,0.963,False,normal_morning,synthetic_ad8232_normal_morning,patient_001,synthetic_ad8232_normal_morning,0.10350584307178623,0.32860352362253226,0.5714285714285714,0.21674215851875406
2026-05-26T16:01:18,patient_001,0.07575757575757575,True,synthetic_ad8232,0.882352941176471,True,synthetic_max30102,0.289655172413795,2451,1713,2126,False,False,False,0.092,0.02,0.95,False,normal_morning,synthetic_ad8232_normal_morning,patient_001,synthetic_ad8232_normal_morning,0.10350584307178623,0.32860352362253226,0.4285714285714286,0.21393992835197911
2026-05-26T16:01:23,patient_001,0.0,True,synthetic_ad8232,0.882352941176471,True,synthetic_max30102,0.22068965517241423,2093,1665,2066,False,False,False,0.087,0.085,1.007,False,normal_morning,synthetic_ad8232_normal_morning,patient_001,synthetic_ad8232_normal_morning,0.06510851419031716,0.38981704835278164,0.5,0.22750213416604861
2026-05-26T16:01:28,patient_001,0.04545454545454547,True,synthetic_ad8232,0.882352941176471,True,synthetic_max30102,0.2068965517241388,1911,1635,2029,False,False,False,0.038,-0.083,0.966,False,normal_morning,synthetic_ad8232_normal_morning,patient_001,synthetic_ad8232_normal_morning,0.06176961602671105,0.397233058604067,0.5,0.21749718945812596
2026-05-26T16:01:33,patient_001,0.06818181818181818,True,synthetic_ad8232,0.9411764705882355,True,synthetic_max30102,0.12413793103448256,2500,1750,2172,False,False,False,-0.058,0.009,1.036,False,normal_morning,synthetic_ad8232_normal_morning,patient_001,synthetic_ad8232_normal_morning,0.05342237061769606,0.3991285667055047,0.5714285714285714,0.23280797246501372
2026-05-26T16:01:38,patient_001,0.007575757575757569,True,synthetic_ad8232,0.882352941176471,True,synthetic_max30102,0.22758620689655018,2200,1630,2023,False,False,False,0.051,0.062,0.935,False,normal_morning,synthetic_ad8232_normal_morning,patient_001,synthetic_ad8232_normal_morning,0.0,0.14433030448172762,0.4285714285714286,0.2102544733500894
2026-05-26T16:01:43,patient_001,0.12878787878787884,True,synthetic_ad8232,0.8235294117647065,True,synthetic_max30102,0.1793103448275879,2023,1574,1953,False,False,False,-0.122,-0.007,0.959,False,normal_morning,synthetic_ad8232_normal_morning,patient_001,synthetic_ad8232_normal_morning,0.011686143572620988,0.2181739655394451,0.4285714285714286,0.21669043771670696
2026-05-26T16:01:48,patient_001,0.08333333333333331,True,synthetic_ad8232,0.7647058823529411,True,synthetic_max30102,0.2241379310344822,1915,1639,2034,False,False,False,-0.016,0.059,0.913,False,normal_morning,synthetic_ad8232_normal_morning,patient_001,synthetic_ad8232_normal_morning,0.03005008347245397,0.18821042995927817,0.4285714285714286,0.20493645043651335
2026-05-26T16:01:53,patient_001,0.09848484848484845,True,synthetic_ad8232,0.882352941176471,True,synthetic_max30102,0.18620689655172384,1778,1638,2033,False,False,False,-0.052,-0.059,0.955,False,normal_morning,synthetic_ad8232_normal_morning,patient_001,synthetic_ad8232_normal_morning,0.04173622704507507,0.18821042995927817,0.6428571428571428,0.2147534282145966
2026-05-26T16:01:58,patient_001,0.11363636363636359,True,synthetic_ad8232,0.882352941176471,True,synthetic_max30102,0.13448275862069003,1915,1770,2196,False,False,False,0.023,0.044,1.009,False,normal_morning,synthetic_ad8232_normal_morning,patient_001,synthetic_ad8232_normal_morning,0.05175292153589317,0.19760058131324554,0.5,0.22657058753733347
2026-05-26T16:02:03,patient_001,0.07575757575757575,True,synthetic_ad8232,0.882352941176471,True,synthetic_max30102,0.20344827586207082,1214,1563,1939,False,False,False,0.01,-0.063,0.959,False,normal_morning,synthetic_ad8232_normal_morning,patient_001,synthetic_ad8232_normal_morning,0.06677796327212016,0.09084045090918838,0.5,0.2154095205697947
2026-05-26T16:02:08,patient_001,0.0378787878787879,True,synthetic_ad8232,0.8235294117647065,True,synthetic_max30102,0.2517241379310331,1657,1503,1865,False,False,False,0.076,-0.024,0.974,False,normal_morning,synthetic_ad8232_normal_morning,patient_001,synthetic_ad8232_normal_morning,0.046744574290484064,0.11954090166624295,0.4285714285714286,0.2190773667045316
2026-05-26T16:02:13,patient_001,0.10606060606060602,True,synthetic_ad8232,0.9411764705882355,True,synthetic_max30102,0.15172413793103345,2798,1689,2096,False,False,False,0.103,-0.061,0.915,False,normal_morning,synthetic_ad8232_normal_morning,patient_001,synthetic_ad8232_normal_morning,0.05175292153589317,0.12807552868759184,0.6428571428571428,0.20669877590061791
2026-05-26T16:02:18,patient_001,0.10606060606060602,True,synthetic_ad8232,0.882352941176471,True,synthetic_max30102,0.04137931034482634,1969,1564,1941,False,False,False,-0.081,0.038,0.969,False,normal_morning,synthetic_ad8232_normal_morning,patient_001,synthetic_ad8232_normal_morning,0.05342237061769606,0.13194575017877025,0.4285714285714286,0.21813778615696391
2026-05-26T16:02:23,patient_001,0.09090909090909088,True,synthetic_ad8232,0.9411764705882355,True,synthetic_max30102,0.21724137931034626,1712,1711,2123,False,False,False,0.114,0.03,0.983,False,normal_morning,synthetic_ad8232_normal_morning,patient_001,synthetic_ad8232_normal_morning,0.04841402337228706,0.11869607905424637,0.5714285714285714,0.22198405496662987
2026-05-26T16:02:28,patient_001,0.23484848484848492,True,synthetic_ad8232,0.882352941176471,True,synthetic_max30102,0.23448275862068968,2512,1550,1923,False,False,False,0.072,0.143,1.038,False,normal_morning,synthetic_ad8232_normal_morning,patient_001,synthetic_ad8232_normal_morning,0.08347245409015025,0.30377849273390034,0.4285714285714286,0.23567506981865624
2026-05-26T16:02:33,patient_001,0.06818181818181818,True,synthetic_ad8232,0.882352941176471,True,synthetic_max30102,0.11034482758620712,2813,1615,2004,False,False,False,0.072,-0.009,0.996,False,normal_morning,synthetic_ad8232_normal_morning,patient_001,synthetic_ad8232_normal_morning,0.09015025041736224,0.273810747874522,0.5,0.22393811936944252
2026-05-26T16:02:38,patient_001,0.1893939393939394,True,synthetic_ad8232,0.882352941176471,True,synthetic_max30102,0.21034482758620676,2426,1624,2015,False,False,False,0.018,0.096,0.97,False,normal_morning,synthetic_ad8232_normal_morning,patient_001,synthetic_ad8232_normal_morning,0.10851419031719534,0.29707913572169825,0.5,0.21854314969354358
2026-05-26T16:02:43,patient_001,0.05303030303030304,True,synthetic_ad8232,0.882352941176471,True,synthetic_max30102,0.0862068965517242,1795,1733,2150,False,False,False,0.082,0.146,1.033,False,normal_morning,synthetic_ad8232_normal_morning,patient_001,synthetic_ad8232_normal_morning,0.09682804674457424,0.33602282876486544,0.5,0.23481344303081123
2026-05-26T16:02:48,patient_001,0.09848484848484845,True,synthetic_ad8232,0.8235294117647065,True,synthetic_max30102,0.18965517241379182,1342,1549,1922,False,False,False,0.086,0.036,0.905,False,normal_morning,synthetic_ad8232_normal_morning,patient_001,synthetic_ad8232_normal_morning,0.09849749582637723,0.33271217828560334,0.4285714285714286,0.20374202286560797
2026-05-26T16:02:53,patient_001,0.10606060606060602,True,synthetic_ad8232,1.0,True,synthetic_max30102,0.3103448275862064,1777,1534,1904,False,False,False,-0.074,0.115,1.046,False,normal_morning,synthetic_ad8232_normal_morning,patient_001,synthetic_ad8232_normal_morning,0.07011686143572615,0.2216063833729871,0.7142857142857143,0.23672674187349468
2026-05-26T16:02:58,patient_001,0.14393939393939398,True,synthetic_ad8232,0.9411764705882355,True,synthetic_max30102,0.10689655172413914,2147,1724,2139,False,False,False,0.077,-0.098,0.977,False,normal_morning,synthetic_ad8232_normal_morning,patient_001,synthetic_ad8232_normal_morning,0.08681135225375614,0.2146866771058663,0.4285714285714286,0.22081896165480808
2026-05-26T16:03:03,patient_001,0.06060606060606061,True,synthetic_ad8232,0.9411764705882355,True,synthetic_max30102,0.27931034482758754,2201,1683,2089,False,False,False,0.119,0.082,1.055,False,normal_morning,synthetic_ad8232_normal_morning,patient_001,synthetic_ad8232_normal_morning,0.058430717863105164,0.15443528293976416,0.5,0.2389885866871075
2026-05-26T16:03:08,patient_001,0.09090909090909088,True,synthetic_ad8232,0.882352941176471,True,synthetic_max30102,0.11379310344827509,2137,1737,2155,False,False,False,-0.017,0.013,1.004,False,normal_morning,synthetic_ad8232_normal_morning,patient_001,synthetic_ad8232_normal_morning,0.06677796327212016,0.1256962095038141,0.4285714285714286,0.22520841285696502
2026-05-26T16:03:13,patient_001,0.1363636363636364,True,synthetic_ad8232,0.9411764705882355,True,synthetic_max30102,0.18965517241379182,1595,1688,2095,False,False,False,0.076,0.015,1.069,False,normal_morning,synthetic_ad8232_normal_morning,patient_001,synthetic_ad8232_normal_morning,0.07512520868113515,0.14257652969886733,0.5714285714285714,0.2405685983833443
2026-05-26T16:03:18,patient_001,0.09090909090909088,True,synthetic_ad8232,1.0,True,synthetic_max30102,0.19310344827586334,1491,1673,2076,False,False,False,0.067,0.063,0.928,False,normal_morning,synthetic_ad8232_normal_morning,patient_001,synthetic_ad8232_normal_morning,0.07178631051752915,0.14606302325573126,0.5714285714285714,0.20891468561941756
2026-05-26T16:03:23,patient_001,0.05303030303030304,True,synthetic_ad8232,0.9411764705882355,True,synthetic_max30102,0.23448275862068968,2303,1633,2027,False,False,False,0.022,0.057,0.986,False,normal_morning,synthetic_ad8232_normal_morning,patient_001,synthetic_ad8232_normal_morning,0.05175292153589317,0.13754704977820065,0.4285714285714286,0.22149495276857092
2026-05-26T16:03:28,patient_001,0.04545454545454547,True,synthetic_ad8232,0.882352941176471,True,synthetic_max30102,0.18275862068965587,1501,1658,2057,False,False,False,-0.055,-0.025,1.084,False,normal_morning,synthetic_ad8232_normal_morning,patient_001,synthetic_ad8232_normal_morning,0.04841402337228706,0.15213749918262226,0.4285714285714286,0.24372339785854066
2026-05-26T16:03:33,patient_001,0.0,True,synthetic_ad8232,0.882352941176471,True,synthetic_max30102,0.32413793103448185,1495,1657,2056,False,False,False,0.029,0.108,1.011,False,normal_morning,synthetic_ad8232_normal_morning,patient_001,synthetic_ad8232_normal_morning,0.02838063439065097,0.21468667710586617,0.5,0.22814920148138992
2026-05-26T16:03:38,patient_001,0.1363636363636364,True,synthetic_ad8232,0.882352941176471,True,synthetic_max30102,0.27241379310344804,2198,1634,2028,False,False,False,-0.009,0.041,1.011,False,normal_morning,synthetic_ad8232_normal_morning,patient_001,synthetic_ad8232_normal_morning,0.02838063439065097,0.21468667710586617,0.5,0.22694570316176296
2026-05-26T16:03:43,patient_001,0.06818181818181818,True,synthetic_ad8232,0.8235294117647065,True,synthetic_max30102,0.3275862068965534,1467,1584,1965,False,False,False,0.103,-0.016,1.024,False,normal_morning,synthetic_ad8232_normal_morning,patient_001,synthetic_ad8232_normal_morning,0.023372287145241977,0.2068077549788013,0.4285714285714286,0.2309054694353015
2026-05-26T16:03:48,patient_001,0.1363636363636364,True,synthetic_ad8232,0.7647058823529411,True,synthetic_max30102,0.275862068965516,1743,1684,2090,False,False,False,0.025,0.017,1.015,False,normal_morning,synthetic_ad8232_normal_morning,patient_001,synthetic_ad8232_normal_morning,0.04173622704507507,0.24816930597456166,0.4285714285714286,0.227759253691204
2026-05-26T16:03:53,patient_001,0.12121212121212127,True,synthetic_ad8232,0.882352941176471,True,synthetic_max30102,0.11034482758620712,1599,1692,2099,False,False,False,0.03,0.113,1.091,False,normal_morning,synthetic_ad8232_normal_morning,patient_001,synthetic_ad8232_normal_morning,0.058430717863105164,0.24613342821783335,0.6428571428571428,0.24635202151537167
2026-05-26T16:03:58,patient_001,0.10606060606060602,True,synthetic_ad8232,0.9411764705882355,True,synthetic_max30102,0.26206896551724057,1187,1599,1984,False,False,False,0.087,0.052,0.986,False,normal_morning,synthetic_ad8232_normal_morning,patient_001,synthetic_ad8232_normal_morning,0.08180300500834714,0.11869607905424594,0.5714285714285714,0.2222460958894474
2026-05-26T16:04:03,patient_001,0.09848484848484845,True,synthetic_ad8232,0.882352941176471,True,synthetic_max30102,0.24827586206896513,2015,1645,2041,False,False,False,-0.04,0.069,1.113,False,normal_morning,synthetic_ad8232_normal_morning,patient_001,synthetic_ad8232_normal_morning,0.07345575959933215,0.10757745734479454,0.4285714285714286,0.25058157991007823
2026-05-26T16:04:08,patient_001,0.09848484848484845,True,synthetic_ad8232,1.0,True,synthetic_max30102,0.12758620689655054,2596,1636,2030,False,False,False,0.052,-0.018,0.957,False,normal_morning,synthetic_ad8232_normal_morning,patient_001,synthetic_ad8232_normal_morning,0.08013355592654414,0.0687735248890993,0.6428571428571428,0.2148325244471598
2026-05-26T16:04:13,patient_001,0.18181818181818182,True,synthetic_ad8232,0.882352941176471,True,synthetic_max30102,0.1793103448275879,2485,1530,1899,False,False,False,0.19,0.004,0.956,False,normal_morning,synthetic_ad8232_normal_morning,patient_001,synthetic_ad8232_normal_morning,0.09015025041736224,0.1470928575597535,0.35714285714285715,0.21849791272187535
2026-05-26T16:04:18,patient_001,0.1363636363636364,True,synthetic_ad8232,1.0,True,synthetic_max30102,0.09999999999999964,2518,1532,1901,False,False,False,0.127,0.034,1.038,False,normal_morning,synthetic_ad8232_normal_morning,patient_001,synthetic_ad8232_normal_morning,0.09348914858096824,0.14980447489444282,0.6428571428571428,0.2347699973272074
2026-05-26T16:04:23,patient_001,0.12878787878787884,True,synthetic_ad8232,0.882352941176471,True,synthetic_max30102,0.2551724137931046,2244,1517,1882,False,False,False,-0.006,-0.005,0.962,False,normal_morning,synthetic_ad8232_normal_morning,patient_001,synthetic_ad8232_normal_morning,0.09849749582637723,0.14363136427487427,0.35714285714285715,0.21561695153484745
2026-05-26T16:04:28,patient_001,0.14393939393939398,True,synthetic_ad8232,0.8235294117647065,True,synthetic_max30102,0.23448275862068968,2409,1585,1967,False,False,False,0.024,0.05,0.952,False,normal_morning,synthetic_ad8232_normal_morning,patient_001,synthetic_ad8232_normal_morning,0.10851419031719534,0.12569620950381388,0.4285714285714286,0.21370360202370994
2026-05-26T16:04:33,patient_001,0.08333333333333331,True,synthetic_ad8232,1.0,True,synthetic_max30102,0.21034482758620676,2593,1687,2093,False,False,False,-0.016,0.104,1.028,False,normal_morning,synthetic_ad8232_normal_morning,patient_001,synthetic_ad8232_normal_morning,0.10517529215358923,0.14777542669002977,0.7142857142857143,0.23183280245690555
2026-05-26T16:04:38,patient_001,0.04545454545454547,True,synthetic_ad8232,0.882352941176471,True,synthetic_max30102,0.19310344827586334,1479,1647,2044,False,False,False,-0.037,0.014,1.07,False,normal_morning,synthetic_ad8232_normal_morning,patient_001,synthetic_ad8232_normal_morning,0.07512520868113515,0.1757687008773488,0.35714285714285715,0.24032490538778256
2026-05-26T16:04:43,patient_001,0.0,True,synthetic_ad8232,1.0,True,synthetic_max30102,0.1999999999999993,1972,1722,2137,False,False,False,0.001,0.014,0.901,False,normal_morning,synthetic_ad8232_normal_morning,patient_001,synthetic_ad8232_normal_morning,0.045075125208681066,0.24837197591930293,0.6428571428571428,0.201768961752278
2026-05-26T16:04:48,patient_001,0.15909090909090912,True,synthetic_ad8232,0.882352941176471,True,synthetic_max30102,0.3137931034482744,2244,1691,2098,False,False,False,0.055,0.081,1.033,False,normal_morning,synthetic_ad8232_normal_morning,patient_001,synthetic_ad8232_normal_morning,0.05175292153589317,0.2789087260882587,0.35714285714285715,0.23280074352223962
2026-05-26T16:04:53,patient_001,0.06818181818181818,True,synthetic_ad8232,1.0,True,synthetic_max30102,0.137931034482758,2124,1605,1992,False,False,False,0.04,0.031,1.014,False,normal_morning,synthetic_ad8232_normal_morning,patient_001,synthetic_ad8232_normal_morning,0.035058430717863076,0.2442866319281393,0.6428571428571428,0.2277164949603984
2026-05-26T16:04:58,patient_001,0.07575757575757575,True,synthetic_ad8232,0.7647058823529411,True,synthetic_max30102,0.2068965517241388,2292,1669,2071,False,False,False,-0.026,-0.074,0.998,False,normal_morning,synthetic_ad8232_normal_morning,patient_001,synthetic_ad8232_normal_morning,0.03338898163606008,0.24304763848639804,0.2142857142857143,0.22449225477485965
2026-05-26T16:05:03,patient_001,0.11363636363636359,True,synthetic_ad8232,0.7647058823529411,True,synthetic_max30102,0.10344827586206762,2011,1594,1978,False,False,False,0.158,-0.033,1.027,False,normal_morning,synthetic_ad8232_normal_morning,patient_001,synthetic_ad8232_normal_morning,0.04841402337228706,0.2467459553239991,0.5,0.2332501596404674
2026-05-26T16:05:08,patient_001,0.05303030303030304,True,synthetic_ad8232,0.9411764705882355,True,synthetic_max30102,0.21724137931034626,2103,1550,1923,False,False,False,0.013,-0.033,1.006,False,normal_morning,synthetic_ad8232_normal_morning,patient_001,synthetic_ad8232_normal_morning,0.06010016694490816,0.1788899386324072,0.7142857142857143,0.22575326229410883
2026-05-26T16:05:13,patient_001,0.21969696969696967,True,synthetic_ad8232,0.9411764705882355,True,synthetic_max30102,0.26206896551724057,1833,1745,2165,False,False,False,0.035,-0.086,0.911,False,normal_morning,synthetic_ad8232_normal_morning,patient_001,synthetic_ad8232_normal_morning,0.07345575959933215,0.2819589604693389,0.5,0.2050899107236807
2026-05-26T16:05:18,patient_001,0.04545454545454547,True,synthetic_ad8232,0.882352941176471,True,synthetic_max30102,0.12758620689655054,1633,1580,1961,False,False,False,-0.034,0.027,0.937,False,normal_morning,synthetic_ad8232_normal_morning,patient_001,synthetic_ad8232_normal_morning,0.06844741235392315,0.2980936377149477,0.4285714285714286,0.21015562623141348
2026-05-26T16:05:23,patient_001,0.11363636363636359,True,synthetic_ad8232,0.882352941176471,True,synthetic_max30102,0.19310344827586334,2358,1674,2077,False,False,False,0.076,0.021,0.973,False,normal_morning,synthetic_ad8232_normal_morning,patient_001,synthetic_ad8232_normal_morning,0.07679465776293826,0.29212604651146307,0.5,0.21883510242610696
2026-05-26T16:05:28,patient_001,0.07575757575757575,True,synthetic_ad8232,0.882352941176471,True,synthetic_max30102,0.14827586206896548,2187,1667,2069,False,False,False,-0.012,0.076,1.017,False,normal_morning,synthetic_ad8232_normal_morning,patient_001,synthetic_ad8232_normal_morning,0.06844741235392315,0.2980936377149477,0.5,0.22877217711028974
2026-05-26T16:05:33,patient_001,0.08333333333333331,True,synthetic_ad8232,0.9411764705882355,True,synthetic_max30102,0.27931034482758754,2317,1653,2051,False,False,False,0.095,0.024,1.073,False,normal_morning,synthetic_ad8232_normal_morning,patient_001,synthetic_ad8232_normal_morning,0.07512520868113515,0.2814230861291599,0.5714285714285714,0.2418554796880905
2026-05-26T16:05:38,patient_001,0.09848484848484845,True,synthetic_ad8232,0.882352941176471,True,synthetic_max30102,0.15172413793103345,1853,1644,2040,False,False,False,0.082,0.201,0.968,False,normal_morning,synthetic_ad8232_normal_morning,patient_001,synthetic_ad8232_normal_morning,0.04841402337228706,0.10757745734479454,0.4285714285714286,0.22243864616098163
2026-05-26T16:05:43,patient_001,0.06060606060606061,True,synthetic_ad8232,1.0,True,synthetic_max30102,0.15517241379310498,2147,1517,1882,False,False,False,0.012,-0.065,0.945,False,normal_morning,synthetic_ad8232_normal_morning,patient_001,synthetic_ad8232_normal_morning,0.05175292153589317,0.08571045195257988,0.6428571428571428,0.21227035989500778
2026-05-26T16:05:48,patient_001,0.23484848484848492,True,synthetic_ad8232,0.882352941176471,True,synthetic_max30102,0.0793103448275847,1770,1640,2035,False,False,False,0.094,-0.014,1.068,False,normal_morning,synthetic_ad8232_normal_morning,patient_001,synthetic_ad8232_normal_morning,0.07846410684474114,0.29640087196986825,0.35714285714285715,0.24066337863094636
2026-05-26T16:05:53,patient_001,0.07575757575757575,True,synthetic_ad8232,0.9411764705882355,True,synthetic_max30102,0.18965517241379182,1314,1663,2064,False,False,False,0.01,0.018,0.914,False,normal_morning,synthetic_ad8232_normal_morning,patient_001,synthetic_ad8232_normal_morning,0.07846410684474114,0.29640087196986825,0.5714285714285714,0.20475180042155197
2026-05-26T16:05:58,patient_001,0.06060606060606061,True,synthetic_ad8232,0.9411764705882355,True,synthetic_max30102,0.2310344827586217,2293,1697,2106,False,False,False,0.075,0.026,1.06,False,normal_morning,synthetic_ad8232_normal_morning,patient_001,synthetic_ad8232_normal_morning,0.07345575959933215,0.3083814593717506,0.5,0.23856032328513999
2026-05-26T16:06:03,patient_001,0.12878787878787884,True,synthetic_ad8232,0.9411764705882355,True,synthetic_max30102,0.1724137931034484,1739,1718,2132,False,False,False,-0.041,0.055,1.023,False,normal_morning,synthetic_ad8232_normal_morning,patient_001,synthetic_ad8232_normal_morning,0.08013355592654414,0.31033326024486874,0.5,0.22999761469359645
2026-05-26T16:06:08,patient_001,0.0378787878787879,True,synthetic_ad8232,0.9411764705882355,True,synthetic_max30102,0.1999999999999993,2510,1565,1942,False,False,False,-0.073,0.053,0.879,False,normal_morning,synthetic_ad8232_normal_morning,patient_001,synthetic_ad8232_normal_morning,0.07512520868113515,0.3292154487775397,0.5,0.19779286286078848
2026-05-26T16:06:13,patient_001,0.18181818181818182,True,synthetic_ad8232,0.8235294117647065,True,synthetic_max30102,0.18275862068965587,2659,1619,2009,False,False,False,0.043,0.137,0.96,False,normal_morning,synthetic_ad8232_normal_morning,patient_001,synthetic_ad8232_normal_morning,0.06343906510851416,0.24304763848639832,0.35714285714285715,0.21758256150213823
2026-05-26T16:06:18,patient_001,0.06060606060606061,True,synthetic_ad8232,0.9411764705882355,True,synthetic_max30102,0.09655172413793167,2077,1691,2098,False,False,False,0.03,-0.07,0.927,False,normal_morning,synthetic_ad8232_normal_morning,patient_001,synthetic_ad8232_normal_morning,0.06010016694490816,0.2503896530683551,0.6428571428571428,0.20836395472077981
2026-05-26T16:06:23,patient_001,0.06818181818181818,True,synthetic_ad8232,0.8235294117647065,True,synthetic_max30102,0.18965517241379182,2025,1578,1958,False,False,False,0.058,0.089,0.832,False,normal_morning,synthetic_ad8232_normal_morning,patient_001,synthetic_ad8232_normal_morning,0.06176961602671105,0.24633777314984934,0.35714285714285715,0.1875953581282315
2026-05-26T16:06:28,patient_001,0.07575757575757575,True,synthetic_ad8232,0.882352941176471,True,synthetic_max30102,0.22758620689655018,1820,1714,2127,False,False,False,0.022,-0.002,0.975,False,normal_morning,synthetic_ad8232_normal_morning,patient_001,synthetic_ad8232_normal_morning,0.05008347245409006,0.23462053364376664,0.5714285714285714,0.21862159296052314
2026-05-26T16:06:33,patient_001,0.08333333333333331,True,synthetic_ad8232,0.882352941176471,True,synthetic_max30102,0.32413793103448185,1937,1633,2026,False,False,False,0.022,0.088,1.064,False,normal_morning,synthetic_ad8232_normal_morning,patient_001,synthetic_ad8232_normal_morning,0.06010016694490816,0.2087451064640266,0.5,0.23967219389365402
2026-05-26T16:06:38,patient_001,0.06818181818181818,True,synthetic_ad8232,0.882352941176471,True,synthetic_max30102,0.27241379310344804,2846,1568,1946,False,False,False,0.054,0.044,0.922,False,normal_morning,synthetic_ad8232_normal_morning,patient_001,synthetic_ad8232_normal_morning,0.035058430717863076,0.036169627094039904,0.5,0.20711477098783368
2026-05-26T16:06:43,patient_001,0.07575757575757575,True,synthetic_ad8232,0.8235294117647065,True,synthetic_max30102,0.3137931034482744,1932,1614,2003,False,False,False,0.057,0.065,0.982,False,normal_morning,synthetic_ad8232_normal_morning,patient_001,synthetic_ad8232_normal_morning,0.03839732888146907,0.026541250142797203,0.4285714285714286,0.2210191946414466
2026-05-26T16:06:48,patient_001,0.1893939393939394,True,synthetic_ad8232,0.8235294117647065,True,synthetic_max30102,0.47241379310344733,3194,1646,2043,False,False,False,0.188,0.037,0.803,False,normal_postmeal,synthetic_ad8232_normal_postmeal,patient_001,synthetic_ad8232_normal_postmeal,0.1652754590984974,0.0,0.5,0.18459243143540066
2026-05-26T16:06:53,patient_001,0.3409090909090909,True,synthetic_ad8232,0.7647058823529411,True,synthetic_max30102,0.5000000000000018,1301,1682,2087,False,False,False,-0.019,-0.078,0.962,False,normal_postmeal,synthetic_ad8232_normal_postmeal,patient_001,synthetic_ad8232_normal_postmeal,0.24874791318864764,0.44862900967999914,0.4285714285714286,0.21636984983998078
2026-05-26T16:06:58,patient_001,0.20454545454545453,True,synthetic_ad8232,0.8235294117647065,True,synthetic_max30102,0.4137931034482776,2643,1574,1953,False,False,False,0.072,-0.067,1.047,False,normal_postmeal,synthetic_ad8232_normal_postmeal,patient_001,synthetic_ad8232_normal_postmeal,0.22648859209794092,0.34943179532595064,0.5714285714285714,0.23597841279562154
2026-05-26T16:07:03,patient_001,0.16666666666666669,True,synthetic_ad8232,0.7647058823529411,True,synthetic_max30102,0.4827586206896548,1617,1650,2048,False,False,False,0.173,0.055,1.035,False,normal_postmeal,synthetic_ad8232_normal_postmeal,patient_001,synthetic_ad8232_normal_postmeal,0.20492487479131882,0.32903708816374055,0.4285714285714286,0.2357942900812332
2026-05-26T16:07:08,patient_001,0.25000000000000006,True,synthetic_ad8232,0.7647058823529411,True,synthetic_max30102,0.3379310344827573,2075,1572,1951,False,False,False,0.072,-0.06,1.016,False,normal_postmeal,synthetic_ad8232_normal_postmeal,patient_001,synthetic_ad8232_normal_postmeal,0.21035058430717857,0.2886606089634557,0.5,0.22886476066052114
2026-05-26T16:07:13,patient_001,0.25000000000000006,True,synthetic_ad8232,0.9411764705882355,True,synthetic_max30102,0.47586206896551886,1805,1595,1979,False,False,False,0.139,-0.03,0.994,False,normal_postmeal,synthetic_ad8232_normal_postmeal,patient_001,synthetic_ad8232_normal_postmeal,0.22370617696160255,0.2728903730086295,0.7142857142857143,0.22518385273232774
2026-05-26T16:07:18,patient_001,0.2651515151515152,True,synthetic_ad8232,0.7647058823529411,True,synthetic_max30102,0.3448275862068968,1447,1707,2118,False,False,False,-0.073,-0.157,0.905,False,normal_postmeal,synthetic_ad8232_normal_postmeal,patient_001,synthetic_ad8232_normal_postmeal,0.20701168614357257,0.1708328373215647,0.2857142857142857,0.2063842330003599
2026-05-26T16:07:23,patient_001,0.1893939393939394,True,synthetic_ad8232,0.9411764705882355,True,synthetic_max30102,0.39310344827586263,1824,1548,1921,False,False,False,0.066,0.081,1.043,False,normal_postmeal,synthetic_ad8232_normal_postmeal,patient_001,synthetic_ad8232_normal_postmeal,0.20367278797996646,0.18168090181837734,0.7142857142857143,0.2352081096087632
2026-05-26T16:07:28,patient_001,0.16666666666666669,True,synthetic_ad8232,1.0,True,synthetic_max30102,0.3103448275862064,3179,1742,2162,False,False,False,-0.044,-0.053,0.87,False,normal_postmeal,synthetic_ad8232_normal_postmeal,patient_001,synthetic_ad8232_normal_postmeal,0.20367278797996646,0.18168090181837734,0.5714285714285714,0.19531654120259018
2026-05-26T16:07:33,patient_001,0.25000000000000006,True,synthetic_ad8232,0.7058823529411766,True,synthetic_max30102,0.2551724137931046,2247,1677,2081,False,False,False,0.02,0.005,0.938,False,normal_postmeal,synthetic_ad8232_normal_postmeal,patient_001,synthetic_ad8232_normal_postmeal,0.20367278797996646,0.18168090181837734,0.1428571428571429,0.21020590346920182
2026-05-26T16:07:38,patient_001,0.30303030303030304,True,synthetic_ad8232,0.8235294117647065,True,synthetic_max30102,0.3517241379310363,1542,1724,2139,False,False,False,0.093,0.031,1.061,False,normal_postmeal,synthetic_ad8232_normal_postmeal,patient_001,synthetic_ad8232_normal_postmeal,0.21535893155258756,0.23419121849240937,0.6428571428571428,0.23914020393435642
2026-05-26T16:07:43,patient_001,0.18181818181818182,True,synthetic_ad8232,0.7647058823529411,True,synthetic_max30102,0.35862068965517224,2171,1679,2083,False,False,False,0.1,0.058,1.078,False,normal_postmeal,synthetic_ad8232_normal_postmeal,patient_001,synthetic_ad8232_normal_postmeal,0.19699499165275447,0.2388712512851859,0.4285714285714286,0.2433821039254487
2026-05-26T16:07:48,patient_001,0.3636363636363637,True,synthetic_ad8232,0.882352941176471,True,synthetic_max30102,0.4551724137931039,2307,1621,2012,False,False,False,0.158,0.039,0.966,False,normal_postmeal,synthetic_ad8232_normal_postmeal,patient_001,synthetic_ad8232_normal_postmeal,0.23539232053422365,0.3457646382525478,0.6428571428571428,0.21961320251650923
2026-05-26T16:07:53,patient_001,0.3636363636363637,True,synthetic_ad8232,0.8235294117647065,True,synthetic_max30102,0.5620689655172431,3022,1629,2021,False,False,False,-0.118,0.026,0.987,False,normal_postmeal,synthetic_ad8232_normal_postmeal,patient_001,synthetic_ad8232_normal_postmeal,0.2787979966611017,0.3262985838533406,0.4285714285714286,0.22296731361450625
2026-05-26T16:07:58,patient_001,0.27272727272727276,True,synthetic_ad8232,0.8235294117647065,True,synthetic_max30102,0.45172413793103594,1665,1622,2013,False,False,False,-0.12,-0.031,1.069,False,normal_postmeal,synthetic_ad8232_normal_postmeal,patient_001,synthetic_ad8232_normal_postmeal,0.2838063439065108,0.3159571524905276,0.5,0.24155910796947175
2026-05-26T16:08:03,patient_001,0.37121212121212127,True,synthetic_ad8232,0.9411764705882355,True,synthetic_max30102,0.4931034482758623,1561,1612,2000,False,False,False,0.004,0.011,0.926,False,normal_postmeal,synthetic_ad8232_normal_postmeal,patient_001,synthetic_ad8232_normal_postmeal,0.2988313856427378,0.3460555635360335,0.6428571428571428,0.20744356342511444
2026-05-26T16:08:08,patient_001,0.23484848484848492,True,synthetic_ad8232,0.7647058823529411,True,synthetic_max30102,0.3137931034482744,2126,1613,2002,False,False,False,0.058,0.049,1.126,False,normal_postmeal,synthetic_ad8232_normal_postmeal,patient_001,synthetic_ad8232_normal_postmeal,0.3105175292153589,0.2640821045718873,0.2857142857142857,0.25346906588156765
2026-05-26T16:08:13,patient_001,0.30303030303030304,True,synthetic_ad8232,0.8235294117647065,True,synthetic_max30102,0.5137931034482772,1467,1645,2041,False,False,False,0.102,0.056,0.97,False,normal_postmeal,synthetic_ad8232_normal_postmeal,patient_001,synthetic_ad8232_normal_postmeal,0.2971619365609348,0.24510914816760163,0.5714285714285714,0.21900897302676328
2026-05-26T16:08:18,patient_001,0.22727272727272724,True,synthetic_ad8232,0.7647058823529411,True,synthetic_max30102,0.3517241379310363,1648,1678,2082,False,False,False,0.075,0.126,0.917,False,normal_postmeal,synthetic_ad8232_normal_postmeal,patient_001,synthetic_ad8232_normal_postmeal,0.26711185308848073,0.24510914816760163,0.4285714285714286,0.2080290081225499
2026-05-26T16:08:23,patient_001,0.2575757575757576,True,synthetic_ad8232,0.7647058823529411,True,synthetic_max30102,0.5000000000000018,1482,1618,2008,False,False,False,-0.014,0.111,0.97,False,normal_postmeal,synthetic_ad8232_normal_postmeal,patient_001,synthetic_ad8232_normal_postmeal,0.26377295492487474,0.24918100729933623,0.5,0.21888993175488275
2026-05-26T16:08:28,patient_001,0.29545454545454547,True,synthetic_ad8232,0.882352941176471,True,synthetic_max30102,0.47241379310344733,2240,1646,2043,False,False,False,0.219,0.144,0.965,False,normal_postmeal,synthetic_ad8232_normal_postmeal,patient_001,synthetic_ad8232_normal_postmeal,0.24707846410684464,0.14433030448172765,0.6428571428571428,0.22423848636481825
2026-05-26T16:08:33,patient_001,0.21969696969696967,True,synthetic_ad8232,0.882352941176471,True,synthetic_max30102,0.47931034482758683,2024,1669,2071,False,False,False,0.061,0.085,1.128,False,normal_postmeal,synthetic_ad8232_normal_postmeal,patient_001,synthetic_ad8232_normal_postmeal,0.24373956594323876,0.15956315528121376,0.5,0.25444295979835924
2026-05-26T16:08:38,patient_001,0.3863636363636364,True,synthetic_ad8232,0.882352941176471,True,synthetic_max30102,0.4206896551724135,1324,1589,1972,False,False,False,0.04,0.046,1.019,False,normal_postmeal,synthetic_ad8232_normal_postmeal,patient_001,synthetic_ad8232_normal_postmeal,0.2621035058430716,0.284269409738495,0.5,0.2289802433148016
2026-05-26T16:08:43,patient_001,0.21969696969696967,True,synthetic_ad8232,0.7647058823529411,True,synthetic_max30102,0.39310344827586263,1758,1573,1952,False,False,False,0.091,0.016,1.006,False,normal_postmeal,synthetic_ad8232_normal_postmeal,patient_001,synthetic_ad8232_normal_postmeal,0.26043405676126874,0.2903984970842401,0.35714285714285715,0.22657362509422288
2026-05-26T16:08:48,patient_001,0.3181818181818182,True,synthetic_ad8232,0.882352941176471,True,synthetic_max30102,0.38620689655172313,1943,1625,2016,False,False,False,0.053,0.206,0.989,False,normal_postmeal,synthetic_ad8232_normal_postmeal,patient_001,synthetic_ad8232_normal_postmeal,0.2737896494156927,0.2958911538420991,0.6428571428571428,0.2268876267157704
2026-05-26T16:08:53,patient_001,0.2878787878787879,True,synthetic_ad8232,0.8235294117647065,True,synthetic_max30102,0.44482758620689644,1817,1656,2055,False,False,False,-0.075,-0.047,0.978,False,normal_postmeal,synthetic_ad8232_normal_postmeal,patient_001,synthetic_ad8232_normal_postmeal,0.27212020033388973,0.2953805561297477,0.4285714285714286,0.22015515923345155
2026-05-26T16:08:58,patient_001,0.2651515151515152,True,synthetic_ad8232,0.8235294117647065,True,synthetic_max30102,0.5241379310344847,2271,1703,2113,False,False,False,0.032,0.062,0.947,False,normal_postmeal,synthetic_ad8232_normal_postmeal,patient_001,synthetic_ad8232_normal_postmeal,0.2821368948247077,0.2606299024674245,0.5,0.2127835981852501
2026-05-26T16:09:03,patient_001,0.3409090909090909,True,synthetic_ad8232,0.882352941176471,True,synthetic_max30102,0.5000000000000018,1759,1630,2023,False,False,False,0.032,0.05,1.075,False,normal_postmeal,synthetic_ad8232_normal_postmeal,patient_001,synthetic_ad8232_normal_postmeal,0.27212020033388973,0.19734577710498247,0.5714285714285714,0.24166754481116834
2026-05-26T16:09:08,patient_001,0.29545454545454547,True,synthetic_ad8232,0.8235294117647065,True,synthetic_max30102,0.3758620689655192,1986,1654,2052,False,False,False,0.034,0.022,0.813,False,normal_postmeal,synthetic_ad8232_normal_postmeal,patient_001,synthetic_ad8232_normal_postmeal,0.2888146911519198,0.1216272878181316,0.4285714285714286,0.1819703559407202
2026-05-26T16:09:13,patient_001,0.27272727272727276,True,synthetic_ad8232,0.9411764705882355,True,synthetic_max30102,0.3448275862068968,1819,1638,2033,False,False,False,-0.026,-0.179,0.952,False,normal_postmeal,synthetic_ad8232_normal_postmeal,patient_001,synthetic_ad8232_normal_postmeal,0.2787979966611017,0.12408465298728118,0.6428571428571428,0.21720792022500496
2026-05-26T16:09:18,patient_001,0.356060606060606,True,synthetic_ad8232,0.882352941176471,True,synthetic_max30102,0.4551724137931039,1291,1621,2012,False,False,False,0.01,0.112,0.988,False,normal_postmeal,synthetic_ad8232_normal_postmeal,patient_001,synthetic_ad8232_normal_postmeal,0.2938230383973288,0.17024273940174306,0.4285714285714286,0.2229694852349168
2026-05-26T16:09:23,patient_001,0.25000000000000006,True,synthetic_ad8232,0.882352941176471,True,synthetic_max30102,0.6448275862068957,1368,1700,2109,False,False,False,0.045,-0.031,0.895,False,normal_postmeal,synthetic_ad8232_normal_postmeal,patient_001,synthetic_ad8232_normal_postmeal,0.2904841402337228,0.1876749795714121,0.5,0.20075910925928828
2026-05-26T16:09:28,patient_001,0.3181818181818182,True,synthetic_ad8232,0.882352941176471,True,synthetic_max30102,0.4862068965517228,2785,1618,2008,False,False,False,0.022,0.075,1.004,False,normal_postmeal,synthetic_ad8232_normal_postmeal,patient_001,synthetic_ad8232_normal_postmeal,0.2854757929883138,0.17171418197058136,0.5,0.22584706688545067
2026-05-26T16:09:33,patient_001,0.2575757575757576,True,synthetic_ad8232,0.882352941176471,True,synthetic_max30102,0.24137931034482918,2346,1701,2111,False,False,False,0.142,0.148,0.992,False,normal_postmeal,synthetic_ad8232_normal_postmeal,patient_001,synthetic_ad8232_normal_postmeal,0.27712854757929883,0.18847758471399095,0.5,0.2271981708598684
2026-05-26T16:09:38,patient_001,0.23484848484848492,True,synthetic_ad8232,0.882352941176471,True,synthetic_max30102,0.3793103448275872,1691,1611,1999,False,False,False,-0.009,0.12,1.068,False,normal_postmeal,synthetic_ad8232_normal_postmeal,patient_001,synthetic_ad8232_normal_postmeal,0.26878130217028373,0.21585536661749868,0.5,0.24124027656289984
2026-05-26T16:09:43,patient_001,0.23484848484848492,True,synthetic_ad8232,0.882352941176471,True,synthetic_max30102,0.3620689655172402,2017,1729,2145,False,False,False,0.069,0.09,0.983,False,normal_postmeal,synthetic_ad8232_normal_postmeal,patient_001,synthetic_ad8232_normal_postmeal,0.24207011686143565,0.14433030448172804,0.5,0.22186520998832546
2026-05-26T16:09:48,patient_001,0.2651515151515152,True,synthetic_ad8232,0.7647058823529411,True,synthetic_max30102,0.5344827586206886,1719,1592,1975,False,False,False,-0.021,0.058,0.984,False,normal_postmeal,synthetic_ad8232_normal_postmeal,patient_001,synthetic_ad8232_normal_postmeal,0.24540901502504164,0.14292900620635202,0.35714285714285715,0.22104951387291563
2026-05-26T16:09:53,patient_001,0.37121212121212127,True,synthetic_ad8232,0.8235294117647065,True,synthetic_max30102,0.3620689655172402,1949,1700,2109,False,False,False,0.064,0.018,1.266,False,normal_postmeal,synthetic_ad8232_normal_postmeal,patient_001,synthetic_ad8232_normal_postmeal,0.25709515859766274,0.2373921581084934,0.5714285714285714,0.28510712051977766
2026-05-26T16:09:58,patient_001,0.37878787878787884,True,synthetic_ad8232,0.7058823529411766,True,synthetic_max30102,0.4551724137931039,2663,1654,2052,False,False,False,0.2,0.021,0.851,False,normal_postmeal,synthetic_ad8232_normal_postmeal,patient_001,synthetic_ad8232_normal_postmeal,0.2838063439065108,0.3029491750720974,0.35714285714285715,0.19570645056963443
2026-05-26T16:10:03,patient_001,0.30303030303030304,True,synthetic_ad8232,0.7647058823529411,True,synthetic_max30102,0.38965517241379466,2353,1741,2161,False,False,False,-0.005,0.059,1.097,False,normal_postmeal,synthetic_ad8232_normal_postmeal,patient_001,synthetic_ad8232_normal_postmeal,0.2988313856427378,0.2663587165554678,0.5714285714285714,0.2466589471431041
2026-05-26T16:10:08,patient_001,0.1893939393939394,True,synthetic_ad8232,0.7058823529411766,True,synthetic_max30102,0.4931034482758623,1524,1575,1954,False,False,False,-0.068,0.012,1.014,False,normal_postmeal,synthetic_ad8232_normal_postmeal,patient_001,synthetic_ad8232_normal_postmeal,0.2888146911519198,0.3292154487775399,0.4285714285714286,0.22796342374710168
2026-05-26T16:10:13,patient_001,0.27272727272727276,True,synthetic_ad8232,0.882352941176471,True,synthetic_max30102,0.5413793103448281,1760,1592,1975,False,False,False,0.089,0.036,0.93,False,normal_postmeal,synthetic_ad8232_normal_postmeal,patient_001,synthetic_ad8232_normal_postmeal,0.2904841402337228,0.32583563930639314,0.7142857142857143,0.2094593700796501
2026-05-26T16:10:18,patient_001,0.3106060606060606,True,synthetic_ad8232,0.8235294117647065,True,synthetic_max30102,0.26896551724138007,2942,1574,1953,False,False,False,-0.023,0.126,0.996,False,normal_postmeal,synthetic_ad8232_normal_postmeal,patient_001,synthetic_ad8232_normal_postmeal,0.27712854757929883,0.2877877294054369,0.4285714285714286,0.22520241454507176
2026-05-26T16:10:23,patient_001,0.28030303030303033,True,synthetic_ad8232,0.8235294117647065,True,synthetic_max30102,0.4827586206896548,2498,1735,2153,False,False,False,0.011,-0.028,1.16,False,normal_postmeal,synthetic_ad8232_normal_postmeal,patient_001,synthetic_ad8232_normal_postmeal,0.25542570951585963,0.20238091714495712,0.5,0.26070487458694463
2026-05-26T16:10:28,patient_001,0.3181818181818182,True,synthetic_ad8232,0.7647058823529411,True,synthetic_max30102,0.5586206896551715,2035,1532,1901,False,False,False,-0.027,0.053,0.859,False,normal_postmeal,synthetic_ad8232_normal_postmeal,patient_001,synthetic_ad8232_normal_postmeal,0.25876460767946574,0.21445217493090485,0.4285714285714286,0.19266483187593816
2026-05-26T16:10:33,patient_001,0.22727272727272724,True,synthetic_ad8232,0.7058823529411766,True,synthetic_max30102,0.49655172413793025,2432,1659,2059,False,False,False,0.21,0.141,0.969,False,normal_postmeal,synthetic_ad8232_normal_postmeal,patient_001,synthetic_ad8232_normal_postmeal,0.26711185308848073,0.15114204138840018,0.4285714285714286,0.22458147217664903
2026-05-26T16:10:38,patient_001,0.356060606060606,True,synthetic_ad8232,0.8235294117647065,True,synthetic_max30102,0.45172413793103594,2651,1669,2071,False,False,False,0.064,0.074,0.979,False,normal_postmeal,synthetic_ad8232_normal_postmeal,patient_001,synthetic_ad8232_normal_postmeal,0.2854757929883138,0.20138396075105153,0.6428571428571428,0.2205823960787537
2026-05-26T16:10:43,patient_001,0.3636363636363637,True,synthetic_ad8232,0.882352941176471,True,synthetic_max30102,0.5965517241379299,1860,1903,2361,False,False,False,0.009,0.16,1.033,False,normal_postmeal,synthetic_ad8232_normal_postmeal,patient_001,synthetic_ad8232_normal_postmeal,0.2971619365609348,0.23675543235355387,0.5714285714285714,0.23455710727575513
2026-05-26T16:10:48,patient_001,0.23484848484848492,True,synthetic_ad8232,0.882352941176471,True,synthetic_max30102,0.4827586206896548,2454,1739,2158,False,False,False,0.196,-0.023,1.062,False,normal_postmeal,synthetic_ad8232_normal_postmeal,patient_001,synthetic_ad8232_normal_postmeal,0.2871452420701167,0.2734429696724322,0.5,0.24247271872529774
2026-05-26T16:10:53,patient_001,0.2121212121212121,True,synthetic_ad8232,0.9411764705882355,True,synthetic_max30102,0.5551724137931036,2317,1650,2048,False,False,False,0.088,0.046,1.008,False,normal_postmeal,synthetic_ad8232_normal_postmeal,patient_001,synthetic_ad8232_normal_postmeal,0.26377295492487474,0.3119504325303009,0.5714285714285714,0.22717483286444634
2026-05-26T16:10:58,patient_001,0.28030303030303033,True,synthetic_ad8232,0.7647058823529411,True,synthetic_max30102,0.35862068965517224,2296,1681,2086,False,False,False,-0.02,0.048,0.988,False,normal_postmeal,synthetic_ad8232_normal_postmeal,patient_001,synthetic_ad8232_normal_postmeal,0.2754590984974957,0.2884862443392923,0.2857142857142857,0.22183052067993417
2026-05-26T16:11:03,patient_001,0.23484848484848492,True,synthetic_ad8232,0.9411764705882355,True,synthetic_max30102,0.4241379310344815,2404,1605,1992,False,False,False,0.005,0.069,0.843,False,normal_postmeal,synthetic_ad8232_normal_postmeal,patient_001,synthetic_ad8232_normal_postmeal,0.24874791318864764,0.252789608753307,0.7142857142857143,0.18920456111885176
2026-05-26T16:11:08,patient_001,0.15909090909090912,True,synthetic_ad8232,0.882352941176471,True,synthetic_max30102,0.5793103448275865,2370,1617,2006,False,False,False,0.01,0.053,1.08,False,normal_postmeal,synthetic_ad8232_normal_postmeal,patient_001,synthetic_ad8232_normal_postmeal,0.20367278797996646,0.18442963435188822,0.4285714285714286,0.24273772117837047
2026-05-26T16:11:13,patient_001,0.23484848484848492,True,synthetic_ad8232,0.7647058823529411,True,synthetic_max30102,0.3793103448275872,1496,1572,1951,False,False,False,0.067,0.123,0.975,False,normal_postmeal,synthetic_ad8232_normal_postmeal,patient_001,synthetic_ad8232_normal_postmeal,0.20367278797996646,0.18442963435188822,0.35714285714285715,0.220839846842998
2026-05-26T16:11:18,patient_001,0.3106060606060606,True,synthetic_ad8232,0.9411764705882355,True,synthetic_max30102,0.4827586206896548,1638,1645,2041,False,False,False,0.009,0.091,0.971,False,normal_postmeal,synthetic_ad8232_normal_postmeal,patient_001,synthetic_ad8232_normal_postmeal,0.22537562604340566,0.23992216375601197,0.7142857142857143,0.2186320810406881
2026-05-26T16:11:23,patient_001,0.37878787878787884,True,synthetic_ad8232,0.6470588235294121,True,synthetic_max30102,0.5172413793103452,1739,1632,2025,False,False,False,0.003,-0.003,1.125,False,normal_postmeal,synthetic_ad8232_normal_postmeal,patient_001,synthetic_ad8232_normal_postmeal,0.24707846410684464,0.3506775454280828,0.1428571428571429,0.2526623490482113
2026-05-26T16:11:28,patient_001,0.27272727272727276,True,synthetic_ad8232,0.8235294117647065,True,synthetic_max30102,0.41034482758620605,2262,1671,2073,False,False,False,-0.086,-0.039,1.093,False,normal_postmeal,synthetic_ad8232_normal_postmeal,patient_001,synthetic_ad8232_normal_postmeal,0.25542570951585963,0.3441601533154584,0.7142857142857143,0.24631224365181892
2026-05-26T16:11:33,patient_001,0.2651515151515152,True,synthetic_ad8232,0.7647058823529411,True,synthetic_max30102,0.5931034482758619,1753,1614,2003,False,False,False,0.025,-0.005,1.078,False,normal_postmeal,synthetic_ad8232_normal_postmeal,patient_001,synthetic_ad8232_normal_postmeal,0.2787979966611017,0.23159861590476044,0.4285714285714286,0.24204569466991147
2026-05-26T16:11:38,patient_001,0.28030303030303033,True,synthetic_ad8232,0.8235294117647065,True,synthetic_max30102,0.46896551724137936,2111,1688,2095,False,False,False,0.207,0.057,0.8,False,normal_postmeal,synthetic_ad8232_normal_postmeal,patient_001,synthetic_ad8232_normal_postmeal,0.2888146911519198,0.19477940291400714,0.5714285714285714,0.1852213562362214
2026-05-26T16:11:43,patient_001,0.28030303030303033,True,synthetic_ad8232,0.8235294117647065,True,synthetic_max30102,0.44482758620689644,3257,1601,1987,False,False,False,0.036,0.079,0.947,False,normal_postmeal,synthetic_ad8232_normal_postmeal,patient_001,synthetic_ad8232_normal_postmeal,0.2821368948247077,0.1968351791546495,0.5,0.21310281214309842
2026-05-26T16:11:48,patient_001,0.23484848484848492,True,synthetic_ad8232,0.8235294117647065,True,synthetic_max30102,0.3206896551724139,2346,1731,2148,False,False,False,0.049,-0.045,0.955,False,normal_postmeal,synthetic_ad8232_normal_postmeal,patient_001,synthetic_ad8232_normal_postmeal,0.25041736227045075,0.07898928812263216,0.5,0.21454469921395874
2026-05-26T16:11:53,patient_001,0.3181818181818182,True,synthetic_ad8232,0.7058823529411766,True,synthetic_max30102,0.6068965517241374,1765,1712,2124,False,False,False,-0.055,0.152,1.072,False,normal_postmeal,synthetic_ad8232_normal_postmeal,patient_001,synthetic_ad8232_normal_postmeal,0.26043405676126874,0.12609588049492382,0.35714285714285715,0.24336795171268366
2026-05-26T16:11:58,patient_001,0.2878787878787879,True,synthetic_ad8232,0.7647058823529411,True,synthetic_max30102,0.45172413793103594,1858,1662,2062,False,False,False,0.02,-0.133,1.08,False,normal_postmeal,synthetic_ad8232_normal_postmeal,patient_001,synthetic_ad8232_normal_postmeal,0.26544240400667773,0.12489303061140132,0.5714285714285714,0.24432804020063348
2026-05-26T16:12:03,patient_001,0.2424242424242425,True,synthetic_ad8232,0.8235294117647065,True,synthetic_max30102,0.3724137931034477,1562,1647,2044,False,False,False,-0.14,0.063,1.032,False,normal_postmeal,synthetic_ad8232_normal_postmeal,patient_001,synthetic_ad8232_normal_postmeal,0.25709515859766274,0.14363136427487502,0.5714285714285714,0.23410254276910397
2026-05-26T16:12:08,patient_001,0.2878787878787879,True,synthetic_ad8232,0.7058823529411766,True,synthetic_max30102,0.35862068965517224,2852,1637,2031,False,False,False,-0.02,0.098,0.961,False,normal_postmeal,synthetic_ad8232_normal_postmeal,patient_001,synthetic_ad8232_normal_postmeal,0.25876460767946574,0.14606302325573178,0.35714285714285715,0.21656237635258363
2026-05-26T16:12:13,patient_001,0.30303030303030304,True,synthetic_ad8232,0.8235294117647065,True,synthetic_max30102,0.41724137931034555,2035,1700,2110,False,False,False,-0.008,-0.145,1.067,False,normal_postmeal,synthetic_ad8232_normal_postmeal,patient_001,synthetic_ad8232_normal_postmeal,0.2737896494156927,0.11869607905424676,0.6428571428571428,0.24171282698874266
2026-05-26T16:12:18,patient_001,0.27272727272727276,True,synthetic_ad8232,0.882352941176471,True,synthetic_max30102,0.3137931034482744,1216,1725,2141,False,False,False,-0.007,-0.061,1.132,False,normal_postmeal,synthetic_ad8232_normal_postmeal,patient_001,synthetic_ad8232_normal_postmeal,0.26377295492487474,0.09622020298781869,0.5714285714285714,0.2546298983792706
2026-05-26T16:12:23,patient_001,0.17424242424242425,True,synthetic_ad8232,0.8235294117647065,True,synthetic_max30102,0.4068965517241381,1797,1683,2088,False,False,False,-0.066,0.186,1.015,False,normal_postmeal,synthetic_ad8232_normal_postmeal,patient_001,synthetic_ad8232_normal_postmeal,0.23873121869782965,0.21327579647437547,0.4285714285714286,0.23197804439753658
2026-05-26T16:12:28,patient_001,0.3333333333333333,True,synthetic_ad8232,0.8235294117647065,True,synthetic_max30102,0.4241379310344815,2631,1687,2093,False,False,False,0.089,-0.1,1.118,False,normal_postmeal,synthetic_ad8232_normal_postmeal,patient_001,synthetic_ad8232_normal_postmeal,0.25876460767946574,0.2521917609898474,0.5,0.25288470704294713
2026-05-26T16:12:33,patient_001,0.20454545454545453,True,synthetic_ad8232,0.7647058823529411,True,synthetic_max30102,0.34827586206896477,1435,1585,1967,False,False,False,0.06,0.035,0.953,False,normal_postmeal,synthetic_ad8232_normal_postmeal,patient_001,synthetic_ad8232_normal_postmeal,0.24040066777963265,0.2792693063630552,0.4285714285714286,0.21413865291097284
2026-05-26T16:12:38,patient_001,0.28030303030303033,True,synthetic_ad8232,0.7647058823529411,True,synthetic_max30102,0.38965517241379466,2125,1629,2022,False,False,False,0.164,0.023,1.092,False,normal_postmeal,synthetic_ad8232_normal_postmeal,patient_001,synthetic_ad8232_normal_postmeal,0.23539232053422365,0.26598063443933195,0.5,0.24799755359254283
2026-05-26T16:12:43,patient_001,0.28030303030303033,True,synthetic_ad8232,0.7058823529411766,True,synthetic_max30102,0.572413793103447,1690,1655,2054,False,False,False,0.029,0.09,0.93,False,normal_postmeal,synthetic_ad8232_normal_postmeal,patient_001,synthetic_ad8232_normal_postmeal,0.23706176961602654,0.26880328831544825,0.4285714285714286,0.20942581653505282
2026-05-26T16:12:48,patient_001,0.3636363636363637,True,synthetic_ad8232,0.8235294117647065,True,synthetic_max30102,0.47931034482758683,1670,1581,1962,False,False,False,0.149,0.123,1.051,False,normal_postmeal,synthetic_ad8232_normal_postmeal,patient_001,synthetic_ad8232_normal_postmeal,0.2787979966611017,0.2543770002318525,0.6428571428571428,0.2398431673294141
2026-05-26T16:12:53,patient_001,0.2121212121212121,True,synthetic_ad8232,0.882352941176471,True,synthetic_max30102,0.4620689655172434,1355,1652,2050,False,False,False,-0.071,0.015,0.87,False,normal_postmeal,synthetic_ad8232_normal_postmeal,patient_001,synthetic_ad8232_normal_postmeal,0.25208681135225375,0.26973760913156725,0.5714285714285714,0.1953843782592732
2026-05-26T16:12:58,patient_001,0.3181818181818182,True,synthetic_ad8232,0.8235294117647065,True,synthetic_max30102,0.6137931034482769,1552,1576,1956,False,False,False,0.108,-0.004,1.055,False,normal_postmeal,synthetic_ad8232_normal_postmeal,patient_001,synthetic_ad8232_normal_postmeal,0.27712854757929883,0.23376111488148116,0.4285714285714286,0.2380041259285273
2026-05-26T16:13:03,patient_001,0.30303030303030304,True,synthetic_ad8232,0.6470588235294121,True,synthetic_max30102,0.44482758620689644,2116,1699,2108,False,False,False,-0.042,0.038,0.904,False,normal_postmeal,synthetic_ad8232_normal_postmeal,patient_001,synthetic_ad8232_normal_postmeal,0.2821368948247077,0.23311447155452047,0.2857142857142857,0.20282895109928867
2026-05-26T16:13:08,patient_001,0.37878787878787884,True,synthetic_ad8232,0.8235294117647065,True,synthetic_max30102,0.38275862068965516,3173,1721,2136,False,False,False,0.02,-0.078,1.022,False,normal_postmeal,synthetic_ad8232_normal_postmeal,patient_001,synthetic_ad8232_normal_postmeal,0.3038397328881468,0.27436149080017563,0.7142857142857143,0.22996801625812888
2026-05-26T16:13:13,patient_001,0.23484848484848492,True,synthetic_ad8232,0.8235294117647065,True,synthetic_max30102,0.3999999999999986,1893,1734,2152,False,False,False,0.057,0.061,0.986,False,normal_postmeal,synthetic_ad8232_normal_postmeal,patient_001,synthetic_ad8232_normal_postmeal,0.2754590984974957,0.28052768746711015,0.5,0.2218670476832485
2026-05-26T16:13:18,patient_001,0.34848484848484845,True,synthetic_ad8232,0.882352941176471,True,synthetic_max30102,0.4482758620689644,1791,1697,2106,False,False,False,0.015,0.224,0.925,False,normal_postmeal,synthetic_ad8232_normal_postmeal,patient_001,synthetic_ad8232_normal_postmeal,0.3055091819699498,0.22699031920232401,0.5714285714285714,0.21330349960268252
2026-05-26T16:13:23,patient_001,0.40151515151515155,True,synthetic_ad8232,0.882352941176471,True,synthetic_max30102,0.38965517241379466,2318,1736,2154,False,False,False,0.081,0.051,0.949,False,normal_postmeal,synthetic_ad8232_normal_postmeal,patient_001,synthetic_ad8232_normal_postmeal,0.3238731218697829,0.27746171904403266,0.5,0.21374924355172278
2026-05-26T16:13:28,patient_001,0.29545454545454547,True,synthetic_ad8232,0.8235294117647065,True,synthetic_max30102,0.4862068965517228,1773,1784,2214,False,False,False,0.058,0.035,0.939,False,normal_postmeal,synthetic_ad8232_normal_postmeal,patient_001,synthetic_ad8232_normal_postmeal,0.3222036727879799,0.2814230861291602,0.4285714285714286,0.21093643296854767
2026-05-26T16:13:33,patient_001,0.3106060606060606,True,synthetic_ad8232,0.8235294117647065,True,synthetic_max30102,0.6000000000000014,1524,1693,2101,False,False,False,-0.032,-0.029,0.912,False,normal_postmeal,synthetic_ad8232_normal_postmeal,patient_001,synthetic_ad8232_normal_postmeal,0.3071786310517528,0.25966281229579835,0.5,0.2044767580018733
2026-05-26T16:13:38,patient_001,0.25000000000000006,True,synthetic_ad8232,0.6470588235294121,True,synthetic_max30102,0.46896551724137936,2286,1572,1951,False,False,False,-0.0,-0.089,1.077,False,normal_postmeal,synthetic_ad8232_normal_postmeal,patient_001,synthetic_ad8232_normal_postmeal,0.3105175292153589,0.23908180333248646,0.2857142857142857,0.24258432801546456
2026-05-26T16:13:43,patient_001,0.23484848484848492,True,synthetic_ad8232,0.9411764705882355,True,synthetic_max30102,0.5137931034482772,1966,1642,2037,False,False,False,-0.041,-0.043,1.038,False,normal_postmeal,synthetic_ad8232_normal_postmeal,patient_001,synthetic_ad8232_normal_postmeal,0.2854757929883138,0.27436149080017563,0.8571428571428571,0.2332711486870587
2026-05-26T16:13:48,patient_001,0.3636363636363637,True,synthetic_ad8232,0.7647058823529411,True,synthetic_max30102,0.4551724137931039,1328,1658,2058,False,False,False,0.116,0.095,0.977,False,normal_postmeal,synthetic_ad8232_normal_postmeal,patient_001,synthetic_ad8232_normal_postmeal,0.27712854757929883,0.21468667710586667,0.2857142857142857,0.2216192828420749
2026-05-26T16:13:53,patient_001,0.20454545454545453,True,synthetic_ad8232,0.8235294117647065,True,synthetic_max30102,0.4379310344827605,2113,1639,2034,False,False,False,0.046,0.113,0.895,False,normal_postmeal,synthetic_ad8232_normal_postmeal,patient_001,synthetic_ad8232_normal_postmeal,0.25709515859766274,0.2673015822173378,0.5714285714285714,0.20226177122805392
2026-05-26T16:13:58,patient_001,0.23484848484848492,True,synthetic_ad8232,0.9411764705882355,True,synthetic_max30102,0.5275862068965527,2213,1659,2059,False,False,False,0.063,0.174,0.87,False,normal_postmeal,synthetic_ad8232_normal_postmeal,patient_001,synthetic_ad8232_normal_postmeal,0.24040066777963265,0.2577177451161072,0.6428571428571428,0.1991217638108386
2026-05-26T16:14:03,patient_001,0.21969696969696967,True,synthetic_ad8232,0.8235294117647065,True,synthetic_max30102,0.3517241379310363,1493,1530,1899,False,False,False,0.095,0.115,1.012,False,normal_postmeal,synthetic_ad8232_normal_postmeal,patient_001,synthetic_ad8232_normal_postmeal,0.23372287145242066,0.26767779856427887,0.35714285714285715,0.22946037777252545
2026-05-26T16:14:08,patient_001,0.3181818181818182,True,synthetic_ad8232,0.8235294117647065,True,synthetic_max30102,0.21724137931034626,1874,1740,2159,False,False,False,0.139,0.041,0.924,False,normal_postmeal,synthetic_ad8232_normal_postmeal,patient_001,synthetic_ad8232_normal_postmeal,0.25208681135225375,0.2895308569703224,0.5,0.20953970685918477
2026-05-26T16:14:13,patient_001,0.23484848484848492,True,synthetic_ad8232,0.8235294117647065,True,synthetic_max30102,0.6034482758620694,1598,1713,2126,False,False,False,0.17,0.059,1.027,False,normal_postmeal,synthetic_ad8232_normal_postmeal,patient_001,synthetic_ad8232_normal_postmeal,0.22370617696160255,0.1849744793626886,0.5,0.23394094469153398
2026-05-26T16:14:18,patient_001,0.32575757575757575,True,synthetic_ad8232,0.7647058823529411,True,synthetic_max30102,0.47586206896551886,1890,1463,1815,False,False,False,0.022,0.07,0.999,False,normal_postmeal,synthetic_ad8232_normal_postmeal,patient_001,synthetic_ad8232_normal_postmeal,0.25041736227045075,0.21327579647437558,0.4285714285714286,0.22463174088069282
2026-05-26T16:14:23,patient_001,0.32575757575757575,True,synthetic_ad8232,0.882352941176471,True,synthetic_max30102,0.4379310344827605,2317,1745,2165,False,False,False,0.171,0.055,1.025,False,normal_postmeal,synthetic_ad8232_normal_postmeal,patient_001,synthetic_ad8232_normal_postmeal,0.27045075125208673,0.2216063833729875,0.6428571428571428,0.23348060907004722
2026-05-26T16:14:28,patient_001,0.21969696969696967,True,synthetic_ad8232,0.6470588235294121,True,synthetic_max30102,0.4068965517241381,2610,1667,2069,False,False,False,0.101,0.002,1.054,False,normal_postmeal,synthetic_ad8232_normal_postmeal,patient_001,synthetic_ad8232_normal_postmeal,0.27045075125208673,0.2216063833729875,0.2142857142857143,0.23761973342842702
2026-05-26T16:14:33,patient_001,0.2575757575757576,True,synthetic_ad8232,0.882352941176471,True,synthetic_max30102,0.4931034482758623,2785,1721,2136,False,False,False,0.16,-0.107,0.953,False,normal_postmeal,synthetic_ad8232_normal_postmeal,patient_001,synthetic_ad8232_normal_postmeal,0.25709515859766274,0.2104256577317047,0.7857142857142857,0.21793821560600685
2026-05-26T16:14:38,patient_001,0.29545454545454547,True,synthetic_ad8232,0.8235294117647065,True,synthetic_max30102,0.5137931034482772,2965,1750,2171,False,False,False,0.109,0.001,1.016,False,normal_postmeal,synthetic_ad8232_normal_postmeal,patient_001,synthetic_ad8232_normal_postmeal,0.27045075125208673,0.1924404059756373,0.4285714285714286,0.22920959045645448
2026-05-26T16:14:43,patient_001,0.3333333333333333,True,synthetic_ad8232,0.8235294117647065,True,synthetic_max30102,0.44482758620689644,2532,1601,1987,False,False,False,0.085,0.021,1.005,False,normal_postmeal,synthetic_ad8232_normal_postmeal,patient_001,synthetic_ad8232_normal_postmeal,0.27212020033388973,0.19987920272705142,0.5,0.22624916694466887
2026-05-26T16:14:48,patient_001,0.20454545454545453,True,synthetic_ad8232,0.7647058823529411,True,synthetic_max30102,0.4551724137931039,2704,1617,2007,False,False,False,0.199,-0.004,0.937,False,normal_postmeal,synthetic_ad8232_normal_postmeal,patient_001,synthetic_ad8232_normal_postmeal,0.24540901502504164,0.2227387687908677,0.4285714285714286,0.21467940512543118
2026-05-26T16:14:53,patient_001,0.11363636363636359,True,synthetic_ad8232,0.7647058823529411,True,synthetic_max30102,0.6551724137931032,2398,1646,2043,False,False,False,0.087,-0.058,0.987,False,normal_postmeal,synthetic_ad8232_normal_postmeal,patient_001,synthetic_ad8232_normal_postmeal,0.22203672787979956,0.3584823713189293,0.5,0.22254779954262763
2026-05-26T16:14:58,patient_001,0.4090909090909091,True,synthetic_ad8232,0.8235294117647065,True,synthetic_max30102,0.4034482758620701,1285,1565,1942,False,False,False,0.103,-0.026,0.907,False,normal_postmeal,synthetic_ad8232_normal_postmeal,patient_001,synthetic_ad8232_normal_postmeal,0.25542570951585963,0.4807871510272873,0.5714285714285714,0.2045172099704493
2026-05-26T16:15:03,patient_001,0.21969696969696967,True,synthetic_ad8232,0.7647058823529411,True,synthetic_max30102,0.47586206896551886,1762,1625,2016,False,False,False,-0.056,-0.221,0.906,False,normal_postmeal,synthetic_ad8232_normal_postmeal,patient_001,synthetic_ad8232_normal_postmeal,0.23873121869782965,0.48495530140360843,0.4285714285714286,0.2093007950909538
2026-05-26T15:26:48,patient_001,0.17424242424242425,True,synthetic_ad8232,0.8235294117647065,True,synthetic_max30102,0.3758620689655192,1926,1659,2059,False,False,False,0.078,-0.048,0.938,False,normal_rest,synthetic_ad8232_normal_rest,patient_001,synthetic_ad8232_normal_rest,0.1485809682804674,0.0,0.5,0.21116833530520834
2026-05-26T15:26:53,patient_001,0.15909090909090912,True,synthetic_ad8232,0.8235294117647065,True,synthetic_max30102,0.38620689655172313,1724,1680,2085,False,False,False,0.071,0.033,1.035,False,normal_rest,synthetic_ad8232_normal_rest,patient_001,synthetic_ad8232_normal_rest,0.1402337228714523,0.044862900967999914,0.5,0.2328752129237065
2026-05-26T15:26:58,patient_001,0.18181818181818182,True,synthetic_ad8232,0.8235294117647065,True,synthetic_max30102,0.38620689655172313,2088,1735,2153,False,False,False,0.038,0.023,0.963,False,normal_rest,synthetic_ad8232_normal_rest,patient_001,synthetic_ad8232_normal_rest,0.14579855314412904,0.04845747135865969,0.5,0.21606977904634384
2026-05-26T15:27:03,patient_001,0.1363636363636364,True,synthetic_ad8232,0.882352941176471,True,synthetic_max30102,0.35517241379310427,2052,1791,2223,False,False,False,0.055,0.047,1.007,False,normal_rest,synthetic_ad8232_normal_rest,patient_001,synthetic_ad8232_normal_rest,0.1360601001669448,0.08393080239951235,0.5714285714285714,0.22642845244713408
2026-05-26T15:27:08,patient_001,0.12878787878787884,True,synthetic_ad8232,0.8235294117647065,True,synthetic_max30102,0.3620689655172402,2243,1588,1970,False,False,False,0.085,0.025,0.956,False,normal_rest,synthetic_ad8232_normal_rest,patient_001,synthetic_ad8232_normal_rest,0.12854757929883132,0.09674172552306597,0.4285714285714286,0.2151771532207868
2026-05-26T15:27:13,patient_001,0.20454545454545453,True,synthetic_ad8232,0.9411764705882355,True,synthetic_max30102,0.2517241379310331,2222,1715,2128,False,False,False,0.049,0.035,0.999,False,normal_rest,synthetic_ad8232_normal_rest,patient_001,synthetic_ad8232_normal_rest,0.13522537562604342,0.13194575017877042,0.6428571428571428,0.2244321892673464
2026-05-26T15:27:18,patient_001,0.19696969696969696,True,synthetic_ad8232,0.882352941176471,True,synthetic_max30102,0.3344827586206893,1744,1621,2012,False,False,False,0.065,-0.028,0.977,False,normal_rest,synthetic_ad8232_normal_rest,patient_001,synthetic_ad8232_normal_rest,0.1435726210350584,0.14640710623725753,0.4285714285714286,0.21960125234048528
2026-05-26T15:27:23,patient_001,0.14393939393939398,True,synthetic_ad8232,1.0,True,synthetic_max30102,0.23448275862068968,2302,1657,2056,False,False,False,0.079,-0.037,0.977,False,normal_rest,synthetic_ad8232_normal_rest,patient_001,synthetic_ad8232_normal_rest,0.13522537562604342,0.14980447489444335,0.6428571428571428,0.2199028271585657
2026-05-26T15:27:28,patient_001,0.20454545454545453,True,synthetic_ad8232,0.9411764705882355,True,synthetic_max30102,0.27931034482758754,1469,1567,1945,False,False,False,0.022,0.064,0.982,False,normal_rest,synthetic_ad8232_normal_rest,patient_001,synthetic_ad8232_normal_rest,0.1502504173622704,0.15279753481607272,0.4285714285714286,0.22068529647071533
2026-05-26T15:27:33,patient_001,0.10606060606060602,True,synthetic_ad8232,0.9411764705882355,True,synthetic_max30102,0.32413793103448185,1959,1683,2089,False,False,False,0.068,0.013,0.996,False,normal_rest,synthetic_ad8232_normal_rest,patient_001,synthetic_ad8232_normal_rest,0.1452420701168613,0.18578875099958903,0.5,0.2238843958515859
2026-05-26T15:27:38,patient_001,0.1893939393939394,True,synthetic_ad8232,0.8235294117647065,True,synthetic_max30102,0.27931034482758754,2016,1621,2011,False,False,False,0.025,-0.018,1.009,False,normal_rest,synthetic_ad8232_normal_rest,patient_001,synthetic_ad8232_normal_rest,0.1419031719532554,0.1757687008773492,0.35714285714285715,0.22639996982923005
2026-05-26T15:27:43,patient_001,0.1893939393939394,True,synthetic_ad8232,0.9411764705882355,True,synthetic_max30102,0.3689655172413797,1299,1537,1907,False,False,False,0.036,0.013,0.987,False,normal_rest,synthetic_ad8232_normal_rest,patient_001,synthetic_ad8232_normal_rest,0.1402337228714523,0.17083283732156465,0.6428571428571428,0.22146101169709084
2026-05-26T15:27:48,patient_001,0.07575757575757575,True,synthetic_ad8232,0.8235294117647065,True,synthetic_max30102,0.3448275862068968,2310,1612,2000,False,False,False,0.004,0.015,1.042,False,normal_rest,synthetic_ad8232_normal_rest,patient_001,synthetic_ad8232_normal_rest,0.12520868113522532,0.2430476384863984,0.35714285714285715,0.23382046447032034
2026-05-26T15:27:53,patient_001,0.10606060606060602,True,synthetic_ad8232,0.882352941176471,True,synthetic_max30102,0.22758620689655018,2172,1670,2072,False,False,False,0.026,0.064,0.921,False,normal_rest,synthetic_ad8232_normal_rest,patient_001,synthetic_ad8232_normal_rest,0.10350584307178623,0.22046818178784722,0.5714285714285714,0.20687826795036665
2026-05-26T15:27:58,patient_001,0.12121212121212127,True,synthetic_ad8232,0.7647058823529411,True,synthetic_max30102,0.3172413793103459,2073,1752,2174,False,False,False,0.019,0.039,0.991,False,normal_rest,synthetic_ad8232_normal_rest,patient_001,synthetic_ad8232_normal_rest,0.10684474123539223,0.21398239961330665,0.35714285714285715,0.2224173361899662
2026-05-26T15:28:03,patient_001,0.09848484848484845,True,synthetic_ad8232,0.882352941176471,True,synthetic_max30102,0.3275862068965534,1659,1739,2158,False,False,False,0.094,0.063,1.004,False,normal_rest,synthetic_ad8232_normal_rest,patient_001,synthetic_ad8232_normal_rest,0.08681135225375614,0.18029082093862325,0.6428571428571428,0.2266015237374845
2026-05-26T15:28:08,patient_001,0.12121212121212127,True,synthetic_ad8232,0.8235294117647065,True,synthetic_max30102,0.275862068965516,1486,1542,1913,False,False,False,-0.015,0.055,0.981,False,normal_rest,synthetic_ad8232_normal_rest,patient_001,synthetic_ad8232_normal_rest,0.07178631051752915,0.0789892881226315,0.4285714285714286,0.22030475617071213
2026-05-26T15:28:13,patient_001,0.18181818181818182,True,synthetic_ad8232,0.9411764705882355,True,synthetic_max30102,0.4827586206896548,1980,1505,1868,False,False,False,0.157,0.047,0.95,False,normal_rest,synthetic_ad8232_normal_rest,patient_001,synthetic_ad8232_normal_rest,0.09515859766277113,0.13754704977820095,0.6428571428571428,0.21607166534368322
2026-05-26T15:28:18,patient_001,0.10606060606060602,True,synthetic_ad8232,0.882352941176471,True,synthetic_max30102,0.2586206896551726,1587,1629,2022,False,False,False,0.034,0.073,0.996,False,normal_rest,synthetic_ad8232_normal_rest,patient_001,synthetic_ad8232_normal_rest,0.09515859766277113,0.13754704977820095,0.4285714285714286,0.22407692213499783
2026-05-26T15:28:23,patient_001,0.06060606060606061,True,synthetic_ad8232,0.8235294117647065,True,synthetic_max30102,0.30689655172413843,1487,1600,1985,False,False,False,0.111,0.035,1.029,False,normal_rest,synthetic_ad8232_normal_rest,patient_001,synthetic_ad8232_normal_rest,0.08180300500834714,0.18497447936268832,0.4285714285714286,0.232330605539745
2026-05-26T15:28:28,patient_001,0.09848484848484845,True,synthetic_ad8232,0.8235294117647065,True,synthetic_max30102,0.4931034482758623,2275,1703,2113,False,False,False,0.007,0.064,0.954,False,normal_rest,synthetic_ad8232_normal_rest,patient_001,synthetic_ad8232_normal_rest,0.08180300500834714,0.18497447936268832,0.5,0.2142845461187348
2026-05-26T15:28:33,patient_001,0.15151515151515155,True,synthetic_ad8232,0.882352941176471,True,synthetic_max30102,0.2551724137931046,2007,1559,1935,False,False,False,0.058,0.012,0.941,False,normal_rest,synthetic_ad8232_normal_rest,patient_001,synthetic_ad8232_normal_rest,0.08848080133555913,0.19861652930203336,0.5714285714285714,0.2112596036112842
2026-05-26T15:28:38,patient_001,0.2575757575757576,True,synthetic_ad8232,0.882352941176471,True,synthetic_max30102,0.29999999999999893,2493,1634,2028,False,False,False,0.051,0.082,0.999,False,normal_rest,synthetic_ad8232_normal_rest,patient_001,synthetic_ad8232_normal_rest,0.10517529215358923,0.3175456851408232,0.5,0.22507845186899467
2026-05-26T15:28:43,patient_001,0.18181818181818182,True,synthetic_ad8232,1.0,True,synthetic_max30102,0.3275862068965534,2121,1770,2196,False,False,False,-0.009,-0.025,1.056,False,normal_rest,synthetic_ad8232_normal_rest,patient_001,synthetic_ad8232_normal_rest,0.12186978297161932,0.31912631056242774,0.6428571428571428,0.2370524274204719
2026-05-26T15:28:48,patient_001,0.1363636363636364,True,synthetic_ad8232,1.0,True,synthetic_max30102,0.21379310344827474,1972,1645,2041,False,False,False,0.004,0.056,0.974,False,normal_rest,synthetic_ad8232_normal_rest,patient_001,synthetic_ad8232_normal_rest,0.1385642737896493,0.25018861758586863,0.5,0.2187049012479544
2026-05-26T15:28:53,patient_001,0.18181818181818182,True,synthetic_ad8232,1.0,True,synthetic_max30102,0.3172413793103459,1466,1594,1978,False,False,False,0.066,-0.052,0.988,False,normal_rest,synthetic_ad8232_normal_rest,patient_001,synthetic_ad8232_normal_rest,0.1569282136894824,0.19555285163358463,0.5,0.2223303568740236
2026-05-26T15:28:58,patient_001,0.10606060606060602,True,synthetic_ad8232,0.882352941176471,True,synthetic_max30102,0.38965517241379466,2429,1618,2008,False,False,False,-0.013,0.031,0.971,False,normal_rest,synthetic_ad8232_normal_rest,patient_001,synthetic_ad8232_normal_rest,0.1469115191986643,0.2399221637560119,0.35714285714285715,0.21778771748097225
2026-05-26T15:29:03,patient_001,0.1893939393939394,True,synthetic_ad8232,1.0,True,synthetic_max30102,0.29655172413793096,1611,1665,2066,False,False,False,0.012,0.021,1.0,False,normal_rest,synthetic_ad8232_normal_rest,patient_001,synthetic_ad8232_normal_rest,0.1318864774624373,0.1521374991826226,0.6428571428571428,0.22431382856797027
2026-05-26T15:29:08,patient_001,0.16666666666666669,True,synthetic_ad8232,0.882352941176471,True,synthetic_max30102,0.5275862068965527,1674,1549,1922,False,False,False,0.115,-0.004,0.979,False,normal_rest,synthetic_ad8232_normal_rest,patient_001,synthetic_ad8232_normal_rest,0.12854757929883132,0.144678508376163,0.35714285714285715,0.22100582059674287
2026-05-26T15:29:13,patient_001,0.18181818181818182,True,synthetic_ad8232,0.9411764705882355,True,synthetic_max30102,0.24827586206896513,1737,1579,1959,False,False,False,0.014,-0.056,0.983,False,normal_rest,synthetic_ad8232_normal_rest,patient_001,synthetic_ad8232_normal_rest,0.1385642737896493,0.14257652969886772,0.5714285714285714,0.22076806748535152
2026-05-26T15:29:18,patient_001,0.10606060606060602,True,synthetic_ad8232,0.882352941176471,True,synthetic_max30102,0.15862068965517295,2714,1565,1942,False,False,False,-0.019,0.115,0.939,False,normal_rest,synthetic_ad8232_normal_rest,patient_001,synthetic_ad8232_normal_rest,0.12186978297161932,0.17142090390516163,0.4285714285714286,0.21201982777625725
2026-05-26T15:29:23,patient_001,0.32575757575757575,True,synthetic_ad8232,0.8235294117647065,True,synthetic_max30102,0.27931034482758754,2381,1656,2055,False,False,False,0.054,0.099,0.951,False,normal_rest,synthetic_ad8232_normal_rest,patient_001,synthetic_ad8232_normal_rest,0.17028380634390639,0.337665981980622,0.4285714285714286,0.214623871289651
2026-05-26T15:29:28,patient_001,0.18181818181818182,True,synthetic_ad8232,0.882352941176471,True,synthetic_max30102,0.29999999999999893,1836,1667,2069,False,False,False,-0.015,0.02,0.979,False,normal_rest,synthetic_ad8232_normal_rest,patient_001,synthetic_ad8232_normal_rest,0.1686143572621035,0.3384102323478914,0.5714285714285714,0.21954648216302142
2026-05-26T15:29:33,patient_001,0.1893939393939394,True,synthetic_ad8232,0.9411764705882355,True,synthetic_max30102,0.32413793103448185,2122,1603,1989,False,False,False,0.054,0.032,0.99,False,normal_rest,synthetic_ad8232_normal_rest,patient_001,synthetic_ad8232_normal_rest,0.1736227045075125,0.33346748499721424,0.5714285714285714,0.22242615830398058
2026-05-26T15:29:38,patient_001,0.15151515151515155,True,synthetic_ad8232,1.0,True,synthetic_max30102,0.44482758620689644,2255,1729,2145,False,False,False,0.055,-0.001,0.946,False,normal_rest,synthetic_ad8232_normal_rest,patient_001,synthetic_ad8232_normal_rest,0.1669449081803005,0.34416015331545835,0.5714285714285714,0.212336095779797
2026-05-26T15:29:43,patient_001,0.1893939393939394,True,synthetic_ad8232,0.7647058823529411,True,synthetic_max30102,0.38965517241379466,2095,1671,2073,False,False,False,0.058,-0.014,0.971,False,normal_rest,synthetic_ad8232_normal_rest,patient_001,synthetic_ad8232_normal_rest,0.18530884808013348,0.284269409738495,0.2142857142857143,0.21807178890234946
2026-05-26T15:29:48,patient_001,0.14393939393939398,True,synthetic_ad8232,0.882352941176471,True,synthetic_max30102,0.289655172413795,2096,1629,2022,False,False,False,0.046,0.089,0.887,False,normal_rest,synthetic_ad8232_normal_rest,patient_001,synthetic_ad8232_normal_rest,0.1452420701168613,0.0913926775816748,0.6428571428571428,0.19984381853744235
2026-05-26T15:29:53,patient_001,0.17424242424242425,True,synthetic_ad8232,0.882352941176471,True,synthetic_max30102,0.15862068965517295,1983,1709,2121,False,False,False,0.053,0.099,0.929,False,normal_rest,synthetic_ad8232_normal_rest,patient_001,synthetic_ad8232_normal_rest,0.1435726210350584,0.08859713056714544,0.5,0.2096457632457587
2026-05-26T15:29:58,patient_001,0.15909090909090912,True,synthetic_ad8232,0.8235294117647065,True,synthetic_max30102,0.2827586206896555,2329,1729,2145,False,False,False,0.092,0.053,1.059,False,normal_rest,synthetic_ad8232_normal_rest,patient_001,synthetic_ad8232_normal_rest,0.1368948247078463,0.07639876740803644,0.4285714285714286,0.23886517420312428
2026-05-26T15:30:03,patient_001,0.2651515151515152,True,synthetic_ad8232,0.9411764705882355,True,synthetic_max30102,0.38275862068965516,1654,1732,2149,False,False,False,0.028,0.033,0.962,False,normal_rest,synthetic_ad8232_normal_rest,patient_001,synthetic_ad8232_normal_rest,0.1619365609348914,0.19760058131324573,0.6428571428571428,0.21583091332105728
2026-05-26T15:30:08,patient_001,0.20454545454545453,True,synthetic_ad8232,0.882352941176471,True,synthetic_max30102,0.41034482758620605,1892,1547,1920,False,False,False,0.07,0.103,1.019,False,normal_rest,synthetic_ad8232_normal_rest,patient_001,synthetic_ad8232_normal_rest,0.1652754590984974,0.20063299246457791,0.4285714285714286,0.230289517749903
2026-05-26T15:30:13,patient_001,0.09090909090909088,True,synthetic_ad8232,0.8235294117647065,True,synthetic_max30102,0.44137931034482847,1524,1640,2035,False,False,False,0.066,0.002,0.949,False,normal_rest,synthetic_ad8232_normal_rest,patient_001,synthetic_ad8232_normal_rest,0.1535893155258764,0.2669248356140089,0.4285714285714286,0.21317629969997295
2026-05-26T15:30:18,patient_001,0.12121212121212127,True,synthetic_ad8232,0.882352941176471,True,synthetic_max30102,0.41034482758620605,2218,1647,2044,False,False,False,0.064,-0.062,1.002,False,normal_rest,synthetic_ad8232_normal_rest,patient_001,synthetic_ad8232_normal_rest,0.1419031719532554,0.2884862443392924,0.5714285714285714,0.22560079012531983
2026-05-26T15:30:23,patient_001,0.2575757575757576,True,synthetic_ad8232,0.7647058823529411,True,synthetic_max30102,0.2586206896551726,2451,1688,2095,False,False,False,0.064,-0.033,1.049,False,normal_rest,synthetic_ad8232_normal_rest,patient_001,synthetic_ad8232_normal_rest,0.1636060100166944,0.33074030848299885,0.35714285714285715,0.23594642044128428
2026-05-26T15:30:28,patient_001,0.12121212121212127,True,synthetic_ad8232,0.9411764705882355,True,synthetic_max30102,0.4034482758620701,1903,1584,1965,False,False,False,0.049,0.039,1.001,False,normal_rest,synthetic_ad8232_normal_rest,patient_001,synthetic_ad8232_normal_rest,0.1318864774624373,0.2907448281519584,0.7142857142857143,0.22491952264226048
2026-05-26T15:30:33,patient_001,0.15151515151515155,True,synthetic_ad8232,0.882352941176471,True,synthetic_max30102,0.3965517241379306,1636,1596,1981,False,False,False,-0.002,0.025,1.049,False,normal_rest,synthetic_ad8232_normal_rest,patient_001,synthetic_ad8232_normal_rest,0.12020033388981621,0.27066870478655314,0.4285714285714286,0.23545345623761005
2026-05-26T15:30:38,patient_001,0.17424242424242425,True,synthetic_ad8232,0.9411764705882355,True,synthetic_max30102,0.3103448275862064,3073,1688,2095,False,False,False,0.093,0.064,1.024,False,normal_rest,synthetic_ad8232_normal_rest,patient_001,synthetic_ad8232_normal_rest,0.1385642737896493,0.2356904002671769,0.5714285714285714,0.23111296400930584
2026-05-26T15:30:43,patient_001,0.14393939393939398,True,synthetic_ad8232,0.7647058823529411,True,synthetic_max30102,0.4482758620689644,1380,1536,1906,False,False,False,0.022,0.034,1.042,False,normal_rest,synthetic_ad8232_normal_rest,patient_001,synthetic_ad8232_normal_rest,0.1435726210350584,0.22046818178784738,0.2857142857142857,0.2339729897483803
2026-05-26T15:30:48,patient_001,0.06060606060606061,True,synthetic_ad8232,0.8235294117647065,True,synthetic_max30102,0.34827586206896477,1854,1476,1831,False,False,False,0.061,0.041,0.933,False,normal_rest,synthetic_ad8232_normal_rest,patient_001,synthetic_ad8232_normal_rest,0.10016694490818023,0.181403737809825,0.5714285714285714,0.20967491037481215
2026-05-26T15:30:53,patient_001,0.12878787878787884,True,synthetic_ad8232,0.9411764705882355,True,synthetic_max30102,0.3724137931034477,1789,1680,2085,False,False,False,0.046,0.06,0.999,False,normal_rest,synthetic_ad8232_normal_rest,patient_001,synthetic_ad8232_normal_rest,0.10183639398998334,0.18029082093862353,0.6428571428571428,0.22466940676623254
2026-05-26T15:30:58,patient_001,0.15151515151515155,True,synthetic_ad8232,0.882352941176471,True,synthetic_max30102,0.38275862068965516,2382,1639,2034,False,False,False,0.024,0.051,0.979,False,normal_rest,synthetic_ad8232_normal_rest,patient_001,synthetic_ad8232_normal_rest,0.10183639398998334,0.18029082093862353,0.4285714285714286,0.21984245211742406
2026-05-26T15:31:03,patient_001,0.0378787878787879,True,synthetic_ad8232,0.7647058823529411,True,synthetic_max30102,0.18275862068965587,2082,1611,1999,False,False,False,-0.053,0.003,1.02,False,normal_rest,synthetic_ad8232_normal_rest,patient_001,synthetic_ad8232_normal_rest,0.07178631051752915,0.21678578199279516,0.35714285714285715,0.229107241270084
2026-05-26T15:31:08,patient_001,0.22727272727272724,True,synthetic_ad8232,1.0,True,synthetic_max30102,0.30344827586207046,1385,1617,2007,False,False,False,0.094,0.034,0.957,False,normal_rest,synthetic_ad8232_normal_rest,patient_001,synthetic_ad8232_normal_rest,0.09015025041736224,0.31643454961873596,0.7857142857142857,0.2156566423759336
2026-05-26T15:31:13,patient_001,0.10606060606060602,True,synthetic_ad8232,0.882352941176471,True,synthetic_max30102,0.3793103448275872,2146,1569,1947,False,False,False,0.109,-0.025,1.006,False,normal_rest,synthetic_ad8232_normal_rest,patient_001,synthetic_ad8232_normal_rest,0.10016694490818023,0.28848624433929243,0.35714285714285715,0.22701970971968027
2026-05-26T15:31:18,patient_001,0.15151515151515155,True,synthetic_ad8232,0.7647058823529411,True,synthetic_max30102,0.38965517241379466,2168,1602,1988,False,False,False,0.016,0.009,0.947,False,normal_rest,synthetic_ad8232_normal_rest,patient_001,synthetic_ad8232_normal_rest,0.10517529215358923,0.291090747165619,0.35714285714285715,0.2122406042116007
2026-05-26T15:31:23,patient_001,0.14393939393939398,True,synthetic_ad8232,0.882352941176471,True,synthetic_max30102,0.3413793103448288,1994,1719,2133,False,False,False,0.093,0.016,0.931,False,normal_rest,synthetic_ad8232_normal_rest,patient_001,synthetic_ad8232_normal_rest,0.10350584307178623,0.2895308569703224,0.6428571428571428,0.2096475850583375
2026-05-26T15:31:28,patient_001,0.22727272727272724,True,synthetic_ad8232,0.882352941176471,True,synthetic_max30102,0.29999999999999893,2131,1663,2064,False,False,False,0.054,0.108,1.073,False,normal_rest,synthetic_ad8232_normal_rest,patient_001,synthetic_ad8232_normal_rest,0.1452420701168613,0.2261018996711883,0.5,0.24238011078175284
2026-05-26T15:31:33,patient_001,0.22727272727272724,True,synthetic_ad8232,0.8235294117647065,True,synthetic_max30102,0.3379310344827573,1052,1550,1923,False,False,False,0.039,0.043,0.957,False,normal_rest,synthetic_ad8232_normal_rest,patient_001,synthetic_ad8232_normal_rest,0.1452420701168613,0.2261018996711883,0.4285714285714286,0.2148730694030184
2026-05-26T15:31:38,patient_001,0.09090909090909088,True,synthetic_ad8232,0.8235294117647065,True,synthetic_max30102,0.2862068965517235,1891,1662,2062,False,False,False,0.117,0.074,0.952,False,normal_rest,synthetic_ad8232_normal_rest,patient_001,synthetic_ad8232_normal_rest,0.1419031719532554,0.2461334282178339,0.5,0.2156126985174371
2026-05-26T15:31:43,patient_001,0.14393939393939398,True,synthetic_ad8232,0.882352941176471,True,synthetic_max30102,0.3620689655172402,3134,1646,2043,False,False,False,0.026,0.073,0.944,False,normal_rest,synthetic_ad8232_normal_rest,patient_001,synthetic_ad8232_normal_rest,0.1402337228714523,0.24877682048451694,0.5714285714285714,0.21224000425633693
2026-05-26T15:31:48,patient_001,0.17424242424242425,True,synthetic_ad8232,1.0,True,synthetic_max30102,0.3172413793103459,2163,1597,1982,False,False,False,0.063,0.028,0.983,False,normal_rest,synthetic_ad8232_normal_rest,patient_001,synthetic_ad8232_normal_rest,0.1469115191986643,0.2430476384863987,0.6428571428571428,0.22093201840726506
2026-05-26T15:31:53,patient_001,0.10606060606060602,True,synthetic_ad8232,0.9411764705882355,True,synthetic_max30102,0.4034482758620701,2402,1619,2009,False,False,False,0.055,0.019,1.008,False,normal_rest,synthetic_ad8232_normal_rest,patient_001,synthetic_ad8232_normal_rest,0.12020033388981621,0.22941573387056202,0.4285714285714286,0.22644725128984391
2026-05-26T15:31:58,patient_001,0.04545454545454547,True,synthetic_ad8232,0.882352941176471,True,synthetic_max30102,0.137931034482758,1332,1582,1963,False,False,False,-0.02,0.085,1.026,False,normal_rest,synthetic_ad8232_normal_rest,patient_001,synthetic_ad8232_normal_rest,0.08013355592654414,0.2072937903259492,0.4285714285714286,0.23100040999260552
2026-05-26T15:32:03,patient_001,0.007575757575757569,True,synthetic_ad8232,0.8235294117647065,True,synthetic_max30102,0.5206896551724132,1760,1519,1885,False,False,False,0.057,0.008,1.009,False,normal_rest,synthetic_ad8232_normal_rest,patient_001,synthetic_ad8232_normal_rest,0.06176961602671105,0.287787729405437,0.4285714285714286,0.2266659701451761
2026-05-26T15:32:08,patient_001,0.16666666666666669,True,synthetic_ad8232,0.882352941176471,True,synthetic_max30102,0.3793103448275872,2807,1711,2123,False,False,False,0.054,0.057,0.962,False,normal_rest,synthetic_ad8232_normal_rest,patient_001,synthetic_ad8232_normal_rest,0.06677796327212016,0.30707336669099944,0.5714285714285714,0.2163368821599817
2026-05-26T15:32:13,patient_001,0.09848484848484845,True,synthetic_ad8232,0.8235294117647065,True,synthetic_max30102,0.4241379310344815,2213,1739,2158,False,False,False,0.032,0.086,0.972,False,normal_rest,synthetic_ad8232_normal_rest,patient_001,synthetic_ad8232_normal_rest,0.05008347245409006,0.2551669928176621,0.4285714285714286,0.2188651380037862
2026-05-26T15:32:18,patient_001,0.17424242424242425,True,synthetic_ad8232,1.0,True,synthetic_max30102,0.27931034482758754,2183,1543,1915,False,False,False,0.002,0.012,1.008,False,normal_rest,synthetic_ad8232_normal_rest,patient_001,synthetic_ad8232_normal_rest,0.06510851419031716,0.30674547191868795,0.7142857142857143,0.2260824814135377
2026-05-26T15:32:23,patient_001,0.12878787878787884,True,synthetic_ad8232,0.9411764705882355,True,synthetic_max30102,0.10344827586206762,1986,1661,2061,False,False,False,0.009,-0.037,0.957,False,normal_rest,synthetic_ad8232_normal_rest,patient_001,synthetic_ad8232_normal_rest,0.08347245409015025,0.2823156449389175,0.4285714285714286,0.21464535079922192
2026-05-26T15:32:28,patient_001,0.14393939393939398,True,synthetic_ad8232,0.882352941176471,True,synthetic_max30102,0.3275862068965534,2309,1672,2075,False,False,False,-0.0,0.058,1.017,False,normal_rest,synthetic_ad8232_normal_rest,patient_001,synthetic_ad8232_normal_rest,0.11352253756260422,0.12768205455130743,0.4285714285714286,0.22848717544329833
2026-05-26T15:32:33,patient_001,0.17424242424242425,True,synthetic_ad8232,1.0,True,synthetic_max30102,0.30344827586207046,1569,1565,1942,False,False,False,0.028,-0.0,0.949,False,normal_rest,synthetic_ad8232_normal_rest,patient_001,synthetic_ad8232_normal_rest,0.11519198664440733,0.1345887029039999,0.6428571428571428,0.2127486461603137
2026-05-26T15:32:38,patient_001,0.15151515151515155,True,synthetic_ad8232,0.882352941176471,True,synthetic_max30102,0.3137931034482744,1756,1636,2030,False,False,False,0.009,0.066,1.02,False,normal_rest,synthetic_ad8232_normal_rest,patient_001,synthetic_ad8232_normal_rest,0.12687813021702832,0.08272310199152094,0.35714285714285715,0.22928732344759287
2026-05-26T15:32:43,patient_001,0.1893939393939394,True,synthetic_ad8232,0.882352941176471,True,synthetic_max30102,0.18620689655172384,1456,1666,2067,False,False,False,0.037,0.04,0.954,False,normal_rest,synthetic_ad8232_normal_rest,patient_001,synthetic_ad8232_normal_rest,0.13021702838063431,0.10131469490971855,0.5,0.21414471888375827
2026-05-26T15:32:48,patient_001,0.2424242424242425,True,synthetic_ad8232,0.9411764705882355,True,synthetic_max30102,0.289655172413795,1586,1641,2036,False,False,False,0.055,-0.066,0.944,False,normal_rest,synthetic_ad8232_normal_rest,patient_001,synthetic_ad8232_normal_rest,0.1552587646076794,0.16391850548849585,0.5714285714285714,0.2124050489144536
2026-05-26T15:32:53,patient_001,0.20454545454545453,True,synthetic_ad8232,1.0,True,synthetic_max30102,0.21034482758620676,2055,1571,1950,False,False,False,0.007,0.039,1.054,False,normal_rest,synthetic_ad8232_normal_rest,patient_001,synthetic_ad8232_normal_rest,0.1686143572621035,0.14292900620635207,0.5714285714285714,0.23669107802244974
2026-05-26T15:32:58,patient_001,0.27272727272727276,True,synthetic_ad8232,0.7647058823529411,True,synthetic_max30102,0.1999999999999993,1342,1682,2087,False,False,False,0.023,0.009,1.023,False,normal_rest,synthetic_ad8232_normal_rest,patient_001,synthetic_ad8232_normal_rest,0.19031719532554248,0.19683517915464957,0.2142857142857143,0.2295431360024361
2026-05-26T15:33:03,patient_001,0.1893939393939394,True,synthetic_ad8232,0.8235294117647065,True,synthetic_max30102,0.4206896551724135,2304,1705,2116,False,False,False,0.015,0.005,1.012,False,normal_rest,synthetic_ad8232_normal_rest,patient_001,synthetic_ad8232_normal_rest,0.19866444073455758,0.15378227670430272,0.5714285714285714,0.2270030911999094
2026-05-26T15:33:08,patient_001,0.06060606060606061,True,synthetic_ad8232,0.9411764705882355,True,synthetic_max30102,0.22068965517241423,1419,1578,1958,False,False,False,0.049,-0.027,1.008,False,normal_rest,synthetic_ad8232_normal_rest,patient_001,synthetic_ad8232_normal_rest,0.17028380634390639,0.3406332269027823,0.6428571428571428,0.2264184332731585
2026-05-26T15:33:13,patient_001,0.20454545454545453,True,synthetic_ad8232,0.882352941176471,True,synthetic_max30102,0.2586206896551726,1816,1673,2076,False,False,False,0.098,0.012,0.991,False,normal_rest,synthetic_ad8232_normal_rest,patient_001,synthetic_ad8232_normal_rest,0.1619365609348914,0.3239772459791694,0.4285714285714286,0.2233167902990635
2026-05-26T15:33:18,patient_001,0.1893939393939394,True,synthetic_ad8232,0.8235294117647065,True,synthetic_max30102,0.275862068965516,3259,1763,2188,False,False,False,0.095,-0.012,0.893,False,normal_rest,synthetic_ad8232_normal_rest,patient_001,synthetic_ad8232_normal_rest,0.1585976627712854,0.32148267761363997,0.4285714285714286,0.20108927973475393
2026-05-26T15:33:23,patient_001,0.1363636363636364,True,synthetic_ad8232,0.7647058823529411,True,synthetic_max30102,0.2827586206896555,2310,1684,2090,False,False,False,0.029,0.022,0.945,False,normal_rest,synthetic_ad8232_normal_rest,patient_001,synthetic_ad8232_normal_rest,0.12854757929883132,0.2483719759193034,0.4285714285714286,0.21190484789109432
2026-05-26T15:33:28,patient_001,0.06818181818181818,True,synthetic_ad8232,0.9411764705882355,True,synthetic_max30102,0.4862068965517228,1354,1677,2081,False,False,False,0.047,0.017,0.984,False,normal_rest,synthetic_ad8232_normal_rest,patient_001,synthetic_ad8232_normal_rest,0.10183639398998334,0.2789087260882592,0.7142857142857143,0.22089879948740812
2026-05-26T15:33:33,patient_001,0.16666666666666669,True,synthetic_ad8232,0.882352941176471,True,synthetic_max30102,0.46896551724137936,2231,1690,2097,False,False,False,0.033,0.097,0.946,False,normal_rest,synthetic_ad8232_normal_rest,patient_001,synthetic_ad8232_normal_rest,0.12520868113522532,0.22587924880510116,0.4285714285714286,0.21323041358972986
2026-05-26T15:33:38,patient_001,0.10606060606060602,True,synthetic_ad8232,0.882352941176471,True,synthetic_max30102,0.4137931034482776,1815,1579,1959,False,False,False,0.027,-0.038,0.989,False,normal_rest,synthetic_ad8232_normal_rest,patient_001,synthetic_ad8232_normal_rest,0.10350584307178623,0.2013839607510515,0.5,0.22199656735511067
2026-05-26T15:33:43,patient_001,0.15151515151515155,True,synthetic_ad8232,0.7647058823529411,True,synthetic_max30102,0.1724137931034484,2225,1701,2111,False,False,False,0.059,0.009,0.887,False,normal_rest,synthetic_ad8232_normal_rest,patient_001,synthetic_ad8232_normal_rest,0.09515859766277113,0.1642251820998997,0.35714285714285715,0.19901772678328364
2026-05-26T15:33:48,patient_001,0.11363636363636359,True,synthetic_ad8232,0.7647058823529411,True,synthetic_max30102,0.38275862068965516,2000,1668,2070,False,False,False,0.054,0.125,1.007,False,normal_rest,synthetic_ad8232_normal_rest,patient_001,synthetic_ad8232_normal_rest,0.09015025041736224,0.16330342449947435,0.5,0.22792159757247524
2026-05-26T15:33:53,patient_001,0.2121212121212121,True,synthetic_ad8232,0.9411764705882355,True,synthetic_max30102,0.41724137931034555,2751,1710,2122,False,False,False,0.019,0.013,0.971,False,normal_rest,synthetic_ad8232_normal_rest,patient_001,synthetic_ad8232_normal_rest,0.12186978297161932,0.18001151663312973,0.7142857142857143,0.2177175201220758
2026-05-26T15:33:58,patient_001,0.12878787878787884,True,synthetic_ad8232,0.8235294117647065,True,synthetic_max30102,0.3379310344827573,1640,1587,1969,False,False,False,0.03,0.068,0.9,False,normal_rest,synthetic_ad8232_normal_rest,patient_001,synthetic_ad8232_normal_rest,0.11352253756260422,0.178608443668667,0.35714285714285715,0.20221319795463136
2026-05-26T15:34:03,patient_001,0.015151515151515138,True,synthetic_ad8232,0.8235294117647065,True,synthetic_max30102,0.2310344827586217,1907,1556,1931,False,False,False,0.032,0.075,0.98,False,normal_rest,synthetic_ad8232_normal_rest,patient_001,synthetic_ad8232_normal_rest,0.09348914858096824,0.29977684498266866,0.5,0.22047101166481645
2026-05-26T15:34:08,patient_001,0.21969696969696967,True,synthetic_ad8232,0.8235294117647065,True,synthetic_max30102,0.2310344827586217,2350,1656,2055,False,False,False,0.062,0.021,1.016,False,normal_rest,synthetic_ad8232_normal_rest,patient_001,synthetic_ad8232_normal_rest,0.10851419031719534,0.3499593846386305,0.5,0.2283630745421784
2026-05-26T15:34:13,patient_001,0.09848484848484845,True,synthetic_ad8232,0.882352941176471,True,synthetic_max30102,0.293103448275863,1575,1615,2004,False,False,False,-0.009,-0.033,1.017,False,normal_rest,synthetic_ad8232_normal_rest,patient_001,synthetic_ad8232_normal_rest,0.10517529215358923,0.35566406996374833,0.5714285714285714,0.22824225777267887
2026-05-26T15:34:18,patient_001,0.15151515151515155,True,synthetic_ad8232,0.9411764705882355,True,synthetic_max30102,0.11379310344827509,2390,1667,2068,False,False,False,-0.02,-0.007,1.048,False,normal_rest,synthetic_ad8232_normal_rest,patient_001,synthetic_ad8232_normal_rest,0.09181969949916524,0.3135592644102134,0.5714285714285714,0.2352067000867855
2026-05-26T15:34:23,patient_001,0.09090909090909088,True,synthetic_ad8232,0.8235294117647065,True,synthetic_max30102,0.34827586206896477,2122,1657,2056,False,False,False,0.042,0.052,0.982,False,normal_rest,synthetic_ad8232_normal_rest,patient_001,synthetic_ad8232_normal_rest,0.08347245409015025,0.3183369788798828,0.35714285714285715,0.2206723643419434
2026-05-26T15:34:28,patient_001,0.20454545454545453,True,synthetic_ad8232,0.9411764705882355,True,synthetic_max30102,0.1724137931034484,1186,1585,1967,False,False,False,-0.05,0.07,1.038,False,normal_rest,synthetic_ad8232_normal_rest,patient_001,synthetic_ad8232_normal_rest,0.12520868113522532,0.24715346337261715,0.6428571428571428,0.23369381241372336
2026-05-26T15:34:33,patient_001,0.16666666666666669,True,synthetic_ad8232,0.9411764705882355,True,synthetic_max30102,0.4655172413793114,1922,1650,2048,False,False,False,0.061,0.015,0.954,False,normal_rest,synthetic_ad8232_normal_rest,patient_001,synthetic_ad8232_normal_rest,0.11352253756260422,0.19987920272705129,0.5,0.21426089120139888
2026-05-26T15:34:38,patient_001,0.09848484848484845,True,synthetic_ad8232,1.0,True,synthetic_max30102,0.4655172413793114,2274,1683,2088,False,False,False,0.085,-0.007,1.024,False,normal_rest,synthetic_ad8232_normal_rest,patient_001,synthetic_ad8232_normal_rest,0.11352253756260422,0.19987920272705129,0.5714285714285714,0.2305086204083666
2026-05-26T15:34:43,patient_001,0.23484848484848492,True,synthetic_ad8232,0.9411764705882355,True,synthetic_max30102,0.3758620689655192,1832,1665,2066,False,False,False,0.065,0.044,0.919,False,normal_rest,synthetic_ad8232_normal_rest,patient_001,synthetic_ad8232_normal_rest,0.1318864774624373,0.2663587165554677,0.4285714285714286,0.20659615762377703
2026-05-26T15:34:48,patient_001,0.08333333333333331,True,synthetic_ad8232,1.0,True,synthetic_max30102,0.4586206896551719,2117,1638,2032,False,False,False,0.094,0.04,1.044,False,normal_rest,synthetic_ad8232_normal_rest,patient_001,synthetic_ad8232_normal_rest,0.13021702838063431,0.27509409955640224,0.5714285714285714,0.23538217568809602
2026-05-26T15:34:53,patient_001,0.09090909090909088,True,synthetic_ad8232,0.882352941176471,True,synthetic_max30102,0.3172413793103459,2561,1761,2185,False,False,False,-0.012,0.028,0.987,False,normal_rest,synthetic_ad8232_normal_rest,patient_001,synthetic_ad8232_normal_rest,0.10517529215358923,0.2723366550765785,0.35714285714285715,0.2213992142668429
2026-05-26T15:34:58,patient_001,0.15909090909090912,True,synthetic_ad8232,0.882352941176471,True,synthetic_max30102,0.3137931034482744,1457,1597,1982,False,False,False,0.032,-0.013,0.984,False,normal_rest,synthetic_ad8232_normal_rest,patient_001,synthetic_ad8232_normal_rest,0.10350584307178623,0.2688032883154482,0.5,0.2207482144679768
2026-05-26T15:35:03,patient_001,0.1893939393939394,True,synthetic_ad8232,0.882352941176471,True,synthetic_max30102,0.15517241379310498,2154,1723,2138,False,False,False,0.035,0.07,1.032,False,normal_rest,synthetic_ad8232_normal_rest,patient_001,synthetic_ad8232_normal_rest,0.12353923205342232,0.27104024745258165,0.5,0.2321946959533231
2026-05-26T15:35:08,patient_001,0.10606060606060602,True,synthetic_ad8232,0.8235294117647065,True,synthetic_max30102,0.3413793103448288,1501,1631,2024,False,False,False,0.055,0.081,1.034,False,normal_rest,synthetic_ad8232_normal_rest,patient_001,synthetic_ad8232_normal_rest,0.09515859766277113,0.19374333491215684,0.4285714285714286,0.2330270357790131
2026-05-26T15:35:13,patient_001,0.1363636363636364,True,synthetic_ad8232,0.882352941176471,True,synthetic_max30102,0.293103448275863,2119,1602,1988,False,False,False,0.017,0.04,0.97,False,normal_rest,synthetic_ad8232_normal_rest,patient_001,synthetic_ad8232_normal_rest,0.10684474123539223,0.16635608914280178,0.5714285714285714,0.2176494073519048
2026-05-26T15:35:18,patient_001,0.1363636363636364,True,synthetic_ad8232,0.882352941176471,True,synthetic_max30102,0.3344827586206893,1053,1565,1942,False,False,False,-0.006,0.011,1.048,False,normal_rest,synthetic_ad8232_normal_rest,patient_001,synthetic_ad8232_normal_rest,0.11686143572621033,0.12963748310291723,0.5,0.23517503785727792
2026-05-26T15:35:23,patient_001,0.04545454545454547,True,synthetic_ad8232,0.882352941176471,True,synthetic_max30102,0.3137931034482744,2714,1658,2058,False,False,False,0.035,0.079,0.883,False,normal_rest,synthetic_ad8232_normal_rest,patient_001,synthetic_ad8232_normal_rest,0.09181969949916524,0.22023983560354402,0.5,0.19861129021481247
2026-05-26T15:35:28,patient_001,0.09090909090909088,True,synthetic_ad8232,0.882352941176471,True,synthetic_max30102,0.24482758620689715,2048,1764,2189,False,False,False,0.004,0.017,1.047,False,normal_rest,synthetic_ad8232_normal_rest,patient_001,synthetic_ad8232_normal_rest,0.07011686143572615,0.1579785762452639,0.5,0.2349638125142173
2026-05-26T15:35:33,patient_001,0.27272727272727276,True,synthetic_ad8232,0.882352941176471,True,synthetic_max30102,0.4620689655172434,2694,1882,2336,False,False,False,0.036,0.035,1.005,False,normal_rest,synthetic_ad8232_normal_rest,patient_001,synthetic_ad8232_normal_rest,0.10684474123539223,0.35608823716274,0.5,0.22566879397474715
2026-05-26T15:35:38,patient_001,0.11363636363636359,True,synthetic_ad8232,0.9411764705882355,True,synthetic_max30102,0.27931034482758754,2066,1660,2060,False,False,False,0.02,0.066,0.991,False,normal_rest,synthetic_ad8232_normal_rest,patient_001,synthetic_ad8232_normal_rest,0.10183639398998334,0.35862270499872967,0.5714285714285714,0.22274638507338668
2026-05-26T15:35:43,patient_001,0.18181818181818182,True,synthetic_ad8232,0.9411764705882355,True,synthetic_max30102,0.1448275862068975,2079,1647,2044,False,False,False,0.067,-0.009,0.932,False,normal_rest,synthetic_ad8232_normal_rest,patient_001,synthetic_ad8232_normal_rest,0.11185308848080122,0.37103544846186387,0.5,0.20934713944219305
2026-05-26T15:35:48,patient_001,0.11363636363636359,True,synthetic_ad8232,0.9411764705882355,True,synthetic_max30102,0.19310344827586334,1638,1661,2061,False,False,False,0.024,0.007,0.988,False,normal_rest,synthetic_ad8232_normal_rest,patient_001,synthetic_ad8232_normal_rest,0.12687813021702832,0.31130457172869946,0.5,0.22159157044177225
2026-05-26T15:35:53,patient_001,0.20454545454545453,True,synthetic_ad8232,0.882352941176471,True,synthetic_max30102,0.14827586206896548,2033,1648,2045,False,False,False,-0.038,0.03,0.981,False,normal_rest,synthetic_ad8232_normal_rest,patient_001,synthetic_ad8232_normal_rest,0.1519198664440734,0.2807069956908945,0.4285714285714286,0.22019994469798643
2026-05-26T15:35:58,patient_001,0.17424242424242425,True,synthetic_ad8232,0.9411764705882355,True,synthetic_max30102,0.21379310344827474,1973,1736,2154,False,False,False,-0.007,-0.014,1.002,False,normal_rest,synthetic_ad8232_normal_rest,patient_001,synthetic_ad8232_normal_rest,0.13021702838063431,0.17433148378102864,0.5714285714285714,0.22472974995797765
2026-05-26T15:36:03,patient_001,0.007575757575757569,True,synthetic_ad8232,0.7647058823529411,True,synthetic_max30102,0.23793103448275765,2432,1604,1991,False,False,False,0.018,0.014,0.992,False,normal_rest,synthetic_ad8232_normal_rest,patient_001,synthetic_ad8232_normal_rest,0.10684474123539223,0.3327121782856036,0.2857142857142857,0.22248847613584302
2026-05-26T15:36:08,patient_001,0.12121212121212127,True,synthetic_ad8232,0.8235294117647065,True,synthetic_max30102,0.3517241379310363,2693,1633,2026,False,False,False,-0.021,0.046,0.994,False,normal_rest,synthetic_ad8232_normal_rest,patient_001,synthetic_ad8232_normal_rest,0.09348914858096824,0.3153194986569491,0.5714285714285714,0.22317569411888008
2026-05-26T15:36:13,patient_001,0.12121212121212127,True,synthetic_ad8232,1.0,True,synthetic_max30102,0.289655172413795,2141,1591,1974,False,False,False,-0.011,0.033,0.947,False,normal_rest,synthetic_ad8232_normal_rest,patient_001,synthetic_ad8232_normal_rest,0.09515859766277113,0.31452061341421417,0.7142857142857143,0.21234533078391582
2026-05-26T15:36:18,patient_001,0.1893939393939394,True,synthetic_ad8232,0.8235294117647065,True,synthetic_max30102,0.3965517241379306,1377,1746,2167,False,False,False,0.086,0.087,1.011,False,normal_rest,synthetic_ad8232_normal_rest,patient_001,synthetic_ad8232_normal_rest,0.09181969949916524,0.2987680585718353,0.2857142857142857,0.22842390568919563
2026-05-26T15:36:23,patient_001,0.1363636363636364,True,synthetic_ad8232,0.8235294117647065,True,synthetic_max30102,0.3206896551724139,2201,1633,2027,False,False,False,0.017,0.023,1.065,False,normal_rest,synthetic_ad8232_normal_rest,patient_001,synthetic_ad8232_normal_rest,0.08347245409015025,0.27782417735538467,0.5,0.23910948270396556
2026-05-26T15:36:28,patient_001,0.14393939393939398,True,synthetic_ad8232,0.882352941176471,True,synthetic_max30102,0.3103448275862064,2317,1667,2069,False,False,False,0.058,0.077,1.056,False,normal_rest,synthetic_ad8232_normal_rest,patient_001,synthetic_ad8232_normal_rest,0.11352253756260422,0.11741744844937799,0.5714285714285714,0.2379745460601986
2026-05-26T15:36:33,patient_001,0.09090909090909088,True,synthetic_ad8232,0.882352941176471,True,synthetic_max30102,0.39310344827586263,2578,1671,2074,False,False,False,0.075,0.038,1.025,False,normal_rest,synthetic_ad8232_normal_rest,patient_001,synthetic_ad8232_normal_rest,0.10684474123539223,0.15047474434843355,0.5,0.23071248890966486
2026-05-26T15:36:38,patient_001,0.17424242424242425,True,synthetic_ad8232,0.882352941176471,True,synthetic_max30102,0.3379310344827573,2092,1533,1902,False,False,False,-0.077,0.045,0.844,False,normal_rest,synthetic_ad8232_normal_rest,patient_001,synthetic_ad8232_normal_rest,0.11853088480801333,0.159563155281214,0.5,0.18985581307775956
2026-05-26T15:36:43,patient_001,0.1893939393939394,True,synthetic_ad8232,0.8235294117647065,True,synthetic_max30102,0.24827586206896513,2222,1653,2051,False,False,False,0.095,0.011,1.08,False,normal_rest,synthetic_ad8232_normal_rest,patient_001,synthetic_ad8232_normal_rest,0.11853088480801333,0.159563155281214,0.4285714285714286,0.24339237687450357
2026-05-26T15:36:48,patient_001,0.2575757575757576,True,synthetic_ad8232,0.882352941176471,True,synthetic_max30102,0.2241379310344822,1730,1646,2042,False,False,False,0.036,0.029,0.935,False,normal_rest,synthetic_ad8232_normal_rest,patient_001,synthetic_ad8232_normal_rest,0.1452420701168613,0.2563474169727251,0.5714285714285714,0.20973210000970155
2026-05-26T15:36:53,patient_001,0.2121212121212121,True,synthetic_ad8232,0.882352941176471,True,synthetic_max30102,0.2862068965517235,1533,1588,1970,False,False,False,0.036,0.039,1.015,False,normal_rest,synthetic_ad8232_normal_rest,patient_001,synthetic_ad8232_normal_rest,0.1602671118530885,0.2563474169727251,0.5,0.22797214589873452
2026-05-26T15:36:58,patient_001,0.22727272727272724,True,synthetic_ad8232,0.882352941176471,True,synthetic_max30102,0.18965517241379182,2386,1674,2077,False,False,False,0.058,0.049,0.929,False,normal_rest,synthetic_ad8232_normal_rest,patient_001,synthetic_ad8232_normal_rest,0.19031719532554248,0.13644518650431497,0.5,0.20881277480866992
2026-05-26T15:37:03,patient_001,0.18181818181818182,True,synthetic_ad8232,0.9411764705882355,True,synthetic_max30102,0.18965517241379182,2744,1711,2123,False,False,False,0.053,0.018,0.971,False,normal_rest,synthetic_ad8232_normal_rest,patient_001,synthetic_ad8232_normal_rest,0.19198664440734559,0.12768205455130743,0.5714285714285714,0.2180218982599778
2026-05-26T15:37:08,patient_001,0.2651515151515152,True,synthetic_ad8232,1.0,True,synthetic_max30102,0.29999999999999893,2422,1673,2076,False,False,False,0.054,0.061,0.995,False,normal_rest,synthetic_ad8232_normal_rest,patient_001,synthetic_ad8232_normal_rest,0.20868113522537557,0.14257652969886794,0.5714285714285714,0.22386766156536025
2026-05-26T15:37:13,patient_001,0.15909090909090912,True,synthetic_ad8232,0.8235294117647065,True,synthetic_max30102,0.275862068965516,1945,1694,2102,False,False,False,0.065,0.03,1.004,False,normal_rest,synthetic_ad8232_normal_rest,patient_001,synthetic_ad8232_normal_rest,0.18697829716193648,0.1717141819705814,0.2857142857142857,0.22573598722031682
2026-05-26T15:37:18,patient_001,0.20454545454545453,True,synthetic_ad8232,0.882352941176471,True,synthetic_max30102,0.20344827586207082,1536,1584,1965,False,False,False,0.098,0.01,0.924,False,normal_rest,synthetic_ad8232_normal_rest,patient_001,synthetic_ad8232_normal_rest,0.18530884808013348,0.1717141819705814,0.5714285714285714,0.2081623655775302
2026-05-26T15:37:23,patient_001,0.15909090909090912,True,synthetic_ad8232,0.882352941176471,True,synthetic_max30102,0.2827586206896555,2339,1676,2080,False,False,False,0.065,0.044,1.003,False,normal_rest,synthetic_ad8232_normal_rest,patient_001,synthetic_ad8232_normal_rest,0.17028380634390639,0.1844296343518883,0.5,0.22562632218050457
2026-05-26T15:37:28,patient_001,0.03030303030303033,True,synthetic_ad8232,0.882352941176471,True,synthetic_max30102,0.12068965517241459,2207,1710,2122,False,False,False,0.041,0.03,1.032,False,normal_rest,synthetic_ad8232_normal_rest,patient_001,synthetic_ad8232_normal_rest,0.1368948247078463,0.36141793594655813,0.5,0.23180519523417634
2026-05-26T15:37:33,patient_001,0.12878787878787884,True,synthetic_ad8232,0.9411764705882355,True,synthetic_max30102,0.2655172413793121,2393,1699,2108,False,False,False,0.04,0.069,0.968,False,normal_rest,synthetic_ad8232_normal_rest,patient_001,synthetic_ad8232_normal_rest,0.10684474123539223,0.27289037300862956,0.5714285714285714,0.21771915831476996
2026-05-26T15:37:38,patient_001,0.09848484848484845,True,synthetic_ad8232,0.9411764705882355,True,synthetic_max30102,0.3689655172413797,2216,1602,1988,False,False,False,0.044,-0.0,0.956,False,normal_rest,synthetic_ad8232_normal_rest,patient_001,synthetic_ad8232_normal_rest,0.09348914858096824,0.2743614908001756,0.5,0.214475949266342
2026-05-26T15:37:43,patient_001,0.09848484848484845,True,synthetic_ad8232,0.9411764705882355,True,synthetic_max30102,0.20344827586207082,2535,1545,1917,False,False,False,0.032,0.034,1.088,False,normal_rest,synthetic_ad8232_normal_rest,patient_001,synthetic_ad8232_normal_rest,0.07011686143572615,0.20013078143295426,0.5,0.24447784810534884
2026-05-26T15:37:48,patient_001,0.16666666666666669,True,synthetic_ad8232,0.882352941176471,True,synthetic_max30102,0.3206896551724139,2484,1618,2008,False,False,False,0.058,0.024,1.048,False,normal_rest,synthetic_ad8232_normal_rest,patient_001,synthetic_ad8232_normal_rest,0.07178631051752915,0.20970707057543578,0.4285714285714286,0.23558491189078568
2026-05-26T15:37:53,patient_001,0.12121212121212127,True,synthetic_ad8232,0.882352941176471,True,synthetic_max30102,0.21724137931034626,1553,1629,2021,False,False,False,0.058,0.088,0.987,False,normal_rest,synthetic_ad8232_normal_rest,patient_001,synthetic_ad8232_normal_rest,0.09181969949916524,0.11741744844937782,0.5,0.222567837709224
2026-05-26T15:37:58,patient_001,0.14393939393939398,True,synthetic_ad8232,0.7647058823529411,True,synthetic_max30102,0.2310344827586217,2596,1606,1993,False,False,False,0.049,0.083,1.102,False,normal_rest,synthetic_ad8232_normal_rest,patient_001,synthetic_ad8232_normal_rest,0.09515859766277113,0.12408465298728104,0.35714285714285715,0.24838878711893608
2026-05-26T15:38:03,patient_001,0.17424242424242425,True,synthetic_ad8232,0.882352941176471,True,synthetic_max30102,0.34827586206896477,1281,1555,1929,False,False,False,0.042,0.034,0.974,False,normal_rest,synthetic_ad8232_normal_rest,patient_001,synthetic_ad8232_normal_rest,0.11185308848080122,0.13194575017877058,0.6428571428571428,0.2186778731780067
2026-05-26T15:38:08,patient_001,0.19696969696969696,True,synthetic_ad8232,0.882352941176471,True,synthetic_max30102,0.2586206896551726,2511,1608,1996,False,False,False,0.04,0.062,0.997,False,normal_rest,synthetic_ad8232_normal_rest,patient_001,synthetic_ad8232_normal_rest,0.1335559265442403,0.12162728781813152,0.5,0.22418517490977868
2026-05-26T15:38:13,patient_001,0.2575757575757576,True,synthetic_ad8232,0.9411764705882355,True,synthetic_max30102,0.39310344827586263,2332,1704,2114,False,False,False,0.09,0.075,1.015,False,normal_rest,synthetic_ad8232_normal_rest,patient_001,synthetic_ad8232_normal_rest,0.1535893155258764,0.22046818178784747,0.5714285714285714,0.2291886792894772
2026-05-26T15:38:18,patient_001,0.09090909090909088,True,synthetic_ad8232,0.9411764705882355,True,synthetic_max30102,0.19310344827586334,2045,1740,2159,False,False,False,0.008,0.082,1.024,False,normal_rest,synthetic_ad8232_normal_rest,patient_001,synthetic_ad8232_normal_rest,0.1469115191986643,0.2590808254326695,0.5,0.23045485970246635
2026-05-26T15:38:23,patient_001,0.09090909090909088,True,synthetic_ad8232,0.882352941176471,True,synthetic_max30102,0.3206896551724139,1648,1662,2063,False,False,False,0.043,0.075,0.976,False,normal_rest,synthetic_ad8232_normal_rest,patient_001,synthetic_ad8232_normal_rest,0.13522537562604342,0.3006149143981036,0.4285714285714286,0.21966064882901876
2026-05-26T16:15:08,patient_001,0.6666666666666667,True,synthetic_ad8232,0.7058823529411766,True,synthetic_max30102,0.6586206896551712,1813,1720,2134,False,False,False,0.037,0.023,0.856,False,stress,synthetic_ad8232_stress,patient_001,synthetic_ad8232_stress,0.6911519198664441,0.0,0.5,0.19176720707761477
2026-05-26T16:15:13,patient_001,0.553030303030303,True,synthetic_ad8232,0.7647058823529411,True,synthetic_max30102,0.4379310344827605,2095,1716,2130,False,False,False,0.199,0.098,0.918,False,stress,synthetic_ad8232_stress,patient_001,synthetic_ad8232_stress,0.6285475792988312,0.33647175725999934,0.5714285714285714,0.21161369905261398
2026-05-26T16:15:18,patient_001,0.4621212121212121,True,synthetic_ad8232,0.7647058823529411,True,synthetic_max30102,0.47586206896551886,1857,1732,2149,False,False,False,-0.111,-0.23,0.933,False,stress,synthetic_ad8232_stress,patient_001,synthetic_ad8232_stress,0.5742904841402335,0.4291389161084181,0.5,0.2168192469420472
2026-05-26T16:15:23,patient_001,0.7045454545454546,True,synthetic_ad8232,0.882352941176471,True,synthetic_max30102,0.7103448275862085,1741,1554,1928,False,False,False,0.167,0.326,0.864,False,stress,synthetic_ad8232_stress,patient_001,synthetic_ad8232_stress,0.6139398998330551,0.4621640970601808,0.6428571428571428,0.21025338337433136
2026-05-26T16:15:28,patient_001,0.5833333333333333,True,synthetic_ad8232,0.7647058823529411,True,synthetic_max30102,0.586206896551726,1584,1647,2044,False,False,False,0.251,0.091,1.118,False,stress,synthetic_ad8232_stress,patient_001,synthetic_ad8232_stress,0.6110183639398997,0.40101511526729133,0.35714285714285715,0.2582152511328566
2026-05-26T16:15:33,patient_001,0.6742424242424243,True,synthetic_ad8232,0.7647058823529411,True,synthetic_max30102,0.47586206896551886,1401,1637,2031,False,False,False,-0.059,-0.074,0.877,False,stress,synthetic_ad8232_stress,patient_001,synthetic_ad8232_stress,0.6126878130217027,0.40724049698059306,0.5,0.1974461842231175
2026-05-26T16:15:38,patient_001,0.5227272727272727,True,synthetic_ad8232,0.7058823529411766,True,synthetic_max30102,0.6862068965517256,2254,1694,2102,False,False,False,0.087,0.072,0.871,False,stress,synthetic_ad8232_stress,patient_001,synthetic_ad8232_stress,0.6060100166944907,0.4246600022847753,0.4285714285714286,0.19658209462647458
2026-05-26T16:15:43,patient_001,0.5984848484848484,True,synthetic_ad8232,0.7647058823529411,True,synthetic_max30102,0.6827586206896541,2085,1589,1972,False,False,False,0.041,0.157,0.912,False,stress,synthetic_ad8232_stress,patient_001,synthetic_ad8232_stress,0.6360601001669449,0.30559506963214567,0.5714285714285714,0.20750013219279845
2026-05-26T16:15:48,patient_001,0.5984848484848484,True,synthetic_ad8232,0.8235294117647065,True,synthetic_max30102,0.6034482758620694,1927,1743,2163,False,False,False,-0.016,-0.099,1.078,False,stress,synthetic_ad8232_stress,patient_001,synthetic_ad8232_stress,0.6126878130217027,0.2261018996711882,0.5714285714285714,0.24303519291121362
2026-05-26T16:15:53,patient_001,0.6287878787878787,True,synthetic_ad8232,0.6470588235294121,True,synthetic_max30102,0.4827586206896548,2221,1737,2156,False,False,False,0.302,0.169,0.933,False,stress,synthetic_ad8232_stress,patient_001,synthetic_ad8232_stress,0.6227045075125209,0.2313812544153859,0.2857142857142857,0.22313698002911217
2026-05-26T16:15:58,patient_001,0.32575757575757575,True,synthetic_ad8232,0.6470588235294121,True,synthetic_max30102,0.5448275862068961,1605,1651,2049,False,False,False,-0.017,0.07,1.171,False,stress,synthetic_ad8232_stress,patient_001,synthetic_ad8232_stress,0.5459098497495826,0.5162158623523968,0.5,0.263619729200209
2026-05-26T16:16:03,patient_001,0.5681818181818181,True,synthetic_ad8232,0.7058823529411766,True,synthetic_max30102,0.5344827586206886,2086,1683,2088,False,False,False,-0.007,0.389,0.631,False,stress,synthetic_ad8232_stress,patient_001,synthetic_ad8232_stress,0.5559265442404008,0.5185499324116688,0.5714285714285714,0.16544424995958132
2026-05-26T16:16:08,patient_001,0.46969696969696967,True,synthetic_ad8232,0.882352941176471,True,synthetic_max30102,0.6482758620689673,2061,1687,2094,False,False,False,0.032,-0.013,0.972,False,stress,synthetic_ad8232_stress,patient_001,synthetic_ad8232_stress,0.5275459098497496,0.5152402125247956,0.7142857142857143,0.21802224881898605
2026-05-26T16:16:13,patient_001,0.5227272727272727,True,synthetic_ad8232,0.7647058823529411,True,synthetic_max30102,0.6413793103448278,2291,1762,2186,False,False,False,-0.157,-0.138,0.71,False,stress,synthetic_ad8232_stress,patient_001,synthetic_ad8232_stress,0.5108514190317196,0.4819369860559896,0.35714285714285715,0.16517757803926034
2026-05-26T16:16:18,patient_001,0.5833333333333333,True,synthetic_ad8232,0.5882352941176476,True,synthetic_max30102,0.7655172413793103,1811,1644,2040,False,False,False,-0.057,0.057,1.127,False,stress,synthetic_ad8232_stress,patient_001,synthetic_ad8232_stress,0.5008347245409014,0.43519326398187264,0.2857142857142857,0.25376959861819054
2026-05-26T16:16:23,patient_001,0.553030303030303,True,synthetic_ad8232,1.0,True,synthetic_max30102,0.589655172413794,2479,1639,2034,False,False,False,0.297,0.223,1.049,False,stress,synthetic_ad8232_stress,patient_001,synthetic_ad8232_stress,0.5509181969949916,0.18821042995927847,1.0,0.24988895264451055
2026-05-26T16:16:28,patient_001,0.4166666666666667,True,synthetic_ad8232,0.9411764705882355,True,synthetic_max30102,0.5758620689655185,2373,1671,2073,False,False,False,-0.384,-0.024,1.095,False,stress,synthetic_ad8232_stress,patient_001,synthetic_ad8232_stress,0.5175292153589316,0.2787282610249852,0.4285714285714286,0.2607589338860605
2026-05-26T16:16:33,patient_001,0.46969696969696967,True,synthetic_ad8232,0.6470588235294121,True,synthetic_max30102,0.5413793103448281,2162,1636,2030,False,False,False,0.045,-0.026,1.186,False,stress,synthetic_ad8232_stress,patient_001,synthetic_ad8232_stress,0.5175292153589316,0.2787282610249852,0.1428571428571429,0.26678487094780967
2026-05-26T16:16:38,patient_001,0.5454545454545454,True,synthetic_ad8232,0.5882352941176476,True,synthetic_max30102,0.39310344827586263,664,1588,1970,False,False,False,0.042,0.347,1.083,False,stress,synthetic_ad8232_stress,patient_001,synthetic_ad8232_stress,0.5225375626043404,0.28673676644504026,0.4285714285714286,0.25561729890815893
2026-05-26T16:16:43,patient_001,0.5984848484848484,True,synthetic_ad8232,0.7647058823529411,True,synthetic_max30102,0.6896551724137936,1909,1683,2088,False,False,False,-0.101,0.086,1.125,False,stress,synthetic_ad8232_stress,patient_001,synthetic_ad8232_stress,0.5258764607679466,0.30377849273390056,0.7142857142857143,0.25443212443348073
2026-05-26T16:16:48,patient_001,0.5378787878787878,True,synthetic_ad8232,0.8235294117647065,True,synthetic_max30102,0.5482758620689676,2029,1840,2283,False,False,False,0.196,-0.044,0.777,False,stress,synthetic_ad8232_stress,patient_001,synthetic_ad8232_stress,0.5225375626043404,0.2970791357216984,0.5714285714285714,0.179365114410444
2026-05-26T16:16:53,patient_001,0.4924242424242425,True,synthetic_ad8232,0.7647058823529411,True,synthetic_max30102,0.5586206896551715,1132,1710,2122,False,False,False,-0.022,0.027,0.984,False,stress,synthetic_ad8232_stress,patient_001,synthetic_ad8232_stress,0.5392320534223706,0.20970707057543603,0.4285714285714286,0.22075052304885137
2026-05-26T16:16:58,patient_001,0.696969696969697,True,synthetic_ad8232,0.7647058823529411,True,synthetic_max30102,0.6206896551724128,2024,1829,2270,False,False,False,-0.18,-0.045,0.882,False,stress,synthetic_ad8232_stress,patient_001,synthetic_ad8232_stress,0.5893155258764607,0.3276834932860749,0.5,0.20181322696265847
2026-05-26T16:17:03,patient_001,0.5984848484848484,True,synthetic_ad8232,0.7058823529411766,True,synthetic_max30102,0.49655172413793025,1197,1624,2015,False,False,False,0.001,0.235,0.688,False,stress,synthetic_ad8232_stress,patient_001,synthetic_ad8232_stress,0.6010016694490815,0.32226430453348714,0.4285714285714286,0.1621993776118012
2026-05-26T16:17:08,patient_001,0.44696969696969696,True,synthetic_ad8232,0.7058823529411766,True,synthetic_max30102,0.35517241379310427,2370,1773,2200,False,False,False,-0.077,-0.292,0.827,False,stress,synthetic_ad8232_stress,patient_001,synthetic_ad8232_stress,0.5676126878130215,0.4077344213549473,0.5,0.197063924618207
2026-05-26T16:17:13,patient_001,0.553030303030303,True,synthetic_ad8232,0.6470588235294121,True,synthetic_max30102,0.36551724137931174,2460,1769,2195,False,False,False,-0.142,0.023,1.129,False,stress,synthetic_ad8232_stress,patient_001,synthetic_ad8232_stress,0.5709515859766275,0.40600305717983026,0.4285714285714286,0.25564446209014
2026-05-26T16:17:18,patient_001,0.47727272727272735,True,synthetic_ad8232,0.7647058823529411,True,synthetic_max30102,0.5137931034482772,2593,1679,2084,False,False,False,0.008,0.356,0.708,False,stress,synthetic_ad8232_stress,patient_001,synthetic_ad8232_stress,0.5676126878130215,0.4174902129280541,0.6428571428571428,0.1770825854682213
2026-05-26T16:17:23,patient_001,0.4166666666666667,True,synthetic_ad8232,0.7058823529411766,True,synthetic_max30102,0.4862068965517228,2363,1732,2149,False,False,False,0.004,-0.225,1.085,False,stress,synthetic_ad8232_stress,patient_001,synthetic_ad8232_stress,0.5058430717863104,0.31595715249052797,0.4285714285714286,0.24881705747308946
2026-05-26T16:17:28,patient_001,0.4621212121212121,True,synthetic_ad8232,0.7647058823529411,True,synthetic_max30102,0.44482758620689644,2076,1612,2000,False,False,False,-0.013,0.375,1.005,False,stress,synthetic_ad8232_stress,patient_001,synthetic_ad8232_stress,0.4757929883138564,0.21327579647437545,0.5714285714285714,0.24078662263187375
2026-05-26T16:17:33,patient_001,0.42424242424242425,True,synthetic_ad8232,0.6470588235294121,True,synthetic_max30102,0.427586206896553,1677,1724,2139,False,False,False,-0.031,0.18,1.083,False,stress,synthetic_ad8232_stress,patient_001,synthetic_ad8232_stress,0.4707846410684473,0.22831646672229375,0.35714285714285715,0.24659014167409976
2026-05-26T16:17:38,patient_001,0.4924242424242425,True,synthetic_ad8232,0.7647058823529411,True,synthetic_max30102,0.47586206896551886,2795,1713,2126,False,False,False,-0.005,0.101,0.934,False,stress,synthetic_ad8232_stress,patient_001,synthetic_ad8232_stress,0.4574290484140233,0.1382767474704742,0.6428571428571428,0.21048590650631702
2026-05-26T16:17:43,patient_001,0.5227272727272727,True,synthetic_ad8232,0.882352941176471,True,synthetic_max30102,0.6206896551724128,2002,1644,2040,False,False,False,-0.195,-0.146,0.857,False,stress,synthetic_ad8232_stress,patient_001,synthetic_ad8232_stress,0.4674457429048413,0.18821042995927817,0.6428571428571428,0.1994594512592518
2026-05-26T16:17:48,patient_001,0.5909090909090908,True,synthetic_ad8232,0.882352941176471,True,synthetic_max30102,0.589655172413794,2204,1714,2127,False,False,False,-0.031,-0.303,1.001,False,stress,synthetic_ad8232_stress,patient_001,synthetic_ad8232_stress,0.5058430717863104,0.26484314967876815,0.5,0.2347745594989962
2026-05-26T16:17:53,patient_001,0.7045454545454546,True,synthetic_ad8232,0.882352941176471,True,synthetic_max30102,0.6448275862068957,2290,1676,2080,False,False,False,-0.114,-0.052,0.975,False,stress,synthetic_ad8232_stress,patient_001,synthetic_ad8232_stress,0.5592654424040066,0.4460419335227384,0.5,0.22038732130099611
2026-05-26T16:17:58,patient_001,0.5681818181818181,True,synthetic_ad8232,0.6470588235294121,True,synthetic_max30102,0.6965517241379331,2554,1729,2145,False,False,False,0.056,-0.247,0.982,False,stress,synthetic_ad8232_stress,patient_001,synthetic_ad8232_stress,0.5909849749582637,0.34166567464313047,0.2142857142857143,0.2274602242931885
2026-05-26T16:18:03,patient_001,0.5075757575757576,True,synthetic_ad8232,0.8235294117647065,True,synthetic_max30102,0.5758620689655185,2347,1782,2211,False,False,False,-0.17,-0.196,1.17,False,stress,synthetic_ad8232_stress,patient_001,synthetic_ad8232_stress,0.5943238731218697,0.3262985838533416,0.7142857142857143,0.26934981745953934
2026-05-26T16:18:08,patient_001,0.659090909090909,True,synthetic_ad8232,0.882352941176471,True,synthetic_max30102,0.6344827586206918,1824,1696,2105,False,False,False,-0.106,0.307,1.076,False,stress,synthetic_ad8232_stress,patient_001,synthetic_ad8232_stress,0.6243739565943237,0.3235109796123743,0.5714285714285714,0.25242159674388137
2026-05-26T16:18:13,patient_001,0.5606060606060606,True,synthetic_ad8232,0.5882352941176476,True,synthetic_max30102,0.6344827586206918,1779,1690,2097,False,False,False,-0.113,0.089,0.907,False,stress,synthetic_ad8232_stress,patient_001,synthetic_ad8232_stress,0.6176961602671117,0.3345220493622364,0.1428571428571429,0.20568443192523103
2026-05-26T16:18:18,patient_001,0.5227272727272727,True,synthetic_ad8232,0.9411764705882355,True,synthetic_max30102,0.7172413793103445,1859,1779,2208,False,False,False,0.097,0.026,1.125,False,stress,synthetic_ad8232_stress,patient_001,synthetic_ad8232_stress,0.5776293823038398,0.2473569656412436,0.9285714285714286,0.2536773425050072
2026-05-26T16:18:23,patient_001,0.5303030303030303,True,synthetic_ad8232,0.5882352941176476,True,synthetic_max30102,0.6862068965517256,1786,1745,2166,False,False,False,0.37,0.043,0.65,False,stress,synthetic_ad8232_stress,patient_001,synthetic_ad8232_stress,0.5692821368948248,0.25437700023185345,0.07142857142857145,0.167231314875171
2026-05-26T16:18:28,patient_001,0.4848484848484849,True,synthetic_ad8232,0.8235294117647065,True,synthetic_max30102,0.5827586206896544,1605,1669,2071,False,False,False,-0.038,-0.074,1.01,False,stress,synthetic_ad8232_stress,patient_001,synthetic_ad8232_stress,0.5642737896494158,0.2760071259615672,0.7857142857142857,0.22729777955334282
2026-05-26T16:18:33,patient_001,0.5075757575757576,True,synthetic_ad8232,0.8235294117647065,True,synthetic_max30102,0.5310344827586206,1812,1670,2072,False,False,False,-0.186,0.188,0.552,False,stress,synthetic_ad8232_stress,patient_001,synthetic_ad8232_stress,0.5308848080133556,0.11741744844938067,0.5,0.13607141279786236
2026-05-26T16:18:38,patient_001,0.553030303030303,True,synthetic_ad8232,0.8235294117647065,True,synthetic_max30102,0.6862068965517256,2771,1590,1973,False,False,False,-0.074,0.124,1.021,False,stress,synthetic_ad8232_stress,patient_001,synthetic_ad8232_stress,0.5292153589315524,0.10663789823719096,0.5,0.231330415183393
2026-05-26T16:18:43,patient_001,0.4166666666666667,True,synthetic_ad8232,0.8235294117647065,True,synthetic_max30102,0.6000000000000014,1932,1579,1960,False,False,False,0.084,-0.049,1.122,False,stress,synthetic_ad8232_stress,patient_001,synthetic_ad8232_stress,0.5058430717863104,0.21909453488359926,0.5,0.25293476647835195
2026-05-26T16:18:48,patient_001,0.4924242424242425,True,synthetic_ad8232,0.7058823529411766,True,synthetic_max30102,0.6034482758620694,1736,1701,2111,False,False,False,0.212,-0.025,1.115,False,stress,synthetic_ad8232_stress,patient_001,synthetic_ad8232_stress,0.4974958263772954,0.2060765526130597,0.35714285714285715,0.25499055521414327
2026-05-26T16:18:53,patient_001,0.5151515151515151,True,synthetic_ad8232,0.7058823529411766,True,synthetic_max30102,0.46896551724137936,2149,1588,1971,False,False,False,0.109,0.068,0.735,False,stress,synthetic_ad8232_stress,patient_001,synthetic_ad8232_stress,0.5041736227045074,0.20994687290715905,0.5,0.166544371049577
2026-05-26T16:18:58,patient_001,0.46969696969696967,True,synthetic_ad8232,0.8235294117647065,True,synthetic_max30102,0.6448275862068957,1956,1718,2132,False,False,False,-0.163,-0.196,1.258,False,stress,synthetic_ad8232_stress,patient_001,synthetic_ad8232_stress,0.4958263772954924,0.21351159068290237,0.6428571428571428,0.28870409241445877
2026-05-26T16:19:03,patient_001,0.4621212121212121,True,synthetic_ad8232,0.7058823529411766,True,synthetic_max30102,0.4068965517241381,1629,1666,2067,False,False,False,0.181,-0.094,1.165,False,stress,synthetic_ad8232_stress,patient_001,synthetic_ad8232_stress,0.4757929883138564,0.1544352829397673,0.35714285714285715,0.26578015834023117
2026-05-26T16:19:08,patient_001,0.5,True,synthetic_ad8232,0.5882352941176476,True,synthetic_max30102,0.5379310344827601,2552,1779,2207,False,False,False,0.013,0.162,0.688,False,stress,synthetic_ad8232_stress,patient_001,synthetic_ad8232_stress,0.4941569282136894,0.09139267758167886,0.35714285714285715,0.157632069493194
2026-05-26T16:19:13,patient_001,0.6439393939393938,True,synthetic_ad8232,0.7647058823529411,True,synthetic_max30102,0.6724137931034502,1522,1607,1994,False,False,False,-0.195,0.144,0.867,False,stress,synthetic_ad8232_stress,patient_001,synthetic_ad8232_stress,0.5275459098497496,0.3080549569410057,0.7142857142857143,0.20157362658825725
2026-05-26T16:19:18,patient_001,0.5378787878787878,True,synthetic_ad8232,0.7058823529411766,True,synthetic_max30102,0.5965517241379299,1751,1766,2192,False,False,False,-0.249,-0.31,1.21,False,stress,synthetic_ad8232_stress,patient_001,synthetic_ad8232_stress,0.5325542570951586,0.3100088134648491,0.4285714285714286,0.28645097146422777
2026-05-26T16:19:23,patient_001,0.5378787878787878,True,synthetic_ad8232,0.882352941176471,True,synthetic_max30102,0.6034482758620694,2111,1707,2118,False,False,False,0.064,0.205,0.873,False,stress,synthetic_ad8232_stress,patient_001,synthetic_ad8232_stress,0.5475792988313856,0.2840923499830813,0.7142857142857143,0.20129569723506205
2026-05-26T16:19:28,patient_001,0.5151515151515151,True,synthetic_ad8232,0.7058823529411766,True,synthetic_max30102,0.5620689655172431,1936,1634,2028,False,False,False,0.046,-0.138,1.118,False,stress,synthetic_ad8232_stress,patient_001,synthetic_ad8232_stress,0.5592654424040066,0.23675543235355445,0.2857142857142857,0.2532114306967691
2026-05-26T16:19:33,patient_001,0.5151515151515151,True,synthetic_ad8232,0.8235294117647065,True,synthetic_max30102,0.29655172413793096,2049,1668,2070,False,False,False,0.183,-0.078,1.185,False,stress,synthetic_ad8232_stress,patient_001,synthetic_ad8232_stress,0.5626043405676125,0.22498644195618578,0.6428571428571428,0.270067912084301
2026-05-26T16:19:38,patient_001,0.696969696969697,True,synthetic_ad8232,0.7647058823529411,True,synthetic_max30102,0.7000000000000011,1929,1787,2217,False,False,False,0.046,0.096,1.001,False,stress,synthetic_ad8232_stress,patient_001,synthetic_ad8232_stress,0.5742904841402335,0.3227323720343863,0.4285714285714286,0.22575766553569462
2026-05-26T16:19:43,patient_001,0.45454545454545453,True,synthetic_ad8232,0.7058823529411766,True,synthetic_max30102,0.5620689655172431,1709,1625,2017,False,False,False,0.005,0.144,1.199,False,stress,synthetic_ad8232_stress,patient_001,synthetic_ad8232_stress,0.5559265442404008,0.380938603430232,0.4285714285714286,0.2714420052525793
2026-05-26T16:19:48,patient_001,0.4166666666666667,True,synthetic_ad8232,1.0,True,synthetic_max30102,0.589655172413794,2030,1721,2136,False,False,False,0.117,-0.184,0.99,False,stress,synthetic_ad8232_stress,patient_001,synthetic_ad8232_stress,0.5292153589315524,0.4506433181812364,0.8571428571428571,0.2273678612052034
2026-05-26T16:19:53,patient_001,0.6287878787878787,True,synthetic_ad8232,1.0,True,synthetic_max30102,0.4379310344827605,2164,1790,2221,False,False,False,-0.124,-0.11,1.247,False,stress,synthetic_ad8232_stress,patient_001,synthetic_ad8232_stress,0.5542570951585976,0.4937976993238249,0.5,0.28288501597632326
2026-05-26T16:19:58,patient_001,0.5378787878787878,True,synthetic_ad8232,0.7058823529411766,True,synthetic_max30102,0.6586206896551712,2000,1692,2099,False,False,False,-0.021,-0.012,1.087,False,stress,synthetic_ad8232_stress,patient_001,synthetic_ad8232_stress,0.5592654424040066,0.49011564356550213,0.1428571428571429,0.2440840820226123
2026-05-26T16:20:03,patient_001,0.5378787878787878,True,synthetic_ad8232,0.8235294117647065,True,synthetic_max30102,0.7517241379310349,2330,1656,2055,False,False,False,0.134,0.159,0.958,False,stress,synthetic_ad8232_stress,patient_001,synthetic_ad8232_stress,0.5242070116861436,0.34605556353603373,0.6428571428571428,0.21977093115108798
2026-05-26T16:20:08,patient_001,0.553030303030303,True,synthetic_ad8232,0.5882352941176476,True,synthetic_max30102,0.5137931034482772,2736,1740,2159,False,False,False,0.027,-0.052,1.227,False,stress,synthetic_ad8232_stress,patient_001,synthetic_ad8232_stress,0.5459098497495826,0.31849500171358164,0.2142857142857143,0.2761634905179209
2026-05-26T16:20:13,patient_001,0.5606060606060606,True,synthetic_ad8232,0.7647058823529411,True,synthetic_max30102,0.4379310344827605,1938,1671,2074,False,False,False,0.042,0.032,0.771,False,stress,synthetic_ad8232_stress,patient_001,synthetic_ad8232_stress,0.5776293823038398,0.15797857624526448,0.7142857142857143,0.17260490412614668
2026-05-26T16:20:18,patient_001,0.5757575757575757,True,synthetic_ad8232,0.8235294117647065,True,synthetic_max30102,0.4827586206896548,2534,1677,2081,False,False,False,0.115,0.001,0.531,False,stress,synthetic_ad8232_stress,patient_001,synthetic_ad8232_stress,0.5659432387312185,0.06729435145200159,0.5714285714285714,0.12043949332491863
2026-05-26T16:20:23,patient_001,0.40151515151515155,True,synthetic_ad8232,0.7647058823529411,True,synthetic_max30102,0.7413793103448274,2193,1795,2228,False,False,False,-0.082,0.03,0.781,False,stress,synthetic_ad8232_stress,patient_001,synthetic_ad8232_stress,0.5358931552587646,0.2964008719698689,0.4285714285714286,0.17557347629342243
2026-05-26T16:20:28,patient_001,0.5454545454545454,True,synthetic_ad8232,0.882352941176471,True,synthetic_max30102,0.6310344827586203,1175,1663,2064,False,False,False,-0.1,-0.074,1.069,False,stress,synthetic_ad8232_stress,patient_001,synthetic_ad8232_stress,0.5375626043405676,0.2980936377149484,0.6428571428571428,0.24157125275150715
2026-05-26T16:20:33,patient_001,0.5303030303030303,True,synthetic_ad8232,0.5882352941176476,True,synthetic_max30102,0.7482758620689669,1491,1574,1953,False,False,False,0.068,-0.115,0.878,False,stress,synthetic_ad8232_stress,patient_001,synthetic_ad8232_stress,0.5325542570951586,0.2924703318949537,0.1428571428571429,0.19881333106997132
2026-05-26T16:20:38,patient_001,0.6212121212121211,True,synthetic_ad8232,1.0,True,synthetic_max30102,0.6379310344827598,2227,1858,2306,False,False,False,0.025,-0.039,0.837,False,stress,synthetic_ad8232_stress,patient_001,synthetic_ad8232_stress,0.5459098497495826,0.34430632454877047,1.0,0.1874877393429302
2026-05-26T16:20:43,patient_001,0.7045454545454546,True,synthetic_ad8232,0.9411764705882355,True,synthetic_max30102,0.3413793103448288,3399,1725,2141,False,False,False,-0.067,-0.077,0.977,False,stress,synthetic_ad8232_stress,patient_001,synthetic_ad8232_stress,0.5742904841402335,0.47212741614054893,0.4285714285714286,0.22022794551405803
2026-05-26T16:20:48,patient_001,0.44696969696969696,True,synthetic_ad8232,0.7647058823529411,True,synthetic_max30102,0.6275862068965523,2322,1698,2107,False,False,False,0.04,0.048,0.823,False,stress,synthetic_ad8232_stress,patient_001,synthetic_ad8232_stress,0.5843071786310515,0.40835098668727327,0.2857142857142857,0.18455264053449622
2026-05-26T16:20:53,patient_001,0.5681818181818181,True,synthetic_ad8232,0.8235294117647065,True,synthetic_max30102,0.720689655172416,1978,1668,2070,False,False,False,0.19,0.041,0.803,False,stress,synthetic_ad8232_stress,patient_001,synthetic_ad8232_stress,0.5893155258764607,0.40463750259160697,0.5714285714285714,0.18473940563042687
2026-05-26T16:20:58,patient_001,0.5606060606060606,True,synthetic_ad8232,0.7058823529411766,True,synthetic_max30102,0.4379310344827605,1574,1607,1994,False,False,False,-0.15,-0.234,0.952,False,stress,synthetic_ad8232_stress,patient_001,synthetic_ad8232_stress,0.5959933222036727,0.39405361690239765,0.35714285714285715,0.22237115767543308
2026-05-26T16:21:03,patient_001,0.5075757575757576,True,synthetic_ad8232,0.6470588235294121,True,synthetic_max30102,0.5965517241379299,1855,1737,2155,False,False,False,0.158,-0.058,0.92,False,stress,synthetic_ad8232_stress,patient_001,synthetic_ad8232_stress,0.5709515859766275,0.39975840545410274,0.4285714285714286,0.20953363100832115
2026-05-26T16:21:08,patient_001,0.46969696969696967,True,synthetic_ad8232,0.882352941176471,True,synthetic_max30102,0.6586206896551712,2383,1787,2218,False,False,False,0.136,0.178,0.674,False,stress,synthetic_ad8232_stress,patient_001,synthetic_ad8232_stress,0.5191986644407346,0.22498644195618545,0.7857142857142857,0.15838575216966688
2026-05-26T16:21:13,patient_001,0.6212121212121211,True,synthetic_ad8232,0.8235294117647065,True,synthetic_max30102,0.5586206896551715,1538,1776,2204,False,False,False,-0.004,0.089,0.94,False,stress,synthetic_ad8232_stress,patient_001,synthetic_ad8232_stress,0.5575959933222036,0.24469823564366172,0.4285714285714286,0.21156652008085391
2026-05-26T16:21:18,patient_001,0.4924242424242425,True,synthetic_ad8232,1.0,True,synthetic_max30102,0.47586206896551886,1966,1647,2044,False,False,False,0.002,-0.111,1.044,False,stress,synthetic_ad8232_stress,patient_001,synthetic_ad8232_stress,0.5409015025041736,0.2547723027239861,0.7142857142857143,0.23558675218896422
2026-05-26T16:21:23,patient_001,0.606060606060606,True,synthetic_ad8232,0.7058823529411766,True,synthetic_max30102,0.6482758620689673,2846,1936,2403,False,False,False,0.172,0.199,1.012,False,stress,synthetic_ad8232_stress,patient_001,synthetic_ad8232_stress,0.5509181969949916,0.2902251765691983,0.1428571428571429,0.234617874824443
2026-05-26T16:21:28,patient_001,0.5681818181818181,True,synthetic_ad8232,0.6470588235294121,True,synthetic_max30102,0.5413793103448281,1661,1763,2188,False,False,False,0.268,0.304,1.227,False,stress,synthetic_ad8232_stress,patient_001,synthetic_ad8232_stress,0.5642737896494158,0.28320539074688034,0.4285714285714286,0.290664957693803
2026-05-26T16:21:33,patient_001,0.5757575757575757,True,synthetic_ad8232,0.6470588235294121,True,synthetic_max30102,0.3724137931034477,2387,1744,2164,False,False,False,0.078,0.114,1.135,False,stress,synthetic_ad8232_stress,patient_001,synthetic_ad8232_stress,0.5876460767946575,0.20874510646402708,0.5,0.2568371297182968
2026-05-26T16:21:38,patient_001,0.45454545454545453,True,synthetic_ad8232,0.7647058823529411,True,synthetic_max30102,0.3689655172413797,2640,1752,2174,False,False,False,-0.281,0.149,0.87,False,stress,synthetic_ad8232_stress,patient_001,synthetic_ad8232_stress,0.5509181969949916,0.2648431496787679,0.6428571428571428,0.20749865987957003
2026-05-26T16:21:43,patient_001,0.4848484848484849,True,synthetic_ad8232,0.8235294117647065,True,synthetic_max30102,0.47241379310344733,2898,1667,2068,False,False,False,-0.255,0.05,0.915,False,stress,synthetic_ad8232_stress,patient_001,synthetic_ad8232_stress,0.5492487479131886,0.2710402474525818,0.5714285714285714,0.21315108971063942
2026-05-26T16:21:48,patient_001,0.4090909090909091,True,synthetic_ad8232,0.8235294117647065,True,synthetic_max30102,0.431034482758621,1689,1621,2011,False,False,False,0.185,0.078,1.051,False,stress,synthetic_ad8232_stress,patient_001,synthetic_ad8232_stress,0.5058430717863104,0.30294917507209745,0.5,0.24015979395269965
2026-05-26T16:21:53,patient_001,0.6136363636363635,True,synthetic_ad8232,0.9411764705882355,True,synthetic_max30102,0.6103448275862089,2752,1723,2138,False,False,False,-0.104,0.084,1.378,False,stress,synthetic_ad8232_stress,patient_001,synthetic_ad8232_stress,0.5158597662771284,0.35608823716274,0.6428571428571428,0.3116393744462986
2026-05-26T16:21:58,patient_001,0.47727272727272735,True,synthetic_ad8232,0.7647058823529411,True,synthetic_max30102,0.6275862068965523,2688,1763,2188,False,False,False,0.104,-0.093,0.86,False,stress,synthetic_ad8232_stress,patient_001,synthetic_ad8232_stress,0.4941569282136894,0.3192839427333457,0.2857142857142857,0.19498026860374712
2026-05-26T16:22:03,patient_001,0.6666666666666667,True,synthetic_ad8232,0.9411764705882355,True,synthetic_max30102,0.568965517241379,1621,1656,2055,False,False,False,-0.01,0.246,1.104,False,stress,synthetic_ad8232_stress,patient_001,synthetic_ad8232_stress,0.5409015025041736,0.4446861798288135,0.7142857142857143,0.2540515942057396
2026-05-26T16:22:08,patient_001,0.5757575757575757,True,synthetic_ad8232,0.7647058823529411,True,synthetic_max30102,0.5482758620689676,2064,1578,1958,False,False,False,0.212,0.151,1.203,False,stress,synthetic_ad8232_stress,patient_001,synthetic_ad8232_stress,0.5609348914858096,0.4364632297811482,0.2857142857142857,0.27671732752968153
2026-05-26T16:22:13,patient_001,0.5984848484848484,True,synthetic_ad8232,0.5882352941176476,True,synthetic_max30102,0.47241379310344733,1956,1852,2298,False,False,False,-0.094,0.033,1.25,False,stress,synthetic_ad8232_stress,patient_001,synthetic_ad8232_stress,0.6026711185308847,0.29126355261103565,0.2857142857142857,0.28197468386099134
2026-05-26T16:22:18,patient_001,0.5833333333333333,True,synthetic_ad8232,0.8235294117647065,True,synthetic_max30102,0.6000000000000014,1772,1787,2217,False,False,False,0.104,0.079,1.26,False,stress,synthetic_ad8232_stress,patient_001,synthetic_ad8232_stress,0.5959933222036727,0.284269409738495,0.7857142857142857,0.2848812047528541
2026-05-26T16:22:23,patient_001,0.606060606060606,True,synthetic_ad8232,0.882352941176471,True,synthetic_max30102,0.589655172413794,1290,1723,2138,False,False,False,0.221,0.06,1.022,False,stress,synthetic_ad8232_stress,patient_001,synthetic_ad8232_stress,0.6243739565943237,0.15047474434843344,0.5714285714285714,0.2350084165198737
2026-05-26T16:22:28,patient_001,0.5303030303030303,True,synthetic_ad8232,0.7058823529411766,True,synthetic_max30102,0.4068965517241381,2190,1665,2066,False,False,False,0.269,0.111,0.985,False,stress,synthetic_ad8232_stress,patient_001,synthetic_ad8232_stress,0.5943238731218697,0.12408465298728111,0.2857142857142857,0.23040429564616713
2026-05-26T16:22:33,patient_001,0.6212121212121211,True,synthetic_ad8232,0.7058823529411766,True,synthetic_max30102,0.5517241379310356,2038,1687,2094,False,False,False,0.179,-0.28,0.981,False,stress,synthetic_ad8232_stress,patient_001,synthetic_ad8232_stress,0.6043405676126877,0.14640710623725778,0.5,0.2323761473340113
2026-05-26T16:22:38,patient_001,0.4924242424242425,True,synthetic_ad8232,0.7647058823529411,True,synthetic_max30102,0.7827586206896573,2822,1660,2060,False,False,False,-0.012,0.077,1.309,False,stress,synthetic_ad8232_stress,patient_001,synthetic_ad8232_stress,0.5809682804674458,0.22587924880510132,0.5714285714285714,0.2950115465772053
2026-05-26T16:22:43,patient_001,0.5378787878787878,True,synthetic_ad8232,0.9411764705882355,True,synthetic_max30102,0.6413793103448278,2499,1710,2122,False,False,False,0.089,0.019,0.89,False,stress,synthetic_ad8232_stress,patient_001,synthetic_ad8232_stress,0.5709515859766275,0.22721188130407316,0.7142857142857143,0.20029861238605828
2026-05-26T16:22:48,patient_001,0.5378787878787878,True,synthetic_ad8232,0.7058823529411766,True,synthetic_max30102,0.5206896551724132,2217,1658,2058,False,False,False,0.199,0.226,0.883,False,stress,synthetic_ad8232_stress,patient_001,synthetic_ad8232_stress,0.5559265442404008,0.19734577710498255,0.2142857142857143,0.2090029037340725
2026-05-26T16:22:53,patient_001,0.6666666666666667,True,synthetic_ad8232,0.882352941176471,True,synthetic_max30102,0.3999999999999986,1678,1833,2275,False,False,False,-0.002,-0.119,0.947,False,stress,synthetic_ad8232_stress,patient_001,synthetic_ad8232_stress,0.5859766277128547,0.29640087196986853,0.7142857142857143,0.21389349340405492
2026-05-26T16:22:58,patient_001,0.40151515151515155,True,synthetic_ad8232,0.7058823529411766,True,synthetic_max30102,0.586206896551726,2439,1563,1940,False,False,False,0.139,0.1,1.178,False,stress,synthetic_ad8232_stress,patient_001,synthetic_ad8232_stress,0.5375626043405676,0.40101511526729133,0.2857142857142857,0.26752180333876524
2026-05-26T16:23:03,patient_001,0.5151515151515151,True,synthetic_ad8232,0.8235294117647065,True,synthetic_max30102,0.39310344827586263,1989,1592,1976,False,False,False,0.041,0.068,1.175,False,stress,synthetic_ad8232_stress,patient_001,synthetic_ad8232_stress,0.5425709515859766,0.39456404926261884,0.6428571428571428,0.26463496323446184
2026-05-26T16:23:08,patient_001,0.44696969696969696,True,synthetic_ad8232,0.8235294117647065,True,synthetic_max30102,0.6448275862068957,1524,1784,2214,False,False,False,0.246,-0.056,1.138,False,stress,synthetic_ad8232_stress,patient_001,synthetic_ad8232_stress,0.5225375626043404,0.4240671498355999,0.5,0.26189621392681556
2026-05-26T16:23:13,patient_001,0.5909090909090908,True,synthetic_ad8232,0.882352941176471,True,synthetic_max30102,0.5206896551724132,2093,1700,2110,False,False,False,-0.154,0.181,0.798,False,stress,synthetic_ad8232_stress,patient_001,synthetic_ad8232_stress,0.5342237061769616,0.4482924116511086,0.5714285714285714,0.18620437170640047
2026-05-26T16:23:18,patient_001,0.5984848484848484,True,synthetic_ad8232,0.7058823529411766,True,synthetic_max30102,0.46896551724137936,2130,1610,1998,False,False,False,0.056,0.191,1.356,False,stress,synthetic_ad8232_stress,patient_001,synthetic_ad8232_stress,0.5191986644407346,0.36350025355743404,0.2857142857142857,0.30847087669457224
2026-05-26T16:23:23,patient_001,0.44696969696969696,True,synthetic_ad8232,0.882352941176471,True,synthetic_max30102,0.4379310344827605,2329,1713,2126,False,False,False,-0.068,-0.064,0.978,False,stress,synthetic_ad8232_stress,patient_001,synthetic_ad8232_stress,0.5292153589315524,0.30968402677173484,0.7142857142857143,0.2202576780738003
2026-05-26T16:23:28,patient_001,0.5378787878787878,True,synthetic_ad8232,0.6470588235294121,True,synthetic_max30102,0.6379310344827598,1965,1595,1979,False,False,False,0.032,0.216,0.877,False,stress,synthetic_ad8232_stress,patient_001,synthetic_ad8232_stress,0.5342237061769616,0.3111428970505765,0.2142857142857143,0.20237485461404214
2026-05-26T16:23:33,patient_001,0.6439393939393938,True,synthetic_ad8232,0.7647058823529411,True,synthetic_max30102,0.5275862068965527,2312,1671,2073,False,False,False,-0.099,0.311,0.825,False,stress,synthetic_ad8232_stress,patient_001,synthetic_ad8232_stress,0.5776293823038398,0.31531949865694886,0.6428571428571428,0.1986102654108821
2026-05-26T16:23:38,patient_001,0.3863636363636364,True,synthetic_ad8232,0.882352941176471,True,synthetic_max30102,0.6275862068965523,1938,1609,1997,False,False,False,0.184,0.119,0.964,False,stress,synthetic_ad8232_stress,patient_001,synthetic_ad8232_stress,0.5325542570951586,0.44412006097442563,0.6428571428571428,0.22165411972405216
2026-05-26T16:23:43,patient_001,0.45454545454545453,True,synthetic_ad8232,0.8235294117647065,True,synthetic_max30102,0.6482758620689673,1874,1672,2075,False,False,False,0.276,0.089,1.138,False,stress,synthetic_ad8232_stress,patient_001,synthetic_ad8232_stress,0.5008347245409014,0.4174902129280536,0.4285714285714286,0.2638822227199668
2026-05-26T16:23:48,patient_001,0.5757575757575757,True,synthetic_ad8232,0.7058823529411766,True,synthetic_max30102,0.5827586206896544,1784,1771,2198,False,False,False,-0.13,-0.111,1.092,False,stress,synthetic_ad8232_stress,patient_001,synthetic_ad8232_stress,0.5292153589315524,0.4235922704595023,0.35714285714285715,0.24818229584520551
2026-05-26T16:23:53,patient_001,0.5909090909090908,True,synthetic_ad8232,0.7058823529411766,True,synthetic_max30102,0.5551724137931036,1991,1843,2287,False,False,False,0.267,0.159,1.117,False,stress,synthetic_ad8232_stress,patient_001,synthetic_ad8232_stress,0.5409015025041736,0.4446861798288133,0.5,0.2604848015663134
2026-05-26T16:23:58,patient_001,0.45454545454545453,True,synthetic_ad8232,0.7058823529411766,True,synthetic_max30102,0.5206896551724132,2314,1745,2166,False,False,False,-0.337,-0.003,0.903,False,stress,synthetic_ad8232_stress,patient_001,synthetic_ad8232_stress,0.4991652754590984,0.36721867079265724,0.5,0.2160279226464198
2026-05-26T16:24:03,patient_001,0.4848484848484849,True,synthetic_ad8232,0.8235294117647065,True,synthetic_max30102,0.6379310344827598,1701,1622,2013,False,False,False,-0.083,-0.049,0.634,False,stress,synthetic_ad8232_stress,patient_001,synthetic_ad8232_stress,0.5208681135225374,0.2780052292985859,0.6428571428571428,0.14270940297683757
2026-05-26T16:24:08,patient_001,0.5454545454545454,True,synthetic_ad8232,0.6470588235294121,True,synthetic_max30102,0.4896551724137943,2156,1733,2151,False,False,False,-0.156,0.057,1.058,False,stress,synthetic_ad8232_stress,patient_001,synthetic_ad8232_stress,0.5409015025041736,0.24572422855293896,0.2857142857142857,0.2403762741325307
2026-05-26T16:24:13,patient_001,0.4090909090909091,True,synthetic_ad8232,0.7058823529411766,True,synthetic_max30102,0.5034482758620697,1745,1741,2160,False,False,False,-0.025,0.042,1.218,False,stress,synthetic_ad8232_stress,patient_001,synthetic_ad8232_stress,0.5041736227045074,0.3022840827768001,0.5714285714285714,0.2740227660540763
2026-05-26T16:24:18,patient_001,0.5909090909090908,True,synthetic_ad8232,0.8235294117647065,True,synthetic_max30102,0.4551724137931039,2255,1744,2164,False,False,False,0.176,0.004,0.764,False,stress,synthetic_ad8232_stress,patient_001,synthetic_ad8232_stress,0.5041736227045074,0.3022840827768001,0.6428571428571428,0.17515401668432595
2026-05-26T16:24:23,patient_001,0.5151515151515151,True,synthetic_ad8232,0.7647058823529411,True,synthetic_max30102,0.4655172413793114,1656,1725,2141,False,False,False,0.138,0.023,1.017,False,stress,synthetic_ad8232_stress,patient_001,synthetic_ad8232_stress,0.5175292153589316,0.2858580124127036,0.4285714285714286,0.2302886320693449
2026-05-26T16:24:28,patient_001,0.4621212121212121,True,synthetic_ad8232,0.5882352941176476,True,synthetic_max30102,0.6206896551724128,1646,1734,2152,False,False,False,-0.154,0.051,1.049,False,stress,synthetic_ad8232_stress,patient_001,synthetic_ad8232_stress,0.5125208681135224,0.29724845983674064,0.2857142857142857,0.23821975637794374
2026-05-26T16:24:33,patient_001,0.5303030303030303,True,synthetic_ad8232,0.9411764705882355,True,synthetic_max30102,0.7586206896551744,2109,1753,2175,False,False,False,0.198,0.084,0.829,False,stress,synthetic_ad8232_stress,patient_001,synthetic_ad8232_stress,0.5091819699499164,0.28935701675232606,0.9285714285714286,0.19161691303542813
2026-05-26T16:24:38,patient_001,0.5833333333333333,True,synthetic_ad8232,0.7058823529411766,True,synthetic_max30102,0.5310344827586206,1510,1671,2074,False,False,False,0.066,0.069,1.069,False,stress,synthetic_ad8232_stress,patient_001,synthetic_ad8232_stress,0.5475792988313856,0.22137921121345638,0.2142857142857143,0.2408987915143277
2026-05-26T16:24:43,patient_001,0.6742424242424243,True,synthetic_ad8232,1.0,True,synthetic_max30102,0.6068965517241374,1745,1816,2254,False,False,False,-0.172,-0.094,1.071,False,stress,synthetic_ad8232_stress,patient_001,synthetic_ad8232_stress,0.5659432387312185,0.3364717572599992,0.8571428571428571,0.24442952278097266
2026-05-26T16:24:48,patient_001,0.5303030303030303,True,synthetic_ad8232,0.7647058823529411,True,synthetic_max30102,0.6551724137931032,2174,1780,2209,False,False,False,-0.015,-0.22,1.089,False,stress,synthetic_ad8232_stress,patient_001,synthetic_ad8232_stress,0.5692821368948248,0.3301312097920708,0.2142857142857143,0.24950127047310228
2026-05-26T16:24:53,patient_001,0.5681818181818181,True,synthetic_ad8232,0.7058823529411766,True,synthetic_max30102,0.4482758620689644,1805,1812,2248,False,False,False,0.204,0.092,1.068,False,stress,synthetic_ad8232_stress,patient_001,synthetic_ad8232_stress,0.5926544240400665,0.24715346337261695,0.4285714285714286,0.24497620713377638
2026-05-26T16:24:58,patient_001,0.4924242424242425,True,synthetic_ad8232,0.7647058823529411,True,synthetic_max30102,0.4827586206896548,2184,1702,2112,False,False,False,0.165,0.0,0.831,False,stress,synthetic_ad8232_stress,patient_001,synthetic_ad8232_stress,0.5843071786310515,0.2858580124127034,0.5714285714285714,0.18952020037606757
2026-05-26T16:25:03,patient_001,0.6136363636363635,True,synthetic_ad8232,0.8235294117647065,True,synthetic_max30102,0.6068965517241374,2014,1736,2154,False,False,False,0.091,-0.0,0.875,False,stress,synthetic_ad8232_stress,patient_001,synthetic_ad8232_stress,0.5909849749582637,0.2975868190354553,0.5714285714285714,0.19690688877409088
