timestamp,device_id,heart_rate,heart_rate_valid,heart_rate_source,spo2,spo2_valid,spo2_source,temperature,ecg_raw,ecg_mv,ecg_raw_avg,ecg_lead_off,ecg_lo_plus,ecg_lo_minus,accel_x,accel_y,accel_z,fall_detect,label,session_id,subject_id,session,hr_rolling_mean,hr_rolling_std,spo2_change,accel_mag
2026-05-26T16:25:08,patient_001,182,True,synthetic_ad8232,99,True,synthetic_max30102,37.58,2215,1750,2172,False,False,False,0.116,0.012,0.738,False,anomaly_high_hr,synthetic_ad8232_anomaly_high_hr,patient_001,synthetic_ad8232_anomaly_high_hr,182.0,0.0,0.0,0.7471572792926533
2026-05-26T16:25:13,patient_001,167,True,synthetic_ad8232,97,True,synthetic_max30102,37.71,2071,1801,2235,False,False,False,-0.098,-0.107,1.28,False,anomaly_high_hr,synthetic_ad8232_anomaly_high_hr,patient_001,synthetic_ad8232_anomaly_high_hr,174.5,10.606601717798213,-2.0,1.2881975780135593
2026-05-26T16:25:18,patient_001,164,True,synthetic_ad8232,96,True,synthetic_max30102,37.31,1514,1791,2222,False,False,False,0.135,0.537,1.028,False,anomaly_high_hr,synthetic_ad8232_anomaly_high_hr,patient_001,synthetic_ad8232_anomaly_high_hr,171.0,9.643650760992955,-1.0,1.1676377863018994
2026-05-26T16:25:23,patient_001,160,True,synthetic_ad8232,98,True,synthetic_max30102,37.48,2628,1604,1990,False,False,False,-0.838,0.165,1.374,False,anomaly_high_hr,synthetic_ad8232_anomaly_high_hr,patient_001,synthetic_ad8232_anomaly_high_hr,168.25,9.604686356149273,2.0,1.617821065507555
2026-05-26T16:25:28,patient_001,151,True,synthetic_ad8232,98,True,synthetic_max30102,37.3,2424,1755,2178,False,False,False,-0.43,0.119,1.22,False,anomaly_high_hr,synthetic_ad8232_anomaly_high_hr,patient_001,synthetic_ad8232_anomaly_high_hr,164.8,11.344602240713424,0.0,1.299023094482927
2026-05-26T16:25:33,patient_001,161,True,synthetic_ad8232,92,True,synthetic_max30102,37.61,1678,1638,2033,False,False,False,0.39,0.256,0.592,False,anomaly_high_hr,synthetic_ad8232_anomaly_high_hr,patient_001,synthetic_ad8232_anomaly_high_hr,160.6,6.024948132556837,-6.0,0.7537240874484509
2026-05-26T16:25:38,patient_001,151,True,synthetic_ad8232,96,True,synthetic_max30102,37.48,2029,1693,2101,False,False,False,-0.246,0.185,1.11,False,anomaly_high_hr,synthetic_ad8232_anomaly_high_hr,patient_001,synthetic_ad8232_anomaly_high_hr,157.4,6.024948132556837,4.0,1.1518858450384744
2026-05-26T16:25:43,patient_001,151,True,synthetic_ad8232,95,True,synthetic_max30102,37.3,2245,1712,2125,False,False,False,0.074,0.106,1.039,False,anomaly_high_hr,synthetic_ad8232_anomaly_high_hr,patient_001,synthetic_ad8232_anomaly_high_hr,154.8,5.215361924162132,-1.0,1.0470114612553196
2026-05-26T16:25:48,patient_001,175,True,synthetic_ad8232,96,True,synthetic_max30102,37.44,2296,1720,2134,False,False,False,0.003,-0.099,1.095,False,anomaly_high_hr,synthetic_ad8232_anomaly_high_hr,patient_001,synthetic_ad8232_anomaly_high_hr,157.8,10.545141061171257,1.0,1.0994703270211525
2026-05-26T16:25:53,patient_001,165,True,synthetic_ad8232,95,True,synthetic_max30102,37.15,2544,1762,2187,False,False,False,-0.062,-0.299,1.067,False,anomaly_high_hr,synthetic_ad8232_anomaly_high_hr,patient_001,synthetic_ad8232_anomaly_high_hr,160.6,10.139033484509264,-1.0,1.1098351228898822
2026-05-26T16:25:58,patient_001,160,True,synthetic_ad8232,100,True,synthetic_max30102,37.13,2866,1845,2290,False,False,False,-0.135,-0.169,0.643,False,anomaly_high_hr,synthetic_ad8232_anomaly_high_hr,patient_001,synthetic_ad8232_anomaly_high_hr,160.4,10.139033484509264,5.0,0.6784062204903489
2026-05-26T16:26:03,patient_001,171,True,synthetic_ad8232,94,True,synthetic_max30102,38.12,3155,1798,2231,False,False,False,-0.03,-0.024,1.277,False,anomaly_high_hr,synthetic_ad8232_anomaly_high_hr,patient_001,synthetic_ad8232_anomaly_high_hr,164.4,9.423375191511798,-6.0,1.2775777862815243
2026-05-26T16:26:08,patient_001,167,True,synthetic_ad8232,95,True,synthetic_max30102,37.02,2230,1790,2221,False,False,False,-0.329,-0.026,1.219,False,anomaly_high_hr,synthetic_ad8232_anomaly_high_hr,patient_001,synthetic_ad8232_anomaly_high_hr,167.6,5.727128425310542,1.0,1.2628847928453333
2026-05-26T16:26:13,patient_001,155,True,synthetic_ad8232,96,True,synthetic_max30102,37.76,912,1795,2227,False,False,False,0.126,0.063,0.831,False,anomaly_high_hr,synthetic_ad8232_anomaly_high_hr,patient_001,synthetic_ad8232_anomaly_high_hr,163.6,6.228964600958974,1.0,0.8428558595631876
2026-05-26T16:26:18,patient_001,169,True,synthetic_ad8232,100,True,synthetic_max30102,36.62,2459,1822,2261,False,False,False,-0.008,0.028,0.897,False,anomaly_high_hr,synthetic_ad8232_anomaly_high_hr,patient_001,synthetic_ad8232_anomaly_high_hr,164.4,6.693280212272602,4.0,0.8974725622546909
2026-05-26T16:26:23,patient_001,167,True,synthetic_ad8232,98,True,synthetic_max30102,37.31,1796,1631,2024,False,False,False,0.676,0.06,1.029,False,anomaly_high_hr,synthetic_ad8232_anomaly_high_hr,patient_001,synthetic_ad8232_anomaly_high_hr,165.8,6.2609903369994075,-2.0,1.2326463401965708
2026-05-26T16:26:28,patient_001,176,True,synthetic_ad8232,93,True,synthetic_max30102,36.4,1373,1736,2154,False,False,False,0.046,0.304,0.998,False,anomaly_high_hr,synthetic_ad8232_anomaly_high_hr,patient_001,synthetic_ad8232_anomaly_high_hr,166.8,7.563068160475611,-5.0,1.0442873167859503
2026-05-26T16:26:33,patient_001,170,True,synthetic_ad8232,97,True,synthetic_max30102,36.5,2499,1792,2224,False,False,False,0.267,0.183,1.216,False,anomaly_high_hr,synthetic_ad8232_anomaly_high_hr,patient_001,synthetic_ad8232_anomaly_high_hr,167.4,7.700649323271379,4.0,1.2583457394531918
2026-05-26T16:26:38,patient_001,170,True,synthetic_ad8232,98,True,synthetic_max30102,36.48,2343,1779,2207,False,False,False,-0.26,-0.117,0.964,False,anomaly_high_hr,synthetic_ad8232_anomaly_high_hr,patient_001,synthetic_ad8232_anomaly_high_hr,170.4,3.3615472627943097,1.0,1.0052785683580447
2026-05-26T16:26:43,patient_001,176,True,synthetic_ad8232,98,True,synthetic_max30102,36.91,778,1781,2210,False,False,False,0.088,-0.14,0.952,False,anomaly_high_hr,synthetic_ad8232_anomaly_high_hr,patient_001,synthetic_ad8232_anomaly_high_hr,171.8,4.024922359499609,0.0,0.9662546248272242
2026-05-26T16:26:48,patient_001,189,True,synthetic_ad8232,97,True,synthetic_max30102,37.03,2853,1740,2159,False,False,False,0.425,-0.039,1.017,False,anomaly_high_hr,synthetic_ad8232_anomaly_high_hr,patient_001,synthetic_ad8232_anomaly_high_hr,176.2,7.758865896508325,-1.0,1.1029211213862937
2026-05-26T16:26:53,patient_001,164,True,synthetic_ad8232,96,True,synthetic_max30102,37.84,2514,1919,2381,False,False,False,0.157,0.019,1.212,False,anomaly_high_hr,synthetic_ad8232_anomaly_high_hr,patient_001,synthetic_ad8232_anomaly_high_hr,173.8,9.49736805646701,-1.0,1.2222741100096983
2026-05-26T16:26:58,patient_001,166,True,synthetic_ad8232,96,True,synthetic_max30102,37.89,1851,1667,2068,False,False,False,-0.08,-0.026,0.683,False,anomaly_high_hr,synthetic_ad8232_anomaly_high_hr,patient_001,synthetic_ad8232_anomaly_high_hr,173.0,10.049875621120888,0.0,0.6881605917226008
2026-05-26T16:27:03,patient_001,164,True,synthetic_ad8232,100,True,synthetic_max30102,37.54,2273,1822,2261,False,False,False,-0.142,-0.116,1.265,False,anomaly_high_hr,synthetic_ad8232_anomaly_high_hr,patient_001,synthetic_ad8232_anomaly_high_hr,171.8,10.825894882179485,4.0,1.2782194647242702
2026-05-26T16:27:08,patient_001,161,True,synthetic_ad8232,98,True,synthetic_max30102,36.85,2267,1688,2095,False,False,False,0.118,0.485,1.031,False,anomaly_high_hr,synthetic_ad8232_anomaly_high_hr,patient_001,synthetic_ad8232_anomaly_high_hr,168.8,11.432410069622241,-2.0,1.145473701138529
2026-05-26T16:27:13,patient_001,160,True,synthetic_ad8232,93,True,synthetic_max30102,37.62,2015,1675,2078,False,False,False,0.264,-0.032,0.915,False,anomaly_high_hr,synthetic_ad8232_anomaly_high_hr,patient_001,synthetic_ad8232_anomaly_high_hr,163.0,2.4494897427831956,-5.0,0.952861479964428
2026-05-26T16:27:18,patient_001,159,True,synthetic_ad8232,94,True,synthetic_max30102,38.15,2050,1792,2224,False,False,False,0.133,0.144,1.167,False,anomaly_high_hr,synthetic_ad8232_anomaly_high_hr,patient_001,synthetic_ad8232_anomaly_high_hr,162.0,2.915475947422665,1.0,1.1833486383986758
2026-05-26T16:27:23,patient_001,168,True,synthetic_ad8232,95,True,synthetic_max30102,37.5,2098,1760,2184,False,False,False,0.108,-0.047,0.724,False,anomaly_high_hr,synthetic_ad8232_anomaly_high_hr,patient_001,synthetic_ad8232_anomaly_high_hr,162.4,3.6469165057621042,1.0,0.7335182342655158
2026-05-26T16:27:28,patient_001,151,True,synthetic_ad8232,97,True,synthetic_max30102,37.73,2141,1654,2053,False,False,False,0.546,-0.048,0.882,False,anomaly_high_hr,synthetic_ad8232_anomaly_high_hr,patient_001,synthetic_ad8232_anomaly_high_hr,159.8,6.058052492344393,2.0,1.0384334355171736
2026-05-26T16:27:33,patient_001,167,True,synthetic_ad8232,94,True,synthetic_max30102,37.22,1568,1746,2167,False,False,False,-0.356,0.215,0.836,False,anomaly_high_hr,synthetic_ad8232_anomaly_high_hr,patient_001,synthetic_ad8232_anomaly_high_hr,161.0,6.892024376045119,-3.0,0.9337328311674598
2026-05-26T16:27:38,patient_001,159,True,synthetic_ad8232,95,True,synthetic_max30102,37.29,2847,1805,2240,False,False,False,0.136,0.318,1.137,False,anomaly_high_hr,synthetic_ad8232_anomaly_high_hr,patient_001,synthetic_ad8232_anomaly_high_hr,160.8,6.942621983083921,1.0,1.1884397334320325
2026-05-26T16:27:43,patient_001,171,True,synthetic_ad8232,96,True,synthetic_max30102,37.75,1989,1696,2104,False,False,False,0.255,0.16,0.699,False,anomaly_high_hr,synthetic_ad8232_anomaly_high_hr,patient_001,synthetic_ad8232_anomaly_high_hr,163.2,8.136338242723205,1.0,0.7610689850466907
2026-05-26T16:27:48,patient_001,173,True,synthetic_ad8232,96,True,synthetic_max30102,37.81,2293,1684,2090,False,False,False,0.303,0.27,1.231,False,anomaly_high_hr,synthetic_ad8232_anomaly_high_hr,patient_001,synthetic_ad8232_anomaly_high_hr,164.2,9.121403400793113,0.0,1.296175142486539
2026-05-26T16:27:53,patient_001,159,True,synthetic_ad8232,93,True,synthetic_max30102,37.17,3202,1752,2174,False,False,False,0.305,0.122,1.394,False,anomaly_high_hr,synthetic_ad8232_anomaly_high_hr,patient_001,synthetic_ad8232_anomaly_high_hr,165.8,6.572670690062011,-3.0,1.432181901854649
2026-05-26T16:27:58,patient_001,167,True,synthetic_ad8232,96,True,synthetic_max30102,36.72,2765,1837,2279,False,False,False,0.262,-0.07,0.861,False,anomaly_high_hr,synthetic_ad8232_anomaly_high_hr,patient_001,synthetic_ad8232_anomaly_high_hr,165.8,6.572670690062011,3.0,0.9026987315821375
2026-05-26T16:28:03,patient_001,176,True,synthetic_ad8232,95,True,synthetic_max30102,37.28,3043,1784,2214,False,False,False,0.028,0.187,1.301,False,anomaly_high_hr,synthetic_ad8232_anomaly_high_hr,patient_001,synthetic_ad8232_anomaly_high_hr,169.2,6.572670690062011,-1.0,1.3146687795790999
2026-05-26T16:28:08,patient_001,174,True,synthetic_ad8232,96,True,synthetic_max30102,37.67,2091,1758,2182,False,False,False,0.381,0.43,1.227,False,anomaly_high_hr,synthetic_ad8232_anomaly_high_hr,patient_001,synthetic_ad8232_anomaly_high_hr,169.8,6.906518659932819,1.0,1.3548394738861131
2026-05-26T16:28:13,patient_001,171,True,synthetic_ad8232,99,True,synthetic_max30102,37.5,2219,1742,2162,False,False,False,0.131,0.04,0.924,False,anomaly_high_hr,synthetic_ad8232_anomaly_high_hr,patient_001,synthetic_ad8232_anomaly_high_hr,169.4,6.730527468185553,3.0,0.934096890049421
2026-05-26T16:28:18,patient_001,182,True,synthetic_ad8232,96,True,synthetic_max30102,37.32,2414,1877,2329,False,False,False,-0.133,0.173,1.263,False,anomaly_high_hr,synthetic_ad8232_anomaly_high_hr,patient_001,synthetic_ad8232_anomaly_high_hr,174.0,5.612486080160931,-3.0,1.2817125262710043
2026-05-26T16:28:23,patient_001,171,True,synthetic_ad8232,96,True,synthetic_max30102,37.54,2090,1784,2214,False,False,False,0.103,0.042,1.018,False,anomaly_high_hr,synthetic_ad8232_anomaly_high_hr,patient_001,synthetic_ad8232_anomaly_high_hr,174.8,4.549725266430954,0.0,1.0240590803269116
2026-05-26T16:28:28,patient_001,163,True,synthetic_ad8232,99,True,synthetic_max30102,38.4,2531,1737,2155,False,False,False,-0.201,-0.222,0.799,False,anomaly_high_hr,synthetic_ad8232_anomaly_high_hr,patient_001,synthetic_ad8232_anomaly_high_hr,172.2,6.833739825307969,3.0,0.8532795555971092
2026-05-26T16:28:33,patient_001,171,True,synthetic_ad8232,96,True,synthetic_max30102,37.54,1553,1645,2041,False,False,False,-0.098,-0.019,0.986,False,anomaly_high_hr,synthetic_ad8232_anomaly_high_hr,patient_001,synthetic_ad8232_anomaly_high_hr,171.6,6.7675697262754655,-3.0,0.9910403624474635
2026-05-26T16:28:38,patient_001,154,True,synthetic_ad8232,98,True,synthetic_max30102,37.41,1041,1779,2208,False,False,False,0.162,-0.338,0.693,False,anomaly_high_hr,synthetic_ad8232_anomaly_high_hr,patient_001,synthetic_ad8232_anomaly_high_hr,168.2,10.425929215182698,2.0,0.7878686438740914
2026-05-26T16:28:43,patient_001,177,True,synthetic_ad8232,92,True,synthetic_max30102,37.68,2283,1604,1991,False,False,False,-0.138,0.24,1.632,False,anomaly_high_hr,synthetic_ad8232_anomaly_high_hr,patient_001,synthetic_ad8232_anomaly_high_hr,167.2,8.899438184514802,-6.0,1.6553150757484205
2026-05-26T16:28:48,patient_001,151,True,synthetic_ad8232,97,True,synthetic_max30102,37.21,2545,1631,2024,False,False,False,0.066,-0.152,1.146,False,anomaly_high_hr,synthetic_ad8232_anomaly_high_hr,patient_001,synthetic_ad8232_anomaly_high_hr,163.2,11.00908715561831,5.0,1.1579188227159967
2026-05-26T16:28:53,patient_001,161,True,synthetic_ad8232,93,True,synthetic_max30102,38.02,2058,1687,2094,False,False,False,0.027,0.412,1.234,False,anomaly_high_hr,synthetic_ad8232_anomaly_high_hr,patient_001,synthetic_ad8232_anomaly_high_hr,162.8,11.054410884348385,-4.0,1.3012413304226085
2026-05-26T16:28:58,patient_001,166,True,synthetic_ad8232,99,True,synthetic_max30102,37.5,2281,1837,2279,False,False,False,0.075,-0.01,0.98,False,anomaly_high_hr,synthetic_ad8232_anomaly_high_hr,patient_001,synthetic_ad8232_anomaly_high_hr,161.8,10.329569206893387,6.0,0.9829165783524052
2026-05-26T16:29:03,patient_001,161,True,synthetic_ad8232,95,True,synthetic_max30102,37.05,2440,1728,2144,False,False,False,-0.24,-0.12,1.29,False,anomaly_high_hr,synthetic_ad8232_anomaly_high_hr,patient_001,synthetic_ad8232_anomaly_high_hr,163.2,9.444575162494077,-4.0,1.3176114753598651
2026-05-26T16:29:08,patient_001,151,True,synthetic_ad8232,97,True,synthetic_max30102,37.23,2354,1585,1967,False,False,False,-0.056,0.066,0.891,False,anomaly_high_hr,synthetic_ad8232_anomaly_high_hr,patient_001,synthetic_ad8232_anomaly_high_hr,158.0,6.708203932499368,2.0,0.8951943922970028
2026-05-26T16:29:13,patient_001,167,True,synthetic_ad8232,95,True,synthetic_max30102,36.87,1606,1762,2187,False,False,False,-0.254,0.075,1.313,False,anomaly_high_hr,synthetic_ad8232_anomaly_high_hr,patient_001,synthetic_ad8232_anomaly_high_hr,161.2,6.340346993658944,-2.0,1.3394439144659995
2026-05-26T16:29:18,patient_001,167,True,synthetic_ad8232,96,True,synthetic_max30102,37.69,1488,1680,2085,False,False,False,0.161,-0.567,1.099,False,anomaly_high_hr,synthetic_ad8232_anomaly_high_hr,patient_001,synthetic_ad8232_anomaly_high_hr,162.4,6.841052550594827,1.0,1.2470809917563495
2026-05-26T16:29:23,patient_001,163,True,synthetic_ad8232,97,True,synthetic_max30102,36.56,1679,1684,2090,False,False,False,0.181,0.183,0.999,False,anomaly_high_hr,synthetic_ad8232_anomaly_high_hr,patient_001,synthetic_ad8232_anomaly_high_hr,161.8,6.572670690061993,1.0,1.0316254165151226
2026-05-26T16:29:28,patient_001,175,True,synthetic_ad8232,93,True,synthetic_max30102,37.78,2427,1748,2169,False,False,False,0.007,0.011,0.648,False,anomaly_high_hr,synthetic_ad8232_anomaly_high_hr,patient_001,synthetic_ad8232_anomaly_high_hr,164.6,8.763560920082659,-4.0,0.6481311595657163
2026-05-26T16:29:33,patient_001,152,True,synthetic_ad8232,97,True,synthetic_max30102,37.34,2858,1755,2178,False,False,False,-0.089,0.201,0.55,False,anomaly_high_hr,synthetic_ad8232_anomaly_high_hr,patient_001,synthetic_ad8232_anomaly_high_hr,164.8,8.37854402626137,4.0,0.59230228768763
2026-05-26T16:29:38,patient_001,179,True,synthetic_ad8232,97,True,synthetic_max30102,37.16,2436,1707,2118,False,False,False,-0.087,-0.031,1.099,False,anomaly_high_hr,synthetic_ad8232_anomaly_high_hr,patient_001,synthetic_ad8232_anomaly_high_hr,167.2,10.592450141492295,0.0,1.1028739728545596
2026-05-26T16:29:43,patient_001,186,True,synthetic_ad8232,96,True,synthetic_max30102,36.7,2047,1830,2271,False,False,False,-0.229,0.185,0.978,False,anomaly_high_hr,synthetic_ad8232_anomaly_high_hr,patient_001,synthetic_ad8232_anomaly_high_hr,171.0,13.5092560861063,-1.0,1.0213471496019362
2026-05-26T16:29:48,patient_001,173,True,synthetic_ad8232,96,True,synthetic_max30102,36.97,2441,1749,2170,False,False,False,-0.04,-0.209,1.388,False,anomaly_high_hr,synthetic_ad8232_anomaly_high_hr,patient_001,synthetic_ad8232_anomaly_high_hr,173.0,12.747548783981966,0.0,1.4042168635933696
2026-05-26T16:29:53,patient_001,160,True,synthetic_ad8232,94,True,synthetic_max30102,37.19,2383,1751,2173,False,False,False,0.26,-0.074,0.816,False,anomaly_high_hr,synthetic_ad8232_anomaly_high_hr,patient_001,synthetic_ad8232_anomaly_high_hr,170.0,13.874436925511612,-2.0,0.8596115401738159
2026-05-26T16:29:58,patient_001,181,True,synthetic_ad8232,97,True,synthetic_max30102,37.59,1537,1690,2097,False,False,False,0.184,-0.201,0.797,False,anomaly_high_hr,synthetic_ad8232_anomaly_high_hr,patient_001,synthetic_ad8232_anomaly_high_hr,175.8,9.984988733093298,3.0,0.8422980470118638
2026-05-26T16:30:03,patient_001,173,True,synthetic_ad8232,97,True,synthetic_max30102,37.34,1744,1896,2353,False,False,False,-0.479,0.441,0.811,False,anomaly_high_hr,synthetic_ad8232_anomaly_high_hr,patient_001,synthetic_ad8232_anomaly_high_hr,174.6,9.864076236526161,0.0,1.040020672871458
2026-05-26T16:30:08,patient_001,157,True,synthetic_ad8232,92,True,synthetic_max30102,37.46,2521,1791,2222,False,False,False,-0.18,-0.185,0.715,False,anomaly_high_hr,synthetic_ad8232_anomaly_high_hr,patient_001,synthetic_ad8232_anomaly_high_hr,168.8,10.009995004993765,-5.0,0.7601644558909605
2026-05-26T16:30:13,patient_001,183,True,synthetic_ad8232,95,True,synthetic_max30102,37.4,2659,1799,2232,False,False,False,-0.218,-0.037,0.886,False,anomaly_high_hr,synthetic_ad8232_anomaly_high_hr,patient_001,synthetic_ad8232_anomaly_high_hr,170.8,11.882760622010363,3.0,0.9131752296246324
2026-05-26T16:30:18,patient_001,175,True,synthetic_ad8232,94,True,synthetic_max30102,37.75,2865,1719,2133,False,False,False,0.031,-0.035,0.848,False,anomaly_high_hr,synthetic_ad8232_anomaly_high_hr,patient_001,synthetic_ad8232_anomaly_high_hr,173.8,10.256705123966471,-1.0,0.8492879370390233
2026-05-26T16:30:23,patient_001,168,True,synthetic_ad8232,96,True,synthetic_max30102,37.18,2058,1731,2148,False,False,False,0.529,0.291,0.846,False,anomaly_high_hr,synthetic_ad8232_anomaly_high_hr,patient_001,synthetic_ad8232_anomaly_high_hr,171.2,9.602083107326246,2.0,1.0393449860368789
2026-05-26T16:30:28,patient_001,166,True,synthetic_ad8232,95,True,synthetic_max30102,37.5,1944,1714,2127,False,False,False,0.33,-0.233,0.764,False,anomaly_high_hr,synthetic_ad8232_anomaly_high_hr,patient_001,synthetic_ad8232_anomaly_high_hr,169.8,9.782637681116483,-1.0,0.8642250864213559
2026-05-26T16:30:33,patient_001,185,True,synthetic_ad8232,98,True,synthetic_max30102,37.72,2467,1822,2261,False,False,False,-0.013,-0.027,0.7,False,anomaly_high_hr,synthetic_ad8232_anomaly_high_hr,patient_001,synthetic_ad8232_anomaly_high_hr,175.4,8.561541917201598,3.0,0.7006411349614009
2026-05-26T16:30:38,patient_001,178,True,synthetic_ad8232,96,True,synthetic_max30102,37.24,2239,1812,2248,False,False,False,0.074,0.208,0.696,False,anomaly_high_hr,synthetic_ad8232_anomaly_high_hr,patient_001,synthetic_ad8232_anomaly_high_hr,174.4,7.700649323271384,-2.0,0.7301753214126043
2026-05-26T16:30:43,patient_001,154,True,synthetic_ad8232,92,True,synthetic_max30102,37.24,2300,1868,2318,False,False,False,0.33,0.365,1.061,False,anomaly_high_hr,synthetic_ad8232_anomaly_high_hr,patient_001,synthetic_ad8232_anomaly_high_hr,170.2,11.882760622010357,-4.0,1.1695494859132725
2026-05-26T16:30:48,patient_001,175,True,synthetic_ad8232,95,True,synthetic_max30102,37.07,1789,1713,2126,False,False,False,-0.096,-0.382,1.247,False,anomaly_high_hr,synthetic_ad8232_anomaly_high_hr,patient_001,synthetic_ad8232_anomaly_high_hr,171.6,11.970797801316335,3.0,1.30772665339512
2026-05-26T16:30:53,patient_001,153,True,synthetic_ad8232,96,True,synthetic_max30102,38.09,2477,1662,2062,False,False,False,0.459,-0.302,0.919,False,anomaly_high_hr,synthetic_ad8232_anomaly_high_hr,patient_001,synthetic_ad8232_anomaly_high_hr,169.0,14.611639196202459,1.0,1.0707221861902367
2026-05-26T16:30:58,patient_001,168,True,synthetic_ad8232,95,True,synthetic_max30102,37.33,1108,1795,2228,False,False,False,-0.055,0.353,1.099,False,anomaly_high_hr,synthetic_ad8232_anomaly_high_hr,patient_001,synthetic_ad8232_anomaly_high_hr,165.6,11.631852818876279,-1.0,1.1556102284074852
2026-05-26T16:31:03,patient_001,164,True,synthetic_ad8232,100,True,synthetic_max30102,37.9,2414,1862,2311,False,False,False,-0.329,-0.033,0.75,False,anomaly_high_hr,synthetic_ad8232_anomaly_high_hr,patient_001,synthetic_ad8232_anomaly_high_hr,162.8,9.364827814754525,5.0,0.8196523653354513
2026-05-26T16:31:08,patient_001,157,True,synthetic_ad8232,96,True,synthetic_max30102,36.4,1831,1604,1991,False,False,False,-0.177,0.037,1.159,False,anomaly_high_hr,synthetic_ad8232_anomaly_high_hr,patient_001,synthetic_ad8232_anomaly_high_hr,163.4,8.734987120768983,-4.0,1.1730213126793563
2026-05-26T16:31:13,patient_001,175,True,synthetic_ad8232,93,True,synthetic_max30102,37.4,2525,1745,2166,False,False,False,0.053,0.373,0.944,False,anomaly_high_hr,synthetic_ad8232_anomaly_high_hr,patient_001,synthetic_ad8232_anomaly_high_hr,163.4,8.734987120768983,-3.0,1.016402479335819
2026-05-26T16:31:18,patient_001,152,True,synthetic_ad8232,96,True,synthetic_max30102,37.09,2142,1680,2085,False,False,False,0.012,0.2,1.101,False,anomaly_high_hr,synthetic_ad8232_anomaly_high_hr,patient_001,synthetic_ad8232_anomaly_high_hr,163.2,9.03880523078133,3.0,1.1190822132444067
2026-05-26T16:31:23,patient_001,180,True,synthetic_ad8232,94,True,synthetic_max30102,37.37,1983,1860,2308,False,False,False,0.001,0.017,0.664,False,anomaly_high_hr,synthetic_ad8232_anomaly_high_hr,patient_001,synthetic_ad8232_anomaly_high_hr,165.6,11.802542099056454,-2.0,0.6642183375969081
2026-05-26T16:31:28,patient_001,175,True,synthetic_ad8232,95,True,synthetic_max30102,37.02,2125,1810,2246,False,False,False,0.283,0.229,1.032,False,anomaly_high_hr,synthetic_ad8232_anomaly_high_hr,patient_001,synthetic_ad8232_anomaly_high_hr,167.8,12.43784547258889,1.0,1.0943281043635862
2026-05-26T16:31:33,patient_001,165,True,synthetic_ad8232,95,True,synthetic_max30102,37.71,2488,1748,2169,False,False,False,-0.099,0.327,0.927,False,anomaly_high_hr,synthetic_ad8232_anomaly_high_hr,patient_001,synthetic_ad8232_anomaly_high_hr,169.4,11.148990985734983,0.0,0.9879569828691936
2026-05-26T16:31:38,patient_001,165,True,synthetic_ad8232,95,True,synthetic_max30102,37.29,2531,1747,2168,False,False,False,0.219,-0.103,0.965,False,anomaly_high_hr,synthetic_ad8232_anomaly_high_hr,patient_001,synthetic_ad8232_anomaly_high_hr,167.4,10.784247771634327,0.0,0.9948844153970852
2026-05-26T16:31:43,patient_001,164,True,synthetic_ad8232,100,True,synthetic_max30102,37.23,1854,1674,2077,False,False,False,-0.008,-0.004,0.727,False,anomaly_high_hr,synthetic_ad8232_anomaly_high_hr,patient_001,synthetic_ad8232_anomaly_high_hr,169.8,7.2594765651526085,5.0,0.7270550185508659
2026-05-26T16:31:48,patient_001,176,True,synthetic_ad8232,96,True,synthetic_max30102,37.08,1902,1700,2110,False,False,False,0.285,0.34,1.241,False,anomaly_high_hr,synthetic_ad8232_anomaly_high_hr,patient_001,synthetic_ad8232_anomaly_high_hr,169.0,5.958187643906489,-4.0,1.317917296342984
2026-05-26T16:31:53,patient_001,183,True,synthetic_ad8232,96,True,synthetic_max30102,37.18,2600,1782,2211,False,False,False,0.184,0.231,0.876,False,anomaly_high_hr,synthetic_ad8232_anomaly_high_hr,patient_001,synthetic_ad8232_anomaly_high_hr,170.6,8.502940667792524,0.0,0.9244419938535895
2026-05-26T16:31:58,patient_001,153,True,synthetic_ad8232,96,True,synthetic_max30102,36.8,1851,1711,2123,False,False,False,-0.157,-0.083,1.085,False,anomaly_high_hr,synthetic_ad8232_anomaly_high_hr,patient_001,synthetic_ad8232_anomaly_high_hr,168.2,11.60603291396332,0.0,1.0994375834943975
2026-05-26T16:32:03,patient_001,166,True,synthetic_ad8232,94,True,synthetic_max30102,37.49,1348,1773,2200,False,False,False,0.266,0.014,0.949,False,anomaly_high_hr,synthetic_ad8232_anomaly_high_hr,patient_001,synthetic_ad8232_anomaly_high_hr,168.4,11.545561917897281,-2.0,0.9856738811594836
2026-05-26T16:32:08,patient_001,170,True,synthetic_ad8232,100,True,synthetic_max30102,37.24,1352,1819,2257,False,False,False,0.016,0.179,1.319,False,anomaly_high_hr,synthetic_ad8232_anomaly_high_hr,patient_001,synthetic_ad8232_anomaly_high_hr,169.6,11.282730166054666,6.0,1.3311866886353694
2026-05-26T16:32:13,patient_001,171,True,synthetic_ad8232,100,True,synthetic_max30102,37.58,1879,1837,2280,False,False,False,-0.191,0.086,0.734,False,anomaly_high_hr,synthetic_ad8232_anomaly_high_hr,patient_001,synthetic_ad8232_anomaly_high_hr,168.6,10.784247771634327,0.0,0.7633040023476885
2026-05-26T16:32:18,patient_001,166,True,synthetic_ad8232,94,True,synthetic_max30102,37.05,1285,1669,2071,False,False,False,0.337,0.051,0.878,False,anomaly_high_hr,synthetic_ad8232_anomaly_high_hr,patient_001,synthetic_ad8232_anomaly_high_hr,165.2,7.1902712048990125,-6.0,0.9418354421022814
2026-05-26T16:32:23,patient_001,152,True,synthetic_ad8232,96,True,synthetic_max30102,37.74,1676,1716,2129,False,False,False,-0.072,0.344,0.846,False,anomaly_high_hr,synthetic_ad8232_anomaly_high_hr,patient_001,synthetic_ad8232_anomaly_high_hr,165.0,7.615773105863904,2.0,0.916098248006184
2026-05-26T16:32:28,patient_001,175,True,synthetic_ad8232,100,True,synthetic_max30102,36.51,2742,1796,2229,False,False,False,-0.029,0.283,0.701,False,anomaly_high_hr,synthetic_ad8232_anomaly_high_hr,patient_001,synthetic_ad8232_anomaly_high_hr,166.8,8.871302046486745,4.0,0.7565256109346199
2026-05-26T16:32:33,patient_001,166,True,synthetic_ad8232,97,True,synthetic_max30102,38.09,2500,1684,2090,False,False,False,0.43,0.018,0.884,False,anomaly_high_hr,synthetic_ad8232_anomaly_high_hr,patient_001,synthetic_ad8232_anomaly_high_hr,166.0,8.68907359849138,-3.0,0.98319886086183
2026-05-26T16:32:38,patient_001,151,True,synthetic_ad8232,95,True,synthetic_max30102,37.35,1954,1722,2137,False,False,False,-0.061,0.086,1.503,False,anomaly_high_hr,synthetic_ad8232_anomaly_high_hr,patient_001,synthetic_ad8232_anomaly_high_hr,162.0,10.271319292087066,-2.0,1.506693731320337
2026-05-26T16:32:43,patient_001,175,True,synthetic_ad8232,96,True,synthetic_max30102,37.95,1272,1646,2043,False,False,False,0.073,-0.02,0.633,False,anomaly_high_hr,synthetic_ad8232_anomaly_high_hr,patient_001,synthetic_ad8232_anomaly_high_hr,163.8,11.8194754536739,1.0,0.6375092156196646
2026-05-26T16:32:48,patient_001,169,True,synthetic_ad8232,93,True,synthetic_max30102,37.87,1887,1793,2225,False,False,False,0.046,-0.019,0.821,False,anomaly_high_hr,synthetic_ad8232_anomaly_high_hr,patient_001,synthetic_ad8232_anomaly_high_hr,167.2,9.859006035092982,-3.0,0.8225071428261276
2026-05-26T16:32:53,patient_001,155,True,synthetic_ad8232,98,True,synthetic_max30102,37.46,1843,1762,2186,False,False,False,-0.007,0.158,0.992,False,anomaly_high_hr,synthetic_ad8232_anomaly_high_hr,patient_001,synthetic_ad8232_anomaly_high_hr,163.2,9.959919678390975,5.0,1.0045282474873467
2026-05-26T16:32:58,patient_001,186,True,synthetic_ad8232,95,True,synthetic_max30102,38.0,1941,1849,2294,False,False,False,0.002,0.191,1.137,False,anomaly_high_hr,synthetic_ad8232_anomaly_high_hr,patient_001,synthetic_ad8232_anomaly_high_hr,167.2,14.39444337235726,-3.0,1.1529327820822861
2026-05-26T16:33:03,patient_001,176,True,synthetic_ad8232,100,True,synthetic_max30102,37.18,1906,1876,2328,False,False,False,0.047,-0.075,0.921,False,anomaly_high_hr,synthetic_ad8232_anomaly_high_hr,patient_001,synthetic_ad8232_anomaly_high_hr,172.2,11.388590782006345,5.0,0.9252432112693397
2026-05-26T16:33:08,patient_001,156,True,synthetic_ad8232,99,True,synthetic_max30102,37.58,2158,1691,2098,False,False,False,0.464,-0.06,1.015,False,anomaly_high_hr,synthetic_ad8232_anomaly_high_hr,patient_001,synthetic_ad8232_anomaly_high_hr,168.4,13.240090634130867,-1.0,1.1176408188680296
2026-05-26T16:33:13,patient_001,151,True,synthetic_ad8232,97,True,synthetic_max30102,37.45,1717,1780,2209,False,False,False,0.028,-0.048,0.811,False,anomaly_high_hr,synthetic_ad8232_anomaly_high_hr,patient_001,synthetic_ad8232_anomaly_high_hr,164.8,15.319921670818031,-2.0,0.8129015930603163
2026-05-26T16:33:18,patient_001,170,True,synthetic_ad8232,100,True,synthetic_max30102,37.97,1580,1747,2168,False,False,False,-0.261,-0.077,1.074,False,anomaly_high_hr,synthetic_ad8232_anomaly_high_hr,patient_001,synthetic_ad8232_anomaly_high_hr,167.8,14.359665734271111,3.0,1.1079377238816268
2026-05-26T16:33:23,patient_001,169,True,synthetic_ad8232,96,True,synthetic_max30102,38.16,2388,1680,2085,False,False,False,-0.011,0.264,0.737,False,anomaly_high_hr,synthetic_ad8232_anomaly_high_hr,patient_001,synthetic_ad8232_anomaly_high_hr,164.4,10.454664030948098,-4.0,0.7829342245680668
2026-05-26T16:33:28,patient_001,176,True,synthetic_ad8232,94,True,synthetic_max30102,37.31,2040,1729,2145,False,False,False,-0.236,-0.006,1.157,False,anomaly_high_hr,synthetic_ad8232_anomaly_high_hr,patient_001,synthetic_ad8232_anomaly_high_hr,164.4,10.454664030948098,-2.0,1.1808391084309495
2026-05-26T16:33:33,patient_001,154,True,synthetic_ad8232,95,True,synthetic_max30102,38.09,1590,1625,2016,False,False,False,0.055,-0.17,0.927,False,anomaly_high_hr,synthetic_ad8232_anomaly_high_hr,patient_001,synthetic_ad8232_anomaly_high_hr,164.0,10.885770528538618,1.0,0.9440624979311487
2026-05-26T16:33:38,patient_001,179,True,synthetic_ad8232,96,True,synthetic_max30102,38.15,2045,1579,1959,False,False,False,0.021,0.023,1.118,False,anomaly_high_hr,synthetic_ad8232_anomaly_high_hr,patient_001,synthetic_ad8232_anomaly_high_hr,169.6,9.659192512834599,1.0,1.1184337262439827
2026-05-26T16:33:43,patient_001,165,True,synthetic_ad8232,99,True,synthetic_max30102,37.73,2173,1684,2090,False,False,False,-0.187,0.278,0.938,False,anomaly_high_hr,synthetic_ad8232_anomaly_high_hr,patient_001,synthetic_ad8232_anomaly_high_hr,168.6,9.864076236526152,3.0,0.9960406618205905
2026-05-26T16:33:48,patient_001,163,True,synthetic_ad8232,99,True,synthetic_max30102,37.45,2827,1798,2231,False,False,False,0.081,0.21,1.209,False,anomaly_high_hr,synthetic_ad8232_anomaly_high_hr,patient_001,synthetic_ad8232_anomaly_high_hr,167.4,10.163660757817528,0.0,1.2297731498125988
2026-05-26T16:33:53,patient_001,171,True,synthetic_ad8232,96,True,synthetic_max30102,37.86,2310,1864,2313,False,False,False,0.022,0.037,1.334,False,anomaly_high_hr,synthetic_ad8232_anomaly_high_hr,patient_001,synthetic_ad8232_anomaly_high_hr,166.4,9.316651759081692,-3.0,1.3346943470323085
2026-05-26T16:33:58,patient_001,160,True,synthetic_ad8232,99,True,synthetic_max30102,37.66,1879,1739,2158,False,False,False,0.103,-0.034,1.056,False,anomaly_high_hr,synthetic_ad8232_anomaly_high_hr,patient_001,synthetic_ad8232_anomaly_high_hr,167.6,7.536577472566705,3.0,1.0615559335239948
2026-05-26T16:34:03,patient_001,166,True,synthetic_ad8232,97,True,synthetic_max30102,37.13,2462,1729,2145,False,False,False,0.221,0.288,1.184,False,anomaly_high_hr,synthetic_ad8232_anomaly_high_hr,patient_001,synthetic_ad8232_anomaly_high_hr,165.0,4.062019202317971,-2.0,1.2384026001264692
2026-05-26T16:34:08,patient_001,166,True,synthetic_ad8232,94,True,synthetic_max30102,37.6,2334,1796,2229,False,False,False,0.069,0.549,1.281,False,anomaly_high_hr,synthetic_ad8232_anomaly_high_hr,patient_001,synthetic_ad8232_anomaly_high_hr,165.2,4.0865633483405,-3.0,1.395393492890088
2026-05-26T16:34:13,patient_001,167,True,synthetic_ad8232,94,True,synthetic_max30102,36.52,2020,1712,2124,False,False,False,-0.135,0.02,0.569,False,anomaly_high_hr,synthetic_ad8232_anomaly_high_hr,patient_001,synthetic_ad8232_anomaly_high_hr,166.0,3.937003937005897,0.0,0.5851375906571035
2026-05-26T16:34:18,patient_001,109,True,synthetic_ad8232,87,True,synthetic_max30102,36.68,2071,1679,2083,False,False,False,0.212,0.096,0.934,False,anomaly_low_spo2,synthetic_ad8232_anomaly_low_spo2,patient_001,synthetic_ad8232_anomaly_low_spo2,109.0,0.0,0.0,0.9625570112985516
2026-05-26T16:34:23,patient_001,100,True,synthetic_ad8232,86,True,synthetic_max30102,37.15,1257,1681,2086,False,False,False,-0.002,-0.079,0.986,False,anomaly_low_spo2,synthetic_ad8232_anomaly_low_spo2,patient_001,synthetic_ad8232_anomaly_low_spo2,104.5,6.363961030678928,-1.0,0.9891617663456266
2026-05-26T16:34:28,patient_001,111,True,synthetic_ad8232,90,True,synthetic_max30102,36.96,2647,1877,2329,False,False,False,0.263,0.155,1.135,False,anomaly_low_spo2,synthetic_ad8232_anomaly_low_spo2,patient_001,synthetic_ad8232_anomaly_low_spo2,106.66666666666667,5.859465277082314,4.0,1.1753378237766365
2026-05-26T16:34:33,patient_001,115,True,synthetic_ad8232,90,True,synthetic_max30102,36.6,1753,1646,2042,False,False,False,0.051,-0.035,1.03,False,anomaly_low_spo2,synthetic_ad8232_anomaly_low_spo2,patient_001,synthetic_ad8232_anomaly_low_spo2,108.75,6.344288770224758,0.0,1.0318556100540424
2026-05-26T16:34:38,patient_001,119,True,synthetic_ad8232,88,True,synthetic_max30102,36.13,2230,1723,2138,False,False,False,-0.106,-0.085,0.902,False,anomaly_low_spo2,synthetic_ad8232_anomaly_low_spo2,patient_001,synthetic_ad8232_anomaly_low_spo2,110.8,7.155417527999326,-2.0,0.912175969865464
2026-05-26T16:34:43,patient_001,129,True,synthetic_ad8232,90,True,synthetic_max30102,37.18,2353,1769,2195,False,False,False,0.101,0.051,1.1,False,anomaly_low_spo2,synthetic_ad8232_anomaly_low_spo2,patient_001,synthetic_ad8232_anomaly_low_spo2,114.8,10.639548862616309,2.0,1.1058037800622678
2026-05-26T16:34:48,patient_001,132,True,synthetic_ad8232,83,True,synthetic_max30102,36.7,2591,1610,1998,False,False,False,0.009,0.145,1.147,False,anomaly_low_spo2,synthetic_ad8232_anomaly_low_spo2,patient_001,synthetic_ad8232_anomaly_low_spo2,121.2,9.011104260855047,-7.0,1.1561639157143766
2026-05-26T16:34:53,patient_001,93,True,synthetic_ad8232,85,True,synthetic_max30102,36.72,2567,1712,2124,False,False,False,0.008,-0.126,1.055,False,anomaly_low_spo2,synthetic_ad8232_anomaly_low_spo2,patient_001,synthetic_ad8232_anomaly_low_spo2,117.6,15.420765220960988,2.0,1.062527646699134
2026-05-26T16:34:58,patient_001,105,True,synthetic_ad8232,88,True,synthetic_max30102,36.79,1627,1679,2083,False,False,False,0.209,-0.253,0.894,False,anomaly_low_spo2,synthetic_ad8232_anomaly_low_spo2,patient_001,synthetic_ad8232_anomaly_low_spo2,115.6,16.45600194457937,3.0,0.952326624640937
2026-05-26T16:35:03,patient_001,108,True,synthetic_ad8232,88,True,synthetic_max30102,36.57,1979,1651,2049,False,False,False,0.046,0.093,0.966,False,anomaly_low_spo2,synthetic_ad8232_anomaly_low_spo2,patient_001,synthetic_ad8232_anomaly_low_spo2,113.4,16.622274212634082,0.0,0.9715559685370678
2026-05-26T16:35:08,patient_001,112,True,synthetic_ad8232,84,True,synthetic_max30102,36.96,1767,1766,2192,False,False,False,-0.005,0.156,1.049,False,anomaly_low_spo2,synthetic_ad8232_anomaly_low_spo2,patient_001,synthetic_ad8232_anomaly_low_spo2,110.0,14.19506956657839,-4.0,1.0605479715694146
2026-05-26T16:35:13,patient_001,106,True,synthetic_ad8232,85,True,synthetic_max30102,36.55,2013,1648,2045,False,False,False,0.165,0.179,0.875,False,anomaly_low_spo2,synthetic_ad8232_anomaly_low_spo2,patient_001,synthetic_ad8232_anomaly_low_spo2,104.8,7.12039324756716,1.0,0.9082351017220156
2026-05-26T16:35:18,patient_001,121,True,synthetic_ad8232,84,True,synthetic_max30102,36.24,2294,1708,2119,False,False,False,0.089,-0.165,0.945,False,anomaly_low_spo2,synthetic_ad8232_anomaly_low_spo2,patient_001,synthetic_ad8232_anomaly_low_spo2,110.4,6.5038450166036395,-1.0,0.9634163170717008
2026-05-26T16:35:23,patient_001,110,True,synthetic_ad8232,87,True,synthetic_max30102,37.1,2845,1711,2123,False,False,False,0.069,-0.035,0.994,False,anomaly_low_spo2,synthetic_ad8232_anomaly_low_spo2,patient_001,synthetic_ad8232_anomaly_low_spo2,111.4,5.813776741499453,3.0,0.99700651953736
2026-05-26T16:35:28,patient_001,125,True,synthetic_ad8232,91,True,synthetic_max30102,36.59,2557,1632,2025,False,False,False,-0.012,0.006,0.976,False,anomaly_low_spo2,synthetic_ad8232_anomaly_low_spo2,patient_001,synthetic_ad8232_anomaly_low_spo2,114.8,7.918333157931661,4.0,0.9760922087589881
2026-05-26T16:35:33,patient_001,126,True,synthetic_ad8232,87,True,synthetic_max30102,37.02,2076,1692,2100,False,False,False,0.062,0.102,0.856,False,anomaly_low_spo2,synthetic_ad8232_anomaly_low_spo2,patient_001,synthetic_ad8232_anomaly_low_spo2,117.6,9.071934744033381,-4.0,0.8642823612685845
2026-05-26T16:35:38,patient_001,122,True,synthetic_ad8232,87,True,synthetic_max30102,36.0,2495,1813,2250,False,False,False,-0.068,0.024,0.996,False,anomaly_low_spo2,synthetic_ad8232_anomaly_low_spo2,patient_001,synthetic_ad8232_anomaly_low_spo2,120.8,6.379655163094635,0.0,0.9986070298170346
2026-05-26T16:35:43,patient_001,113,True,synthetic_ad8232,88,True,synthetic_max30102,37.19,2380,1785,2215,False,False,False,-0.019,0.016,0.881,False,anomaly_low_spo2,synthetic_ad8232_anomaly_low_spo2,patient_001,synthetic_ad8232_anomaly_low_spo2,119.2,7.2594765651526165,1.0,0.8813501006977874
2026-05-26T16:35:48,patient_001,101,True,synthetic_ad8232,88,True,synthetic_max30102,36.98,1956,1697,2106,False,False,False,0.015,-0.023,0.925,False,anomaly_low_spo2,synthetic_ad8232_anomaly_low_spo2,patient_001,synthetic_ad8232_anomaly_low_spo2,117.4,10.5023806824929,0.0,0.9254074778172047
2026-05-26T16:35:53,patient_001,105,True,synthetic_ad8232,85,True,synthetic_max30102,36.83,2442,1730,2147,False,False,False,0.022,-0.002,1.01,False,anomaly_low_spo2,synthetic_ad8232_anomaly_low_spo2,patient_001,synthetic_ad8232_anomaly_low_spo2,113.4,10.69111780872328,-3.0,1.0102415552727972
2026-05-26T16:35:58,patient_001,121,True,synthetic_ad8232,87,True,synthetic_max30102,36.6,2079,1643,2039,False,False,False,-0.064,-0.029,0.992,False,anomaly_low_spo2,synthetic_ad8232_anomaly_low_spo2,patient_001,synthetic_ad8232_anomaly_low_spo2,112.4,9.370165420097987,2.0,0.9944852940089159
2026-05-26T16:36:03,patient_001,97,True,synthetic_ad8232,84,True,synthetic_max30102,37.09,2685,1699,2108,False,False,False,-0.007,-0.054,0.881,False,anomaly_low_spo2,synthetic_ad8232_anomaly_low_spo2,patient_001,synthetic_ad8232_anomaly_low_spo2,107.4,9.63327566303384,-3.0,0.8826811428822982
2026-05-26T16:36:08,patient_001,106,True,synthetic_ad8232,88,True,synthetic_max30102,37.18,1813,1494,1854,False,False,False,-0.141,0.227,1.234,False,anomaly_low_spo2,synthetic_ad8232_anomaly_low_spo2,patient_001,synthetic_ad8232_anomaly_low_spo2,106.0,9.110433579144305,4.0,1.2626028670963805
2026-05-26T16:36:13,patient_001,100,True,synthetic_ad8232,87,True,synthetic_max30102,36.65,2277,1661,2061,False,False,False,0.121,0.019,0.899,False,anomaly_low_spo2,synthetic_ad8232_anomaly_low_spo2,patient_001,synthetic_ad8232_anomaly_low_spo2,105.8,9.2574294488265,-1.0,0.9073053510257724
2026-05-26T16:36:18,patient_001,93,True,synthetic_ad8232,84,True,synthetic_max30102,37.5,2858,1703,2113,False,False,False,-0.024,0.016,0.95,False,anomaly_low_spo2,synthetic_ad8232_anomaly_low_spo2,patient_001,synthetic_ad8232_anomaly_low_spo2,103.4,10.922453936730523,-3.0,0.9504377938613342
2026-05-26T16:36:23,patient_001,121,True,synthetic_ad8232,85,True,synthetic_max30102,36.32,1719,1753,2175,False,False,False,0.0,0.003,0.818,False,anomaly_low_spo2,synthetic_ad8232_anomaly_low_spo2,patient_001,synthetic_ad8232_anomaly_low_spo2,103.4,10.922453936730523,1.0,0.8180055012039955
2026-05-26T16:36:28,patient_001,136,True,synthetic_ad8232,91,True,synthetic_max30102,36.71,1627,1679,2084,False,False,False,0.084,-0.093,1.052,False,anomaly_low_spo2,synthetic_ad8232_anomaly_low_spo2,patient_001,synthetic_ad8232_anomaly_low_spo2,111.2,17.282939564784694,6.0,1.059438058595216
2026-05-26T16:36:33,patient_001,107,True,synthetic_ad8232,87,True,synthetic_max30102,36.69,2651,1590,1973,False,False,False,0.135,-0.049,1.164,False,anomaly_low_spo2,synthetic_ad8232_anomaly_low_spo2,patient_001,synthetic_ad8232_anomaly_low_spo2,111.4,17.213366899011945,-4.0,1.1728265003827292
2026-05-26T16:36:38,patient_001,96,True,synthetic_ad8232,88,True,synthetic_max30102,36.63,2002,1750,2172,False,False,False,0.006,0.11,1.14,False,anomaly_low_spo2,synthetic_ad8232_anomaly_low_spo2,patient_001,synthetic_ad8232_anomaly_low_spo2,110.6,17.95271567200907,1.0,1.1453104382655384
2026-05-26T16:36:43,patient_001,115,True,synthetic_ad8232,86,True,synthetic_max30102,36.45,1915,1559,1934,False,False,False,-0.075,-0.014,1.015,False,anomaly_low_spo2,synthetic_ad8232_anomaly_low_spo2,patient_001,synthetic_ad8232_anomaly_low_spo2,115.0,15.01665741768121,-2.0,1.0178634486020213
2026-05-26T16:36:48,patient_001,136,True,synthetic_ad8232,90,True,synthetic_max30102,36.6,2131,1790,2221,False,False,False,-0.1,0.076,0.758,False,anomaly_low_spo2,synthetic_ad8232_anomaly_low_spo2,patient_001,synthetic_ad8232_anomaly_low_spo2,118.0,17.762319668331614,4.0,0.768335864059462
2026-05-26T16:36:53,patient_001,141,True,synthetic_ad8232,84,True,synthetic_max30102,37.12,2468,1760,2184,False,False,False,0.03,-0.003,0.853,False,anomaly_low_spo2,synthetic_ad8232_anomaly_low_spo2,patient_001,synthetic_ad8232_anomaly_low_spo2,119.0,19.118054294305164,-6.0,0.8535326590119443
2026-05-26T16:36:58,patient_001,141,True,synthetic_ad8232,90,True,synthetic_max30102,36.59,2689,1666,2067,False,False,False,-0.06,-0.107,1.137,False,anomaly_low_spo2,synthetic_ad8232_anomaly_low_spo2,patient_001,synthetic_ad8232_anomaly_low_spo2,125.8,19.816659657974654,6.0,1.143598705840471
2026-05-26T16:37:03,patient_001,120,True,synthetic_ad8232,89,True,synthetic_max30102,36.69,2103,1743,2163,False,False,False,0.106,0.028,0.953,False,anomaly_low_spo2,synthetic_ad8232_anomaly_low_spo2,patient_001,synthetic_ad8232_anomaly_low_spo2,130.6,12.259690045021536,-1.0,0.9592856717370483
2026-05-26T16:37:08,patient_001,99,True,synthetic_ad8232,89,True,synthetic_max30102,36.78,2872,1791,2222,False,False,False,0.089,-0.015,0.869,False,anomaly_low_spo2,synthetic_ad8232_anomaly_low_spo2,patient_001,synthetic_ad8232_anomaly_low_spo2,127.4,18.06377590649309,0.0,0.8736744244854601
2026-05-26T16:37:13,patient_001,126,True,synthetic_ad8232,87,True,synthetic_max30102,36.69,2252,1831,2272,False,False,False,0.178,-0.005,0.927,False,anomaly_low_spo2,synthetic_ad8232_anomaly_low_spo2,patient_001,synthetic_ad8232_anomaly_low_spo2,125.4,17.415510328439996,-2.0,0.9439480917931876
2026-05-26T16:37:18,patient_001,140,True,synthetic_ad8232,85,True,synthetic_max30102,36.98,2488,1638,2033,False,False,False,0.247,0.033,0.964,False,anomaly_low_spo2,synthetic_ad8232_anomaly_low_spo2,patient_001,synthetic_ad8232_anomaly_low_spo2,125.2,17.195929750961426,-2.0,0.9956877020431657
2026-05-26T16:37:23,patient_001,100,True,synthetic_ad8232,88,True,synthetic_max30102,36.37,2623,1594,1978,False,False,False,0.196,0.145,0.987,False,anomaly_low_spo2,synthetic_ad8232_anomaly_low_spo2,patient_001,synthetic_ad8232_anomaly_low_spo2,117.0,17.549928774784252,3.0,1.0166661202184324
2026-05-26T16:37:28,patient_001,106,True,synthetic_ad8232,86,True,synthetic_max30102,36.18,1990,1731,2148,False,False,False,-0.025,-0.115,0.928,False,anomaly_low_spo2,synthetic_ad8232_anomaly_low_spo2,patient_001,synthetic_ad8232_anomaly_low_spo2,114.2,18.06100772382317,-2.0,0.9354325202813937
2026-05-26T16:37:33,patient_001,118,True,synthetic_ad8232,86,True,synthetic_max30102,36.82,2606,1586,1968,False,False,False,0.232,-0.005,1.028,False,anomaly_low_spo2,synthetic_ad8232_anomaly_low_spo2,patient_001,synthetic_ad8232_anomaly_low_spo2,118.0,15.937377450509235,0.0,1.0538657409746273
2026-05-26T16:37:38,patient_001,104,True,synthetic_ad8232,90,True,synthetic_max30102,36.76,1855,1752,2174,False,False,False,0.101,0.097,0.945,False,anomaly_low_spo2,synthetic_ad8232_anomaly_low_spo2,patient_001,synthetic_ad8232_anomaly_low_spo2,113.6,16.211107303327562,4.0,0.9553193183433485
2026-05-26T16:37:43,patient_001,124,True,synthetic_ad8232,87,True,synthetic_max30102,36.92,2150,1717,2131,False,False,False,-0.006,0.035,0.883,False,anomaly_low_spo2,synthetic_ad8232_anomaly_low_spo2,patient_001,synthetic_ad8232_anomaly_low_spo2,110.4,10.13903348450927,-3.0,0.8837137545608306
2026-05-26T16:37:48,patient_001,103,True,synthetic_ad8232,88,True,synthetic_max30102,36.85,2725,1837,2280,False,False,False,-0.022,0.017,0.889,False,anomaly_low_spo2,synthetic_ad8232_anomaly_low_spo2,patient_001,synthetic_ad8232_anomaly_low_spo2,111.0,9.433981132056612,1.0,0.8894346518997335
2026-05-26T16:37:53,patient_001,116,True,synthetic_ad8232,91,True,synthetic_max30102,36.11,2164,1675,2078,False,False,False,-0.216,-0.01,0.852,False,anomaly_low_spo2,synthetic_ad8232_anomaly_low_spo2,patient_001,synthetic_ad8232_anomaly_low_spo2,113.0,9.165151389911689,3.0,0.8790108076696214
2026-05-26T16:37:58,patient_001,127,True,synthetic_ad8232,85,True,synthetic_max30102,36.94,2188,1798,2231,False,False,False,0.041,0.065,0.938,False,anomaly_low_spo2,synthetic_ad8232_anomaly_low_spo2,patient_001,synthetic_ad8232_anomaly_low_spo2,114.8,11.0770032048384,-6.0,0.9411429221961986
2026-05-26T16:38:03,patient_001,140,True,synthetic_ad8232,86,True,synthetic_max30102,37.06,989,1698,2107,False,False,False,0.034,-0.003,1.053,False,anomaly_low_spo2,synthetic_ad8232_anomaly_low_spo2,patient_001,synthetic_ad8232_anomaly_low_spo2,122.0,13.69306393762916,1.0,1.0535530361590726
2026-05-26T16:38:08,patient_001,75,True,synthetic_ad8232,91,True,synthetic_max30102,37.23,2010,1616,2005,False,False,False,0.229,0.028,0.861,False,anomaly_low_spo2,synthetic_ad8232_anomaly_low_spo2,patient_001,synthetic_ad8232_anomaly_low_spo2,112.2,24.87368086954563,5.0,0.891373098090805
2026-05-26T16:38:13,patient_001,96,True,synthetic_ad8232,91,True,synthetic_max30102,37.58,2234,1775,2202,False,False,False,0.088,0.029,0.861,False,anomaly_low_spo2,synthetic_ad8232_anomaly_low_spo2,patient_001,synthetic_ad8232_anomaly_low_spo2,110.8,25.704085278414407,0.0,0.8659711311585392
2026-05-26T16:38:18,patient_001,107,True,synthetic_ad8232,89,True,synthetic_max30102,36.6,2564,1674,2077,False,False,False,0.055,-0.114,1.099,False,anomaly_low_spo2,synthetic_ad8232_anomaly_low_spo2,patient_001,synthetic_ad8232_anomaly_low_spo2,109.0,25.563646062328438,-2.0,1.1062648869054825
2026-05-26T16:38:23,patient_001,109,True,synthetic_ad8232,88,True,synthetic_max30102,36.38,2140,1683,2089,False,False,False,0.116,-0.058,0.941,False,anomaly_low_spo2,synthetic_ad8232_anomaly_low_spo2,patient_001,synthetic_ad8232_anomaly_low_spo2,105.4,23.58601280420241,-1.0,0.9498952573836759
2026-05-26T16:38:28,patient_001,85,True,synthetic_ad8232,87,True,synthetic_max30102,37.08,1611,1647,2044,False,False,False,0.002,0.008,1.006,False,anomaly_low_spo2,synthetic_ad8232_anomaly_low_spo2,patient_001,synthetic_ad8232_anomaly_low_spo2,94.4,14.484474446799933,-1.0,1.0060337966489992
2026-05-26T16:38:33,patient_001,111,True,synthetic_ad8232,90,True,synthetic_max30102,36.43,1727,1679,2084,False,False,False,0.003,-0.108,1.084,False,anomaly_low_spo2,synthetic_ad8232_anomaly_low_spo2,patient_001,synthetic_ad8232_anomaly_low_spo2,101.6,10.94531863400971,3.0,1.0893709193842105
2026-05-26T16:38:38,patient_001,113,True,synthetic_ad8232,85,True,synthetic_max30102,36.44,2228,1638,2032,False,False,False,-0.106,-0.077,1.126,False,anomaly_low_spo2,synthetic_ad8232_anomaly_low_spo2,patient_001,synthetic_ad8232_anomaly_low_spo2,105.0,11.40175425099139,-5.0,1.1335964890559602
2026-05-26T16:38:43,patient_001,99,True,synthetic_ad8232,90,True,synthetic_max30102,36.44,1879,1715,2128,False,False,False,0.044,0.035,1.223,False,anomaly_low_spo2,synthetic_ad8232_anomaly_low_spo2,patient_001,synthetic_ad8232_anomaly_low_spo2,103.4,11.610340218960005,5.0,1.224291631924355
2026-05-26T16:38:48,patient_001,123,True,synthetic_ad8232,91,True,synthetic_max30102,36.23,1532,1676,2080,False,False,False,-0.044,0.006,0.948,False,anomaly_low_spo2,synthetic_ad8232_anomaly_low_spo2,patient_001,synthetic_ad8232_anomaly_low_spo2,106.2,14.601369798755192,1.0,0.94903951445659
2026-05-26T16:38:53,patient_001,134,True,synthetic_ad8232,85,True,synthetic_max30102,36.73,1912,1619,2009,False,False,False,0.145,0.027,0.892,False,anomaly_low_spo2,synthetic_ad8232_anomaly_low_spo2,patient_001,synthetic_ad8232_anomaly_low_spo2,116.0,13.190905958272928,-6.0,0.9041117187604638
2026-05-26T16:38:58,patient_001,100,True,synthetic_ad8232,88,True,synthetic_max30102,36.31,2014,1771,2198,False,False,False,0.121,0.042,1.009,False,anomaly_low_spo2,synthetic_ad8232_anomaly_low_spo2,patient_001,synthetic_ad8232_anomaly_low_spo2,113.8,15.023315213360872,3.0,1.0170968488792007
2026-05-26T16:39:03,patient_001,100,True,synthetic_ad8232,87,True,synthetic_max30102,36.73,2179,1634,2028,False,False,False,0.031,-0.053,0.788,False,anomaly_low_spo2,synthetic_ad8232_anomaly_low_spo2,patient_001,synthetic_ad8232_anomaly_low_spo2,111.2,16.269603560013387,-1.0,0.7903885120622642
2026-05-26T16:39:08,patient_001,114,True,synthetic_ad8232,91,True,synthetic_max30102,37.48,3018,1806,2241,False,False,False,0.116,0.168,1.067,False,anomaly_low_spo2,synthetic_ad8232_anomaly_low_spo2,patient_001,synthetic_ad8232_anomaly_low_spo2,114.2,14.771594362153335,4.0,1.0863558348902076
2026-05-26T16:39:13,patient_001,127,True,synthetic_ad8232,90,True,synthetic_max30102,36.73,1973,1654,2053,False,False,False,0.036,-0.004,1.052,False,anomaly_low_spo2,synthetic_ad8232_anomaly_low_spo2,patient_001,synthetic_ad8232_anomaly_low_spo2,115.0,15.459624833740312,-1.0,1.0526233894418269
2026-05-26T16:39:18,patient_001,75,True,synthetic_ad8232,91,True,synthetic_max30102,36.72,1642,1744,2164,False,False,False,0.086,0.176,1.02,False,anomaly_low_spo2,synthetic_ad8232_anomaly_low_spo2,patient_001,synthetic_ad8232_anomaly_low_spo2,103.2,19.35716921453135,1.0,1.0386394947237467
2026-05-26T16:39:23,patient_001,145,True,synthetic_ad8232,90,True,synthetic_max30102,36.87,1478,1823,2262,False,False,False,0.183,-0.087,0.961,False,anomaly_low_spo2,synthetic_ad8232_anomaly_low_spo2,patient_001,synthetic_ad8232_anomaly_low_spo2,112.2,26.60263144878717,-1.0,0.9821298284850124
2026-05-26T16:39:28,patient_001,121,True,synthetic_ad8232,89,True,synthetic_max30102,37.49,1554,1666,2067,False,False,False,-0.118,0.191,0.934,False,anomaly_low_spo2,synthetic_ad8232_anomaly_low_spo2,patient_001,synthetic_ad8232_anomaly_low_spo2,116.4,25.841826560829638,-1.0,0.9606044971787298
2026-05-26T16:39:33,patient_001,95,True,synthetic_ad8232,89,True,synthetic_max30102,36.41,2165,1631,2024,False,False,False,0.114,-0.036,0.869,False,anomaly_low_spo2,synthetic_ad8232_anomaly_low_spo2,patient_001,synthetic_ad8232_anomaly_low_spo2,112.6,27.61883415352647,0.0,0.8771847011889798
2026-05-26T16:39:38,patient_001,108,True,synthetic_ad8232,88,True,synthetic_max30102,37.04,2292,1687,2094,False,False,False,0.148,-0.001,0.886,False,anomaly_low_spo2,synthetic_ad8232_anomaly_low_spo2,patient_001,synthetic_ad8232_anomaly_low_spo2,108.8,26.423474411969373,-1.0,0.8982766834333394
2026-05-26T16:39:43,patient_001,89,True,synthetic_ad8232,86,True,synthetic_max30102,36.55,1261,1550,1924,False,False,False,0.019,-0.046,1.061,False,anomaly_low_spo2,synthetic_ad8232_anomaly_low_spo2,patient_001,synthetic_ad8232_anomaly_low_spo2,111.6,22.378561169118985,-2.0,1.0621666535906689
2026-05-26T16:39:48,patient_001,107,True,synthetic_ad8232,88,True,synthetic_max30102,36.29,1821,1692,2099,False,False,False,-0.021,-0.01,0.951,False,anomaly_low_spo2,synthetic_ad8232_anomaly_low_spo2,patient_001,synthetic_ad8232_anomaly_low_spo2,104.0,12.449899597988734,2.0,0.9512843949103759
2026-05-26T16:39:53,patient_001,136,True,synthetic_ad8232,89,True,synthetic_max30102,36.52,2397,1672,2075,False,False,False,0.049,0.042,1.111,False,anomaly_low_spo2,synthetic_ad8232_anomaly_low_spo2,patient_001,synthetic_ad8232_anomaly_low_spo2,107.0,18.096961070853858,1.0,1.1128728588657377
2026-05-26T16:39:58,patient_001,113,True,synthetic_ad8232,91,True,synthetic_max30102,37.25,2785,1675,2079,False,False,False,0.06,0.004,1.041,False,anomaly_low_spo2,synthetic_ad8232_anomaly_low_spo2,patient_001,synthetic_ad8232_anomaly_low_spo2,110.6,16.86119805944999,2.0,1.0427353451379693
2026-05-26T16:40:03,patient_001,113,True,synthetic_ad8232,87,True,synthetic_max30102,36.64,1645,1763,2188,False,False,False,-0.081,0.086,0.908,False,anomaly_low_spo2,synthetic_ad8232_anomaly_low_spo2,patient_001,synthetic_ad8232_anomaly_low_spo2,111.6,16.816658407662327,-4.0,0.9156533186747046
2026-05-26T16:40:08,patient_001,114,True,synthetic_ad8232,91,True,synthetic_max30102,36.05,2449,1728,2144,False,False,False,0.242,-0.013,1.004,False,anomaly_low_spo2,synthetic_ad8232_anomaly_low_spo2,patient_001,synthetic_ad8232_anomaly_low_spo2,116.6,11.193748255164582,4.0,1.032835417673116
2026-05-26T16:40:13,patient_001,116,True,synthetic_ad8232,90,True,synthetic_max30102,36.98,1417,1753,2175,False,False,False,0.216,0.082,1.186,False,anomaly_low_spo2,synthetic_ad8232_anomaly_low_spo2,patient_001,synthetic_ad8232_anomaly_low_spo2,118.4,9.914635646356356,-1.0,1.20829466604798
2026-05-26T16:40:18,patient_001,145,True,synthetic_ad8232,87,True,synthetic_max30102,37.32,2086,1766,2192,False,False,False,0.043,0.136,0.921,False,anomaly_low_spo2,synthetic_ad8232_anomaly_low_spo2,patient_001,synthetic_ad8232_anomaly_low_spo2,120.2,13.917614738165451,-3.0,0.9319796135109395
2026-05-26T16:40:23,patient_001,137,True,synthetic_ad8232,89,True,synthetic_max30102,37.13,2551,1730,2147,False,False,False,-0.176,0.021,1.031,False,anomaly_low_spo2,synthetic_ad8232_anomaly_low_spo2,patient_001,synthetic_ad8232_anomaly_low_spo2,125.0,14.916433890176302,2.0,1.0461252315091152
2026-05-26T16:40:28,patient_001,106,True,synthetic_ad8232,88,True,synthetic_max30102,37.21,2148,1617,2007,False,False,False,-0.188,0.089,0.957,False,anomaly_low_spo2,synthetic_ad8232_anomaly_low_spo2,patient_001,synthetic_ad8232_anomaly_low_spo2,123.6,16.562004709575472,-1.0,0.9793436577626875
2026-05-26T16:40:33,patient_001,132,True,synthetic_ad8232,90,True,synthetic_max30102,36.75,1795,1662,2062,False,False,False,0.128,0.117,0.981,False,anomaly_low_spo2,synthetic_ad8232_anomaly_low_spo2,patient_001,synthetic_ad8232_anomaly_low_spo2,127.2,15.89654050414744,2.0,0.9962098172573888
2026-05-26T16:40:38,patient_001,125,True,synthetic_ad8232,88,True,synthetic_max30102,36.43,2660,1724,2139,False,False,False,-0.128,0.113,0.935,False,anomaly_low_spo2,synthetic_ad8232_anomaly_low_spo2,patient_001,synthetic_ad8232_anomaly_low_spo2,129.0,14.781745499094487,-2.0,0.95046199292765
2026-05-26T16:40:43,patient_001,91,True,synthetic_ad8232,88,True,synthetic_max30102,36.74,2545,1702,2112,False,False,False,0.078,0.154,0.857,False,anomaly_low_spo2,synthetic_ad8232_anomaly_low_spo2,patient_001,synthetic_ad8232_anomaly_low_spo2,118.2,19.22758435165479,0.0,0.8742133606849074
2026-05-26T16:40:48,patient_001,109,True,synthetic_ad8232,88,True,synthetic_max30102,36.95,2421,1616,2005,False,False,False,0.074,0.088,1.046,False,anomaly_low_spo2,synthetic_ad8232_anomaly_low_spo2,patient_001,synthetic_ad8232_anomaly_low_spo2,112.6,16.226521500309307,0.0,1.0523003373562132
2026-05-26T16:40:53,patient_001,131,True,synthetic_ad8232,88,True,synthetic_max30102,36.28,1497,1683,2089,False,False,False,0.029,0.049,0.876,False,anomaly_low_spo2,synthetic_ad8232_anomaly_low_spo2,patient_001,synthetic_ad8232_anomaly_low_spo2,117.6,17.48713813063762,0.0,0.8778485062925151
2026-05-26T16:40:58,patient_001,122,True,synthetic_ad8232,88,True,synthetic_max30102,36.22,1737,1671,2074,False,False,False,0.075,0.024,1.042,False,anomaly_low_spo2,synthetic_ad8232_anomaly_low_spo2,patient_001,synthetic_ad8232_anomaly_low_spo2,115.6,15.931101656822111,0.0,1.0449712914716844
2026-05-26T16:41:03,patient_001,100,True,synthetic_ad8232,87,True,synthetic_max30102,36.81,3099,1649,2046,False,False,False,0.055,0.011,0.948,False,anomaly_low_spo2,synthetic_ad8232_anomaly_low_spo2,patient_001,synthetic_ad8232_anomaly_low_spo2,110.6,16.164776521808157,-1.0,0.9496578331167495
2026-05-26T16:41:08,patient_001,100,True,synthetic_ad8232,87,True,synthetic_max30102,37.8,2381,1611,1999,False,False,False,0.082,-0.108,1.074,False,anomaly_low_spo2,synthetic_ad8232_anomaly_low_spo2,patient_001,synthetic_ad8232_anomaly_low_spo2,112.4,13.758633653092165,0.0,1.082526674036257
2026-05-26T16:41:13,patient_001,109,True,synthetic_ad8232,87,True,synthetic_max30102,37.36,2308,1653,2051,False,False,False,0.097,0.127,1.033,False,anomaly_low_spo2,synthetic_ad8232_anomaly_low_spo2,patient_001,synthetic_ad8232_anomaly_low_spo2,112.4,13.758633653092165,0.0,1.0452879985917756
2026-05-26T16:41:18,patient_001,131,True,synthetic_ad8232,88,True,synthetic_max30102,37.43,1605,1717,2131,False,False,False,0.125,0.051,1.015,False,anomaly_low_spo2,synthetic_ad8232_anomaly_low_spo2,patient_001,synthetic_ad8232_anomaly_low_spo2,112.4,13.758633653092165,1.0,1.023938963024652
2026-05-26T16:41:23,patient_001,111,True,synthetic_ad8232,88,True,synthetic_max30102,36.65,2218,1731,2148,False,False,False,0.074,0.032,1.067,False,anomaly_low_spo2,synthetic_ad8232_anomaly_low_spo2,patient_001,synthetic_ad8232_anomaly_low_spo2,110.2,12.67675037223658,0.0,1.070041587976841
2026-05-26T16:41:28,patient_001,90,True,synthetic_ad8232,91,True,synthetic_max30102,36.75,2775,1767,2193,False,False,False,0.032,-0.004,0.941,False,anomaly_low_spo2,synthetic_ad8232_anomaly_low_spo2,patient_001,synthetic_ad8232_anomaly_low_spo2,108.2,15.221695043588287,3.0,0.9415524414497579
2026-05-26T16:41:33,patient_001,119,True,synthetic_ad8232,88,True,synthetic_max30102,37.02,2171,1664,2065,False,False,False,0.047,0.011,1.024,False,anomaly_low_spo2,synthetic_ad8232_anomaly_low_spo2,patient_001,synthetic_ad8232_anomaly_low_spo2,112.0,15.033296378372915,-3.0,1.025137064006565
2026-05-26T16:41:38,patient_001,115,True,synthetic_ad8232,89,True,synthetic_max30102,36.58,1602,1654,2052,False,False,False,0.111,-0.061,0.933,False,anomaly_low_spo2,synthetic_ad8232_anomaly_low_spo2,patient_001,synthetic_ad8232_anomaly_low_spo2,113.2,14.97330958739584,1.0,0.9415577518134509
2026-05-26T16:41:43,patient_001,128,True,synthetic_ad8232,86,True,synthetic_max30102,36.56,2379,1635,2029,False,False,False,0.166,-0.027,0.971,False,anomaly_low_spo2,synthetic_ad8232_anomaly_low_spo2,patient_001,synthetic_ad8232_anomaly_low_spo2,112.6,14.11736519326465,-3.0,0.9854572542733652
2026-05-26T16:41:48,patient_001,126,True,synthetic_ad8232,90,True,synthetic_max30102,36.99,2543,1791,2222,False,False,False,0.047,-0.022,0.909,False,anomaly_low_spo2,synthetic_ad8232_anomaly_low_spo2,patient_001,synthetic_ad8232_anomaly_low_spo2,115.6,15.241391012633992,4.0,0.9104800931376809
2026-05-26T16:41:53,patient_001,101,True,synthetic_ad8232,88,True,synthetic_max30102,36.69,1375,1608,1996,False,False,False,-0.073,0.048,0.948,False,anomaly_low_spo2,synthetic_ad8232_anomaly_low_spo2,patient_001,synthetic_ad8232_anomaly_low_spo2,117.8,10.756393447619898,-2.0,0.952017331775005
2026-05-26T16:41:58,patient_001,87,True,synthetic_ad8232,87,True,synthetic_max30102,36.77,2030,1698,2107,False,False,False,-0.048,0.095,0.983,False,anomaly_low_spo2,synthetic_ad8232_anomaly_low_spo2,patient_001,synthetic_ad8232_anomaly_low_spo2,111.4,17.357995275952817,-1.0,0.9887456700284457
2026-05-26T16:42:03,patient_001,99,True,synthetic_ad8232,88,True,synthetic_max30102,36.36,2492,1649,2046,False,False,False,0.094,-0.064,1.082,False,anomaly_low_spo2,synthetic_ad8232_anomaly_low_spo2,patient_001,synthetic_ad8232_anomaly_low_spo2,108.2,17.99166473676075,1.0,1.0879595580718981
2026-05-26T16:42:08,patient_001,94,True,synthetic_ad8232,87,True,synthetic_max30102,36.93,2102,1792,2224,False,False,False,0.157,0.197,0.994,False,anomaly_low_spo2,synthetic_ad8232_anomaly_low_spo2,patient_001,synthetic_ad8232_anomaly_low_spo2,101.4,14.774978849392655,-1.0,1.0254238148199992
2026-05-26T16:42:13,patient_001,130,True,synthetic_ad8232,86,True,synthetic_max30102,36.95,2185,1617,2006,False,False,False,-0.194,-0.082,1.037,False,anomaly_low_spo2,synthetic_ad8232_anomaly_low_spo2,patient_001,synthetic_ad8232_anomaly_low_spo2,102.2,16.45296325893911,-1.0,1.0581724812146647
2026-05-26T16:42:18,patient_001,127,True,synthetic_ad8232,87,True,synthetic_max30102,36.46,1993,1710,2122,False,False,False,-0.007,-0.067,0.98,False,anomaly_low_spo2,synthetic_ad8232_anomaly_low_spo2,patient_001,synthetic_ad8232_anomaly_low_spo2,107.4,19.756011743264384,1.0,0.9823125775434213
2026-05-26T16:42:23,patient_001,139,True,synthetic_ad8232,86,True,synthetic_max30102,37.29,2050,1795,2227,False,False,False,-0.064,0.037,1.108,False,anomaly_low_spo2,synthetic_ad8232_anomaly_low_spo2,patient_001,synthetic_ad8232_anomaly_low_spo2,117.8,20.017492350441906,-1.0,1.110463416776978
2026-05-26T16:42:28,patient_001,121,True,synthetic_ad8232,89,True,synthetic_max30102,36.61,2436,1736,2154,False,False,False,0.102,0.216,1.037,False,anomaly_low_spo2,synthetic_ad8232_anomaly_low_spo2,patient_001,synthetic_ad8232_anomaly_low_spo2,122.2,17.049926686059393,3.0,1.0641564734567937
2026-05-26T16:42:33,patient_001,89,True,synthetic_ad8232,89,True,synthetic_max30102,36.44,2482,1610,1998,False,False,False,-0.019,0.246,0.965,False,anomaly_low_spo2,synthetic_ad8232_anomaly_low_spo2,patient_001,synthetic_ad8232_anomaly_low_spo2,121.2,19.13635283955645,0.0,0.9960431717551202
2026-05-26T16:42:38,patient_001,97,True,synthetic_ad8232,87,True,synthetic_max30102,37.24,2685,1642,2038,False,False,False,0.044,-0.126,1.044,False,anomaly_low_spo2,synthetic_ad8232_anomaly_low_spo2,patient_001,synthetic_ad8232_anomaly_low_spo2,114.6,20.947553556441864,-2.0,1.0524960807527979
2026-05-26T16:42:43,patient_001,102,True,synthetic_ad8232,90,True,synthetic_max30102,37.42,2120,1617,2006,False,False,False,-0.045,0.011,1.029,False,anomaly_low_spo2,synthetic_ad8232_anomaly_low_spo2,patient_001,synthetic_ad8232_anomaly_low_spo2,109.6,20.218803129760186,3.0,1.0300422321439058
2026-05-26T16:42:48,patient_001,108,True,synthetic_ad8232,87,True,synthetic_max30102,36.82,1990,1644,2040,False,False,False,0.047,0.046,0.93,False,anomaly_low_spo2,synthetic_ad8232_anomaly_low_spo2,patient_001,synthetic_ad8232_anomaly_low_spo2,103.4,12.054044964243337,-3.0,0.9323223691406316
2026-05-26T16:42:53,patient_001,111,True,synthetic_ad8232,87,True,synthetic_max30102,36.91,2703,1627,2019,False,False,False,-0.141,-0.043,0.962,False,anomaly_low_spo2,synthetic_ad8232_anomaly_low_spo2,patient_001,synthetic_ad8232_anomaly_low_spo2,101.4,8.792041856133316,0.0,0.9732286473383323
2026-05-26T16:42:58,patient_001,112,True,synthetic_ad8232,88,True,synthetic_max30102,36.63,1896,1622,2013,False,False,False,0.038,-0.092,0.973,False,anomaly_low_spo2,synthetic_ad8232_anomaly_low_spo2,patient_001,synthetic_ad8232_anomaly_low_spo2,106.0,6.363961030678939,1.0,0.978078217731077
2026-05-26T16:43:03,patient_001,75,True,synthetic_ad8232,86,True,synthetic_max30102,37.31,1908,1691,2098,False,False,False,0.123,0.162,1.129,False,anomaly_low_spo2,synthetic_ad8232_anomaly_low_spo2,patient_001,synthetic_ad8232_anomaly_low_spo2,101.6,15.372052563011879,-2.0,1.1471765339301532
2026-05-26T16:43:08,patient_001,95,True,synthetic_ad8232,91,True,synthetic_max30102,36.82,2617,1657,2056,False,False,False,0.289,-0.007,1.187,False,anomaly_low_spo2,synthetic_ad8232_anomaly_low_spo2,patient_001,synthetic_ad8232_anomaly_low_spo2,100.2,15.642889758609185,5.0,1.2216951338202178
2026-05-26T16:43:13,patient_001,139,True,synthetic_ad8232,86,True,synthetic_max30102,36.63,2136,1704,2114,False,False,False,-0.063,-0.093,1.057,False,anomaly_low_spo2,synthetic_ad8232_anomaly_low_spo2,patient_001,synthetic_ad8232_anomaly_low_spo2,106.4,23.617789905069444,-5.0,1.0629520214948556
2026-05-26T16:43:18,patient_001,121,True,synthetic_ad8232,84,True,synthetic_max30102,37.25,2178,1791,2222,False,False,False,0.005,0.083,1.052,False,anomaly_low_spo2,synthetic_ad8232_anomaly_low_spo2,patient_001,synthetic_ad8232_anomaly_low_spo2,108.4,24.51122191976565,-2.0,1.0552810052303605
2026-05-26T16:43:23,patient_001,78,True,synthetic_ad8232,88,True,synthetic_max30102,36.87,2213,1556,1931,False,False,False,-0.063,0.045,0.954,False,anomaly_low_spo2,synthetic_ad8232_anomaly_low_spo2,patient_001,synthetic_ad8232_anomaly_low_spo2,101.6,27.76328510821441,4.0,0.9571363539224701
2026-05-26T16:43:28,patient_001,102,True,synthetic_ad8232,95,True,synthetic_max30102,36.64,2685,1707,2118,False,False,False,-0.003,0.006,0.054,True,fall,synthetic_ad8232_fall,patient_001,synthetic_ad8232_fall,102.0,0.0,0.0,0.05441507144165116
2026-05-26T16:43:33,patient_001,124,True,synthetic_ad8232,97,True,synthetic_max30102,37.01,1233,1627,2019,False,False,False,-0.07,-0.016,0.036,True,fall,synthetic_ad8232_fall,patient_001,synthetic_ad8232_fall,113.0,15.556349186104045,2.0,0.08032434251209282
2026-05-26T16:43:38,patient_001,88,True,synthetic_ad8232,95,True,synthetic_max30102,36.78,2337,1648,2045,False,False,False,0.006,-0.035,0.145,True,fall,synthetic_ad8232_fall,patient_001,synthetic_ad8232_fall,104.66666666666667,18.147543451754935,-2.0,0.1492849624041216
2026-05-26T16:43:43,patient_001,116,True,synthetic_ad8232,93,True,synthetic_max30102,36.77,2528,1730,2147,False,False,False,1.39,1.61,2.805,True,fall,synthetic_ad8232_fall,patient_001,synthetic_ad8232_fall,107.5,15.864005379054392,-2.0,3.520259223409549
2026-05-26T16:43:48,patient_001,98,True,synthetic_ad8232,96,True,synthetic_max30102,36.86,1667,1541,1912,False,False,False,-2.615,0.142,0.004,True,fall,synthetic_ad8232_fall,patient_001,synthetic_ad8232_fall,105.6,14.38054240979804,3.0,2.6188556661259517
2026-05-26T16:43:53,patient_001,70,True,synthetic_ad8232,96,True,synthetic_max30102,37.08,1847,1588,1970,False,False,False,2.308,-2.363,0.02,True,fall,synthetic_ad8232_fall,patient_001,synthetic_ad8232_fall,99.2,21.661024906499694,0.0,3.303185280906901
2026-05-26T16:43:58,patient_001,89,True,synthetic_ad8232,96,True,synthetic_max30102,36.75,1963,1694,2102,False,False,False,0.016,0.017,0.0,True,fall,synthetic_ad8232_fall,patient_001,synthetic_ad8232_fall,92.2,16.739175606940744,0.0,0.023345235059857503
2026-05-26T16:44:03,patient_001,109,True,synthetic_ad8232,98,True,synthetic_max30102,36.55,2227,1757,2180,False,False,False,2.594,0.861,2.035,True,fall,synthetic_ad8232_fall,patient_001,synthetic_ad8232_fall,96.4,18.008331405213532,2.0,3.407547798637607
2026-05-26T16:44:08,patient_001,99,True,synthetic_ad8232,98,True,synthetic_max30102,36.5,2657,1758,2181,False,False,False,1.188,-1.46,2.874,True,fall,synthetic_ad8232_fall,patient_001,synthetic_ad8232_fall,93.0,14.6799182559032,0.0,3.435523249812174
2026-05-26T16:44:13,patient_001,112,True,synthetic_ad8232,92,True,synthetic_max30102,36.41,1774,1647,2044,False,False,False,0.947,-1.214,0.614,True,fall,synthetic_ad8232_fall,patient_001,synthetic_ad8232_fall,95.8,17.020575783445167,-6.0,1.6575889116424494
2026-05-26T16:44:18,patient_001,111,True,synthetic_ad8232,97,True,synthetic_max30102,36.75,2410,1658,2057,False,False,False,-0.064,0.01,0.107,True,fall,synthetic_ad8232_fall,patient_001,synthetic_ad8232_fall,104.0,9.848857801796107,5.0,0.1250799744163709
2026-05-26T16:44:23,patient_001,115,True,synthetic_ad8232,98,True,synthetic_max30102,36.87,1721,1733,2151,False,False,False,-0.051,-0.05,0.153,True,fall,synthetic_ad8232_fall,patient_001,synthetic_ad8232_fall,109.2,6.0991802727907665,1.0,0.16884904500766357
2026-05-26T16:44:28,patient_001,115,True,synthetic_ad8232,92,True,synthetic_max30102,36.6,2206,1663,2064,False,False,False,-0.01,0.009,0.0,True,fall,synthetic_ad8232_fall,patient_001,synthetic_ad8232_fall,110.4,6.6181568431097215,-6.0,0.01345362404707371
2026-05-26T16:44:33,patient_001,120,True,synthetic_ad8232,98,True,synthetic_max30102,36.73,1491,1569,1947,False,False,False,-0.107,-0.016,0.004,True,fall,synthetic_ad8232_fall,patient_001,synthetic_ad8232_fall,114.6,3.5071355833500406,6.0,0.10826356727911748
2026-05-26T16:44:38,patient_001,139,True,synthetic_ad8232,95,True,synthetic_max30102,36.88,1845,1733,2150,False,False,False,2.315,-2.595,0.081,True,fall,synthetic_ad8232_fall,patient_001,synthetic_ad8232_fall,120.0,11.090536506409418,-3.0,3.4784782592392323
2026-05-26T16:44:43,patient_001,79,True,synthetic_ad8232,94,True,synthetic_max30102,36.54,2072,1715,2128,False,False,False,-1.266,-1.234,2.855,True,fall,synthetic_ad8232_fall,patient_001,synthetic_ad8232_fall,113.6,21.72095762161512,-1.0,3.3580555385520356
2026-05-26T16:44:48,patient_001,126,True,synthetic_ad8232,96,True,synthetic_max30102,36.95,2046,1804,2239,False,False,False,2.008,-1.163,-0.084,True,fall,synthetic_ad8232_fall,patient_001,synthetic_ad8232_fall,115.8,22.44326179502436,2.0,2.322001076657804
2026-05-26T16:44:53,patient_001,120,True,synthetic_ad8232,97,True,synthetic_max30102,37.4,3452,1727,2143,False,False,False,1.441,-0.546,0.247,True,fall,synthetic_ad8232_fall,patient_001,synthetic_ad8232_fall,116.8,22.509997778764884,1.0,1.5606428162779593
2026-05-26T16:44:58,patient_001,118,True,synthetic_ad8232,93,True,synthetic_max30102,36.73,2032,1714,2127,False,False,False,-2.021,-1.723,0.657,True,fall,synthetic_ad8232_fall,patient_001,synthetic_ad8232_fall,116.4,22.45662485771181,-4.0,2.735839724837696
2026-05-26T16:45:03,patient_001,126,True,synthetic_ad8232,97,True,synthetic_max30102,36.9,2033,1713,2126,False,False,False,0.011,0.054,0.125,True,fall,synthetic_ad8232_fall,patient_001,synthetic_ad8232_fall,113.8,19.778776504121787,4.0,0.1366089308939939
2026-05-26T16:45:08,patient_001,140,True,synthetic_ad8232,95,True,synthetic_max30102,36.94,1478,1684,2090,False,False,False,-0.049,-0.065,0.059,True,fall,synthetic_ad8232_fall,patient_001,synthetic_ad8232_fall,126.0,8.602325267042627,-2.0,0.10053357648069625
2026-05-26T16:45:13,patient_001,100,True,synthetic_ad8232,97,True,synthetic_max30102,37.24,2109,1704,2115,False,False,False,-0.208,0.051,0.047,True,fall,synthetic_ad8232_fall,patient_001,synthetic_ad8232_fall,120.8,14.463747785411636,2.0,0.21925783908448976
2026-05-26T16:45:18,patient_001,109,True,synthetic_ad8232,96,True,synthetic_max30102,36.79,2406,1561,1937,False,False,False,-1.811,-0.883,3.033,True,fall,synthetic_ad8232_fall,patient_001,synthetic_ad8232_fall,118.6,15.420765220960988,-1.0,3.641222184926374
2026-05-26T16:45:23,patient_001,104,True,synthetic_ad8232,97,True,synthetic_max30102,36.46,1916,1686,2092,False,False,False,0.158,-0.077,0.149,True,fall,synthetic_ad8232_fall,patient_001,synthetic_ad8232_fall,115.8,16.769019053003664,1.0,0.2304213531771741
2026-05-26T16:45:28,patient_001,111,True,synthetic_ad8232,93,True,synthetic_max30102,36.8,1863,1685,2091,False,False,False,-1.291,1.54,3.098,True,fall,synthetic_ad8232_fall,patient_001,synthetic_ad8232_fall,112.8,15.801898620102582,-4.0,3.6926799211412837
2026-05-26T16:45:33,patient_001,125,True,synthetic_ad8232,96,True,synthetic_max30102,36.39,1991,1782,2211,False,False,False,-0.001,-0.007,0.056,True,fall,synthetic_ad8232_fall,patient_001,synthetic_ad8232_fall,109.8,9.523654760647297,3.0,0.05644466316668034
2026-05-26T16:45:38,patient_001,84,True,synthetic_ad8232,95,True,synthetic_max30102,37.26,2177,1643,2039,False,False,False,-1.94,1.811,0.007,True,fall,synthetic_ad8232_fall,patient_001,synthetic_ad8232_fall,106.6,14.84250652686398,-1.0,2.6539348145725055
2026-05-26T16:45:43,patient_001,97,True,synthetic_ad8232,96,True,synthetic_max30102,36.91,1755,1543,1915,False,False,False,-0.015,-0.024,0.142,True,fall,synthetic_ad8232_fall,patient_001,synthetic_ad8232_fall,104.2,15.31992167081803,1.0,0.1447929556297543
2026-05-26T16:45:48,patient_001,103,True,synthetic_ad8232,98,True,synthetic_max30102,36.78,1621,1585,1967,False,False,False,1.574,-1.268,0.401,True,fall,synthetic_ad8232_fall,patient_001,synthetic_ad8232_fall,104.0,15.329709716755888,2.0,2.0606069494204857
2026-05-26T16:45:53,patient_001,120,True,synthetic_ad8232,98,True,synthetic_max30102,36.03,1966,1591,1974,False,False,False,-0.011,-0.151,0.0,True,fall,synthetic_ad8232_fall,patient_001,synthetic_ad8232_fall,105.8,16.81368490248345,0.0,0.15140013210033867
2026-05-26T16:45:58,patient_001,111,True,synthetic_ad8232,97,True,synthetic_max30102,36.61,2403,1631,2024,False,False,False,-0.033,0.003,0.094,True,fall,synthetic_ad8232_fall,patient_001,synthetic_ad8232_fall,103.0,13.693063937629148,-1.0,0.09966945369570358
2026-05-26T16:46:03,patient_001,101,True,synthetic_ad8232,94,True,synthetic_max30102,36.61,2613,1688,2095,False,False,False,1.727,1.909,3.4,True,fall,synthetic_ad8232_fall,patient_001,synthetic_ad8232_fall,106.4,9.15423399307664,-3.0,4.264599629508027
2026-05-26T16:46:08,patient_001,131,True,synthetic_ad8232,95,True,synthetic_max30102,36.81,1935,1657,2056,False,False,False,-2.505,1.287,2.659,True,fall,synthetic_ad8232_fall,patient_001,synthetic_ad8232_fall,113.2,12.457929201917944,1.0,3.873199581741173
2026-05-26T16:46:13,patient_001,122,True,synthetic_ad8232,96,True,synthetic_max30102,36.15,2144,1644,2040,False,False,False,-2.636,-1.123,2.89,True,fall,synthetic_ad8232_fall,patient_001,synthetic_ad8232_fall,117.0,11.423659658795854,1.0,4.069609932167947
2026-05-26T16:46:18,patient_001,104,True,synthetic_ad8232,94,True,synthetic_max30102,37.06,2314,1644,2040,False,False,False,0.076,-0.049,0.151,True,fall,synthetic_ad8232_fall,patient_001,synthetic_ad8232_fall,113.8,12.557866060760475,-2.0,0.17600568172647155
2026-05-26T16:46:23,patient_001,103,True,synthetic_ad8232,96,True,synthetic_max30102,36.0,1744,1596,1981,False,False,False,0.007,-0.033,0.185,True,fall,synthetic_ad8232_fall,patient_001,synthetic_ad8232_fall,112.2,13.479614237803686,2.0,0.188050525125563
2026-05-26T16:46:28,patient_001,96,True,synthetic_ad8232,95,True,synthetic_max30102,37.16,1475,1661,2061,False,False,False,-2.198,0.764,0.492,True,fall,synthetic_ad8232_fall,patient_001,synthetic_ad8232_fall,111.2,14.65264481245621,-1.0,2.3784373020956426
2026-05-26T16:46:33,patient_001,88,True,synthetic_ad8232,96,True,synthetic_max30102,36.99,1659,1704,2114,False,False,False,1.623,1.28,3.321,True,fall,synthetic_ad8232_fall,patient_001,synthetic_ad8232_fall,102.6,12.601587201618685,1.0,3.9117221271455365
2026-05-26T16:46:38,patient_001,107,True,synthetic_ad8232,96,True,synthetic_max30102,36.47,1883,1720,2134,False,False,False,-2.338,1.993,2.791,True,fall,synthetic_ad8232_fall,patient_001,synthetic_ad8232_fall,99.6,7.635443667528418,0.0,4.150659465675305
2026-05-26T16:46:43,patient_001,122,True,synthetic_ad8232,92,True,synthetic_max30102,36.95,1718,1617,2007,False,False,False,-1.925,-1.058,-0.2,True,fall,synthetic_ad8232_fall,patient_001,synthetic_ad8232_fall,103.2,12.755391017134668,-4.0,2.2056720064415742
2026-05-26T16:46:48,patient_001,115,True,synthetic_ad8232,92,True,synthetic_max30102,36.8,1708,1699,2108,False,False,False,-1.511,-1.277,2.122,True,fall,synthetic_ad8232_fall,patient_001,synthetic_ad8232_fall,105.6,13.794926603646712,0.0,2.9011608021617827
2026-05-26T16:46:53,patient_001,102,True,synthetic_ad8232,97,True,synthetic_max30102,37.3,2590,1671,2074,False,False,False,0.044,-0.116,0.095,True,fall,synthetic_ad8232_fall,patient_001,synthetic_ad8232_fall,106.8,12.988456413292528,5.0,0.15625939971726502
2026-05-26T16:46:58,patient_001,102,True,synthetic_ad8232,96,True,synthetic_max30102,37.17,2220,1699,2108,False,False,False,1.19,0.807,0.077,True,fall,synthetic_ad8232_fall,patient_001,synthetic_ad8232_fall,109.6,8.734987120768972,-1.0,1.4398881901036622
2026-05-26T16:47:03,patient_001,109,True,synthetic_ad8232,96,True,synthetic_max30102,36.72,1399,1652,2050,False,False,False,1.679,1.728,2.676,True,fall,synthetic_ad8232_fall,patient_001,synthetic_ad8232_fall,110.0,8.631338250816023,0.0,3.6008333757617836
2026-05-26T16:47:08,patient_001,109,True,synthetic_ad8232,95,True,synthetic_max30102,37.21,1846,1782,2211,False,False,False,-2.117,-1.057,2.486,True,fall,synthetic_ad8232_fall,patient_001,synthetic_ad8232_fall,107.4,5.5045435778091365,-1.0,3.432074299895036
2026-05-26T16:47:13,patient_001,122,True,synthetic_ad8232,98,True,synthetic_max30102,36.75,2337,1724,2139,False,False,False,-1.327,-2.093,0.14,True,fall,synthetic_ad8232_fall,patient_001,synthetic_ad8232_fall,108.8,8.167006795638157,3.0,2.4821720327165075
2026-05-26T16:47:18,patient_001,95,True,synthetic_ad8232,94,True,synthetic_max30102,37.05,2194,1762,2187,False,False,False,0.287,-1.97,2.963,True,fall,synthetic_ad8232_fall,patient_001,synthetic_ad8232_fall,107.4,10.01498876684342,-4.0,3.569683179219131
2026-05-26T16:47:23,patient_001,130,True,synthetic_ad8232,96,True,synthetic_max30102,37.36,2035,1786,2216,False,False,False,-0.001,0.054,0.069,True,fall,synthetic_ad8232_fall,patient_001,synthetic_ad8232_fall,113.0,13.472193585307474,2.0,0.08762419757121888
2026-05-26T16:47:28,patient_001,149,True,synthetic_ad8232,100,True,synthetic_max30102,36.9,2130,1712,2125,False,False,False,-2.453,0.678,2.896,True,fall,synthetic_ad8232_fall,patient_001,synthetic_ad8232_fall,121.0,20.530465167647808,4.0,3.855348103608804
2026-05-26T16:47:33,patient_001,70,True,synthetic_ad8232,96,True,synthetic_max30102,36.54,2155,1537,1907,False,False,False,0.08,0.046,0.104,True,fall,synthetic_ad8232_fall,patient_001,synthetic_ad8232_fall,113.2,30.979025162196436,-4.0,0.1390395627150776
2026-05-26T16:47:38,patient_001,123,True,synthetic_ad8232,98,True,synthetic_max30102,37.54,2520,1683,2088,False,False,False,-2.014,-1.305,2.805,True,fall,synthetic_ad8232_fall,patient_001,synthetic_ad8232_fall,113.4,31.053180191407126,2.0,3.691509989150781
2026-05-26T16:47:43,patient_001,92,True,synthetic_ad8232,94,True,synthetic_max30102,36.44,2365,1610,1998,False,False,False,-0.098,-0.004,0.07,True,fall,synthetic_ad8232_fall,patient_001,synthetic_ad8232_fall,112.8,31.523007470734765,-4.0,0.12049896265113655
2026-05-26T16:47:48,patient_001,111,True,synthetic_ad8232,98,True,synthetic_max30102,36.73,2274,1657,2056,False,False,False,-0.045,-0.001,0.123,True,fall,synthetic_ad8232_fall,patient_001,synthetic_ad8232_fall,109.0,30.0416377715996,4.0,0.1309770972345929
2026-05-26T16:47:53,patient_001,97,True,synthetic_ad8232,98,True,synthetic_max30102,36.6,1373,1575,1954,False,False,False,2.637,-2.035,2.584,True,fall,synthetic_ad8232_fall,patient_001,synthetic_ad8232_fall,98.6,20.082330542046154,0.0,4.215690927950008
2026-05-26T16:47:58,patient_001,123,True,synthetic_ad8232,96,True,synthetic_max30102,36.63,2085,1754,2176,False,False,False,1.472,0.995,-0.2,True,fall,synthetic_ad8232_fall,patient_001,synthetic_ad8232_fall,109.2,14.394443372357259,-2.0,1.7879622479235964
2026-05-26T16:48:03,patient_001,149,True,synthetic_ad8232,95,True,synthetic_max30102,37.1,1601,1767,2193,False,False,False,-0.042,-0.059,0.124,True,fall,synthetic_ad8232_fall,patient_001,synthetic_ad8232_fall,114.4,22.842942017174575,-1.0,0.14360013927569848
2026-05-26T16:48:08,patient_001,92,True,synthetic_ad8232,92,True,synthetic_max30102,37.01,1742,1631,2024,False,False,False,-0.013,-0.135,0.014,True,fall,synthetic_ad8232_fall,patient_001,synthetic_ad8232_fall,114.4,22.842942017174575,-3.0,0.1363451502621197
2026-05-26T16:48:13,patient_001,114,True,synthetic_ad8232,97,True,synthetic_max30102,37.59,1395,1665,2066,False,False,False,0.089,-0.066,0.0,True,fall,synthetic_ad8232_fall,patient_001,synthetic_ad8232_fall,115.0,22.770595073471394,5.0,0.11080162453682707
2026-05-26T16:48:18,patient_001,112,True,synthetic_ad8232,94,True,synthetic_max30102,36.12,2489,1637,2031,False,False,False,-0.043,-0.131,0.134,True,fall,synthetic_ad8232_fall,patient_001,synthetic_ad8232_fall,118.0,20.700241544484445,-3.0,0.19226544151250896
2026-05-26T16:48:23,patient_001,99,True,synthetic_ad8232,95,True,synthetic_max30102,36.92,1455,1662,2062,False,False,False,-1.849,1.691,0.17,True,fall,synthetic_ad8232_fall,patient_001,synthetic_ad8232_fall,113.2,21.99318076131781,1.0,2.511410360733586
2026-05-26T16:48:28,patient_001,123,True,synthetic_ad8232,96,True,synthetic_max30102,36.66,1969,1721,2135,False,False,False,-0.114,0.132,0.079,True,fall,synthetic_ad8232_fall,patient_001,synthetic_ad8232_fall,108.0,12.389511693363858,1.0,0.19147062437878035
2026-05-26T16:48:33,patient_001,82,True,synthetic_ad8232,96,True,synthetic_max30102,36.92,2557,1578,1958,False,False,False,1.691,-2.248,3.4,True,fall,synthetic_ad8232_fall,patient_001,synthetic_ad8232_fall,106.0,15.921683328090651,0.0,4.4128205266020055
2026-05-26T16:48:38,patient_001,95,True,synthetic_ad8232,96,True,synthetic_max30102,37.02,2323,1649,2046,False,False,False,0.127,0.006,0.108,True,fall,synthetic_ad8232_fall,patient_001,synthetic_ad8232_fall,102.2,15.801898620102579,0.0,0.16682026255823962
2026-05-26T16:48:43,patient_001,140,True,synthetic_ad8232,96,True,synthetic_max30102,37.41,2209,1659,2059,False,False,False,-1.531,0.812,2.803,True,fall,synthetic_ad8232_fall,patient_001,synthetic_ad8232_fall,107.8,23.317375495539796,0.0,3.2954687071796025
2026-05-26T16:48:48,patient_001,115,True,synthetic_ad8232,96,True,synthetic_max30102,36.78,1731,1593,1977,False,False,False,1.598,1.046,1.03,True,fall,synthetic_ad8232_fall,patient_001,synthetic_ad8232_fall,111.0,22.90196498119757,0.0,2.169935482911877
2026-05-26T16:48:53,patient_001,103,True,synthetic_ad8232,100,True,synthetic_max30102,36.34,1314,1690,2097,False,False,False,1.983,2.08,-0.058,True,fall,synthetic_ad8232_fall,patient_001,synthetic_ad8232_fall,107.0,22.011360703055132,4.0,2.874378715479225
2026-05-26T16:48:58,patient_001,114,True,synthetic_ad8232,94,True,synthetic_max30102,36.73,1634,1604,1991,False,False,False,0.032,-0.136,0.089,True,fall,synthetic_ad8232_fall,patient_001,synthetic_ad8232_fall,113.4,17.008821240756216,-6.0,0.1656532523073423
2026-05-26T16:49:03,patient_001,133,True,synthetic_ad8232,97,True,synthetic_max30102,37.2,1979,1762,2186,False,False,False,-0.062,0.12,0.0,True,fall,synthetic_ad8232_fall,patient_001,synthetic_ad8232_fall,121.0,15.116216457830966,3.0,0.13507035203922435
2026-05-26T16:49:08,patient_001,95,True,synthetic_ad8232,97,True,synthetic_max30102,37.13,2201,1704,2115,False,False,False,-1.682,-1.11,0.206,True,fall,synthetic_ad8232_fall,patient_001,synthetic_ad8232_fall,112.0,14.352700094407314,0.0,2.0257492441069798
2026-05-26T16:49:13,patient_001,127,True,synthetic_ad8232,93,True,synthetic_max30102,36.75,1719,1562,1938,False,False,False,2.703,1.139,0.365,True,fall,synthetic_ad8232_fall,patient_001,synthetic_ad8232_fall,114.4,15.899685531481424,-4.0,2.9558002300561514
2026-05-26T16:49:18,patient_001,119,True,synthetic_ad8232,92,True,synthetic_max30102,36.46,2017,1733,2150,False,False,False,2.352,-0.915,0.175,True,fall,synthetic_ad8232_fall,patient_001,synthetic_ad8232_fall,117.6,14.587666023048365,-1.0,2.529773507648461
2026-05-26T16:49:23,patient_001,114,True,synthetic_ad8232,95,True,synthetic_max30102,37.24,1858,1712,2124,False,False,False,1.576,-1.925,2.99,True,fall,synthetic_ad8232_fall,patient_001,synthetic_ad8232_fall,117.6,14.587666023048365,3.0,3.889665923957995
2026-05-26T16:49:28,patient_001,120,True,synthetic_ad8232,94,True,synthetic_max30102,37.02,3020,1709,2121,False,False,False,0.13,0.057,0.0,True,fall,synthetic_ad8232_fall,patient_001,synthetic_ad8232_fall,115.0,12.103718436910192,-1.0,0.14194717327231282
2026-05-26T16:49:33,patient_001,96,True,synthetic_ad8232,96,True,synthetic_max30102,37.29,1672,1752,2174,False,False,False,0.198,-0.059,0.021,True,fall,synthetic_ad8232_fall,patient_001,synthetic_ad8232_fall,115.2,11.691877522451206,2.0,0.20766800427605597
2026-05-26T16:49:38,patient_001,108,True,synthetic_ad8232,96,True,synthetic_max30102,37.16,2719,1957,2429,False,False,False,0.037,-0.032,0.153,True,fall,synthetic_ad8232_fall,patient_001,synthetic_ad8232_fall,111.4,9.838699100999062,0.0,0.16063000964950477
2026-05-26T16:49:43,patient_001,114,True,synthetic_ad8232,93,True,synthetic_max30102,36.58,1575,1678,2082,False,False,False,-2.094,2.378,0.537,True,fall,synthetic_ad8232_fall,patient_001,synthetic_ad8232_fall,110.4,9.099450532861848,-3.0,3.2137344320898698
2026-05-26T16:49:48,patient_001,136,True,synthetic_ad8232,96,True,synthetic_max30102,36.2,1734,1679,2083,False,False,False,-3.0,0.946,3.057,True,fall,synthetic_ad8232_fall,patient_001,synthetic_ad8232_fall,114.8,14.80540441865739,3.0,4.386361248232982
2026-05-26T16:49:53,patient_001,125,True,synthetic_ad8232,95,True,synthetic_max30102,36.99,1732,1665,2066,False,False,False,1.056,1.539,0.423,True,fall,synthetic_ad8232_fall,patient_001,synthetic_ad8232_fall,115.8,15.401298646542758,-1.0,1.9137883895561705
2026-05-26T16:49:58,patient_001,136,True,synthetic_ad8232,93,True,synthetic_max30102,37.24,2316,1648,2045,False,False,False,1.422,0.951,-0.2,True,fall,synthetic_ad8232_fall,patient_001,synthetic_ad8232_fall,123.8,12.696456198483096,-2.0,1.7223486871130365
2026-05-26T16:50:03,patient_001,124,True,synthetic_ad8232,94,True,synthetic_max30102,37.04,2562,1733,2150,False,False,False,0.121,0.046,0.144,True,fall,synthetic_ad8232_fall,patient_001,synthetic_ad8232_fall,127.0,9.273618495495695,1.0,0.1936310925445601
2026-05-26T16:50:08,patient_001,89,True,synthetic_ad8232,96,True,synthetic_max30102,36.79,1737,1649,2046,False,False,False,0.036,0.051,0.104,True,fall,synthetic_ad8232_fall,patient_001,synthetic_ad8232_fall,122.0,19.326148090087685,2.0,0.12129715577869087
2026-05-26T16:50:13,patient_001,132,True,synthetic_ad8232,97,True,synthetic_max30102,36.44,2738,1670,2072,False,False,False,0.841,-1.121,2.731,True,fall,synthetic_ad8232_fall,patient_001,synthetic_ad8232_fall,121.2,18.67351065011611,1.0,3.0695737489104244
2026-05-26T16:50:18,patient_001,91,True,synthetic_ad8232,97,True,synthetic_max30102,37.57,1739,1634,2028,False,False,False,-0.003,-0.091,0.0,True,fall,synthetic_ad8232_fall,patient_001,synthetic_ad8232_fall,114.4,22.700220263248546,0.0,0.0910494371207203
2026-05-26T16:50:23,patient_001,99,True,synthetic_ad8232,95,True,synthetic_max30102,36.76,1416,1687,2094,False,False,False,-2.175,1.312,0.743,True,fall,synthetic_ad8232_fall,patient_001,synthetic_ad8232_fall,107.0,19.735754355990547,-2.0,2.6465105327581826
2026-05-26T16:50:28,patient_001,120,True,synthetic_ad8232,97,True,synthetic_max30102,36.76,2872,1737,2155,False,False,False,-0.833,1.763,0.17,True,fall,synthetic_ad8232_fall,patient_001,synthetic_ad8232_fall,106.2,18.939376969689363,2.0,1.9572833213410878
2026-05-26T16:50:33,patient_001,122,True,synthetic_ad8232,95,True,synthetic_max30102,37.19,2171,1581,1962,False,False,False,1.089,0.832,0.229,True,fall,synthetic_ad8232_fall,patient_001,synthetic_ad8232_fall,112.8,17.108477430794355,-2.0,1.3894552889531926
2026-05-26T16:50:38,patient_001,97,True,synthetic_ad8232,99,True,synthetic_max30102,36.68,2308,1659,2059,False,False,False,1.842,2.098,2.8,True,fall,synthetic_ad8232_fall,patient_001,synthetic_ad8232_fall,105.8,14.202112518917735,4.0,3.954057156895939
2026-05-26T16:50:43,patient_001,94,True,synthetic_ad8232,93,True,synthetic_max30102,36.94,2737,1604,1991,False,False,False,-1.34,-1.111,-0.117,True,fall,synthetic_ad8232_fall,patient_001,synthetic_ad8232_fall,106.4,13.464768843169937,-6.0,1.7445945087612766
2026-05-26T16:50:48,patient_001,128,True,synthetic_ad8232,95,True,synthetic_max30102,37.0,2169,1721,2136,False,False,False,1.43,-1.151,0.066,True,fall,synthetic_ad8232_fall,patient_001,synthetic_ad8232_fall,112.2,15.562776101968437,2.0,1.8368606370653164
2026-05-26T16:50:53,patient_001,109,True,synthetic_ad8232,95,True,synthetic_max30102,36.65,2278,1784,2214,False,False,False,-1.691,-2.048,0.24,True,fall,synthetic_ad8232_fall,patient_001,synthetic_ad8232_fall,110.0,14.949916387726049,0.0,2.666718020338858
2026-05-26T16:50:58,patient_001,105,True,synthetic_ad8232,96,True,synthetic_max30102,36.4,2589,1642,2038,False,False,False,0.015,-0.054,0.07,True,fall,synthetic_ad8232_fall,patient_001,synthetic_ad8232_fall,106.6,13.390294993016393,1.0,0.08967162315916892
2026-05-26T16:51:03,patient_001,108,True,synthetic_ad8232,96,True,synthetic_max30102,37.0,2138,1679,2083,False,False,False,-1.693,0.545,2.888,True,fall,synthetic_ad8232_fall,patient_001,synthetic_ad8232_fall,108.8,12.275992831539122,0.0,3.3917278782355167
2026-05-26T16:51:08,patient_001,113,True,synthetic_ad8232,97,True,synthetic_max30102,37.27,3290,1719,2133,False,False,False,-0.027,0.053,0.109,True,fall,synthetic_ad8232_fall,patient_001,synthetic_ad8232_fall,112.6,9.071934744033376,1.0,0.12417326604386307
2026-05-26T16:51:13,patient_001,123,True,synthetic_ad8232,98,True,synthetic_max30102,36.69,2000,1673,2076,False,False,False,-1.408,-1.176,2.725,True,fall,synthetic_ad8232_fall,patient_001,synthetic_ad8232_fall,111.6,6.985699678629185,1.0,3.2849756467894857
2026-05-26T16:51:18,patient_001,125,True,synthetic_ad8232,98,True,synthetic_max30102,36.45,2068,1808,2244,False,False,False,-0.052,0.038,0.068,True,fall,synthetic_ad8232_fall,patient_001,synthetic_ad8232_fall,114.8,8.899438184514791,0.0,0.09365895579174477
2026-05-26T16:51:23,patient_001,115,True,synthetic_ad8232,97,True,synthetic_max30102,36.49,1941,1766,2192,False,False,False,-0.021,-0.041,0.054,True,fall,synthetic_ad8232_fall,patient_001,synthetic_ad8232_fall,116.8,7.085195833567335,-1.0,0.07097887009526145
2026-05-26T16:51:28,patient_001,122,True,synthetic_ad8232,97,True,synthetic_max30102,36.31,2048,1609,1997,False,False,False,1.023,-1.679,0.103,True,fall,synthetic_ad8232_fall,patient_001,synthetic_ad8232_fall,119.6,5.272570530585621,0.0,1.9688014120271247
2026-05-26T16:51:33,patient_001,129,True,synthetic_ad8232,94,True,synthetic_max30102,36.59,1325,1696,2104,False,False,False,-3.0,-0.292,3.044,True,fall,synthetic_ad8232_fall,patient_001,synthetic_ad8232_fall,122.8,5.118593556827887,-3.0,4.283830061988921
2026-05-26T16:51:38,patient_001,124,True,synthetic_ad8232,95,True,synthetic_max30102,36.99,3240,1853,2300,False,False,False,1.931,1.875,-0.2,True,fall,synthetic_ad8232_fall,patient_001,synthetic_ad8232_fall,123.0,5.147815070493496,1.0,2.698960170139604
2026-05-26T16:51:43,patient_001,141,True,synthetic_ad8232,99,True,synthetic_max30102,36.77,2216,1796,2229,False,False,False,-0.008,-0.124,0.17,True,fall,synthetic_ad8232_fall,patient_001,synthetic_ad8232_fall,126.2,9.679876032264048,4.0,0.2105706532259422
2026-05-26T15:38:28,patient_001,109,True,synthetic_ad8232,97,True,synthetic_max30102,36.49,2198,1804,2239,False,False,False,-0.002,-0.003,0.941,False,normal_light,synthetic_ad8232_normal_light,patient_001,synthetic_ad8232_normal_light,109.0,0.0,0.0,0.941006907519812
2026-05-26T15:38:33,patient_001,103,True,synthetic_ad8232,94,True,synthetic_max30102,36.45,2607,1665,2066,False,False,False,-0.007,-0.093,1.239,False,normal_light,synthetic_ad8232_normal_light,patient_001,synthetic_ad8232_normal_light,106.0,4.242640687119285,-3.0,1.2425051307741148
2026-05-26T15:38:38,patient_001,106,True,synthetic_ad8232,97,True,synthetic_max30102,36.68,1686,1542,1914,False,False,False,0.041,0.339,0.572,False,normal_light,synthetic_ad8232_normal_light,patient_001,synthetic_ad8232_normal_light,106.0,3.0,3.0,0.666172650294201
2026-05-26T15:38:43,patient_001,105,True,synthetic_ad8232,98,True,synthetic_max30102,36.83,2503,1692,2099,False,False,False,-0.029,0.213,1.175,False,normal_light,synthetic_ad8232_normal_light,patient_001,synthetic_ad8232_normal_light,105.75,2.5,1.0,1.1945019882779602
2026-05-26T15:38:48,patient_001,107,True,synthetic_ad8232,96,True,synthetic_max30102,36.9,1282,1513,1877,False,False,False,0.06,0.03,1.255,False,normal_light,synthetic_ad8232_normal_light,patient_001,synthetic_ad8232_normal_light,106.0,2.23606797749979,-2.0,1.2567915499397662
2026-05-26T15:38:53,patient_001,94,True,synthetic_ad8232,96,True,synthetic_max30102,36.63,3033,1834,2276,False,False,False,-0.231,-0.147,0.835,False,normal_light,synthetic_ad8232_normal_light,patient_001,synthetic_ad8232_normal_light,103.0,5.244044240850758,0.0,0.8787462659949116
2026-05-26T15:38:58,patient_001,101,True,synthetic_ad8232,96,True,synthetic_max30102,36.38,1398,1668,2070,False,False,False,-0.303,0.009,0.81,False,normal_light,synthetic_ad8232_normal_light,patient_001,synthetic_ad8232_normal_light,102.6,5.319774431308154,0.0,0.8648641511821381
2026-05-26T15:39:03,patient_001,98,True,synthetic_ad8232,97,True,synthetic_max30102,36.8,2271,1616,2005,False,False,False,0.115,-0.208,1.144,False,normal_light,synthetic_ad8232_normal_light,patient_001,synthetic_ad8232_normal_light,101.0,5.244044240850757,1.0,1.168428431697894
2026-05-26T15:39:08,patient_001,105,True,synthetic_ad8232,95,True,synthetic_max30102,36.61,2636,1783,2213,False,False,False,0.106,0.14,0.965,False,normal_light,synthetic_ad8232_normal_light,patient_001,synthetic_ad8232_normal_light,101.0,5.244044240850757,-2.0,0.9808470828829537
2026-05-26T15:39:13,patient_001,103,True,synthetic_ad8232,98,True,synthetic_max30102,37.24,1762,1778,2206,False,False,False,0.393,-0.191,0.823,False,normal_light,synthetic_ad8232_normal_light,patient_001,synthetic_ad8232_normal_light,100.2,4.324349662087929,3.0,0.9318041639743836
2026-05-26T15:39:18,patient_001,93,True,synthetic_ad8232,96,True,synthetic_max30102,36.82,1637,1617,2006,False,False,False,0.022,-0.087,0.869,False,normal_light,synthetic_ad8232_normal_light,patient_001,synthetic_ad8232_normal_light,100.0,4.690415759823428,-2.0,0.8736211993764803
2026-05-26T15:39:23,patient_001,126,True,synthetic_ad8232,97,True,synthetic_max30102,36.95,1308,1521,1887,False,False,False,-0.048,-0.003,0.862,False,normal_light,synthetic_ad8232_normal_light,patient_001,synthetic_ad8232_normal_light,105.0,12.629330940315088,1.0,0.8633406048599822
2026-05-26T15:39:28,patient_001,89,True,synthetic_ad8232,94,True,synthetic_max30102,36.37,2425,1689,2096,False,False,False,0.278,0.022,1.222,False,normal_light,synthetic_ad8232_normal_light,patient_001,synthetic_ad8232_normal_light,103.2,14.394443372357264,-3.0,1.2534161320168173
2026-05-26T15:39:33,patient_001,97,True,synthetic_ad8232,98,True,synthetic_max30102,36.9,1553,1632,2025,False,False,False,-0.064,0.131,1.092,False,normal_light,synthetic_ad8232_normal_light,patient_001,synthetic_ad8232_normal_light,101.6,14.587666023048374,4.0,1.1016900653087511
2026-05-26T15:39:38,patient_001,94,True,synthetic_ad8232,97,True,synthetic_max30102,36.79,2772,1708,2120,False,False,False,-0.103,0.035,1.093,False,normal_light,synthetic_ad8232_normal_light,patient_001,synthetic_ad8232_normal_light,99.8,14.923136399564267,-1.0,1.0984002002913145
2026-05-26T15:39:43,patient_001,116,True,synthetic_ad8232,96,True,synthetic_max30102,37.17,1304,1662,2063,False,False,False,-0.056,0.218,1.002,False,normal_light,synthetic_ad8232_normal_light,patient_001,synthetic_ad8232_normal_light,104.4,15.820872289478856,-1.0,1.0269683539428076
2026-05-26T15:39:48,patient_001,103,True,synthetic_ad8232,95,True,synthetic_max30102,36.97,1755,1627,2019,False,False,False,0.313,-0.113,1.044,False,normal_light,synthetic_ad8232_normal_light,patient_001,synthetic_ad8232_normal_light,99.8,10.377861051295685,-1.0,1.0957527093281585
2026-05-26T15:39:53,patient_001,112,True,synthetic_ad8232,97,True,synthetic_max30102,37.19,1972,1741,2160,False,False,False,-0.047,0.21,1.008,False,normal_light,synthetic_ad8232_normal_light,patient_001,synthetic_ad8232_normal_light,104.4,9.44986772394196,2.0,1.030714800514672
2026-05-26T15:39:58,patient_001,105,True,synthetic_ad8232,97,True,synthetic_max30102,36.47,2823,1784,2214,False,False,False,0.159,0.147,1.097,False,normal_light,synthetic_ad8232_normal_light,patient_001,synthetic_ad8232_normal_light,106.0,8.5146931829632,0.0,1.118167697619637
2026-05-26T15:40:03,patient_001,102,True,synthetic_ad8232,98,True,synthetic_max30102,36.53,2018,1700,2110,False,False,False,0.044,-0.078,1.282,False,normal_light,synthetic_ad8232_normal_light,patient_001,synthetic_ad8232_normal_light,107.6,6.107372593840986,1.0,1.285124118519297
2026-05-26T15:40:08,patient_001,116,True,synthetic_ad8232,94,True,synthetic_max30102,36.14,1976,1600,1986,False,False,False,0.183,0.041,1.035,False,normal_light,synthetic_ad8232_normal_light,patient_001,synthetic_ad8232_normal_light,107.6,6.107372593840986,-4.0,1.0518531266293787
2026-05-26T15:40:13,patient_001,123,True,synthetic_ad8232,98,True,synthetic_max30102,36.75,2485,1716,2130,False,False,False,-0.039,-0.041,0.607,False,normal_light,synthetic_ad8232_normal_light,patient_001,synthetic_ad8232_normal_light,111.6,8.44393273303382,4.0,0.6096318561230212
2026-05-26T15:40:18,patient_001,91,True,synthetic_ad8232,96,True,synthetic_max30102,36.38,2433,1705,2116,False,False,False,-0.134,0.04,0.615,False,normal_light,synthetic_ad8232_normal_light,patient_001,synthetic_ad8232_normal_light,107.4,12.461942063739505,-2.0,0.630698818771686
2026-05-26T15:40:23,patient_001,103,True,synthetic_ad8232,94,True,synthetic_max30102,36.42,2318,1596,1980,False,False,False,0.262,-0.47,0.927,False,normal_light,synthetic_ad8232_normal_light,patient_001,synthetic_ad8232_normal_light,107.0,12.589678312014172,-2.0,1.071854934214514
2026-05-26T15:40:28,patient_001,99,True,synthetic_ad8232,98,True,synthetic_max30102,36.86,2448,1570,1948,False,False,False,0.371,-0.007,1.058,False,normal_light,synthetic_ad8232_normal_light,patient_001,synthetic_ad8232_normal_light,106.4,12.953763931769023,4.0,1.1211841953934243
2026-05-26T15:40:33,patient_001,98,True,synthetic_ad8232,96,True,synthetic_max30102,36.69,1431,1691,2098,False,False,False,-0.241,0.071,1.164,False,normal_light,synthetic_ad8232_normal_light,patient_001,synthetic_ad8232_normal_light,102.8,12.091319200153475,-2.0,1.1908056096609554
2026-05-26T15:40:38,patient_001,104,True,synthetic_ad8232,98,True,synthetic_max30102,36.17,2898,1706,2117,False,False,False,-0.153,0.188,1.039,False,normal_light,synthetic_ad8232_normal_light,patient_001,synthetic_ad8232_normal_light,99.0,5.147815070493503,2.0,1.066899245477285
2026-05-26T15:40:43,patient_001,109,True,synthetic_ad8232,98,True,synthetic_max30102,37.4,1905,1713,2126,False,False,False,0.002,-0.114,1.067,False,normal_light,synthetic_ad8232_normal_light,patient_001,synthetic_ad8232_normal_light,102.6,4.393176527297764,0.0,1.073074554725812
2026-05-26T15:40:48,patient_001,96,True,synthetic_ad8232,100,True,synthetic_max30102,36.79,2285,1651,2049,False,False,False,-0.092,0.195,0.97,False,normal_light,synthetic_ad8232_normal_light,patient_001,synthetic_ad8232_normal_light,101.2,5.263078946776311,2.0,0.9936744939868387
2026-05-26T15:40:53,patient_001,93,True,synthetic_ad8232,97,True,synthetic_max30102,37.24,1924,1637,2031,False,False,False,0.124,-0.038,0.899,False,normal_light,synthetic_ad8232_normal_light,patient_001,synthetic_ad8232_normal_light,100.0,6.442049363362566,-3.0,0.9083066662752178
2026-05-26T15:40:58,patient_001,102,True,synthetic_ad8232,98,True,synthetic_max30102,36.21,2541,1598,1983,False,False,False,0.195,-0.038,1.058,False,normal_light,synthetic_ad8232_normal_light,patient_001,synthetic_ad8232_normal_light,100.8,6.379655163094636,1.0,1.0764910589503287
2026-05-26T15:41:03,patient_001,116,True,synthetic_ad8232,98,True,synthetic_max30102,36.28,2249,1689,2096,False,False,False,0.189,0.103,0.701,False,normal_light,synthetic_ad8232_normal_light,patient_001,synthetic_ad8232_normal_light,103.2,9.418067742376884,0.0,0.7333014387003478
2026-05-26T15:41:08,patient_001,110,True,synthetic_ad8232,97,True,synthetic_max30102,36.78,1994,1662,2063,False,False,False,0.305,0.251,0.474,False,normal_light,synthetic_ad8232_normal_light,patient_001,synthetic_ad8232_normal_light,103.4,9.581231653602789,-1.0,0.6170105347560931
2026-05-26T15:41:13,patient_001,89,True,synthetic_ad8232,97,True,synthetic_max30102,37.05,2624,1614,2003,False,False,False,-0.156,0.091,0.825,False,normal_light,synthetic_ad8232_normal_light,patient_001,synthetic_ad8232_normal_light,102.0,11.291589790636214,0.0,0.844536559303385
2026-05-26T15:41:18,patient_001,100,True,synthetic_ad8232,98,True,synthetic_max30102,36.18,1533,1712,2125,False,False,False,0.375,0.138,0.957,False,normal_light,synthetic_ad8232_normal_light,patient_001,synthetic_ad8232_normal_light,103.4,10.285912696499032,1.0,1.0370718393631175
2026-05-26T15:41:23,patient_001,116,True,synthetic_ad8232,97,True,synthetic_max30102,36.64,2394,1708,2120,False,False,False,-0.048,-0.075,1.115,False,normal_light,synthetic_ad8232_normal_light,patient_001,synthetic_ad8232_normal_light,106.2,11.627553482998907,-1.0,1.1185499541817523
2026-05-26T15:41:28,patient_001,105,True,synthetic_ad8232,98,True,synthetic_max30102,36.58,1841,1772,2199,False,False,False,0.441,-0.252,1.217,False,normal_light,synthetic_ad8232_normal_light,patient_001,synthetic_ad8232_normal_light,104.0,10.27131929208707,1.0,1.3187395497216272
2026-05-26T15:41:33,patient_001,125,True,synthetic_ad8232,98,True,synthetic_max30102,36.97,2732,1728,2144,False,False,False,0.045,-0.009,0.952,False,normal_light,synthetic_ad8232_normal_light,patient_001,synthetic_ad8232_normal_light,107.0,13.982131454109563,0.0,0.9531054506191852
2026-05-26T15:41:38,patient_001,107,True,synthetic_ad8232,96,True,synthetic_max30102,36.93,1673,1662,2063,False,False,False,0.206,0.148,1.124,False,normal_light,synthetic_ad8232_normal_light,patient_001,synthetic_ad8232_normal_light,110.6,9.914635646356352,-2.0,1.1522655943835172
2026-05-26T15:41:43,patient_001,97,True,synthetic_ad8232,95,True,synthetic_max30102,36.77,2437,1584,1966,False,False,False,0.025,-0.049,0.458,False,normal_light,synthetic_ad8232_normal_light,patient_001,synthetic_ad8232_normal_light,110.0,10.77032961426901,-1.0,0.4612916647848734
2026-05-26T15:41:48,patient_001,99,True,synthetic_ad8232,98,True,synthetic_max30102,36.31,2909,1831,2272,False,False,False,0.299,0.004,1.042,False,normal_light,synthetic_ad8232_normal_light,patient_001,synthetic_ad8232_normal_light,106.6,11.081516141756056,3.0,1.0840576552932968
2026-05-26T15:41:53,patient_001,102,True,synthetic_ad8232,96,True,synthetic_max30102,36.61,2156,1776,2204,False,False,False,0.132,0.011,0.919,False,normal_light,synthetic_ad8232_normal_light,patient_001,synthetic_ad8232_normal_light,106.0,11.269427669584646,-2.0,0.9284966343503891
2026-05-26T15:41:58,patient_001,126,True,synthetic_ad8232,97,True,synthetic_max30102,37.2,2233,1644,2040,False,False,False,0.104,0.203,0.86,False,normal_light,synthetic_ad8232_normal_light,patient_001,synthetic_ad8232_normal_light,106.2,11.691877522451218,1.0,0.8897331060492242
2026-05-26T15:42:03,patient_001,114,True,synthetic_ad8232,97,True,synthetic_max30102,36.34,2578,1696,2105,False,False,False,-0.205,-0.227,0.672,False,normal_light,synthetic_ad8232_normal_light,patient_001,synthetic_ad8232_normal_light,107.6,12.218837915284745,0.0,0.7383346124894864
2026-05-26T15:42:08,patient_001,105,True,synthetic_ad8232,94,True,synthetic_max30102,36.65,2766,1652,2050,False,False,False,0.011,0.407,0.728,False,normal_light,synthetic_ad8232_normal_light,patient_001,synthetic_ad8232_normal_light,109.2,10.940749517286283,-3.0,0.8341186965894003
2026-05-26T15:42:13,patient_001,109,True,synthetic_ad8232,98,True,synthetic_max30102,36.73,1586,1743,2163,False,False,False,0.099,0.17,0.844,False,normal_light,synthetic_ad8232_normal_light,patient_001,synthetic_ad8232_normal_light,111.2,9.418067742376886,4.0,0.866623909201679
2026-05-26T15:42:18,patient_001,108,True,synthetic_ad8232,97,True,synthetic_max30102,36.53,1593,1658,2057,False,False,False,0.036,-0.082,0.797,False,normal_light,synthetic_ad8232_normal_light,patient_001,synthetic_ad8232_normal_light,112.4,8.264381404557758,-1.0,0.8020155858834666
2026-05-26T15:42:23,patient_001,108,True,synthetic_ad8232,95,True,synthetic_max30102,36.9,2339,1773,2200,False,False,False,-0.173,-0.072,0.878,False,normal_light,synthetic_ad8232_normal_light,patient_001,synthetic_ad8232_normal_light,108.8,3.271085446759237,-2.0,0.8977733566997853
2026-05-26T15:42:28,patient_001,103,True,synthetic_ad8232,98,True,synthetic_max30102,36.11,2316,1681,2086,False,False,False,0.032,0.39,1.014,False,normal_light,synthetic_ad8232_normal_light,patient_001,synthetic_ad8232_normal_light,106.6,2.50998007960224,3.0,1.0868854585465757
2026-05-26T15:42:33,patient_001,113,True,synthetic_ad8232,94,True,synthetic_max30102,36.23,1254,1666,2067,False,False,False,0.078,-0.099,1.226,False,normal_light,synthetic_ad8232_normal_light,patient_001,synthetic_ad8232_normal_light,108.2,3.563705936241101,-4.0,1.2324613584206199
2026-05-26T15:42:38,patient_001,94,True,synthetic_ad8232,94,True,synthetic_max30102,36.63,2097,1748,2169,False,False,False,0.006,-0.046,1.184,False,normal_light,synthetic_ad8232_normal_light,patient_001,synthetic_ad8232_normal_light,105.2,7.190271204899025,0.0,1.1849084352809713
2026-05-26T15:42:43,patient_001,86,True,synthetic_ad8232,98,True,synthetic_max30102,36.86,1824,1795,2227,False,False,False,0.096,0.207,0.78,False,normal_light,synthetic_ad8232_normal_light,patient_001,synthetic_ad8232_normal_light,100.8,10.848963084092418,4.0,0.8126899777898089
2026-05-26T15:42:48,patient_001,112,True,synthetic_ad8232,95,True,synthetic_max30102,36.44,2069,1703,2113,False,False,False,0.313,-0.017,1.141,False,normal_light,synthetic_ad8232_normal_light,patient_001,synthetic_ad8232_normal_light,101.6,11.63185281887628,-3.0,1.1832746933827327
2026-05-26T15:42:53,patient_001,117,True,synthetic_ad8232,97,True,synthetic_max30102,36.2,1663,1585,1967,False,False,False,-0.105,0.129,1.061,False,normal_light,synthetic_ad8232_normal_light,patient_001,synthetic_ad8232_normal_light,104.4,13.575713609236166,2.0,1.0739585653087367
2026-05-26T15:42:58,patient_001,100,True,synthetic_ad8232,96,True,synthetic_max30102,36.31,2084,1729,2145,False,False,False,-0.073,-0.101,1.129,False,normal_light,synthetic_ad8232_normal_light,patient_001,synthetic_ad8232_normal_light,101.8,12.735776379946378,-1.0,1.1358569452180147
2026-05-26T15:43:03,patient_001,101,True,synthetic_ad8232,97,True,synthetic_max30102,36.47,2047,1595,1979,False,False,False,-0.166,-0.139,0.876,False,normal_light,synthetic_ad8232_normal_light,patient_001,synthetic_ad8232_normal_light,103.2,12.029131306956462,1.0,0.9023596843831179
2026-05-26T15:43:08,patient_001,112,True,synthetic_ad8232,95,True,synthetic_max30102,36.71,1439,1587,1969,False,False,False,0.0,0.091,0.988,False,normal_light,synthetic_ad8232_normal_light,patient_001,synthetic_ad8232_normal_light,108.4,7.503332592921631,-2.0,0.9921819389607937
2026-05-26T15:43:13,patient_001,105,True,synthetic_ad8232,98,True,synthetic_max30102,36.08,1835,1716,2130,False,False,False,0.102,0.244,0.962,False,normal_light,synthetic_ad8232_normal_light,patient_001,synthetic_ad8232_normal_light,107.0,7.314369419163901,3.0,0.9976893304030068
2026-05-26T15:43:18,patient_001,104,True,synthetic_ad8232,95,True,synthetic_max30102,36.04,1372,1583,1964,False,False,False,0.21,-0.147,0.908,False,normal_light,synthetic_ad8232_normal_light,patient_001,synthetic_ad8232_normal_light,104.4,4.722287581247044,-3.0,0.943489798567001
2026-05-26T15:43:23,patient_001,103,True,synthetic_ad8232,96,True,synthetic_max30102,36.81,1766,1784,2214,False,False,False,0.121,0.088,1.033,False,normal_light,synthetic_ad8232_normal_light,patient_001,synthetic_ad8232_normal_light,105.0,4.183300132670384,1.0,1.0437787121799331
2026-05-26T15:43:28,patient_001,105,True,synthetic_ad8232,99,True,synthetic_max30102,37.05,2208,1713,2126,False,False,False,-0.216,-0.026,1.234,False,normal_light,synthetic_ad8232_normal_light,patient_001,synthetic_ad8232_normal_light,105.8,3.563705936241099,3.0,1.2530315239450283
2026-05-26T15:43:33,patient_001,103,True,synthetic_ad8232,96,True,synthetic_max30102,36.78,2246,1630,2023,False,False,False,-0.005,0.022,1.004,False,normal_light,synthetic_ad8232_normal_light,patient_001,synthetic_ad8232_normal_light,104.0,1.0000000000000213,-3.0,1.0042534540642616
2026-05-26T15:43:38,patient_001,130,True,synthetic_ad8232,95,True,synthetic_max30102,36.79,2677,1759,2183,False,False,False,-0.097,0.134,0.998,False,normal_light,synthetic_ad8232_normal_light,patient_001,synthetic_ad8232_normal_light,109.0,11.768602295939822,-1.0,1.0116170223953331
2026-05-26T15:43:43,patient_001,107,True,synthetic_ad8232,99,True,synthetic_max30102,36.04,1633,1597,1982,False,False,False,0.326,0.098,1.184,False,normal_light,synthetic_ad8232_normal_light,patient_001,synthetic_ad8232_normal_light,109.6,11.523888232710348,4.0,1.2319642851966122
2026-05-26T15:43:48,patient_001,106,True,synthetic_ad8232,97,True,synthetic_max30102,36.78,1999,1680,2085,False,False,False,0.235,-0.288,1.165,False,normal_light,synthetic_ad8232_normal_light,patient_001,synthetic_ad8232_normal_light,110.2,11.166915420114906,-2.0,1.2228630340312034
2026-05-26T15:43:53,patient_001,92,True,synthetic_ad8232,98,True,synthetic_max30102,36.02,2546,1656,2055,False,False,False,0.157,-0.239,1.0,False,normal_light,synthetic_ad8232_normal_light,patient_001,synthetic_ad8232_normal_light,107.6,13.86722755275906,1.0,1.0400817275579837
2026-05-26T15:43:58,patient_001,103,True,synthetic_ad8232,96,True,synthetic_max30102,36.56,1402,1660,2060,False,False,False,0.269,0.127,0.921,False,normal_light,synthetic_ad8232_normal_light,patient_001,synthetic_ad8232_normal_light,107.6,13.86722755275906,-2.0,0.9678486451920052
2026-05-26T15:44:03,patient_001,108,True,synthetic_ad8232,95,True,synthetic_max30102,36.91,2833,1675,2078,False,False,False,0.063,0.46,0.792,False,normal_light,synthetic_ad8232_normal_light,patient_001,synthetic_ad8232_normal_light,103.2,6.534523701081814,-1.0,0.9180593662721382
2026-05-26T15:44:08,patient_001,116,True,synthetic_ad8232,96,True,synthetic_max30102,36.76,1420,1685,2091,False,False,False,0.04,0.081,0.864,False,normal_light,synthetic_ad8232_normal_light,patient_001,synthetic_ad8232_normal_light,105.0,8.717797887081346,1.0,0.8687099631062142
2026-05-26T15:44:13,patient_001,106,True,synthetic_ad8232,98,True,synthetic_max30102,36.64,1905,1630,2023,False,False,False,-0.251,0.208,1.056,False,normal_light,synthetic_ad8232_normal_light,patient_001,synthetic_ad8232_normal_light,105.0,8.717797887081346,2.0,1.1051701226508073
2026-05-26T15:44:18,patient_001,91,True,synthetic_ad8232,96,True,synthetic_max30102,36.55,2122,1626,2018,False,False,False,0.261,-0.085,1.105,False,normal_light,synthetic_ad8232_normal_light,patient_001,synthetic_ad8232_normal_light,104.8,9.093954035511723,-2.0,1.13858289114144
2026-05-26T15:44:23,patient_001,104,True,synthetic_ad8232,98,True,synthetic_max30102,36.55,2147,1592,1975,False,False,False,-0.243,-0.219,0.894,False,normal_light,synthetic_ad8232_normal_light,patient_001,synthetic_ad8232_normal_light,105.0,9.055385138137414,2.0,0.9519695373277446
2026-05-26T15:44:28,patient_001,101,True,synthetic_ad8232,100,True,synthetic_max30102,36.21,1112,1683,2089,False,False,False,0.077,-0.173,0.901,False,normal_light,synthetic_ad8232_normal_light,patient_001,synthetic_ad8232_normal_light,103.6,9.016651263079877,2.0,0.9206839848721167
2026-05-26T15:44:33,patient_001,107,True,synthetic_ad8232,100,True,synthetic_max30102,36.57,1080,1641,2036,False,False,False,0.087,0.214,0.96,False,normal_light,synthetic_ad8232_normal_light,patient_001,synthetic_ad8232_normal_light,101.8,6.457553716385171,0.0,0.987403159808596
2026-05-26T15:44:38,patient_001,111,True,synthetic_ad8232,97,True,synthetic_max30102,36.42,1581,1727,2143,False,False,False,0.063,-0.075,0.895,False,normal_light,synthetic_ad8232_normal_light,patient_001,synthetic_ad8232_normal_light,102.8,7.56306816047561,-3.0,0.9003438232142208
2026-05-26T15:44:43,patient_001,114,True,synthetic_ad8232,95,True,synthetic_max30102,36.51,1794,1625,2016,False,False,False,0.386,0.233,1.008,False,normal_light,synthetic_ad8232_normal_light,patient_001,synthetic_ad8232_normal_light,107.4,5.224940191045246,-2.0,1.1042413685422223
2026-05-26T15:44:48,patient_001,106,True,synthetic_ad8232,97,True,synthetic_max30102,36.67,2424,1644,2040,False,False,False,0.034,-0.009,0.73,False,normal_light,synthetic_ad8232_normal_light,patient_001,synthetic_ad8232_normal_light,107.8,4.969909455915664,2.0,0.7308467691657397
2026-05-26T15:44:53,patient_001,93,True,synthetic_ad8232,97,True,synthetic_max30102,36.47,1558,1700,2109,False,False,False,0.06,-0.04,1.256,False,normal_light,synthetic_ad8232_normal_light,patient_001,synthetic_ad8232_normal_light,106.2,8.043631020876079,0.0,1.2580683606227445
2026-05-26T15:44:58,patient_001,111,True,synthetic_ad8232,96,True,synthetic_max30102,36.54,1766,1633,2026,False,False,False,0.096,-0.059,1.151,False,normal_light,synthetic_ad8232_normal_light,patient_001,synthetic_ad8232_normal_light,107.0,8.33666600026653,-1.0,1.1565024859463122
2026-05-26T15:45:03,patient_001,99,True,synthetic_ad8232,96,True,synthetic_max30102,37.01,2017,1601,1987,False,False,False,0.153,0.338,1.398,False,normal_light,synthetic_ad8232_normal_light,patient_001,synthetic_ad8232_normal_light,104.6,8.619744775803975,0.0,1.4463944828434598
2026-05-26T15:45:08,patient_001,94,True,synthetic_ad8232,96,True,synthetic_max30102,36.52,2318,1583,1964,False,False,False,-0.15,-0.159,0.964,False,normal_light,synthetic_ad8232_normal_light,patient_001,synthetic_ad8232_normal_light,100.6,7.765307463326864,0.0,0.9884720532215364
2026-05-26T15:45:13,patient_001,97,True,synthetic_ad8232,100,True,synthetic_max30102,36.57,2292,1746,2167,False,False,False,0.053,-0.203,1.297,False,normal_light,synthetic_ad8232_normal_light,patient_001,synthetic_ad8232_normal_light,98.8,7.224956747275369,4.0,1.3138595815383012
2026-05-26T15:45:18,patient_001,93,True,synthetic_ad8232,97,True,synthetic_max30102,36.39,1446,1498,1859,False,False,False,0.303,0.176,1.007,False,normal_light,synthetic_ad8232_normal_light,patient_001,synthetic_ad8232_normal_light,98.8,7.224956747275369,-3.0,1.0662241790542923
2026-05-26T15:45:23,patient_001,111,True,synthetic_ad8232,99,True,synthetic_max30102,37.01,1947,1571,1950,False,False,False,-0.247,0.084,1.173,False,normal_light,synthetic_ad8232_normal_light,patient_001,synthetic_ad8232_normal_light,98.8,7.224956747275369,2.0,1.201663014326396
2026-05-26T15:45:28,patient_001,107,True,synthetic_ad8232,97,True,synthetic_max30102,36.18,1852,1642,2038,False,False,False,-0.019,-0.029,0.963,False,normal_light,synthetic_ad8232_normal_light,patient_001,synthetic_ad8232_normal_light,100.4,8.11171991626929,-2.0,0.9636238892846108
2026-05-26T15:45:33,patient_001,105,True,synthetic_ad8232,98,True,synthetic_max30102,36.61,2124,1712,2124,False,False,False,-0.034,0.047,0.644,False,normal_light,synthetic_ad8232_normal_light,patient_001,synthetic_ad8232_normal_light,102.6,7.402702209328689,1.0,0.6466072996804165
2026-05-26T15:45:38,patient_001,105,True,synthetic_ad8232,98,True,synthetic_max30102,36.15,1903,1690,2097,False,False,False,-0.315,0.079,0.989,False,normal_light,synthetic_ad8232_normal_light,patient_001,synthetic_ad8232_normal_light,104.2,6.723094525588635,0.0,1.040954850125595
2026-05-26T15:45:43,patient_001,111,True,synthetic_ad8232,98,True,synthetic_max30102,36.84,2466,1769,2195,False,False,False,-0.007,-0.349,1.128,False,normal_light,synthetic_ad8232_normal_light,patient_001,synthetic_ad8232_normal_light,107.8,3.0331501776205982,0.0,1.1807768629169526
2026-05-26T15:45:48,patient_001,97,True,synthetic_ad8232,98,True,synthetic_max30102,36.94,2159,1721,2135,False,False,False,0.321,-0.128,0.949,False,normal_light,synthetic_ad8232_normal_light,patient_001,synthetic_ad8232_normal_light,105.0,5.099019513592771,0.0,1.0099633656722407
2026-05-26T15:45:53,patient_001,95,True,synthetic_ad8232,98,True,synthetic_max30102,36.86,1817,1769,2195,False,False,False,0.056,0.07,0.943,False,normal_light,synthetic_ad8232_normal_light,patient_001,synthetic_ad8232_normal_light,102.6,6.542170893518439,0.0,0.947251286618287
2026-05-26T15:45:58,patient_001,100,True,synthetic_ad8232,97,True,synthetic_max30102,36.95,1609,1675,2079,False,False,False,-0.23,-0.206,0.623,False,normal_light,synthetic_ad8232_normal_light,patient_001,synthetic_ad8232_normal_light,101.6,6.465291950097834,-1.0,0.6953164747077406
2026-05-26T15:46:03,patient_001,102,True,synthetic_ad8232,98,True,synthetic_max30102,36.52,1828,1708,2119,False,False,False,0.082,-0.024,1.111,False,normal_light,synthetic_ad8232_normal_light,patient_001,synthetic_ad8232_normal_light,101.0,6.204836822995416,1.0,1.1142804853357167
2026-05-26T15:46:08,patient_001,103,True,synthetic_ad8232,98,True,synthetic_max30102,36.81,2630,1773,2200,False,False,False,-0.211,0.148,0.795,False,normal_light,synthetic_ad8232_normal_light,patient_001,synthetic_ad8232_normal_light,99.4,3.361547262794298,0.0,0.8357332110189232
2026-05-26T15:46:13,patient_001,108,True,synthetic_ad8232,97,True,synthetic_max30102,36.64,1925,1741,2161,False,False,False,0.162,-0.037,1.032,False,normal_light,synthetic_ad8232_normal_light,patient_001,synthetic_ad8232_normal_light,101.6,4.722287581247022,-1.0,1.0452927819515447
2026-05-26T15:46:18,patient_001,99,True,synthetic_ad8232,95,True,synthetic_max30102,36.4,1513,1770,2196,False,False,False,-0.289,0.161,1.316,False,normal_light,synthetic_ad8232_normal_light,patient_001,synthetic_ad8232_normal_light,102.4,3.5071355833500166,-2.0,1.3569443614238574
2026-05-26T15:46:23,patient_001,112,True,synthetic_ad8232,99,True,synthetic_max30102,36.57,2086,1613,2002,False,False,False,0.058,-0.331,1.038,False,normal_light,synthetic_ad8232_normal_light,patient_001,synthetic_ad8232_normal_light,104.8,5.167204273105512,4.0,1.0910403292271098
2026-05-26T15:46:28,patient_001,91,True,synthetic_ad8232,98,True,synthetic_max30102,36.99,1797,1645,2041,False,False,False,-0.101,-0.175,0.602,False,normal_light,synthetic_ad8232_normal_light,patient_001,synthetic_ad8232_normal_light,102.6,8.142481194328903,-1.0,0.6350039369956694
2026-05-26T15:46:33,patient_001,91,True,synthetic_ad8232,98,True,synthetic_max30102,36.57,2060,1704,2115,False,False,False,-0.154,-0.07,1.183,False,normal_light,synthetic_ad8232_normal_light,patient_001,synthetic_ad8232_normal_light,100.2,9.62808392152872,0.0,1.195033472334562
2026-05-26T15:46:38,patient_001,111,True,synthetic_ad8232,95,True,synthetic_max30102,36.71,2239,1632,2025,False,False,False,0.067,-0.055,1.068,False,normal_light,synthetic_ad8232_normal_light,patient_001,synthetic_ad8232_normal_light,100.8,10.305338422390594,-3.0,1.0715120157982365
2026-05-26T15:46:43,patient_001,110,True,synthetic_ad8232,94,True,synthetic_max30102,37.03,1447,1662,2063,False,False,False,-0.509,-0.081,1.175,False,normal_light,synthetic_ad8232_normal_light,patient_001,synthetic_ad8232_normal_light,103.0,10.97724920005007,-1.0,1.2830693667919908
2026-05-26T15:46:48,patient_001,95,True,synthetic_ad8232,98,True,synthetic_max30102,36.16,1592,1627,2019,False,False,False,0.243,0.02,0.775,False,normal_light,synthetic_ad8232_normal_light,patient_001,synthetic_ad8232_normal_light,99.6,10.089598604503545,4.0,0.812449383038722
2026-05-26T15:46:53,patient_001,113,True,synthetic_ad8232,98,True,synthetic_max30102,36.22,2653,1595,1979,False,False,False,-0.033,-0.125,1.223,False,normal_light,synthetic_ad8232_normal_light,patient_001,synthetic_ad8232_normal_light,104.0,10.198039027185564,0.0,1.2298142136111454
2026-05-26T15:46:58,patient_001,105,True,synthetic_ad8232,95,True,synthetic_max30102,36.51,1063,1595,1979,False,False,False,-0.104,-0.199,1.007,False,normal_light,synthetic_ad8232_normal_light,patient_001,synthetic_ad8232_normal_light,106.8,7.224956747275369,-3.0,1.0317296157424192
2026-05-26T15:47:03,patient_001,102,True,synthetic_ad8232,94,True,synthetic_max30102,36.49,2187,1679,2084,False,False,False,-0.124,-0.127,1.35,False,normal_light,synthetic_ad8232_normal_light,patient_001,synthetic_ad8232_normal_light,105.0,7.035623639735136,-1.0,1.3616185222006933
2026-05-26T15:47:08,patient_001,89,True,synthetic_ad8232,96,True,synthetic_max30102,36.76,1790,1641,2036,False,False,False,-0.144,0.193,0.774,False,normal_light,synthetic_ad8232_normal_light,patient_001,synthetic_ad8232_normal_light,100.8,9.230384607371453,2.0,0.8105929928145197
2026-05-26T15:47:13,patient_001,106,True,synthetic_ad8232,96,True,synthetic_max30102,36.62,2068,1696,2105,False,False,False,-0.003,-0.102,1.077,False,normal_light,synthetic_ad8232_normal_light,patient_001,synthetic_ad8232_normal_light,103.0,8.803408430829498,0.0,1.0818234606441108
2026-05-26T15:47:18,patient_001,101,True,synthetic_ad8232,98,True,synthetic_max30102,36.63,2286,1582,1963,False,False,False,-0.015,0.049,1.295,False,normal_light,synthetic_ad8232_normal_light,patient_001,synthetic_ad8232_normal_light,100.6,6.804410334481592,2.0,1.2960135030160758
2026-05-26T15:47:23,patient_001,88,True,synthetic_ad8232,97,True,synthetic_max30102,37.14,1956,1662,2062,False,False,False,0.128,0.061,0.889,False,normal_light,synthetic_ad8232_normal_light,patient_001,synthetic_ad8232_normal_light,97.2,8.167006795638159,-1.0,0.9002366355575627
2026-05-26T15:47:28,patient_001,98,True,synthetic_ad8232,97,True,synthetic_max30102,36.76,2335,1697,2106,False,False,False,-0.098,-0.115,0.745,False,normal_light,synthetic_ad8232_normal_light,patient_001,synthetic_ad8232_normal_light,96.4,7.765307463326863,0.0,0.7601670868960323
2026-05-26T15:47:33,patient_001,107,True,synthetic_ad8232,98,True,synthetic_max30102,36.72,2971,1645,2041,False,False,False,0.111,0.085,0.974,False,normal_light,synthetic_ad8232_normal_light,patient_001,synthetic_ad8232_normal_light,100.0,7.648529270389169,1.0,0.983982723425569
2026-05-26T15:47:38,patient_001,101,True,synthetic_ad8232,96,True,synthetic_max30102,36.82,1602,1667,2069,False,False,False,0.085,-0.223,1.192,False,normal_light,synthetic_ad8232_normal_light,patient_001,synthetic_ad8232_normal_light,99.0,6.96419413859205,-2.0,1.2156553787977906
2026-05-26T15:47:43,patient_001,116,True,synthetic_ad8232,98,True,synthetic_max30102,36.35,2301,1800,2234,False,False,False,0.36,0.149,0.988,False,normal_light,synthetic_ad8232_normal_light,patient_001,synthetic_ad8232_normal_light,102.0,10.416333327999823,2.0,1.0620475507245426
2026-05-26T15:47:48,patient_001,105,True,synthetic_ad8232,96,True,synthetic_max30102,36.86,2065,1687,2094,False,False,False,0.126,0.033,0.848,False,normal_light,synthetic_ad8232_normal_light,patient_001,synthetic_ad8232_normal_light,105.4,6.877499545619749,-2.0,0.8579446369084662
2026-05-26T15:47:53,patient_001,93,True,synthetic_ad8232,95,True,synthetic_max30102,36.86,1970,1754,2177,False,False,False,-0.428,0.067,0.904,False,normal_light,synthetic_ad8232_normal_light,patient_001,synthetic_ad8232_normal_light,104.4,8.414273587185043,-1.0,1.0024415194912868
2026-05-26T15:47:58,patient_001,111,True,synthetic_ad8232,96,True,synthetic_max30102,36.73,2131,1617,2007,False,False,False,0.173,-0.053,1.169,False,normal_light,synthetic_ad8232_normal_light,patient_001,synthetic_ad8232_normal_light,105.2,8.89943818451479,1.0,1.182919692963136
2026-05-26T15:48:03,patient_001,113,True,synthetic_ad8232,98,True,synthetic_max30102,37.24,2359,1733,2150,False,False,False,-0.097,-0.218,0.811,False,normal_light,synthetic_ad8232_normal_light,patient_001,synthetic_ad8232_normal_light,107.6,9.099450532861855,2.0,0.8453721074177928
2026-05-26T15:48:08,patient_001,106,True,synthetic_ad8232,95,True,synthetic_max30102,36.91,2361,1705,2116,False,False,False,-0.18,0.239,1.504,False,normal_light,synthetic_ad8232_normal_light,patient_001,synthetic_ad8232_normal_light,105.6,7.797435475847163,-3.0,1.5334722038563333
2026-05-26T15:48:13,patient_001,101,True,synthetic_ad8232,94,True,synthetic_max30102,36.53,2260,1693,2101,False,False,False,-0.157,-0.23,1.3,False,normal_light,synthetic_ad8232_normal_light,patient_001,synthetic_ad8232_normal_light,104.8,8.074651695274532,-1.0,1.3294920082497677
2026-05-26T15:48:18,patient_001,102,True,synthetic_ad8232,97,True,synthetic_max30102,36.97,1459,1652,2050,False,False,False,0.034,0.126,0.955,False,normal_light,synthetic_ad8232_normal_light,patient_001,synthetic_ad8232_normal_light,106.6,5.319774431308143,3.0,0.9638760293730725
2026-05-26T15:48:23,patient_001,87,True,synthetic_ad8232,97,True,synthetic_max30102,36.72,1491,1511,1875,False,False,False,-0.192,0.024,1.0,False,normal_light,synthetic_ad8232_normal_light,patient_001,synthetic_ad8232_normal_light,101.8,9.523654760647293,0.0,1.0185479861057112
2026-05-26T15:48:28,patient_001,136,True,synthetic_ad8232,97,True,synthetic_max30102,36.63,1921,1707,2118,False,False,False,0.095,0.388,1.262,False,normal_moderate,synthetic_ad8232_normal_moderate,patient_001,synthetic_ad8232_normal_moderate,136.0,0.0,0.0,1.3237118266450596
2026-05-26T15:48:33,patient_001,126,True,synthetic_ad8232,97,True,synthetic_max30102,37.06,2450,1708,2120,False,False,False,0.26,0.076,1.277,False,normal_moderate,synthetic_ad8232_normal_moderate,patient_001,synthetic_ad8232_normal_moderate,131.0,7.0710678118654755,0.0,1.305413727520896
2026-05-26T15:48:38,patient_001,141,True,synthetic_ad8232,95,True,synthetic_max30102,36.42,2397,1671,2073,False,False,False,0.58,0.12,0.39,False,normal_moderate,synthetic_ad8232_normal_moderate,patient_001,synthetic_ad8232_normal_moderate,134.33333333333334,7.637626158259731,-2.0,0.709154426059656
2026-05-26T15:48:43,patient_001,129,True,synthetic_ad8232,95,True,synthetic_max30102,37.45,2358,1733,2150,False,False,False,-0.327,-0.249,1.064,False,normal_moderate,synthetic_ad8232_normal_moderate,patient_001,synthetic_ad8232_normal_moderate,133.0,6.782329983125266,0.0,1.1406252671232564
2026-05-26T15:48:48,patient_001,141,True,synthetic_ad8232,96,True,synthetic_max30102,37.16,2476,1734,2152,False,False,False,-0.051,0.052,1.028,False,normal_moderate,synthetic_ad8232_normal_moderate,patient_001,synthetic_ad8232_normal_moderate,134.6,6.877499545619759,1.0,1.0305770228372064
2026-05-26T15:48:53,patient_001,138,True,synthetic_ad8232,96,True,synthetic_max30102,36.74,2097,1867,2317,False,False,False,0.064,0.02,1.058,False,normal_moderate,synthetic_ad8232_normal_moderate,patient_001,synthetic_ad8232_normal_moderate,135.0,7.035623639735144,0.0,1.0601226344154717
2026-05-26T15:48:58,patient_001,136,True,synthetic_ad8232,98,True,synthetic_max30102,37.03,1911,1659,2059,False,False,False,0.858,-0.102,1.103,False,normal_moderate,synthetic_ad8232_normal_moderate,patient_001,synthetic_ad8232_normal_moderate,137.0,4.949747468305832,2.0,1.4011341834385456
2026-05-26T15:49:03,patient_001,134,True,synthetic_ad8232,97,True,synthetic_max30102,37.1,2519,1896,2353,False,False,False,0.481,-0.003,0.874,False,normal_moderate,synthetic_ad8232_normal_moderate,patient_001,synthetic_ad8232_normal_moderate,135.6,4.505552130427523,-1.0,0.9976201682003025
2026-05-26T15:49:08,patient_001,125,True,synthetic_ad8232,95,True,synthetic_max30102,36.7,2413,1697,2106,False,False,False,0.368,-0.098,1.035,False,normal_moderate,synthetic_ad8232_normal_moderate,patient_001,synthetic_ad8232_normal_moderate,134.8,6.058052492344387,-2.0,1.1028386101329604
2026-05-26T15:49:13,patient_001,124,True,synthetic_ad8232,94,True,synthetic_max30102,37.07,1855,1746,2167,False,False,False,0.25,0.146,0.707,False,normal_moderate,synthetic_ad8232_normal_moderate,patient_001,synthetic_ad8232_normal_moderate,131.4,6.465291950097851,-1.0,0.763979711772505
2026-05-26T15:49:18,patient_001,127,True,synthetic_ad8232,94,True,synthetic_max30102,37.42,1635,1896,2353,False,False,False,0.262,0.242,1.427,False,normal_moderate,synthetic_ad8232_normal_moderate,patient_001,synthetic_ad8232_normal_moderate,129.2,5.449770637375491,0.0,1.470896665303175
2026-05-26T15:49:23,patient_001,125,True,synthetic_ad8232,95,True,synthetic_max30102,36.73,2161,1724,2139,False,False,False,-0.337,-0.075,0.564,False,normal_moderate,synthetic_ad8232_normal_moderate,patient_001,synthetic_ad8232_normal_moderate,127.0,4.062019202317981,1.0,0.6612790636335011
2026-05-26T15:49:28,patient_001,137,True,synthetic_ad8232,97,True,synthetic_max30102,37.19,1548,1587,1969,False,False,False,-0.091,0.772,1.072,False,normal_moderate,synthetic_ad8232_normal_moderate,patient_001,synthetic_ad8232_normal_moderate,127.6,5.366563145999495,2.0,1.324178613329788
2026-05-26T15:49:33,patient_001,115,True,synthetic_ad8232,96,True,synthetic_max30102,36.96,1768,1740,2159,False,False,False,-0.124,0.734,1.182,False,normal_moderate,synthetic_ad8232_normal_moderate,patient_001,synthetic_ad8232_normal_moderate,125.6,7.861297602813418,-1.0,1.3968736521246292
2026-05-26T15:49:38,patient_001,122,True,synthetic_ad8232,96,True,synthetic_max30102,37.06,1747,1683,2089,False,False,False,-0.61,-0.033,0.995,False,normal_moderate,synthetic_ad8232_normal_moderate,patient_001,synthetic_ad8232_normal_moderate,125.2,8.01249024960405,0.0,1.167567556931932
2026-05-26T15:49:43,patient_001,127,True,synthetic_ad8232,96,True,synthetic_max30102,37.03,2259,1672,2075,False,False,False,0.252,0.408,0.887,False,normal_moderate,synthetic_ad8232_normal_moderate,patient_001,synthetic_ad8232_normal_moderate,125.2,8.01249024960405,0.0,1.0083337741045868
2026-05-26T15:49:48,patient_001,138,True,synthetic_ad8232,95,True,synthetic_max30102,37.25,2062,1657,2056,False,False,False,0.383,0.482,1.612,False,normal_moderate,synthetic_ad8232_normal_moderate,patient_001,synthetic_ad8232_normal_moderate,127.8,9.833615815151616,-1.0,1.7255599091309466
2026-05-26T15:49:53,patient_001,132,True,synthetic_ad8232,96,True,synthetic_max30102,36.79,1795,1715,2128,False,False,False,-0.48,0.062,0.721,False,normal_moderate,synthetic_ad8232_normal_moderate,patient_001,synthetic_ad8232_normal_moderate,126.8,8.871302046486749,1.0,0.8683806768923408
2026-05-26T15:49:58,patient_001,121,True,synthetic_ad8232,96,True,synthetic_max30102,37.05,1694,1730,2147,False,False,False,0.243,0.795,1.087,False,normal_moderate,synthetic_ad8232_normal_moderate,patient_001,synthetic_ad8232_normal_moderate,128.0,7.106335201775947,0.0,1.368445468405665
2026-05-26T15:50:03,patient_001,119,True,synthetic_ad8232,99,True,synthetic_max30102,36.7,1898,1633,2026,False,False,False,-0.325,0.016,0.958,False,normal_moderate,synthetic_ad8232_normal_moderate,patient_001,synthetic_ad8232_normal_moderate,127.4,7.829431652425353,3.0,1.0117534284597212
2026-05-26T15:50:08,patient_001,144,True,synthetic_ad8232,95,True,synthetic_max30102,36.55,1690,1614,2003,False,False,False,0.37,0.202,0.773,False,normal_moderate,synthetic_ad8232_normal_moderate,patient_001,synthetic_ad8232_normal_moderate,130.8,10.756393447619883,-4.0,0.8804731682453475
2026-05-26T15:50:13,patient_001,131,True,synthetic_ad8232,98,True,synthetic_max30102,36.67,1710,1779,2207,False,False,False,0.01,0.266,0.157,False,normal_moderate,synthetic_ad8232_normal_moderate,patient_001,synthetic_ad8232_normal_moderate,129.4,10.014988766843425,3.0,0.30903883251138525
2026-05-26T15:50:18,patient_001,135,True,synthetic_ad8232,96,True,synthetic_max30102,37.35,2055,1722,2137,False,False,False,0.233,-0.802,0.715,False,normal_moderate,synthetic_ad8232_normal_moderate,patient_001,synthetic_ad8232_normal_moderate,130.0,10.295630140986999,-2.0,1.0994171182949628
2026-05-26T15:50:23,patient_001,137,True,synthetic_ad8232,97,True,synthetic_max30102,37.19,1705,1743,2163,False,False,False,-0.035,-0.616,0.831,False,normal_moderate,synthetic_ad8232_normal_moderate,patient_001,synthetic_ad8232_normal_moderate,133.2,9.23038460737146,1.0,1.0350082125278042
2026-05-26T15:50:28,patient_001,138,True,synthetic_ad8232,97,True,synthetic_max30102,37.04,1250,1679,2083,False,False,False,-1.032,-0.417,1.65,False,normal_moderate,synthetic_ad8232_normal_moderate,patient_001,synthetic_ad8232_normal_moderate,137.0,4.743416490252575,0.0,1.9903298721568743
2026-05-26T15:50:33,patient_001,144,True,synthetic_ad8232,96,True,synthetic_max30102,37.35,3154,1770,2197,False,False,False,0.137,0.19,1.117,False,normal_moderate,synthetic_ad8232_normal_moderate,patient_001,synthetic_ad8232_normal_moderate,137.0,4.743416490252575,-1.0,1.1412966310298125
2026-05-26T15:50:38,patient_001,142,True,synthetic_ad8232,93,True,synthetic_max30102,37.14,2624,1800,2234,False,False,False,0.44,0.451,0.841,False,normal_moderate,synthetic_ad8232_normal_moderate,patient_001,synthetic_ad8232_normal_moderate,139.2,3.7013511046643583,-3.0,1.0508482288132763
2026-05-26T15:50:43,patient_001,149,True,synthetic_ad8232,95,True,synthetic_max30102,36.84,1727,1539,1910,False,False,False,-0.067,-0.142,0.678,False,normal_moderate,synthetic_ad8232_normal_moderate,patient_001,synthetic_ad8232_normal_moderate,142.0,4.847679857416337,2.0,0.6959432448123913
2026-05-26T15:50:48,patient_001,136,True,synthetic_ad8232,95,True,synthetic_max30102,37.62,2314,1770,2197,False,False,False,0.045,0.482,1.081,False,normal_moderate,synthetic_ad8232_normal_moderate,patient_001,synthetic_ad8232_normal_moderate,141.8,5.118593556827901,0.0,1.1844450177192691
2026-05-26T15:50:53,patient_001,146,True,synthetic_ad8232,96,True,synthetic_max30102,37.16,2216,1878,2330,False,False,False,0.168,-0.071,1.132,False,normal_moderate,synthetic_ad8232_normal_moderate,patient_001,synthetic_ad8232_normal_moderate,143.4,4.878524367060195,1.0,1.146598883655483
2026-05-26T15:50:58,patient_001,136,True,synthetic_ad8232,98,True,synthetic_max30102,37.36,2555,1562,1938,False,False,False,0.044,-0.804,1.171,False,normal_moderate,synthetic_ad8232_normal_moderate,patient_001,synthetic_ad8232_normal_moderate,141.8,5.848076606885387,2.0,1.4211238510418438
2026-05-26T15:51:03,patient_001,134,True,synthetic_ad8232,98,True,synthetic_max30102,36.71,2118,1678,2082,False,False,False,-0.503,0.121,0.978,False,normal_moderate,synthetic_ad8232_normal_moderate,patient_001,synthetic_ad8232_normal_moderate,140.2,6.797058187186577,0.0,1.106405892970568
2026-05-26T15:51:08,patient_001,149,True,synthetic_ad8232,97,True,synthetic_max30102,37.34,1891,1588,1970,False,False,False,0.335,0.548,0.923,False,normal_moderate,synthetic_ad8232_normal_moderate,patient_001,synthetic_ad8232_normal_moderate,140.2,6.797058187186577,-1.0,1.1244812137159073
2026-05-26T15:51:13,patient_001,140,True,synthetic_ad8232,94,True,synthetic_max30102,36.94,2448,1762,2187,False,False,False,-0.202,0.556,1.252,False,normal_moderate,synthetic_ad8232_normal_moderate,patient_001,synthetic_ad8232_normal_moderate,141.0,6.403124237432856,-3.0,1.384718021836937
2026-05-26T15:51:18,patient_001,132,True,synthetic_ad8232,96,True,synthetic_max30102,36.62,2884,1792,2224,False,False,False,-0.725,0.083,1.103,False,normal_moderate,synthetic_ad8232_normal_moderate,patient_001,synthetic_ad8232_normal_moderate,138.2,6.723094525588649,2.0,1.3225441391499946
2026-05-26T15:51:23,patient_001,148,True,synthetic_ad8232,94,True,synthetic_max30102,36.89,2075,1804,2238,False,False,False,0.208,0.916,1.508,False,normal_moderate,synthetic_ad8232_normal_moderate,patient_001,synthetic_ad8232_normal_moderate,140.6,7.797435475847176,-2.0,1.7766215128721143
2026-05-26T15:51:28,patient_001,123,True,synthetic_ad8232,97,True,synthetic_max30102,36.65,1054,1675,2078,False,False,False,-0.043,-0.01,1.548,False,normal_moderate,synthetic_ad8232_normal_moderate,patient_001,synthetic_ad8232_normal_moderate,138.4,11.013627921806698,3.0,1.548629394012654
2026-05-26T15:51:33,patient_001,137,True,synthetic_ad8232,95,True,synthetic_max30102,37.01,1781,1610,1998,False,False,False,0.01,-0.066,1.267,False,normal_moderate,synthetic_ad8232_normal_moderate,patient_001,synthetic_ad8232_normal_moderate,136.0,9.300537618869145,-2.0,1.2687572659890465
2026-05-26T15:51:38,patient_001,139,True,synthetic_ad8232,95,True,synthetic_max30102,36.49,2261,1583,1964,False,False,False,0.274,0.423,0.974,False,normal_moderate,synthetic_ad8232_normal_moderate,patient_001,synthetic_ad8232_normal_moderate,135.8,9.203260291874837,0.0,1.0966681357639603
2026-05-26T15:51:43,patient_001,115,True,synthetic_ad8232,96,True,synthetic_max30102,36.72,2289,1646,2042,False,False,False,-0.366,-0.125,0.926,False,normal_moderate,synthetic_ad8232_normal_moderate,patient_001,synthetic_ad8232_normal_moderate,132.4,13.221195104830732,1.0,1.0035222967129331
2026-05-26T15:51:48,patient_001,128,True,synthetic_ad8232,98,True,synthetic_max30102,37.09,1991,1725,2140,False,False,False,-0.204,-0.273,0.413,False,normal_moderate,synthetic_ad8232_normal_moderate,patient_001,synthetic_ad8232_normal_moderate,128.4,9.939818911831349,2.0,0.5354568143183911
2026-05-26T15:51:53,patient_001,108,True,synthetic_ad8232,95,True,synthetic_max30102,36.71,2752,1758,2182,False,False,False,0.591,-0.566,0.486,False,normal_moderate,synthetic_ad8232_normal_moderate,patient_001,synthetic_ad8232_normal_moderate,125.4,13.575713609236171,-3.0,0.9517525939024278
2026-05-26T15:51:58,patient_001,125,True,synthetic_ad8232,95,True,synthetic_max30102,37.2,2060,1808,2243,False,False,False,-0.774,-0.621,0.892,False,normal_moderate,synthetic_ad8232_normal_moderate,patient_001,synthetic_ad8232_normal_moderate,123.0,11.979148550710947,0.0,1.334309184559561
2026-05-26T15:52:03,patient_001,133,True,synthetic_ad8232,98,True,synthetic_max30102,37.67,2425,1606,1993,False,False,False,-0.162,0.024,1.628,False,normal_moderate,synthetic_ad8232_normal_moderate,patient_001,synthetic_ad8232_normal_moderate,121.8,10.134100848126597,3.0,1.6362163671104135
2026-05-26T15:52:08,patient_001,122,True,synthetic_ad8232,96,True,synthetic_max30102,36.92,2137,1766,2191,False,False,False,-0.295,-0.314,1.087,False,normal_moderate,synthetic_ad8232_normal_moderate,patient_001,synthetic_ad8232_normal_moderate,123.2,9.418067742376895,-2.0,1.1692690024113357
2026-05-26T15:52:13,patient_001,133,True,synthetic_ad8232,97,True,synthetic_max30102,36.69,1898,1684,2090,False,False,False,0.299,0.317,1.901,False,normal_moderate,synthetic_ad8232_normal_moderate,patient_001,synthetic_ad8232_normal_moderate,124.2,10.281050529979911,1.0,1.950305360706369
2026-05-26T15:52:18,patient_001,140,True,synthetic_ad8232,97,True,synthetic_max30102,36.83,2135,1690,2097,False,False,False,-0.101,0.219,0.7,False,normal_moderate,synthetic_ad8232_normal_moderate,patient_001,synthetic_ad8232_normal_moderate,130.6,7.162401831788008,0.0,0.7403796323508636
2026-05-26T15:52:23,patient_001,142,True,synthetic_ad8232,95,True,synthetic_max30102,36.41,1623,1710,2122,False,False,False,-0.631,-0.411,0.53,False,normal_moderate,synthetic_ad8232_normal_moderate,patient_001,synthetic_ad8232_normal_moderate,134.0,7.8421935706790755,-2.0,0.9208593812303809
2026-05-26T15:52:28,patient_001,125,True,synthetic_ad8232,95,True,synthetic_max30102,36.86,1890,1670,2072,False,False,False,0.503,0.262,0.996,False,normal_moderate,synthetic_ad8232_normal_moderate,patient_001,synthetic_ad8232_normal_moderate,132.4,8.84872872225159,0.0,1.146154003613825
2026-05-26T15:52:33,patient_001,135,True,synthetic_ad8232,97,True,synthetic_max30102,36.71,2072,1765,2190,False,False,False,0.053,-0.681,1.064,False,normal_moderate,synthetic_ad8232_normal_moderate,patient_001,synthetic_ad8232_normal_moderate,135.0,6.670832032063183,2.0,1.2643836443105394
2026-05-26T15:52:38,patient_001,149,True,synthetic_ad8232,95,True,synthetic_max30102,37.07,2510,1736,2154,False,False,False,0.027,-0.005,0.95,False,normal_moderate,synthetic_ad8232_normal_moderate,patient_001,synthetic_ad8232_normal_moderate,138.2,8.927485648266272,-2.0,0.950396759253734
2026-05-26T15:52:43,patient_001,146,True,synthetic_ad8232,96,True,synthetic_max30102,37.26,3161,1799,2233,False,False,False,-0.206,0.298,0.723,False,normal_moderate,synthetic_ad8232_normal_moderate,patient_001,synthetic_ad8232_normal_moderate,139.4,9.607288899580372,1.0,0.8086834980386332
2026-05-26T15:52:48,patient_001,131,True,synthetic_ad8232,93,True,synthetic_max30102,36.82,2408,1777,2205,False,False,False,0.471,0.224,1.077,False,normal_moderate,synthetic_ad8232_normal_moderate,patient_001,synthetic_ad8232_normal_moderate,137.2,10.1094015648801,-3.0,1.1966394611577875
2026-05-26T15:52:53,patient_001,144,True,synthetic_ad8232,97,True,synthetic_max30102,37.49,2803,1681,2086,False,False,False,0.166,0.347,0.883,False,normal_moderate,synthetic_ad8232_normal_moderate,patient_001,synthetic_ad8232_normal_moderate,141.0,7.648529270389194,4.0,0.9631479637106648
2026-05-26T15:52:58,patient_001,134,True,synthetic_ad8232,97,True,synthetic_max30102,37.04,1452,1750,2171,False,False,False,-0.165,0.034,1.493,False,normal_moderate,synthetic_ad8232_normal_moderate,patient_001,synthetic_ad8232_normal_moderate,140.8,7.85493475466221,0.0,1.502474625409694
2026-05-26T15:53:03,patient_001,130,True,synthetic_ad8232,99,True,synthetic_max30102,36.93,1956,1702,2112,False,False,False,-0.59,0.693,1.229,False,normal_moderate,synthetic_ad8232_normal_moderate,patient_001,synthetic_ad8232_normal_moderate,137.0,7.483314773547904,2.0,1.5293103020642997
2026-05-26T15:53:08,patient_001,143,True,synthetic_ad8232,95,True,synthetic_max30102,37.37,2560,1709,2121,False,False,False,0.23,0.116,1.041,False,normal_moderate,synthetic_ad8232_normal_moderate,patient_001,synthetic_ad8232_normal_moderate,136.4,6.655824516917518,-4.0,1.0723977806765548
2026-05-26T15:53:13,patient_001,123,True,synthetic_ad8232,93,True,synthetic_max30102,37.2,2412,1677,2081,False,False,False,0.261,0.198,1.133,False,normal_moderate,synthetic_ad8232_normal_moderate,patient_001,synthetic_ad8232_normal_moderate,134.8,8.871302046486768,-2.0,1.1794125656444399
2026-05-26T15:53:18,patient_001,132,True,synthetic_ad8232,95,True,synthetic_max30102,36.9,1933,1594,1978,False,False,False,0.747,-0.577,1.165,False,normal_moderate,synthetic_ad8232_normal_moderate,patient_001,synthetic_ad8232_normal_moderate,132.4,7.231873892705844,2.0,1.4993875416315823
2026-05-26T15:53:23,patient_001,128,True,synthetic_ad8232,93,True,synthetic_max30102,37.12,2863,1803,2237,False,False,False,-0.093,-0.705,1.284,False,normal_moderate,synthetic_ad8232_normal_moderate,patient_001,synthetic_ad8232_normal_moderate,131.2,7.395944834840263,-2.0,1.467763604944611
2026-05-26T15:53:28,patient_001,136,True,synthetic_ad8232,96,True,synthetic_max30102,37.43,2329,1728,2144,False,False,False,0.629,0.427,0.66,False,normal_moderate,synthetic_ad8232_normal_moderate,patient_001,synthetic_ad8232_normal_moderate,132.4,7.635443667528453,3.0,1.006762136753265
2026-05-26T15:53:33,patient_001,114,True,synthetic_ad8232,97,True,synthetic_max30102,37.73,2249,1683,2089,False,False,False,0.264,0.546,1.054,False,normal_moderate,synthetic_ad8232_normal_moderate,patient_001,synthetic_ad8232_normal_moderate,126.6,8.532291603080637,1.0,1.2160296049027755
2026-05-26T15:53:38,patient_001,124,True,synthetic_ad8232,94,True,synthetic_max30102,37.41,2245,1694,2102,False,False,False,0.52,-0.317,1.329,False,normal_moderate,synthetic_ad8232_normal_moderate,patient_001,synthetic_ad8232_normal_moderate,126.8,8.438009243891615,-3.0,1.4618926089148956
2026-05-26T15:53:43,patient_001,137,True,synthetic_ad8232,98,True,synthetic_max30102,37.03,2964,1658,2057,False,False,False,0.534,0.138,1.208,False,normal_moderate,synthetic_ad8232_normal_moderate,patient_001,synthetic_ad8232_normal_moderate,127.8,9.444575162494095,4.0,1.3279548185085213
2026-05-26T15:53:48,patient_001,137,True,synthetic_ad8232,97,True,synthetic_max30102,36.49,2401,1584,1965,False,False,False,-0.248,0.463,1.09,False,normal_moderate,synthetic_ad8232_normal_moderate,patient_001,synthetic_ad8232_normal_moderate,129.6,10.310189135025622,-1.0,1.2099475195230578
2026-05-26T15:53:53,patient_001,127,True,synthetic_ad8232,98,True,synthetic_max30102,36.97,1946,1635,2029,False,False,False,0.112,0.443,0.676,False,normal_moderate,synthetic_ad8232_normal_moderate,patient_001,synthetic_ad8232_normal_moderate,127.8,9.679876032264069,1.0,0.815946689435039
2026-05-26T15:53:58,patient_001,140,True,synthetic_ad8232,94,True,synthetic_max30102,36.47,1689,1591,1974,False,False,False,0.328,-0.181,0.853,False,normal_moderate,synthetic_ad8232_normal_moderate,patient_001,synthetic_ad8232_normal_moderate,133.0,7.035623639735171,-4.0,0.9316404886006189
2026-05-26T15:54:03,patient_001,132,True,synthetic_ad8232,97,True,synthetic_max30102,36.75,2340,1814,2251,False,False,False,0.62,-0.21,0.751,False,normal_moderate,synthetic_ad8232_normal_moderate,patient_001,synthetic_ad8232_normal_moderate,134.6,5.12835256198327,3.0,0.9962434441440505
2026-05-26T15:54:08,patient_001,126,True,synthetic_ad8232,96,True,synthetic_max30102,37.43,1706,1708,2120,False,False,False,0.553,-0.256,0.975,False,normal_moderate,synthetic_ad8232_normal_moderate,patient_001,synthetic_ad8232_normal_moderate,132.4,6.107372593841019,-1.0,1.1497695421257252
2026-05-26T15:54:13,patient_001,131,True,synthetic_ad8232,96,True,synthetic_max30102,37.36,1930,1754,2176,False,False,False,0.463,-0.085,0.915,False,normal_moderate,synthetic_ad8232_normal_moderate,patient_001,synthetic_ad8232_normal_moderate,131.2,5.540758070878062,0.0,1.02898930995419
2026-05-26T15:54:18,patient_001,138,True,synthetic_ad8232,96,True,synthetic_max30102,36.69,2053,1828,2269,False,False,False,-0.295,0.536,0.935,False,normal_moderate,synthetic_ad8232_normal_moderate,patient_001,synthetic_ad8232_normal_moderate,133.4,5.639148871948708,0.0,1.1173835509796983
2026-05-26T15:54:23,patient_001,135,True,synthetic_ad8232,100,True,synthetic_max30102,36.66,1877,1711,2123,False,False,False,-0.624,0.48,0.701,False,normal_moderate,synthetic_ad8232_normal_moderate,patient_001,synthetic_ad8232_normal_moderate,132.4,4.505552130427568,4.0,1.0541238067703431
2026-05-26T15:54:28,patient_001,135,True,synthetic_ad8232,94,True,synthetic_max30102,36.94,1495,1688,2095,False,False,False,0.197,-0.323,0.745,False,normal_moderate,synthetic_ad8232_normal_moderate,patient_001,synthetic_ad8232_normal_moderate,133.0,4.636809247747895,-6.0,0.8355614878631016
2026-05-26T15:54:33,patient_001,128,True,synthetic_ad8232,96,True,synthetic_max30102,36.87,2777,1752,2174,False,False,False,-0.055,0.023,0.76,False,normal_moderate,synthetic_ad8232_normal_moderate,patient_001,synthetic_ad8232_normal_moderate,133.4,3.9115214431216407,2.0,0.7623345722187863
2026-05-26T15:54:38,patient_001,127,True,synthetic_ad8232,97,True,synthetic_max30102,36.92,2154,1582,1963,False,False,False,0.168,0.578,1.168,False,normal_moderate,synthetic_ad8232_normal_moderate,patient_001,synthetic_ad8232_normal_moderate,132.6,4.8270073544589085,1.0,1.313975646654077
2026-05-26T15:54:43,patient_001,144,True,synthetic_ad8232,96,True,synthetic_max30102,37.32,1887,1602,1988,False,False,False,-0.202,-0.49,1.039,False,normal_moderate,synthetic_ad8232_normal_moderate,patient_001,synthetic_ad8232_normal_moderate,133.8,6.83373982530798,-1.0,1.1663725819822754
2026-05-26T15:54:48,patient_001,145,True,synthetic_ad8232,93,True,synthetic_max30102,36.59,2659,1820,2258,False,False,False,-0.321,0.008,0.862,False,normal_moderate,synthetic_ad8232_normal_moderate,patient_001,synthetic_ad8232_normal_moderate,135.8,8.526429498916901,-3.0,0.9198635768416966
2026-05-26T15:54:53,patient_001,137,True,synthetic_ad8232,96,True,synthetic_max30102,37.13,2697,1772,2199,False,False,False,-0.262,0.33,0.601,False,normal_moderate,synthetic_ad8232_normal_moderate,patient_001,synthetic_ad8232_normal_moderate,136.2,8.526429498916901,3.0,0.7339925067737408
2026-05-26T15:54:58,patient_001,134,True,synthetic_ad8232,96,True,synthetic_max30102,37.13,2416,1708,2119,False,False,False,-0.962,0.136,0.95,False,normal_moderate,synthetic_ad8232_normal_moderate,patient_001,synthetic_ad8232_normal_moderate,137.4,7.436396977031305,0.0,1.3588377386575632
2026-05-26T15:55:03,patient_001,131,True,synthetic_ad8232,94,True,synthetic_max30102,36.95,1752,1779,2208,False,False,False,0.064,0.07,1.047,False,normal_moderate,synthetic_ad8232_normal_moderate,patient_001,synthetic_ad8232_normal_moderate,138.2,6.1400325732035235,-2.0,1.0512873061156973
2026-05-26T15:55:08,patient_001,134,True,synthetic_ad8232,98,True,synthetic_max30102,36.44,1976,1650,2047,False,False,False,0.103,-0.175,0.86,False,normal_moderate,synthetic_ad8232_normal_moderate,patient_001,synthetic_ad8232_normal_moderate,136.2,5.357238094391573,4.0,0.8836481200115801
2026-05-26T15:55:13,patient_001,149,True,synthetic_ad8232,94,True,synthetic_max30102,36.63,1973,1726,2142,False,False,False,-0.416,0.635,0.828,False,normal_moderate,synthetic_ad8232_normal_moderate,patient_001,synthetic_ad8232_normal_moderate,137.0,7.03562363973516,-4.0,1.1233276458807555
2026-05-26T15:55:18,patient_001,123,True,synthetic_ad8232,96,True,synthetic_max30102,37.79,1292,1642,2038,False,False,False,0.527,-0.269,1.217,False,normal_moderate,synthetic_ad8232_normal_moderate,patient_001,synthetic_ad8232_normal_moderate,134.2,9.418067742376893,2.0,1.3532106266210002
2026-05-26T15:55:23,patient_001,142,True,synthetic_ad8232,98,True,synthetic_max30102,37.33,2003,1747,2168,False,False,False,-0.124,-0.028,1.252,False,normal_moderate,synthetic_ad8232_normal_moderate,patient_001,synthetic_ad8232_normal_moderate,135.8,10.03493896344169,2.0,1.2584371259621991
2026-05-26T15:55:28,patient_001,116,True,synthetic_ad8232,96,True,synthetic_max30102,37.35,2528,1742,2162,False,False,False,-0.379,0.254,1.106,False,normal_moderate,synthetic_ad8232_normal_moderate,patient_001,synthetic_ad8232_normal_moderate,132.8,13.4796142378037,-2.0,1.1964083750960623
2026-05-26T15:55:33,patient_001,125,True,synthetic_ad8232,93,True,synthetic_max30102,36.83,2692,1576,1956,False,False,False,0.351,-0.16,0.747,False,normal_moderate,synthetic_ad8232_normal_moderate,patient_001,synthetic_ad8232_normal_moderate,131.0,13.874436925511617,-3.0,0.840719929584163
2026-05-26T15:55:38,patient_001,140,True,synthetic_ad8232,97,True,synthetic_max30102,37.31,3203,1689,2096,False,False,False,0.242,-0.056,0.933,False,normal_moderate,synthetic_ad8232_normal_moderate,patient_001,synthetic_ad8232_normal_moderate,129.2,11.30044246921333,4.0,0.9654993526667949
2026-05-26T15:55:43,patient_001,138,True,synthetic_ad8232,95,True,synthetic_max30102,37.15,2620,1750,2172,False,False,False,-0.314,0.557,0.759,False,normal_moderate,synthetic_ad8232_normal_moderate,patient_001,synthetic_ad8232_normal_moderate,132.2,11.233877335986909,-2.0,0.9924343807023214
2026-05-26T15:55:48,patient_001,136,True,synthetic_ad8232,96,True,synthetic_max30102,37.0,2206,1815,2252,False,False,False,0.02,-0.172,0.833,False,normal_moderate,synthetic_ad8232_normal_moderate,patient_001,synthetic_ad8232_normal_moderate,131.0,10.198039027185583,1.0,0.850807263720756
2026-05-26T15:55:53,patient_001,124,True,synthetic_ad8232,95,True,synthetic_max30102,37.35,1888,1739,2158,False,False,False,0.276,0.226,0.9,False,normal_moderate,synthetic_ad8232_normal_moderate,patient_001,synthetic_ad8232_normal_moderate,132.6,7.5365774725667265,-1.0,0.9681177614319448
2026-05-26T15:55:58,patient_001,129,True,synthetic_ad8232,98,True,synthetic_max30102,37.28,1458,1824,2263,False,False,False,-0.304,-0.269,1.028,False,normal_moderate,synthetic_ad8232_normal_moderate,patient_001,synthetic_ad8232_normal_moderate,133.4,6.693280212272627,3.0,1.105242507325881
2026-05-26T15:56:03,patient_001,135,True,synthetic_ad8232,94,True,synthetic_max30102,36.8,1901,1713,2126,False,False,False,-0.088,-0.117,0.803,False,normal_moderate,synthetic_ad8232_normal_moderate,patient_001,synthetic_ad8232_normal_moderate,132.4,5.77061521850143,-4.0,0.81623648533988
2026-05-26T15:56:08,patient_001,117,True,synthetic_ad8232,97,True,synthetic_max30102,37.24,1724,1738,2157,False,False,False,0.335,-0.509,1.095,False,normal_moderate,synthetic_ad8232_normal_moderate,patient_001,synthetic_ad8232_normal_moderate,128.2,7.918333157931679,3.0,1.2531284850325604
2026-05-26T15:56:13,patient_001,132,True,synthetic_ad8232,96,True,synthetic_max30102,37.59,2455,1646,2043,False,False,False,0.714,-0.553,1.863,False,normal_moderate,synthetic_ad8232_normal_moderate,patient_001,synthetic_ad8232_normal_moderate,127.4,7.0922492905988745,-1.0,2.070356008033401
2026-05-26T15:56:18,patient_001,142,True,synthetic_ad8232,94,True,synthetic_max30102,37.16,2268,1802,2236,False,False,False,0.002,0.224,1.071,False,normal_moderate,synthetic_ad8232_normal_moderate,patient_001,synthetic_ad8232_normal_moderate,131.0,9.192388155425132,-2.0,1.0941759456321456
2026-05-26T15:56:23,patient_001,130,True,synthetic_ad8232,98,True,synthetic_max30102,37.19,1809,1668,2070,False,False,False,0.296,-0.203,0.624,False,normal_moderate,synthetic_ad8232_normal_moderate,patient_001,synthetic_ad8232_normal_moderate,131.2,9.148770409186158,4.0,0.7198617922907147
2026-05-26T15:56:28,patient_001,140,True,synthetic_ad8232,98,True,synthetic_max30102,36.95,2724,1662,2062,False,False,False,0.541,0.509,1.075,False,normal_moderate,synthetic_ad8232_normal_moderate,patient_001,synthetic_ad8232_normal_moderate,132.2,9.90959131347001,0.0,1.306670195573466
2026-05-26T15:56:33,patient_001,131,True,synthetic_ad8232,96,True,synthetic_max30102,36.89,3338,1654,2053,False,False,False,-0.271,-0.484,1.212,False,normal_moderate,synthetic_ad8232_normal_moderate,patient_001,synthetic_ad8232_normal_moderate,135.0,5.56776436283005,-2.0,1.332906973498151
2026-05-26T15:56:38,patient_001,121,True,synthetic_ad8232,94,True,synthetic_max30102,37.16,1664,1571,1949,False,False,False,0.575,0.053,1.19,False,normal_moderate,synthetic_ad8232_normal_moderate,patient_001,synthetic_ad8232_normal_moderate,132.8,8.467585252006641,-2.0,1.3226995123609897
2026-05-26T15:56:43,patient_001,121,True,synthetic_ad8232,93,True,synthetic_max30102,37.04,2201,1640,2035,False,False,False,-0.745,-0.433,0.802,False,normal_moderate,synthetic_ad8232_normal_moderate,patient_001,synthetic_ad8232_normal_moderate,128.6,7.956129712366458,-1.0,1.1771652390382585
2026-05-26T15:56:48,patient_001,135,True,synthetic_ad8232,97,True,synthetic_max30102,37.24,2227,1747,2168,False,False,False,0.439,0.029,1.096,False,normal_moderate,synthetic_ad8232_normal_moderate,patient_001,synthetic_ad8232_normal_moderate,129.6,8.473488065725967,4.0,1.181007197268501
2026-05-26T15:56:53,patient_001,128,True,synthetic_ad8232,95,True,synthetic_max30102,36.74,1551,1659,2059,False,False,False,0.188,-0.003,0.758,False,normal_moderate,synthetic_ad8232_normal_moderate,patient_001,synthetic_ad8232_normal_moderate,127.2,6.180614856145007,-2.0,0.7809718304778989
2026-05-26T15:56:58,patient_001,142,True,synthetic_ad8232,96,True,synthetic_max30102,36.72,1996,1791,2222,False,False,False,0.323,-0.166,0.498,False,normal_moderate,synthetic_ad8232_normal_moderate,patient_001,synthetic_ad8232_normal_moderate,129.4,9.126883367283726,1.0,0.6163513608324395
2026-05-26T15:57:03,patient_001,128,True,synthetic_ad8232,96,True,synthetic_max30102,37.37,2867,1671,2074,False,False,False,0.047,-0.39,1.18,False,normal_moderate,synthetic_ad8232_normal_moderate,patient_001,synthetic_ad8232_normal_moderate,130.8,7.981227975693987,0.0,1.2436675600818732
2026-05-26T15:57:08,patient_001,132,True,synthetic_ad8232,93,True,synthetic_max30102,37.11,2417,1639,2034,False,False,False,0.721,0.582,1.631,False,normal_moderate,synthetic_ad8232_normal_moderate,patient_001,synthetic_ad8232_normal_moderate,133.0,5.8309518948453265,-3.0,1.8758267510620483
2026-05-26T15:57:13,patient_001,125,True,synthetic_ad8232,96,True,synthetic_max30102,36.59,2295,1756,2179,False,False,False,-0.186,-0.207,1.304,False,normal_moderate,synthetic_ad8232_normal_moderate,patient_001,synthetic_ad8232_normal_moderate,131.0,6.633249580710822,3.0,1.3333645413014403
2026-05-26T15:57:18,patient_001,118,True,synthetic_ad8232,96,True,synthetic_max30102,36.76,886,1642,2037,False,False,False,0.344,0.442,1.36,False,normal_moderate,synthetic_ad8232_normal_moderate,patient_001,synthetic_ad8232_normal_moderate,129.0,8.888194417315606,0.0,1.4708160999934698
2026-05-26T15:57:23,patient_001,114,True,synthetic_ad8232,98,True,synthetic_max30102,36.87,1975,1691,2098,False,False,False,-0.223,0.605,1.433,False,normal_moderate,synthetic_ad8232_normal_moderate,patient_001,synthetic_ad8232_normal_moderate,123.4,7.334848328356921,2.0,1.5713825123120089
2026-05-26T15:57:28,patient_001,131,True,synthetic_ad8232,96,True,synthetic_max30102,37.51,2337,1628,2020,False,False,False,0.188,0.284,1.399,False,normal_moderate,synthetic_ad8232_normal_moderate,patient_001,synthetic_ad8232_normal_moderate,124.0,7.905694150420969,-2.0,1.4398614516681805
2026-05-26T15:57:33,patient_001,129,True,synthetic_ad8232,93,True,synthetic_max30102,36.32,2951,1718,2132,False,False,False,-0.316,0.216,1.03,False,normal_moderate,synthetic_ad8232_normal_moderate,patient_001,synthetic_ad8232_normal_moderate,123.4,7.23187389270584,-3.0,1.0988230066757794
2026-05-26T15:57:38,patient_001,119,True,synthetic_ad8232,96,True,synthetic_max30102,37.1,1936,1791,2222,False,False,False,-0.218,0.04,0.43,False,normal_moderate,synthetic_ad8232_normal_moderate,patient_001,synthetic_ad8232_normal_moderate,122.2,7.39594483484026,3.0,0.48376027120878784
2026-05-26T15:57:43,patient_001,149,True,synthetic_ad8232,96,True,synthetic_max30102,37.33,2289,1737,2155,False,False,False,0.021,0.019,0.786,False,normal_moderate,synthetic_ad8232_normal_moderate,patient_001,synthetic_ad8232_normal_moderate,128.4,13.483323032546549,0.0,0.7865100126508244
2026-05-26T15:57:48,patient_001,124,True,synthetic_ad8232,96,True,synthetic_max30102,36.8,2202,1687,2093,False,False,False,0.845,-0.001,1.531,False,normal_moderate,synthetic_ad8232_normal_moderate,patient_001,synthetic_ad8232_normal_moderate,130.4,11.392980294900902,0.0,1.7487100960422226
2026-05-26T15:57:53,patient_001,119,True,synthetic_ad8232,95,True,synthetic_max30102,37.07,2841,1738,2157,False,False,False,0.595,0.108,1.474,False,normal_moderate,synthetic_ad8232_normal_moderate,patient_001,synthetic_ad8232_normal_moderate,128.0,12.449899597988741,-1.0,1.5932247173578498
2026-05-26T15:57:58,patient_001,131,True,synthetic_ad8232,100,True,synthetic_max30102,36.84,2049,1764,2189,False,False,False,-0.228,-0.394,1.806,False,normal_moderate,synthetic_ad8232_normal_moderate,patient_001,synthetic_ad8232_normal_moderate,128.4,12.521980673998831,5.0,1.8624865100182606
2026-05-26T15:58:03,patient_001,144,True,synthetic_ad8232,97,True,synthetic_max30102,37.63,2415,1588,1970,False,False,False,-0.502,-0.063,0.828,False,normal_moderate,synthetic_ad8232_normal_moderate,patient_001,synthetic_ad8232_normal_moderate,133.4,12.81795615533148,-3.0,0.970338600695654
2026-05-26T15:58:08,patient_001,129,True,synthetic_ad8232,97,True,synthetic_max30102,37.76,1963,1774,2201,False,False,False,-0.084,-0.117,1.032,False,normal_moderate,synthetic_ad8232_normal_moderate,patient_001,synthetic_ad8232_normal_moderate,129.4,9.396807968666819,0.0,1.0420023992294836
2026-05-26T15:58:13,patient_001,126,True,synthetic_ad8232,98,True,synthetic_max30102,37.12,1827,1730,2147,False,False,False,-0.676,-0.399,1.515,False,normal_moderate,synthetic_ad8232_normal_moderate,patient_001,synthetic_ad8232_normal_moderate,129.8,9.148770409186156,1.0,1.706283094917136
2026-05-26T15:58:18,patient_001,130,True,synthetic_ad8232,96,True,synthetic_max30102,37.24,2350,1700,2110,False,False,False,-0.435,-0.264,1.086,False,normal_moderate,synthetic_ad8232_normal_moderate,patient_001,synthetic_ad8232_normal_moderate,132.0,6.964194138592072,-2.0,1.1992985449836917
2026-05-26T15:58:23,patient_001,120,True,synthetic_ad8232,97,True,synthetic_max30102,37.35,2003,1638,2033,False,False,False,0.21,0.079,0.956,False,normal_moderate,synthetic_ad8232_normal_moderate,patient_001,synthetic_ad8232_normal_moderate,129.8,8.843076387773669,1.0,0.9819760689548396
2026-05-26T15:58:28,patient_001,77,True,synthetic_ad8232,98,True,synthetic_max30102,35.9,2305,1680,2085,False,False,False,0.01,0.042,0.968,False,normal_morning,synthetic_ad8232_normal_morning,patient_001,synthetic_ad8232_normal_morning,77.0,0.0,0.0,0.9689623315691895
2026-05-26T15:58:33,patient_001,74,True,synthetic_ad8232,100,True,synthetic_max30102,36.32,1523,1613,2001,False,False,False,-0.016,-0.024,0.985,False,normal_morning,synthetic_ad8232_normal_morning,patient_001,synthetic_ad8232_normal_morning,75.5,2.1213203435596424,2.0,0.985422244522621
2026-05-26T15:58:38,patient_001,65,True,synthetic_ad8232,97,True,synthetic_max30102,35.95,2309,1803,2237,False,False,False,0.021,0.101,1.002,False,normal_morning,synthetic_ad8232_normal_morning,patient_001,synthetic_ad8232_normal_morning,72.0,6.244997998398398,-3.0,1.007296381409166
2026-05-26T15:58:43,patient_001,66,True,synthetic_ad8232,98,True,synthetic_max30102,36.16,2188,1693,2101,False,False,False,0.066,0.155,0.939,False,normal_morning,synthetic_ad8232_normal_morning,patient_001,synthetic_ad8232_normal_morning,70.5,5.916079783099616,1.0,0.9539926624455766
2026-05-26T15:58:48,patient_001,57,True,synthetic_ad8232,99,True,synthetic_max30102,36.38,2349,1538,1909,False,False,False,-0.011,0.029,0.886,False,normal_morning,synthetic_ad8232_normal_morning,patient_001,synthetic_ad8232_normal_morning,67.8,7.918333157931661,1.0,0.8865427231667969
2026-05-26T15:58:53,patient_001,65,True,synthetic_ad8232,97,True,synthetic_max30102,36.15,1548,1554,1928,False,False,False,0.009,0.002,1.034,False,normal_morning,synthetic_ad8232_normal_morning,patient_001,synthetic_ad8232_normal_morning,65.4,6.024948132556826,-2.0,1.0340411016976065
2026-05-26T15:58:58,patient_001,69,True,synthetic_ad8232,99,True,synthetic_max30102,36.37,1712,1763,2188,False,False,False,0.0,0.086,0.943,False,normal_morning,synthetic_ad8232_normal_morning,patient_001,synthetic_ad8232_normal_morning,64.4,4.449719092257397,2.0,0.9469134068118372
2026-05-26T15:59:03,patient_001,77,True,synthetic_ad8232,97,True,synthetic_max30102,36.54,2552,1700,2110,False,False,False,0.075,-0.031,0.959,False,normal_morning,synthetic_ad8232_normal_morning,patient_001,synthetic_ad8232_normal_morning,66.8,7.224956747275378,-2.0,0.9624276596191529
2026-05-26T15:59:08,patient_001,68,True,synthetic_ad8232,98,True,synthetic_max30102,36.27,2562,1653,2051,False,False,False,0.048,-0.048,0.941,False,normal_morning,synthetic_ad8232_normal_morning,patient_001,synthetic_ad8232_normal_morning,67.2,7.224956747275378,1.0,0.9434452819321318
2026-05-26T15:59:13,patient_001,79,True,synthetic_ad8232,99,True,synthetic_max30102,36.16,1453,1593,1977,False,False,False,0.085,-0.01,0.981,False,normal_morning,synthetic_ad8232_normal_morning,patient_001,synthetic_ad8232_normal_morning,71.6,6.066300355241242,1.0,0.9847263579289426
2026-05-26T15:59:18,patient_001,70,True,synthetic_ad8232,98,True,synthetic_max30102,36.25,2203,1636,2030,False,False,False,0.073,0.045,1.023,False,normal_morning,synthetic_ad8232_normal_morning,patient_001,synthetic_ad8232_normal_morning,72.6,5.029910535983719,-1.0,1.026588038114608
2026-05-26T15:59:23,patient_001,63,True,synthetic_ad8232,98,True,synthetic_max30102,36.25,1507,1595,1979,False,False,False,-0.0,0.033,0.953,False,normal_morning,synthetic_ad8232_normal_morning,patient_001,synthetic_ad8232_normal_morning,71.4,6.5802735505448435,0.0,0.9535711824504765
2026-05-26T15:59:28,patient_001,77,True,synthetic_ad8232,99,True,synthetic_max30102,36.22,2131,1631,2024,False,False,False,0.158,0.019,1.172,False,normal_morning,synthetic_ad8232_normal_morning,patient_001,synthetic_ad8232_normal_morning,71.4,6.5802735505448435,1.0,1.1827548351201105
2026-05-26T15:59:33,patient_001,65,True,synthetic_ad8232,98,True,synthetic_max30102,36.28,1668,1652,2050,False,False,False,0.033,0.137,1.004,False,normal_morning,synthetic_ad8232_normal_morning,patient_001,synthetic_ad8232_normal_morning,70.8,7.085195833567343,-1.0,1.0138412104466852
2026-05-26T15:59:38,patient_001,71,True,synthetic_ad8232,98,True,synthetic_max30102,35.97,1619,1541,1912,False,False,False,-0.007,0.19,0.974,False,normal_morning,synthetic_ad8232_normal_morning,patient_001,synthetic_ad8232_normal_morning,69.2,5.495452665613637,0.0,0.9923834944213854
2026-05-26T15:59:43,patient_001,68,True,synthetic_ad8232,99,True,synthetic_max30102,36.22,1697,1577,1957,False,False,False,0.081,-0.009,1.01,False,normal_morning,synthetic_ad8232_normal_morning,patient_001,synthetic_ad8232_normal_morning,68.8,5.495452665613637,1.0,1.0132827838269038
2026-05-26T15:59:48,patient_001,62,True,synthetic_ad8232,97,True,synthetic_max30102,36.33,1349,1683,2089,False,False,False,0.081,0.089,0.992,False,normal_morning,synthetic_ad8232_normal_morning,patient_001,synthetic_ad8232_normal_morning,68.6,5.770615218501406,-2.0,0.999272735543205
2026-05-26T15:59:53,patient_001,74,True,synthetic_ad8232,98,True,synthetic_max30102,36.24,2216,1595,1979,False,False,False,0.063,-0.029,0.9,False,normal_morning,synthetic_ad8232_normal_morning,patient_001,synthetic_ad8232_normal_morning,68.0,4.74341649025257,1.0,0.9026682668621956
2026-05-26T15:59:58,patient_001,73,True,synthetic_ad8232,96,True,synthetic_max30102,35.88,1572,1545,1917,False,False,False,-0.003,0.009,0.908,False,normal_morning,synthetic_ad8232_normal_morning,patient_001,synthetic_ad8232_normal_morning,69.6,4.82700735445887,-2.0,0.9080495581189388
2026-05-26T16:00:03,patient_001,69,True,synthetic_ad8232,97,True,synthetic_max30102,36.07,1944,1708,2120,False,False,False,0.104,-0.048,0.978,False,normal_morning,synthetic_ad8232_normal_morning,patient_001,synthetic_ad8232_normal_morning,69.2,4.76445169982864,1.0,0.9846847211163582
2026-05-26T16:00:08,patient_001,64,True,synthetic_ad8232,99,True,synthetic_max30102,36.03,2201,1665,2066,False,False,False,0.106,0.056,0.969,False,normal_morning,synthetic_ad8232_normal_morning,patient_001,synthetic_ad8232_normal_morning,68.4,5.319774431308157,2.0,0.9763877303612536
2026-05-26T16:00:13,patient_001,75,True,synthetic_ad8232,97,True,synthetic_max30102,36.11,2323,1714,2127,False,False,False,0.036,0.072,0.928,False,normal_morning,synthetic_ad8232_normal_morning,patient_001,synthetic_ad8232_normal_morning,71.0,4.5276925690687095,-2.0,0.9314848361621353
2026-05-26T16:00:18,patient_001,59,True,synthetic_ad8232,99,True,synthetic_max30102,36.59,1102,1513,1877,False,False,False,0.1,0.116,0.995,False,normal_morning,synthetic_ad8232_normal_morning,patient_001,synthetic_ad8232_normal_morning,68.0,6.557438524302002,2.0,1.006717934676839
2026-05-26T16:00:23,patient_001,70,True,synthetic_ad8232,97,True,synthetic_max30102,35.9,2630,1608,1996,False,False,False,0.036,0.067,0.903,False,normal_morning,synthetic_ad8232_normal_morning,patient_001,synthetic_ad8232_normal_morning,67.4,6.1073725938409895,-2.0,0.9061975502063554
2026-05-26T16:00:28,patient_001,60,True,synthetic_ad8232,99,True,synthetic_max30102,35.99,1613,1690,2097,False,False,False,0.073,0.096,1.034,False,normal_morning,synthetic_ad8232_normal_morning,patient_001,synthetic_ad8232_normal_morning,65.6,6.8044103344816005,2.0,1.0410096061036131
2026-05-26T16:00:33,patient_001,76,True,synthetic_ad8232,97,True,synthetic_max30102,36.16,1404,1588,1971,False,False,False,0.055,0.059,1.01,False,normal_morning,synthetic_ad8232_normal_morning,patient_001,synthetic_ad8232_normal_morning,68.0,8.093207028119323,-2.0,1.0132156729936623
2026-05-26T16:00:38,patient_001,74,True,synthetic_ad8232,98,True,synthetic_max30102,36.35,2152,1618,2008,False,False,False,0.037,-0.054,1.048,False,normal_morning,synthetic_ad8232_normal_morning,patient_001,synthetic_ad8232_normal_morning,67.8,7.886697661252142,1.0,1.0500423800971084
2026-05-26T16:00:43,patient_001,63,True,synthetic_ad8232,100,True,synthetic_max30102,35.91,2729,1654,2052,False,False,False,0.02,0.036,0.924,False,normal_morning,synthetic_ad8232_normal_morning,patient_001,synthetic_ad8232_normal_morning,68.6,6.913754406977442,2.0,0.9249172935998116
2026-05-26T16:00:48,patient_001,65,True,synthetic_ad8232,98,True,synthetic_max30102,35.5,1982,1708,2119,False,False,False,0.038,0.011,0.941,False,normal_morning,synthetic_ad8232_normal_morning,patient_001,synthetic_ad8232_normal_morning,67.6,7.021395872616783,-2.0,0.9418311950662921
2026-05-26T16:00:53,patient_001,67,True,synthetic_ad8232,98,True,synthetic_max30102,35.68,1797,1584,1965,False,False,False,-0.028,0.088,0.863,False,normal_morning,synthetic_ad8232_normal_morning,patient_001,synthetic_ad8232_normal_morning,69.0,5.700877125495691,0.0,0.8679268402348207
2026-05-26T16:00:58,patient_001,80,True,synthetic_ad8232,99,True,synthetic_max30102,35.98,2383,1557,1932,False,False,False,0.118,-0.014,1.051,False,normal_morning,synthetic_ad8232_normal_morning,patient_001,synthetic_ad8232_normal_morning,69.8,7.0498226928058285,1.0,1.05769608111215
2026-05-26T16:01:03,patient_001,65,True,synthetic_ad8232,97,True,synthetic_max30102,36.05,2238,1593,1977,False,False,False,0.057,0.0,1.023,False,normal_morning,synthetic_ad8232_normal_morning,patient_001,synthetic_ad8232_normal_morning,68.0,6.855654600401046,-2.0,1.024586745961512
2026-05-26T16:01:08,patient_001,71,True,synthetic_ad8232,98,True,synthetic_max30102,36.0,2525,1704,2115,False,False,False,0.049,0.063,1.114,False,normal_morning,synthetic_ad8232_normal_morning,patient_001,synthetic_ad8232_normal_morning,69.6,6.308724118235004,1.0,1.116855406935025
2026-05-26T16:01:13,patient_001,90,True,synthetic_ad8232,99,True,synthetic_max30102,36.21,2291,1627,2019,False,False,False,0.082,-0.031,0.963,False,normal_morning,synthetic_ad8232_normal_morning,patient_001,synthetic_ad8232_normal_morning,74.6,10.358571330062851,1.0,0.9669819026227947
2026-05-26T16:01:18,patient_001,67,True,synthetic_ad8232,98,True,synthetic_max30102,36.34,2451,1713,2126,False,False,False,0.092,0.02,0.95,False,normal_morning,synthetic_ad8232_normal_morning,patient_001,synthetic_ad8232_normal_morning,74.6,10.358571330062851,-1.0,0.9546538639737441
2026-05-26T16:01:23,patient_001,57,True,synthetic_ad8232,98,True,synthetic_max30102,36.14,2093,1665,2066,False,False,False,0.087,0.085,1.007,False,normal_morning,synthetic_ad8232_normal_morning,patient_001,synthetic_ad8232_normal_morning,70.0,12.28820572744451,0.0,1.0143189833577995
2026-05-26T16:01:28,patient_001,63,True,synthetic_ad8232,98,True,synthetic_max30102,36.1,1911,1635,2029,False,False,False,0.038,-0.083,0.966,False,normal_morning,synthetic_ad8232_normal_morning,patient_001,synthetic_ad8232_normal_morning,69.6,12.521980673998824,0.0,0.9703035607478724
2026-05-26T16:01:33,patient_001,66,True,synthetic_ad8232,99,True,synthetic_max30102,35.86,2500,1750,2172,False,False,False,-0.058,0.009,1.036,False,normal_morning,synthetic_ad8232_normal_morning,patient_001,synthetic_ad8232_normal_morning,68.6,12.581732790041283,1.0,1.037661312760575
2026-05-26T16:01:38,patient_001,58,True,synthetic_ad8232,98,True,synthetic_max30102,36.16,2200,1630,2023,False,False,False,0.051,0.062,0.935,False,normal_morning,synthetic_ad8232_normal_morning,patient_001,synthetic_ad8232_normal_morning,62.2,4.549725266430923,-1.0,0.9384401952175749
2026-05-26T16:01:43,patient_001,74,True,synthetic_ad8232,97,True,synthetic_max30102,36.02,2023,1574,1953,False,False,False,-0.122,-0.007,0.959,False,normal_morning,synthetic_ad8232_normal_morning,patient_001,synthetic_ad8232_normal_morning,63.6,6.877499545619757,-1.0,0.9667543638380951
2026-05-26T16:01:48,patient_001,68,True,synthetic_ad8232,96,True,synthetic_max30102,36.15,1915,1639,2034,False,False,False,-0.016,0.059,0.913,False,normal_morning,synthetic_ad8232_normal_morning,patient_001,synthetic_ad8232_normal_morning,65.8,5.932958789676528,-1.0,0.9150442612245596
2026-05-26T16:01:53,patient_001,70,True,synthetic_ad8232,98,True,synthetic_max30102,36.04,1778,1638,2033,False,False,False,-0.052,-0.059,0.955,False,normal_morning,synthetic_ad8232_normal_morning,patient_001,synthetic_ad8232_normal_morning,67.2,5.932958789676528,2.0,0.9582327483445763
2026-05-26T16:01:58,patient_001,72,True,synthetic_ad8232,98,True,synthetic_max30102,35.89,1915,1770,2196,False,False,False,0.023,0.044,1.009,False,normal_morning,synthetic_ad8232_normal_morning,patient_001,synthetic_ad8232_normal_morning,68.4,6.228964600958971,0.0,1.0102207679512434
2026-05-26T16:02:03,patient_001,67,True,synthetic_ad8232,98,True,synthetic_max30102,36.09,1214,1563,1939,False,False,False,0.01,-0.063,0.959,False,normal_morning,synthetic_ad8232_normal_morning,patient_001,synthetic_ad8232_normal_morning,70.2,2.86356421265526,0.0,0.9611191393370543
2026-05-26T16:02:08,patient_001,62,True,synthetic_ad8232,97,True,synthetic_max30102,36.23,1657,1503,1865,False,False,False,0.076,-0.024,0.974,False,normal_morning,synthetic_ad8232_normal_morning,patient_001,synthetic_ad8232_normal_morning,67.8,3.7682887362833464,-1.0,0.9772553402258798
2026-05-26T16:02:13,patient_001,71,True,synthetic_ad8232,99,True,synthetic_max30102,35.94,2798,1689,2096,False,False,False,0.103,-0.061,0.915,False,normal_morning,synthetic_ad8232_normal_morning,patient_001,synthetic_ad8232_normal_morning,68.4,4.037325847637262,2.0,0.9227973775428711
2026-05-26T16:02:18,patient_001,71,True,synthetic_ad8232,98,True,synthetic_max30102,35.62,1969,1564,1941,False,False,False,-0.081,0.038,0.969,False,normal_morning,synthetic_ad8232_normal_morning,patient_001,synthetic_ad8232_normal_morning,68.6,4.159326868617077,-1.0,0.973121780662626
2026-05-26T16:02:23,patient_001,69,True,synthetic_ad8232,99,True,synthetic_max30102,36.13,1712,1711,2123,False,False,False,0.114,0.03,0.983,False,normal_morning,synthetic_ad8232_normal_morning,patient_001,synthetic_ad8232_normal_morning,68.0,3.7416573867739324,1.0,0.9900429283621999
2026-05-26T16:02:28,patient_001,88,True,synthetic_ad8232,98,True,synthetic_max30102,36.18,2512,1550,1923,False,False,False,0.072,0.143,1.038,False,normal_morning,synthetic_ad8232_normal_morning,patient_001,synthetic_ad8232_normal_morning,72.2,9.576011695899286,-1.0,1.0502747259645926
2026-05-26T16:02:33,patient_001,66,True,synthetic_ad8232,98,True,synthetic_max30102,35.82,2813,1615,2004,False,False,False,0.072,-0.009,0.996,False,normal_morning,synthetic_ad8232_normal_morning,patient_001,synthetic_ad8232_normal_morning,73.0,8.631338250816029,0.0,0.9986395746213946
2026-05-26T16:02:38,patient_001,82,True,synthetic_ad8232,98,True,synthetic_max30102,36.11,2426,1624,2015,False,False,False,0.018,0.096,0.97,False,normal_morning,synthetic_ad8232_normal_morning,patient_001,synthetic_ad8232_normal_morning,75.2,9.36482781475452,0.0,0.9749051235889572
2026-05-26T16:02:43,patient_001,64,True,synthetic_ad8232,98,True,synthetic_max30102,35.75,1795,1733,2150,False,False,False,0.082,0.146,1.033,False,normal_morning,synthetic_ad8232_normal_morning,patient_001,synthetic_ad8232_normal_morning,73.8,10.592450141492282,0.0,1.0464841135917926
2026-05-26T16:02:48,patient_001,70,True,synthetic_ad8232,97,True,synthetic_max30102,36.05,1342,1549,1922,False,False,False,0.086,0.036,0.905,False,normal_morning,synthetic_ad8232_normal_morning,patient_001,synthetic_ad8232_normal_morning,74.0,10.48808848170151,-1.0,0.9097895361016195
2026-05-26T16:02:53,patient_001,71,True,synthetic_ad8232,100,True,synthetic_max30102,36.4,1777,1534,1904,False,False,False,-0.074,0.115,1.046,False,normal_morning,synthetic_ad8232_normal_morning,patient_001,synthetic_ad8232_normal_morning,70.6,6.985699678629184,3.0,1.0549014171949909
2026-05-26T16:02:58,patient_001,76,True,synthetic_ad8232,99,True,synthetic_max30102,35.81,2147,1724,2139,False,False,False,0.077,-0.098,0.977,False,normal_morning,synthetic_ad8232_normal_morning,patient_001,synthetic_ad8232_normal_morning,72.6,6.767569726275445,-1.0,0.984917255407783
2026-05-26T16:03:03,patient_001,65,True,synthetic_ad8232,99,True,synthetic_max30102,36.31,2201,1683,2089,False,False,False,0.119,0.082,1.055,False,normal_morning,synthetic_ad8232_normal_morning,patient_001,synthetic_ad8232_normal_morning,69.2,4.868264577855222,0.0,1.0648521024067146
2026-05-26T16:03:08,patient_001,69,True,synthetic_ad8232,98,True,synthetic_max30102,35.83,2137,1737,2155,False,False,False,-0.017,0.013,1.004,False,normal_morning,synthetic_ad8232_normal_morning,patient_001,synthetic_ad8232_normal_morning,70.2,3.9623225512317743,-1.0,1.0042280617469321
2026-05-26T16:03:13,patient_001,75,True,synthetic_ad8232,99,True,synthetic_max30102,36.05,1595,1688,2095,False,False,False,0.076,0.015,1.069,False,normal_morning,synthetic_ad8232_normal_morning,patient_001,synthetic_ad8232_normal_morning,71.2,4.494441010848832,1.0,1.0718031535687884
2026-05-26T16:03:18,patient_001,69,True,synthetic_ad8232,100,True,synthetic_max30102,36.06,1491,1673,2076,False,False,False,0.067,0.063,0.928,False,normal_morning,synthetic_ad8232_normal_morning,patient_001,synthetic_ad8232_normal_morning,70.8,4.604345773288522,1.0,0.9325459774188081
2026-05-26T16:03:23,patient_001,64,True,synthetic_ad8232,99,True,synthetic_max30102,36.18,2303,1633,2027,False,False,False,0.022,0.057,0.986,False,normal_morning,synthetic_ad8232_normal_morning,patient_001,synthetic_ad8232_normal_morning,68.4,4.335896677735746,-1.0,0.9878911883400924
2026-05-26T16:03:28,patient_001,63,True,synthetic_ad8232,98,True,synthetic_max30102,36.03,1501,1658,2057,False,False,False,-0.055,-0.025,1.084,False,normal_morning,synthetic_ad8232_normal_morning,patient_001,synthetic_ad8232_normal_morning,68.0,4.795831523312706,-1.0,1.085682273964165
2026-05-26T16:03:33,patient_001,57,True,synthetic_ad8232,98,True,synthetic_max30102,36.44,1495,1657,2056,False,False,False,0.029,0.108,1.011,False,normal_morning,synthetic_ad8232_normal_morning,patient_001,synthetic_ad8232_normal_morning,65.6,6.7675697262754415,0.0,1.017165669888637
2026-05-26T16:03:38,patient_001,75,True,synthetic_ad8232,98,True,synthetic_max30102,36.29,2198,1634,2028,False,False,False,-0.009,0.041,1.011,False,normal_morning,synthetic_ad8232_normal_morning,patient_001,synthetic_ad8232_normal_morning,65.6,6.7675697262754415,0.0,1.0118710392139898
2026-05-26T16:03:43,patient_001,66,True,synthetic_ad8232,97,True,synthetic_max30102,36.45,1467,1584,1965,False,False,False,0.103,-0.016,1.024,False,normal_morning,synthetic_ad8232_normal_morning,patient_001,synthetic_ad8232_normal_morning,65.0,6.519202405202638,-1.0,1.0292915038996484
2026-05-26T16:03:48,patient_001,75,True,synthetic_ad8232,96,True,synthetic_max30102,36.3,1743,1684,2090,False,False,False,0.025,0.017,1.015,False,normal_morning,synthetic_ad8232_normal_morning,patient_001,synthetic_ad8232_normal_morning,67.2,7.823042886243169,-1.0,1.0154501464867687
2026-05-26T16:03:53,patient_001,73,True,synthetic_ad8232,98,True,synthetic_max30102,35.82,1599,1692,2099,False,False,False,0.03,0.113,1.091,False,normal_morning,synthetic_ad8232_normal_morning,patient_001,synthetic_ad8232_normal_morning,69.2,7.758865896508319,2.0,1.0972465538793001
2026-05-26T16:03:58,patient_001,71,True,synthetic_ad8232,99,True,synthetic_max30102,36.26,1187,1599,1984,False,False,False,0.087,0.052,0.986,False,normal_morning,synthetic_ad8232_normal_morning,patient_001,synthetic_ad8232_normal_morning,72.0,3.7416573867739187,1.0,0.9911957425251583
2026-05-26T16:04:03,patient_001,70,True,synthetic_ad8232,98,True,synthetic_max30102,36.22,2015,1645,2041,False,False,False,-0.04,0.069,1.113,False,normal_morning,synthetic_ad8232_normal_morning,patient_001,synthetic_ad8232_normal_morning,71.0,3.3911649915626088,-1.0,1.1158539330933956
2026-05-26T16:04:08,patient_001,70,True,synthetic_ad8232,100,True,synthetic_max30102,35.87,2596,1636,2030,False,False,False,0.052,-0.018,0.957,False,normal_morning,synthetic_ad8232_normal_morning,patient_001,synthetic_ad8232_normal_morning,71.8,2.1679483388678404,2.0,0.9585807216922317
2026-05-26T16:04:13,patient_001,81,True,synthetic_ad8232,98,True,synthetic_max30102,36.02,2485,1530,1899,False,False,False,0.19,0.004,0.956,False,normal_morning,synthetic_ad8232_normal_morning,patient_001,synthetic_ad8232_normal_morning,73.0,4.636809247747833,-2.0,0.9747061095530283
2026-05-26T16:04:18,patient_001,75,True,synthetic_ad8232,100,True,synthetic_max30102,35.79,2518,1532,1901,False,False,False,0.127,0.034,1.038,False,normal_morning,synthetic_ad8232_normal_morning,patient_001,synthetic_ad8232_normal_morning,73.4,4.722287581247019,2.0,1.0462929800012997
2026-05-26T16:04:23,patient_001,74,True,synthetic_ad8232,98,True,synthetic_max30102,36.24,2244,1517,1882,False,False,False,-0.006,-0.005,0.962,False,normal_morning,synthetic_ad8232_normal_morning,patient_001,synthetic_ad8232_normal_morning,74.0,4.527692569068688,-2.0,0.9620317042592723
2026-05-26T16:04:28,patient_001,76,True,synthetic_ad8232,97,True,synthetic_max30102,36.18,2409,1585,1967,False,False,False,0.024,0.05,0.952,False,normal_morning,synthetic_ad8232_normal_morning,patient_001,synthetic_ad8232_normal_morning,75.2,3.962322551231767,-1.0,0.9536141777469543
2026-05-26T16:04:33,patient_001,68,True,synthetic_ad8232,100,True,synthetic_max30102,36.11,2593,1687,2093,False,False,False,-0.016,0.104,1.028,False,normal_morning,synthetic_ad8232_normal_morning,patient_001,synthetic_ad8232_normal_morning,74.8,4.6583258795408256,3.0,1.0333711821025395
2026-05-26T16:04:38,patient_001,63,True,synthetic_ad8232,98,True,synthetic_max30102,36.06,1479,1647,2044,False,False,False,-0.037,0.014,1.07,False,normal_morning,synthetic_ad8232_normal_morning,patient_001,synthetic_ad8232_normal_morning,71.2,5.54075807087801,-2.0,1.0707310586697296
2026-05-26T16:04:43,patient_001,57,True,synthetic_ad8232,100,True,synthetic_max30102,36.08,1972,1722,2137,False,False,False,0.001,0.014,0.901,False,normal_morning,synthetic_ad8232_normal_morning,patient_001,synthetic_ad8232_normal_morning,67.6,7.829431652425341,2.0,0.9011093163429174
2026-05-26T16:04:48,patient_001,78,True,synthetic_ad8232,98,True,synthetic_max30102,36.41,2244,1691,2098,False,False,False,0.055,0.081,1.033,False,normal_morning,synthetic_ad8232_normal_morning,patient_001,synthetic_ad8232_normal_morning,68.4,8.792041856133293,-2.0,1.037629509988994
2026-05-26T16:04:53,patient_001,66,True,synthetic_ad8232,100,True,synthetic_max30102,35.9,2124,1605,1992,False,False,False,0.04,0.031,1.014,False,normal_morning,synthetic_ad8232_normal_morning,patient_001,synthetic_ad8232_normal_morning,66.4,7.700649323271368,2.0,1.0152620351416672
2026-05-26T16:04:58,patient_001,67,True,synthetic_ad8232,96,True,synthetic_max30102,36.1,2292,1669,2071,False,False,False,-0.026,-0.074,0.998,False,normal_morning,synthetic_ad8232_normal_morning,patient_001,synthetic_ad8232_normal_morning,66.2,7.6615925237511675,-4.0,1.0010774195835206
2026-05-26T16:05:03,patient_001,72,True,synthetic_ad8232,96,True,synthetic_max30102,35.8,2011,1594,1978,False,False,False,0.158,-0.033,1.027,False,normal_morning,synthetic_ad8232_normal_morning,patient_001,synthetic_ad8232_normal_morning,68.0,7.778174593052009,0.0,1.0396066563850002
2026-05-26T16:05:08,patient_001,64,True,synthetic_ad8232,99,True,synthetic_max30102,36.13,2103,1550,1923,False,False,False,0.013,-0.033,1.006,False,normal_morning,synthetic_ad8232_normal_morning,patient_001,synthetic_ad8232_normal_morning,69.4,5.639148871948656,3.0,1.0066250543275783
2026-05-26T16:05:13,patient_001,86,True,synthetic_ad8232,99,True,synthetic_max30102,36.26,1833,1745,2165,False,False,False,0.035,-0.086,0.911,False,normal_morning,synthetic_ad8232_normal_morning,patient_001,synthetic_ad8232_normal_morning,71.0,8.888194417315578,0.0,0.9157193893327803
2026-05-26T16:05:18,patient_001,63,True,synthetic_ad8232,98,True,synthetic_max30102,35.87,1633,1580,1961,False,False,False,-0.034,0.027,0.937,False,normal_morning,synthetic_ad8232_normal_morning,patient_001,synthetic_ad8232_normal_morning,70.4,9.396807968666797,-1.0,0.9380053304752591
2026-05-26T16:05:23,patient_001,72,True,synthetic_ad8232,98,True,synthetic_max30102,36.06,2358,1674,2077,False,False,False,0.076,0.021,0.973,False,normal_morning,synthetic_ad8232_normal_morning,patient_001,synthetic_ad8232_normal_morning,71.4,9.208691546577061,0.0,0.9761895307777071
2026-05-26T16:05:28,patient_001,67,True,synthetic_ad8232,98,True,synthetic_max30102,35.93,2187,1667,2069,False,False,False,-0.012,0.076,1.017,False,normal_morning,synthetic_ad8232_normal_morning,patient_001,synthetic_ad8232_normal_morning,70.4,9.396807968666797,0.0,1.0199063682515173
2026-05-26T16:05:33,patient_001,68,True,synthetic_ad8232,99,True,synthetic_max30102,36.31,2317,1653,2051,False,False,False,0.095,0.024,1.073,False,normal_morning,synthetic_ad8232_normal_morning,patient_001,synthetic_ad8232_normal_morning,71.2,8.87130204648674,1.0,1.0774646165884056
2026-05-26T16:05:38,patient_001,70,True,synthetic_ad8232,98,True,synthetic_max30102,35.94,1853,1644,2040,False,False,False,0.082,0.201,0.968,False,normal_morning,synthetic_ad8232_normal_morning,patient_001,synthetic_ad8232_normal_morning,68.0,3.3911649915626088,-1.0,0.9920428418168239
2026-05-26T16:05:43,patient_001,65,True,synthetic_ad8232,100,True,synthetic_max30102,35.95,2147,1517,1882,False,False,False,0.012,-0.065,0.945,False,normal_morning,synthetic_ad8232_normal_morning,patient_001,synthetic_ad8232_normal_morning,68.4,2.7018512172212286,2.0,0.9473088197625946
2026-05-26T16:05:48,patient_001,88,True,synthetic_ad8232,98,True,synthetic_max30102,35.73,1770,1640,2035,False,False,False,0.094,-0.014,1.068,False,normal_morning,synthetic_ad8232_normal_morning,patient_001,synthetic_ad8232_normal_morning,71.6,9.343446901438455,-2.0,1.0722201266531048
2026-05-26T16:05:53,patient_001,67,True,synthetic_ad8232,99,True,synthetic_max30102,36.05,1314,1663,2064,False,False,False,0.01,0.018,0.914,False,normal_morning,synthetic_ad8232_normal_morning,patient_001,synthetic_ad8232_normal_morning,71.6,9.343446901438455,1.0,0.9142319180601823
2026-05-26T16:05:58,patient_001,65,True,synthetic_ad8232,99,True,synthetic_max30102,36.17,2293,1697,2106,False,False,False,0.075,0.026,1.06,False,normal_morning,synthetic_ad8232_normal_morning,patient_001,synthetic_ad8232_normal_morning,71.0,9.721111047611783,0.0,1.0629680145705231
2026-05-26T16:06:03,patient_001,74,True,synthetic_ad8232,99,True,synthetic_max30102,36.0,1739,1718,2132,False,False,False,-0.041,0.055,1.023,False,normal_morning,synthetic_ad8232_normal_morning,patient_001,synthetic_ad8232_normal_morning,71.8,9.782637681116473,0.0,1.0252975177966637
2026-05-26T16:06:08,patient_001,62,True,synthetic_ad8232,99,True,synthetic_max30102,36.08,2510,1565,1942,False,False,False,-0.073,0.053,0.879,False,normal_morning,synthetic_ad8232_normal_morning,patient_001,synthetic_ad8232_normal_morning,71.2,10.377861051295682,0.0,0.8836169984784131
2026-05-26T16:06:13,patient_001,81,True,synthetic_ad8232,97,True,synthetic_max30102,36.03,2659,1619,2009,False,False,False,0.043,0.137,0.96,False,normal_morning,synthetic_ad8232_normal_morning,patient_001,synthetic_ad8232_normal_morning,69.8,7.661592523751176,-2.0,0.9706791436927035
2026-05-26T16:06:18,patient_001,65,True,synthetic_ad8232,99,True,synthetic_max30102,35.78,2077,1691,2098,False,False,False,0.03,-0.07,0.927,False,normal_morning,synthetic_ad8232_normal_morning,patient_001,synthetic_ad8232_normal_morning,69.4,7.8930349042684425,2.0,0.9301231101311268
2026-05-26T16:06:23,patient_001,66,True,synthetic_ad8232,97,True,synthetic_max30102,36.05,2025,1578,1958,False,False,False,0.058,0.089,0.832,False,normal_morning,synthetic_ad8232_normal_morning,patient_001,synthetic_ad8232_normal_morning,69.6,7.765307463326866,-2.0,0.8387544336693546
2026-05-26T16:06:28,patient_001,67,True,synthetic_ad8232,98,True,synthetic_max30102,36.16,1820,1714,2127,False,False,False,0.022,-0.002,0.975,False,normal_morning,synthetic_ad8232_normal_morning,patient_001,synthetic_ad8232_normal_morning,68.2,7.395944834840233,1.0,0.9752502243014354
2026-05-26T16:06:33,patient_001,68,True,synthetic_ad8232,98,True,synthetic_max30102,36.44,1937,1633,2026,False,False,False,0.022,0.088,1.064,False,normal_morning,synthetic_ad8232_normal_morning,patient_001,synthetic_ad8232_normal_morning,69.4,6.580273550544835,0.0,1.0678595413255434
2026-05-26T16:06:38,patient_001,66,True,synthetic_ad8232,98,True,synthetic_max30102,36.29,2846,1568,1946,False,False,False,0.054,0.044,0.922,False,normal_morning,synthetic_ad8232_normal_morning,patient_001,synthetic_ad8232_normal_morning,66.4,1.1401754250991103,0.0,0.9246274925611936
2026-05-26T16:06:43,patient_001,67,True,synthetic_ad8232,97,True,synthetic_max30102,36.41,1932,1614,2003,False,False,False,0.057,0.065,0.982,False,normal_morning,synthetic_ad8232_normal_morning,patient_001,synthetic_ad8232_normal_morning,66.8,0.8366600265340364,-1.0,0.9857981537820001
2026-05-26T16:06:48,patient_001,82,True,synthetic_ad8232,97,True,synthetic_max30102,36.87,3194,1646,2043,False,False,False,0.188,0.037,0.803,False,normal_postmeal,synthetic_ad8232_normal_postmeal,patient_001,synthetic_ad8232_normal_postmeal,82.0,0.0,0.0,0.8255434573661159
2026-05-26T16:06:53,patient_001,102,True,synthetic_ad8232,96,True,synthetic_max30102,36.95,1301,1682,2087,False,False,False,-0.019,-0.078,0.962,False,normal_postmeal,synthetic_ad8232_normal_postmeal,patient_001,synthetic_ad8232_normal_postmeal,92.0,14.142135623730951,-1.0,0.9653439801438656
2026-05-26T16:06:58,patient_001,84,True,synthetic_ad8232,97,True,synthetic_max30102,36.7,2643,1574,1953,False,False,False,0.072,-0.067,1.047,False,normal_postmeal,synthetic_ad8232_normal_postmeal,patient_001,synthetic_ad8232_normal_postmeal,89.33333333333333,11.015141094572202,1.0,1.0516092430175763
2026-05-26T16:07:03,patient_001,79,True,synthetic_ad8232,96,True,synthetic_max30102,36.9,1617,1650,2048,False,False,False,0.173,0.055,1.035,False,normal_postmeal,synthetic_ad8232_normal_postmeal,patient_001,synthetic_ad8232_normal_postmeal,86.75,10.372238588334406,-1.0,1.0507992196418876
2026-05-26T16:07:08,patient_001,90,True,synthetic_ad8232,96,True,synthetic_max30102,36.48,2075,1572,1951,False,False,False,0.072,-0.06,1.016,False,normal_postmeal,synthetic_ad8232_normal_postmeal,patient_001,synthetic_ad8232_normal_postmeal,87.4,9.09945053286186,0.0,1.0203136772581263
2026-05-26T16:07:13,patient_001,90,True,synthetic_ad8232,99,True,synthetic_max30102,36.88,1805,1595,1979,False,False,False,0.139,-0.03,0.994,False,normal_postmeal,synthetic_ad8232_normal_postmeal,patient_001,synthetic_ad8232_normal_postmeal,89.0,8.602325267042625,3.0,1.0041200127474803
2026-05-26T16:07:18,patient_001,92,True,synthetic_ad8232,96,True,synthetic_max30102,36.5,1447,1707,2118,False,False,False,-0.073,-0.157,0.905,False,normal_postmeal,synthetic_ad8232_normal_postmeal,patient_001,synthetic_ad8232_normal_postmeal,87.0,5.385164807134501,-3.0,0.9214135879180424
2026-05-26T16:07:23,patient_001,82,True,synthetic_ad8232,99,True,synthetic_max30102,36.64,1824,1548,1921,False,False,False,0.066,0.081,1.043,False,normal_postmeal,synthetic_ad8232_normal_postmeal,patient_001,synthetic_ad8232_normal_postmeal,86.6,5.727128425310538,3.0,1.048220396672379
2026-05-26T16:07:28,patient_001,79,True,synthetic_ad8232,100,True,synthetic_max30102,36.4,3179,1742,2162,False,False,False,-0.044,-0.053,0.87,False,normal_postmeal,synthetic_ad8232_normal_postmeal,patient_001,synthetic_ad8232_normal_postmeal,86.6,5.727128425310538,1.0,0.8727227509352555
2026-05-26T16:07:33,patient_001,90,True,synthetic_ad8232,95,True,synthetic_max30102,36.24,2247,1677,2081,False,False,False,0.02,0.005,0.938,False,normal_postmeal,synthetic_ad8232_normal_postmeal,patient_001,synthetic_ad8232_normal_postmeal,86.6,5.727128425310538,-5.0,0.938226518491137
2026-05-26T16:07:38,patient_001,97,True,synthetic_ad8232,97,True,synthetic_max30102,36.52,1542,1724,2139,False,False,False,0.093,0.031,1.061,False,normal_postmeal,synthetic_ad8232_normal_postmeal,patient_001,synthetic_ad8232_normal_postmeal,88.0,7.3824115301166975,2.0,1.065519122306118
2026-05-26T16:07:43,patient_001,81,True,synthetic_ad8232,96,True,synthetic_max30102,36.54,2171,1679,2083,False,False,False,0.1,0.058,1.078,False,normal_postmeal,synthetic_ad8232_normal_postmeal,patient_001,synthetic_ad8232_normal_postmeal,85.8,7.5299402388066765,-1.0,1.0841807967308774
2026-05-26T16:07:48,patient_001,105,True,synthetic_ad8232,98,True,synthetic_max30102,36.82,2307,1621,2012,False,False,False,0.158,0.039,0.966,False,normal_postmeal,synthetic_ad8232_normal_postmeal,patient_001,synthetic_ad8232_normal_postmeal,90.4,10.899541274750966,2.0,0.9796126785622978
2026-05-26T16:07:53,patient_001,105,True,synthetic_ad8232,97,True,synthetic_max30102,37.13,3022,1629,2021,False,False,False,-0.118,0.026,0.987,False,normal_postmeal,synthetic_ad8232_normal_postmeal,patient_001,synthetic_ad8232_normal_postmeal,95.6,10.285912696499029,-1.0,0.9943686439143181
2026-05-26T16:07:58,patient_001,93,True,synthetic_ad8232,97,True,synthetic_max30102,36.81,1665,1622,2013,False,False,False,-0.12,-0.031,1.069,False,normal_postmeal,synthetic_ad8232_normal_postmeal,patient_001,synthetic_ad8232_normal_postmeal,96.2,9.959919678390984,0.0,1.076160768658661
2026-05-26T16:08:03,patient_001,106,True,synthetic_ad8232,99,True,synthetic_max30102,36.93,1561,1612,2000,False,False,False,0.004,0.011,0.926,False,normal_postmeal,synthetic_ad8232_normal_postmeal,patient_001,synthetic_ad8232_normal_postmeal,98.0,10.908712114635712,2.0,0.926073971127577
2026-05-26T16:08:08,patient_001,88,True,synthetic_ad8232,96,True,synthetic_max30102,36.41,2126,1613,2002,False,False,False,0.058,0.049,1.126,False,normal_postmeal,synthetic_ad8232_normal_postmeal,patient_001,synthetic_ad8232_normal_postmeal,99.4,8.324662155306962,-3.0,1.128557043307958
2026-05-26T16:08:13,patient_001,97,True,synthetic_ad8232,97,True,synthetic_max30102,36.99,1467,1645,2041,False,False,False,0.102,0.056,0.97,False,normal_postmeal,synthetic_ad8232_normal_postmeal,patient_001,synthetic_ad8232_normal_postmeal,97.8,7.72657750883274,1.0,0.9769544513435618
2026-05-26T16:08:18,patient_001,87,True,synthetic_ad8232,96,True,synthetic_max30102,36.52,1648,1678,2082,False,False,False,0.075,0.126,0.917,False,normal_postmeal,synthetic_ad8232_normal_postmeal,patient_001,synthetic_ad8232_normal_postmeal,94.2,7.72657750883274,-1.0,0.9286495571527508
2026-05-26T16:08:23,patient_001,91,True,synthetic_ad8232,96,True,synthetic_max30102,36.95,1482,1618,2008,False,False,False,-0.014,0.111,0.97,False,normal_postmeal,synthetic_ad8232_normal_postmeal,patient_001,synthetic_ad8232_normal_postmeal,93.8,7.85493475466219,0.0,0.9764307451120126
2026-05-26T16:08:28,patient_001,96,True,synthetic_ad8232,98,True,synthetic_max30102,36.87,2240,1646,2043,False,False,False,0.219,0.144,0.965,False,normal_postmeal,synthetic_ad8232_normal_postmeal,patient_001,synthetic_ad8232_normal_postmeal,91.8,4.549725266430924,2.0,0.9999609992394703
2026-05-26T16:08:33,patient_001,86,True,synthetic_ad8232,98,True,synthetic_max30102,36.89,2024,1669,2071,False,False,False,0.061,0.085,1.128,False,normal_postmeal,synthetic_ad8232_normal_postmeal,patient_001,synthetic_ad8232_normal_postmeal,91.4,5.029910535983713,0.0,1.1328415599720905
2026-05-26T16:08:38,patient_001,108,True,synthetic_ad8232,98,True,synthetic_max30102,36.72,1324,1589,1972,False,False,False,0.04,0.046,1.019,False,normal_postmeal,synthetic_ad8232_normal_postmeal,patient_001,synthetic_ad8232_normal_postmeal,93.6,8.96102672688794,0.0,1.020821727825187
2026-05-26T16:08:43,patient_001,86,True,synthetic_ad8232,96,True,synthetic_max30102,36.64,1758,1573,1952,False,False,False,0.091,0.016,1.006,False,normal_postmeal,synthetic_ad8232_normal_postmeal,patient_001,synthetic_ad8232_normal_postmeal,93.4,9.154233993076648,-2.0,1.0102341312784873
2026-05-26T16:08:48,patient_001,99,True,synthetic_ad8232,98,True,synthetic_max30102,36.62,1943,1625,2016,False,False,False,0.053,0.206,0.989,False,normal_postmeal,synthetic_ad8232_normal_postmeal,patient_001,synthetic_ad8232_normal_postmeal,95.0,9.327379053088817,2.0,1.011615539619672
2026-05-26T16:08:53,patient_001,95,True,synthetic_ad8232,97,True,synthetic_max30102,36.79,1817,1656,2055,False,False,False,-0.075,-0.047,0.978,False,normal_postmeal,synthetic_ad8232_normal_postmeal,patient_001,synthetic_ad8232_normal_postmeal,94.8,9.311283477587825,-1.0,0.9819969450054312
2026-05-26T16:08:58,patient_001,92,True,synthetic_ad8232,97,True,synthetic_max30102,37.02,2271,1703,2113,False,False,False,0.032,0.062,0.947,False,normal_postmeal,synthetic_ad8232_normal_postmeal,patient_001,synthetic_ad8232_normal_postmeal,96.0,8.215838362577495,0.0,0.9495667433098106
2026-05-26T16:09:03,patient_001,102,True,synthetic_ad8232,98,True,synthetic_max30102,36.95,1759,1630,2023,False,False,False,0.032,0.05,1.075,False,normal_postmeal,synthetic_ad8232_normal_postmeal,patient_001,synthetic_ad8232_normal_postmeal,94.8,6.22093240599832,1.0,1.0766378221110384
2026-05-26T16:09:08,patient_001,96,True,synthetic_ad8232,97,True,synthetic_max30102,36.59,1986,1654,2052,False,False,False,0.034,0.022,0.813,False,normal_postmeal,synthetic_ad8232_normal_postmeal,patient_001,synthetic_ad8232_normal_postmeal,96.8,3.83405790253617,-1.0,0.8140079852188183
2026-05-26T16:09:13,patient_001,93,True,synthetic_ad8232,99,True,synthetic_max30102,36.5,1819,1638,2033,False,False,False,-0.026,-0.179,0.952,False,normal_postmeal,synthetic_ad8232_normal_postmeal,patient_001,synthetic_ad8232_normal_postmeal,95.6,3.911521443121595,2.0,0.9690309592577524
2026-05-26T16:09:18,patient_001,104,True,synthetic_ad8232,98,True,synthetic_max30102,36.82,1291,1621,2012,False,False,False,0.01,0.112,0.988,False,normal_postmeal,synthetic_ad8232_normal_postmeal,patient_001,synthetic_ad8232_normal_postmeal,97.4,5.366563145999498,-1.0,0.9943781976692772
2026-05-26T16:09:23,patient_001,90,True,synthetic_ad8232,98,True,synthetic_max30102,37.37,1368,1700,2109,False,False,False,0.045,-0.031,0.895,False,normal_postmeal,synthetic_ad8232_normal_postmeal,patient_001,synthetic_ad8232_normal_postmeal,97.0,5.916079783099618,0.0,0.8966666047087959
2026-05-26T16:09:28,patient_001,99,True,synthetic_ad8232,98,True,synthetic_max30102,36.91,2785,1618,2008,False,False,False,0.022,0.075,1.004,False,normal_postmeal,synthetic_ad8232_normal_postmeal,patient_001,synthetic_ad8232_normal_postmeal,96.4,5.412947441089745,0.0,1.0070377351420352
2026-05-26T16:09:33,patient_001,91,True,synthetic_ad8232,98,True,synthetic_max30102,36.2,2346,1701,2111,False,False,False,0.142,0.148,0.992,False,normal_postmeal,synthetic_ad8232_normal_postmeal,patient_001,synthetic_ad8232_normal_postmeal,95.4,5.941380311005181,0.0,1.012981737248999
2026-05-26T16:09:38,patient_001,88,True,synthetic_ad8232,98,True,synthetic_max30102,36.6,1691,1611,1999,False,False,False,-0.009,0.12,1.068,False,normal_postmeal,synthetic_ad8232_normal_postmeal,patient_001,synthetic_ad8232_normal_postmeal,94.4,6.804410334481602,0.0,1.0747581123210934
2026-05-26T16:09:43,patient_001,88,True,synthetic_ad8232,98,True,synthetic_max30102,36.55,2017,1729,2145,False,False,False,0.069,0.09,0.983,False,normal_postmeal,synthetic_ad8232_normal_postmeal,patient_001,synthetic_ad8232_normal_postmeal,91.2,4.549725266430936,0.0,0.9895200856981126
2026-05-26T16:09:48,patient_001,92,True,synthetic_ad8232,96,True,synthetic_max30102,37.05,1719,1592,1975,False,False,False,-0.021,0.058,0.984,False,normal_postmeal,synthetic_ad8232_normal_postmeal,patient_001,synthetic_ad8232_normal_postmeal,91.6,4.50555213042753,-2.0,0.9859315392054359
2026-05-26T16:09:53,patient_001,106,True,synthetic_ad8232,97,True,synthetic_max30102,36.55,1949,1700,2109,False,False,False,0.064,0.018,1.266,False,normal_postmeal,synthetic_ad8232_normal_postmeal,patient_001,synthetic_ad8232_normal_postmeal,93.0,7.483314773547885,1.0,1.2677444537445235
2026-05-26T16:09:58,patient_001,107,True,synthetic_ad8232,95,True,synthetic_max30102,36.82,2663,1654,2052,False,False,False,0.2,0.021,0.851,False,normal_postmeal,synthetic_ad8232_normal_postmeal,patient_001,synthetic_ad8232_normal_postmeal,96.2,9.54986910905066,-2.0,0.8744381052996262
2026-05-26T16:10:03,patient_001,97,True,synthetic_ad8232,96,True,synthetic_max30102,36.63,2353,1741,2161,False,False,False,-0.005,0.059,1.097,False,normal_postmeal,synthetic_ad8232_normal_postmeal,patient_001,synthetic_ad8232_normal_postmeal,98.0,8.396427811873334,1.0,1.0985968323274922
2026-05-26T16:10:08,patient_001,82,True,synthetic_ad8232,95,True,synthetic_max30102,36.93,1524,1575,1954,False,False,False,-0.068,0.012,1.014,False,normal_postmeal,synthetic_ad8232_normal_postmeal,patient_001,synthetic_ad8232_normal_postmeal,96.8,10.377861051295687,-1.0,1.0163483654731778
2026-05-26T16:10:13,patient_001,93,True,synthetic_ad8232,98,True,synthetic_max30102,37.07,1760,1592,1975,False,False,False,0.089,0.036,0.93,False,normal_postmeal,synthetic_ad8232_normal_postmeal,patient_001,synthetic_ad8232_normal_postmeal,97.0,10.27131929208707,3.0,0.9349422442054911
2026-05-26T16:10:18,patient_001,98,True,synthetic_ad8232,97,True,synthetic_max30102,36.28,2942,1574,1953,False,False,False,-0.023,0.126,0.996,False,normal_postmeal,synthetic_ad8232_normal_postmeal,patient_001,synthetic_ad8232_normal_postmeal,95.4,9.071934744033381,-1.0,1.0042016729721177
2026-05-26T16:10:23,patient_001,94,True,synthetic_ad8232,97,True,synthetic_max30102,36.9,2498,1735,2153,False,False,False,0.011,-0.028,1.16,False,normal_postmeal,synthetic_ad8232_normal_postmeal,patient_001,synthetic_ad8232_normal_postmeal,92.8,6.379655163094636,0.0,1.1603900206396123
2026-05-26T16:10:28,patient_001,99,True,synthetic_ad8232,96,True,synthetic_max30102,37.12,2035,1532,1901,False,False,False,-0.027,0.053,0.859,False,normal_postmeal,synthetic_ad8232_normal_postmeal,patient_001,synthetic_ad8232_normal_postmeal,93.2,6.760177512462231,-1.0,0.8610569086883864
2026-05-26T16:10:33,patient_001,87,True,synthetic_ad8232,95,True,synthetic_max30102,36.94,2432,1659,2059,False,False,False,0.21,0.141,0.969,False,normal_postmeal,synthetic_ad8232_normal_postmeal,patient_001,synthetic_ad8232_normal_postmeal,94.2,4.7644516998286415,-1.0,1.0014699196680847
2026-05-26T16:10:38,patient_001,104,True,synthetic_ad8232,97,True,synthetic_max30102,36.81,2651,1669,2071,False,False,False,0.064,0.074,0.979,False,normal_postmeal,synthetic_ad8232_normal_postmeal,patient_001,synthetic_ad8232_normal_postmeal,96.4,6.348228099241553,2.0,0.9838765166422054
2026-05-26T16:10:43,patient_001,105,True,synthetic_ad8232,98,True,synthetic_max30102,37.23,1860,1903,2361,False,False,False,0.009,0.16,1.033,False,normal_postmeal,synthetic_ad8232_normal_postmeal,patient_001,synthetic_ad8232_normal_postmeal,97.8,7.463243262818118,1.0,1.0453563985550574
2026-05-26T16:10:48,patient_001,88,True,synthetic_ad8232,98,True,synthetic_max30102,36.9,2454,1739,2158,False,False,False,0.196,-0.023,1.062,False,normal_postmeal,synthetic_ad8232_normal_postmeal,patient_001,synthetic_ad8232_normal_postmeal,96.6,8.61974477580398,0.0,1.08018007757966
2026-05-26T16:10:53,patient_001,85,True,synthetic_ad8232,99,True,synthetic_max30102,37.11,2317,1650,2048,False,False,False,0.088,0.046,1.008,False,normal_postmeal,synthetic_ad8232_normal_postmeal,patient_001,synthetic_ad8232_normal_postmeal,93.8,9.833615815151616,1.0,1.0128790648443673
2026-05-26T16:10:58,patient_001,94,True,synthetic_ad8232,96,True,synthetic_max30102,36.54,2296,1681,2086,False,False,False,-0.02,0.048,0.988,False,normal_postmeal,synthetic_ad8232_normal_postmeal,patient_001,synthetic_ad8232_normal_postmeal,95.2,9.093954035511725,-3.0,0.9893674747029033
2026-05-26T16:11:03,patient_001,88,True,synthetic_ad8232,99,True,synthetic_max30102,36.73,2404,1605,1992,False,False,False,0.005,0.069,0.843,False,normal_postmeal,synthetic_ad8232_normal_postmeal,patient_001,synthetic_ad8232_normal_postmeal,92.0,7.968688725254615,3.0,0.8458339080457817
2026-05-26T16:11:08,patient_001,78,True,synthetic_ad8232,98,True,synthetic_max30102,37.18,2370,1617,2006,False,False,False,0.01,0.053,1.08,False,normal_postmeal,synthetic_ad8232_normal_postmeal,patient_001,synthetic_ad8232_normal_postmeal,86.6,5.813776741499453,-1.0,1.081345920600804
2026-05-26T16:11:13,patient_001,88,True,synthetic_ad8232,96,True,synthetic_max30102,36.6,1496,1572,1951,False,False,False,0.067,0.123,0.975,False,normal_postmeal,synthetic_ad8232_normal_postmeal,patient_001,synthetic_ad8232_normal_postmeal,86.6,5.813776741499453,-2.0,0.9850091370134594
2026-05-26T16:11:18,patient_001,98,True,synthetic_ad8232,99,True,synthetic_max30102,36.9,1638,1645,2041,False,False,False,0.009,0.091,0.971,False,normal_postmeal,synthetic_ad8232_normal_postmeal,patient_001,synthetic_ad8232_normal_postmeal,89.2,7.5630681604756145,3.0,0.9752963652141845
2026-05-26T16:11:23,patient_001,107,True,synthetic_ad8232,94,True,synthetic_max30102,37.0,1739,1632,2025,False,False,False,0.003,-0.003,1.125,False,normal_postmeal,synthetic_ad8232_normal_postmeal,patient_001,synthetic_ad8232_normal_postmeal,91.8,11.054410884348384,-5.0,1.1250079999715559
2026-05-26T16:11:28,patient_001,93,True,synthetic_ad8232,97,True,synthetic_max30102,36.69,2262,1671,2073,False,False,False,-0.086,-0.039,1.093,False,normal_postmeal,synthetic_ad8232_normal_postmeal,patient_001,synthetic_ad8232_normal_postmeal,92.8,10.848963084092416,3.0,1.0970715564629319
2026-05-26T16:11:33,patient_001,92,True,synthetic_ad8232,96,True,synthetic_max30102,37.22,1753,1614,2003,False,False,False,0.025,-0.005,1.078,False,normal_postmeal,synthetic_ad8232_normal_postmeal,patient_001,synthetic_ad8232_normal_postmeal,95.6,7.300684899377594,-1.0,1.0783014420837989
2026-05-26T16:11:38,patient_001,94,True,synthetic_ad8232,97,True,synthetic_max30102,36.86,2111,1688,2095,False,False,False,0.207,0.057,0.8,False,normal_postmeal,synthetic_ad8232_normal_postmeal,patient_001,synthetic_ad8232_normal_postmeal,96.8,6.140032573203504,1.0,0.8283103283190426
2026-05-26T16:11:43,patient_001,94,True,synthetic_ad8232,97,True,synthetic_max30102,36.79,3257,1601,1987,False,False,False,0.036,0.079,0.947,False,normal_postmeal,synthetic_ad8232_normal_postmeal,patient_001,synthetic_ad8232_normal_postmeal,96.0,6.204836822995431,0.0,0.9509710826308021
2026-05-26T16:11:48,patient_001,88,True,synthetic_ad8232,97,True,synthetic_max30102,36.43,2346,1731,2148,False,False,False,0.049,-0.045,0.955,False,normal_postmeal,synthetic_ad8232_normal_postmeal,patient_001,synthetic_ad8232_normal_postmeal,92.2,2.4899799195977543,0.0,0.9573144728875669
2026-05-26T16:11:53,patient_001,99,True,synthetic_ad8232,95,True,synthetic_max30102,37.26,1765,1712,2124,False,False,False,-0.055,0.152,1.072,False,normal_postmeal,synthetic_ad8232_normal_postmeal,patient_001,synthetic_ad8232_normal_postmeal,93.4,3.974921382870362,-2.0,1.084118535954441
2026-05-26T16:11:58,patient_001,95,True,synthetic_ad8232,96,True,synthetic_max30102,36.81,1858,1662,2062,False,False,False,0.02,-0.133,1.08,False,normal_postmeal,synthetic_ad8232_normal_postmeal,patient_001,synthetic_ad8232_normal_postmeal,94.0,3.937003937005909,1.0,1.0883423174718514
2026-05-26T16:12:03,patient_001,89,True,synthetic_ad8232,97,True,synthetic_max30102,36.58,1562,1647,2044,False,False,False,-0.14,0.063,1.032,False,normal_postmeal,synthetic_ad8232_normal_postmeal,patient_001,synthetic_ad8232_normal_postmeal,93.0,4.527692569068711,1.0,1.04335660250942
2026-05-26T16:12:08,patient_001,95,True,synthetic_ad8232,95,True,synthetic_max30102,36.54,2852,1637,2031,False,False,False,-0.02,0.098,0.961,False,normal_postmeal,synthetic_ad8232_normal_postmeal,patient_001,synthetic_ad8232_normal_postmeal,93.2,4.6043457732885384,-2.0,0.9661909749112749
2026-05-26T16:12:13,patient_001,97,True,synthetic_ad8232,97,True,synthetic_max30102,36.71,2035,1700,2110,False,False,False,-0.008,-0.145,1.067,False,normal_postmeal,synthetic_ad8232_normal_postmeal,patient_001,synthetic_ad8232_normal_postmeal,95.0,3.7416573867739444,2.0,1.0768370350243346
2026-05-26T16:12:18,patient_001,93,True,synthetic_ad8232,98,True,synthetic_max30102,36.41,1216,1725,2141,False,False,False,-0.007,-0.061,1.132,False,normal_postmeal,synthetic_ad8232_normal_postmeal,patient_001,synthetic_ad8232_normal_postmeal,93.8,3.033150177620624,1.0,1.1336639713777623
2026-05-26T16:12:23,patient_001,80,True,synthetic_ad8232,97,True,synthetic_max30102,36.68,1797,1683,2088,False,False,False,-0.066,0.186,1.015,False,normal_postmeal,synthetic_ad8232_normal_postmeal,patient_001,synthetic_ad8232_normal_postmeal,90.8,6.723094525588645,-1.0,1.0340101546890146
2026-05-26T16:12:28,patient_001,101,True,synthetic_ad8232,97,True,synthetic_max30102,36.73,2631,1687,2093,False,False,False,0.089,-0.1,1.118,False,normal_postmeal,synthetic_ad8232_normal_postmeal,patient_001,synthetic_ad8232_normal_postmeal,93.2,7.9498427657407165,0.0,1.1259862343741154
2026-05-26T16:12:33,patient_001,84,True,synthetic_ad8232,96,True,synthetic_max30102,36.51,1435,1585,1967,False,False,False,0.06,0.035,0.953,False,normal_postmeal,synthetic_ad8232_normal_postmeal,patient_001,synthetic_ad8232_normal_postmeal,91.0,8.803408430829505,-1.0,0.9555281262213059
2026-05-26T16:12:38,patient_001,94,True,synthetic_ad8232,96,True,synthetic_max30102,36.63,2125,1629,2022,False,False,False,0.164,0.023,1.092,False,normal_postmeal,synthetic_ad8232_normal_postmeal,patient_001,synthetic_ad8232_normal_postmeal,90.4,8.384509526501834,0.0,1.1044858532366995
2026-05-26T16:12:43,patient_001,94,True,synthetic_ad8232,95,True,synthetic_max30102,37.16,1690,1655,2054,False,False,False,0.029,0.09,0.93,False,normal_postmeal,synthetic_ad8232_normal_postmeal,patient_001,synthetic_ad8232_normal_postmeal,90.6,8.473488065725945,-1.0,0.9347946298519264
2026-05-26T16:12:48,patient_001,105,True,synthetic_ad8232,97,True,synthetic_max30102,36.89,1670,1581,1962,False,False,False,0.149,0.123,1.051,False,normal_postmeal,synthetic_ad8232_normal_postmeal,patient_001,synthetic_ad8232_normal_postmeal,95.6,8.018728078691785,2.0,1.0686117162000424
2026-05-26T16:12:53,patient_001,85,True,synthetic_ad8232,98,True,synthetic_max30102,36.84,1355,1652,2050,False,False,False,-0.071,0.015,0.87,False,normal_postmeal,synthetic_ad8232_normal_postmeal,patient_001,synthetic_ad8232_normal_postmeal,92.4,8.502940667792528,1.0,0.8730211910371936
2026-05-26T16:12:58,patient_001,99,True,synthetic_ad8232,97,True,synthetic_max30102,37.28,1552,1576,1956,False,False,False,0.108,-0.004,1.055,False,normal_postmeal,synthetic_ad8232_normal_postmeal,patient_001,synthetic_ad8232_normal_postmeal,95.4,7.368853370776217,-1.0,1.0605210983285527
2026-05-26T16:13:03,patient_001,97,True,synthetic_ad8232,94,True,synthetic_max30102,36.79,2116,1699,2108,False,False,False,-0.042,0.038,0.904,False,normal_postmeal,synthetic_ad8232_normal_postmeal,patient_001,synthetic_ad8232_normal_postmeal,96.0,7.348469228349535,-3.0,0.905772598393217
2026-05-26T16:13:08,patient_001,107,True,synthetic_ad8232,97,True,synthetic_max30102,36.61,3173,1721,2136,False,False,False,0.02,-0.078,1.022,False,normal_postmeal,synthetic_ad8232_normal_postmeal,patient_001,synthetic_ad8232_normal_postmeal,98.6,8.648699324175864,3.0,1.0251673034193003
2026-05-26T16:13:13,patient_001,88,True,synthetic_ad8232,97,True,synthetic_max30102,36.66,1893,1734,2152,False,False,False,0.057,0.061,0.986,False,normal_postmeal,synthetic_ad8232_normal_postmeal,patient_001,synthetic_ad8232_normal_postmeal,95.2,8.84307638777366,0.0,0.989528170392334
2026-05-26T16:13:18,patient_001,103,True,synthetic_ad8232,98,True,synthetic_max30102,36.8,1791,1697,2106,False,False,False,0.015,0.224,0.925,False,normal_postmeal,synthetic_ad8232_normal_postmeal,patient_001,synthetic_ad8232_normal_postmeal,98.8,7.155417527999329,1.0,0.9518539803982542
2026-05-26T16:13:23,patient_001,110,True,synthetic_ad8232,98,True,synthetic_max30102,36.63,2318,1736,2154,False,False,False,0.081,0.051,0.949,False,normal_postmeal,synthetic_ad8232_normal_postmeal,patient_001,synthetic_ad8232_normal_postmeal,101.0,8.746427842267952,0.0,0.953814971574676
2026-05-26T16:13:28,patient_001,96,True,synthetic_ad8232,97,True,synthetic_max30102,36.91,1773,1784,2214,False,False,False,0.058,0.035,0.939,False,normal_postmeal,synthetic_ad8232_normal_postmeal,patient_001,synthetic_ad8232_normal_postmeal,100.8,8.87130204648675,-1.0,0.9414403857918991
2026-05-26T16:13:33,patient_001,98,True,synthetic_ad8232,97,True,synthetic_max30102,37.24,1524,1693,2101,False,False,False,-0.032,-0.029,0.912,False,normal_postmeal,synthetic_ad8232_normal_postmeal,patient_001,synthetic_ad8232_normal_postmeal,99.0,8.18535277187245,0.0,0.9130219055422493
2026-05-26T16:13:38,patient_001,90,True,synthetic_ad8232,94,True,synthetic_max30102,36.86,2286,1572,1951,False,False,False,-0.0,-0.089,1.077,False,normal_postmeal,synthetic_ad8232_normal_postmeal,patient_001,synthetic_ad8232_normal_postmeal,99.4,7.5365774725667105,-3.0,1.0806710877968375
2026-05-26T16:13:43,patient_001,88,True,synthetic_ad8232,99,True,synthetic_max30102,36.99,1966,1642,2037,False,False,False,-0.041,-0.043,1.038,False,normal_postmeal,synthetic_ad8232_normal_postmeal,patient_001,synthetic_ad8232_normal_postmeal,96.4,8.648699324175864,5.0,1.03969899490189
2026-05-26T16:13:48,patient_001,105,True,synthetic_ad8232,96,True,synthetic_max30102,36.82,1328,1658,2058,False,False,False,0.116,0.095,0.977,False,normal_postmeal,synthetic_ad8232_normal_postmeal,patient_001,synthetic_ad8232_normal_postmeal,95.4,6.767569726275457,-3.0,0.9884381619504581
2026-05-26T16:13:53,patient_001,84,True,synthetic_ad8232,97,True,synthetic_max30102,36.77,2113,1639,2034,False,False,False,0.046,0.113,0.895,False,normal_postmeal,synthetic_ad8232_normal_postmeal,patient_001,synthetic_ad8232_normal_postmeal,93.0,8.426149773176363,1.0,0.9032773660399114
2026-05-26T16:13:58,patient_001,88,True,synthetic_ad8232,99,True,synthetic_max30102,37.03,2213,1659,2059,False,False,False,0.063,0.174,0.87,False,normal_postmeal,synthetic_ad8232_normal_postmeal,patient_001,synthetic_ad8232_normal_postmeal,91.0,8.124038404635964,2.0,0.8894633213348373
2026-05-26T16:14:03,patient_001,86,True,synthetic_ad8232,97,True,synthetic_max30102,36.52,1493,1530,1899,False,False,False,0.095,0.115,1.012,False,normal_postmeal,synthetic_ad8232_normal_postmeal,patient_001,synthetic_ad8232_normal_postmeal,90.2,8.438009243891598,-2.0,1.0229340154672735
2026-05-26T16:14:08,patient_001,99,True,synthetic_ad8232,97,True,synthetic_max30102,36.13,1874,1740,2159,False,False,False,0.139,0.041,0.924,False,normal_postmeal,synthetic_ad8232_normal_postmeal,patient_001,synthetic_ad8232_normal_postmeal,92.4,9.12688336728371,0.0,0.9352956751744338
2026-05-26T16:14:13,patient_001,88,True,synthetic_ad8232,97,True,synthetic_max30102,37.25,1598,1713,2126,False,False,False,0.17,0.059,1.027,False,normal_postmeal,synthetic_ad8232_normal_postmeal,patient_001,synthetic_ad8232_normal_postmeal,89.0,5.830951894845306,0.0,1.042645673275442
2026-05-26T16:14:18,patient_001,100,True,synthetic_ad8232,96,True,synthetic_max30102,36.88,1890,1463,1815,False,False,False,0.022,0.07,0.999,False,normal_postmeal,synthetic_ad8232_normal_postmeal,patient_001,synthetic_ad8232_normal_postmeal,92.2,6.723094525588649,-1.0,1.0016910701408892
2026-05-26T16:14:23,patient_001,100,True,synthetic_ad8232,98,True,synthetic_max30102,36.77,2317,1745,2165,False,False,False,0.171,0.055,1.025,False,normal_postmeal,synthetic_ad8232_normal_postmeal,patient_001,synthetic_ad8232_normal_postmeal,94.6,6.985699678629197,2.0,1.0406204879782062
2026-05-26T16:14:28,patient_001,86,True,synthetic_ad8232,94,True,synthetic_max30102,36.68,2610,1667,2069,False,False,False,0.101,0.002,1.054,False,normal_postmeal,synthetic_ad8232_normal_postmeal,patient_001,synthetic_ad8232_normal_postmeal,94.6,6.985699678629197,-4.0,1.0588300146860212
2026-05-26T16:14:33,patient_001,91,True,synthetic_ad8232,98,True,synthetic_max30102,36.93,2785,1721,2136,False,False,False,0.16,-0.107,0.953,False,normal_postmeal,synthetic_ad8232_normal_postmeal,patient_001,synthetic_ad8232_normal_postmeal,93.0,6.633249580710804,4.0,0.9722437965860209
2026-05-26T16:14:38,patient_001,96,True,synthetic_ad8232,97,True,synthetic_max30102,36.99,2965,1750,2171,False,False,False,0.109,0.001,1.016,False,normal_postmeal,synthetic_ad8232_normal_postmeal,patient_001,synthetic_ad8232_normal_postmeal,94.6,6.066300355241245,-1.0,1.0218307100493702
2026-05-26T16:14:43,patient_001,101,True,synthetic_ad8232,97,True,synthetic_max30102,36.79,2532,1601,1987,False,False,False,0.085,0.021,1.005,False,normal_postmeal,synthetic_ad8232_normal_postmeal,patient_001,synthetic_ad8232_normal_postmeal,94.8,6.30079360080935,0.0,1.0088067208340752
2026-05-26T16:14:48,patient_001,84,True,synthetic_ad8232,96,True,synthetic_max30102,36.82,2704,1617,2007,False,False,False,0.199,-0.004,0.937,False,normal_postmeal,synthetic_ad8232_normal_postmeal,patient_001,synthetic_ad8232_normal_postmeal,91.6,7.021395872616786,-1.0,0.9579070936160772
2026-05-26T16:14:53,patient_001,72,True,synthetic_ad8232,96,True,synthetic_max30102,37.4,2398,1646,2043,False,False,False,0.087,-0.058,0.987,False,normal_postmeal,synthetic_ad8232_normal_postmeal,patient_001,synthetic_ad8232_normal_postmeal,88.8,11.300442469213321,0.0,0.9925230475913392
2026-05-26T16:14:58,patient_001,111,True,synthetic_ad8232,97,True,synthetic_max30102,36.67,1285,1565,1942,False,False,False,0.103,-0.026,0.907,False,normal_postmeal,synthetic_ad8232_normal_postmeal,patient_001,synthetic_ad8232_normal_postmeal,92.8,15.155856953666461,1.0,0.9131998685939459
2026-05-26T16:15:03,patient_001,86,True,synthetic_ad8232,96,True,synthetic_max30102,36.88,1762,1625,2016,False,False,False,-0.056,-0.221,0.906,False,normal_postmeal,synthetic_ad8232_normal_postmeal,patient_001,synthetic_ad8232_normal_postmeal,90.8,15.287249589118378,-1.0,0.9342446146486476
2026-05-26T15:26:48,patient_001,80,True,synthetic_ad8232,97,True,synthetic_max30102,36.59,1926,1659,2059,False,False,False,0.078,-0.048,0.938,False,normal_rest,synthetic_ad8232_normal_rest,patient_001,synthetic_ad8232_normal_rest,80.0,0.0,0.0,0.9424606092564293
2026-05-26T15:26:53,patient_001,78,True,synthetic_ad8232,97,True,synthetic_max30102,36.62,1724,1680,2085,False,False,False,0.071,0.033,1.035,False,normal_rest,synthetic_ad8232_normal_rest,patient_001,synthetic_ad8232_normal_rest,79.0,1.4142135623730951,0.0,1.0379571282090605
2026-05-26T15:26:58,patient_001,81,True,synthetic_ad8232,97,True,synthetic_max30102,36.62,2088,1735,2153,False,False,False,0.038,0.023,0.963,False,normal_rest,synthetic_ad8232_normal_rest,patient_001,synthetic_ad8232_normal_rest,79.66666666666667,1.5275252316519452,0.0,0.9640238586259159
2026-05-26T15:27:03,patient_001,75,True,synthetic_ad8232,98,True,synthetic_max30102,36.53,2052,1791,2223,False,False,False,0.055,0.047,1.007,False,normal_rest,synthetic_ad8232_normal_rest,patient_001,synthetic_ad8232_normal_rest,78.5,2.645751311064591,1.0,1.0095954635397286
2026-05-26T15:27:08,patient_001,74,True,synthetic_ad8232,97,True,synthetic_max30102,36.55,2243,1588,1970,False,False,False,0.085,0.025,0.956,False,normal_rest,synthetic_ad8232_normal_rest,patient_001,synthetic_ad8232_normal_rest,77.6,3.0495901363953806,-1.0,0.9600968701125944
2026-05-26T15:27:13,patient_001,84,True,synthetic_ad8232,99,True,synthetic_max30102,36.23,2222,1715,2128,False,False,False,0.049,0.035,0.999,False,normal_rest,synthetic_ad8232_normal_rest,patient_001,synthetic_ad8232_normal_rest,78.4,4.159326868617082,2.0,1.0008131693777815
2026-05-26T15:27:18,patient_001,83,True,synthetic_ad8232,98,True,synthetic_max30102,36.47,1744,1621,2012,False,False,False,0.065,-0.028,0.977,False,normal_rest,synthetic_ad8232_normal_rest,patient_001,synthetic_ad8232_normal_rest,79.4,4.615192303685728,-1.0,0.9795601053534183
2026-05-26T15:27:23,patient_001,76,True,synthetic_ad8232,100,True,synthetic_max30102,36.18,2302,1657,2056,False,False,False,0.079,-0.037,0.977,False,normal_rest,synthetic_ad8232_normal_rest,patient_001,synthetic_ad8232_normal_rest,78.4,4.722287581247036,2.0,0.9808868436267254
2026-05-26T15:27:28,patient_001,84,True,synthetic_ad8232,99,True,synthetic_max30102,36.31,1469,1567,1945,False,False,False,0.022,0.064,0.982,False,normal_rest,synthetic_ad8232_normal_rest,patient_001,synthetic_ad8232_normal_rest,80.2,4.816637831516916,-1.0,0.9843292132208614
2026-05-26T15:27:33,patient_001,71,True,synthetic_ad8232,99,True,synthetic_max30102,36.44,1959,1683,2089,False,False,False,0.068,0.013,0.996,False,normal_rest,synthetic_ad8232_normal_rest,patient_001,synthetic_ad8232_normal_rest,79.6,5.856620185738525,0.0,0.9984032251550473
2026-05-26T15:27:38,patient_001,82,True,synthetic_ad8232,97,True,synthetic_max30102,36.31,2016,1621,2011,False,False,False,0.025,-0.018,1.009,False,normal_rest,synthetic_ad8232_normal_rest,patient_001,synthetic_ad8232_normal_rest,79.2,5.540758070878023,-2.0,1.0094701580532235
2026-05-26T15:27:43,patient_001,82,True,synthetic_ad8232,99,True,synthetic_max30102,36.57,1299,1537,1907,False,False,False,0.036,0.013,0.987,False,normal_rest,synthetic_ad8232_normal_rest,patient_001,synthetic_ad8232_normal_rest,79.0,5.385164807134499,2.0,0.9877418691135857
2026-05-26T15:27:48,patient_001,67,True,synthetic_ad8232,97,True,synthetic_max30102,36.5,2310,1612,2000,False,False,False,0.004,0.015,1.042,False,normal_rest,synthetic_ad8232_normal_rest,patient_001,synthetic_ad8232_normal_rest,77.2,7.661592523751179,-2.0,1.0421156365778224
2026-05-26T15:27:53,patient_001,71,True,synthetic_ad8232,98,True,synthetic_max30102,36.16,2172,1670,2072,False,False,False,0.026,0.064,0.921,False,normal_rest,synthetic_ad8232_normal_rest,patient_001,synthetic_ad8232_normal_rest,74.6,6.949820141557618,1.0,0.9235870289258074
2026-05-26T15:27:58,patient_001,73,True,synthetic_ad8232,96,True,synthetic_max30102,36.42,2073,1752,2174,False,False,False,0.019,0.039,0.991,False,normal_rest,synthetic_ad8232_normal_rest,patient_001,synthetic_ad8232_normal_rest,75.0,6.745368781616017,-2.0,0.9919490914356442
2026-05-26T15:28:03,patient_001,70,True,synthetic_ad8232,98,True,synthetic_max30102,36.45,1659,1739,2158,False,False,False,0.094,0.063,1.004,False,normal_rest,synthetic_ad8232_normal_rest,patient_001,synthetic_ad8232_normal_rest,72.6,5.683308895353124,2.0,1.0103568676462786
2026-05-26T15:28:08,patient_001,73,True,synthetic_ad8232,97,True,synthetic_max30102,36.3,1486,1542,1913,False,False,False,-0.015,0.055,0.981,False,normal_rest,synthetic_ad8232_normal_rest,patient_001,synthetic_ad8232_normal_rest,70.8,2.489979919597734,-1.0,0.9826550768199389
2026-05-26T15:28:13,patient_001,81,True,synthetic_ad8232,99,True,synthetic_max30102,36.9,1980,1505,1868,False,False,False,0.157,0.047,0.95,False,normal_rest,synthetic_ad8232_normal_rest,patient_001,synthetic_ad8232_normal_rest,73.6,4.335896677735755,2.0,0.9640321571399991
2026-05-26T15:28:18,patient_001,71,True,synthetic_ad8232,98,True,synthetic_max30102,36.25,1587,1629,2022,False,False,False,0.034,0.073,0.996,False,normal_rest,synthetic_ad8232_normal_rest,patient_001,synthetic_ad8232_normal_rest,73.6,4.335896677735755,-1.0,0.9992502189141617
2026-05-26T15:28:23,patient_001,65,True,synthetic_ad8232,97,True,synthetic_max30102,36.39,1487,1600,1985,False,False,False,0.111,0.035,1.029,False,normal_rest,synthetic_ad8232_normal_rest,patient_001,synthetic_ad8232_normal_rest,72.0,5.830951894845297,-1.0,1.0355612005091732
2026-05-26T15:28:28,patient_001,70,True,synthetic_ad8232,97,True,synthetic_max30102,36.93,2275,1703,2113,False,False,False,0.007,0.064,0.954,False,normal_rest,synthetic_ad8232_normal_rest,patient_001,synthetic_ad8232_normal_rest,72.0,5.830951894845297,0.0,0.9561699639708413
2026-05-26T15:28:33,patient_001,77,True,synthetic_ad8232,98,True,synthetic_max30102,36.24,2007,1559,1935,False,False,False,0.058,0.012,0.941,False,normal_rest,synthetic_ad8232_normal_rest,patient_001,synthetic_ad8232_normal_rest,72.8,6.2609903369994075,1.0,0.9428621320214318
2026-05-26T15:28:38,patient_001,91,True,synthetic_ad8232,98,True,synthetic_max30102,36.37,2493,1634,2028,False,False,False,0.051,0.082,0.999,False,normal_rest,synthetic_ad8232_normal_rest,patient_001,synthetic_ad8232_normal_rest,74.8,10.009995004993758,0.0,1.003656315677832
2026-05-26T15:28:43,patient_001,81,True,synthetic_ad8232,100,True,synthetic_max30102,36.45,2121,1770,2196,False,False,False,-0.009,-0.025,1.056,False,normal_rest,synthetic_ad8232_normal_rest,patient_001,synthetic_ad8232_normal_rest,76.8,10.059821071967432,2.0,1.0563342274110028
2026-05-26T15:28:48,patient_001,75,True,synthetic_ad8232,100,True,synthetic_max30102,36.12,1972,1645,2041,False,False,False,0.004,0.056,0.974,False,normal_rest,synthetic_ad8232_normal_rest,patient_001,synthetic_ad8232_normal_rest,78.8,7.88669766125214,0.0,0.975616728023869
2026-05-26T15:28:53,patient_001,81,True,synthetic_ad8232,100,True,synthetic_max30102,36.42,1466,1594,1978,False,False,False,0.066,-0.052,0.988,False,normal_rest,synthetic_ad8232_normal_rest,patient_001,synthetic_ad8232_normal_rest,81.0,6.164414002968975,0.0,0.9915664375118795
2026-05-26T15:28:58,patient_001,71,True,synthetic_ad8232,98,True,synthetic_max30102,36.63,2429,1618,2008,False,False,False,-0.013,0.031,0.971,False,normal_rest,synthetic_ad8232_normal_rest,patient_001,synthetic_ad8232_normal_rest,79.8,7.563068160475613,-2.0,0.9715817001158471
2026-05-26T15:29:03,patient_001,82,True,synthetic_ad8232,100,True,synthetic_max30102,36.36,1611,1665,2066,False,False,False,0.012,0.021,1.0,False,normal_rest,synthetic_ad8232_normal_rest,patient_001,synthetic_ad8232_normal_rest,78.0,4.795831523312716,2.0,1.000292457234383
2026-05-26T15:29:08,patient_001,79,True,synthetic_ad8232,98,True,synthetic_max30102,37.03,1674,1549,1922,False,False,False,0.115,-0.004,0.979,False,normal_rest,synthetic_ad8232_normal_rest,patient_001,synthetic_ad8232_normal_rest,77.6,4.560701700396549,-2.0,0.9857393164523772
2026-05-26T15:29:13,patient_001,81,True,synthetic_ad8232,99,True,synthetic_max30102,36.22,1737,1579,1959,False,False,False,0.014,-0.056,0.983,False,normal_rest,synthetic_ad8232_normal_rest,patient_001,synthetic_ad8232_normal_rest,78.8,4.494441010848844,1.0,0.9846933532831427
2026-05-26T15:29:18,patient_001,71,True,synthetic_ad8232,98,True,synthetic_max30102,35.96,2714,1565,1942,False,False,False,-0.019,0.115,0.939,False,normal_rest,synthetic_ad8232_normal_rest,patient_001,synthetic_ad8232_normal_rest,76.8,5.403702434442516,-1.0,0.9462066370513366
2026-05-26T15:29:23,patient_001,100,True,synthetic_ad8232,97,True,synthetic_max30102,36.31,2381,1656,2055,False,False,False,0.054,0.099,0.951,False,normal_rest,synthetic_ad8232_normal_rest,patient_001,synthetic_ad8232_normal_rest,82.6,10.644247272588137,-1.0,0.9576627798969739
2026-05-26T15:29:28,patient_001,81,True,synthetic_ad8232,98,True,synthetic_max30102,36.37,1836,1667,2069,False,False,False,-0.015,0.02,0.979,False,normal_rest,synthetic_ad8232_normal_rest,patient_001,synthetic_ad8232_normal_rest,82.4,10.667708282475669,1.0,0.9793191512474367
2026-05-26T15:29:33,patient_001,82,True,synthetic_ad8232,99,True,synthetic_max30102,36.44,2122,1603,1989,False,False,False,0.054,0.032,0.99,False,normal_rest,synthetic_ad8232_normal_rest,patient_001,synthetic_ad8232_normal_rest,83.0,10.511898020814318,1.0,0.9919879031520495
2026-05-26T15:29:38,patient_001,77,True,synthetic_ad8232,100,True,synthetic_max30102,36.79,2255,1729,2145,False,False,False,0.055,-0.001,0.946,False,normal_rest,synthetic_ad8232_normal_rest,patient_001,synthetic_ad8232_normal_rest,82.2,10.848963084092414,1.0,0.9475980160384465
2026-05-26T15:29:43,patient_001,82,True,synthetic_ad8232,96,True,synthetic_max30102,36.63,2095,1671,2073,False,False,False,0.058,-0.014,0.971,False,normal_rest,synthetic_ad8232_normal_rest,patient_001,synthetic_ad8232_normal_rest,84.4,8.96102672688794,-4.0,0.9728314345250157
2026-05-26T15:29:48,patient_001,76,True,synthetic_ad8232,98,True,synthetic_max30102,36.34,2096,1629,2022,False,False,False,0.046,0.089,0.887,False,normal_rest,synthetic_ad8232_normal_rest,patient_001,synthetic_ad8232_normal_rest,79.6,2.880972058177588,2.0,0.8926399050008912
2026-05-26T15:29:53,patient_001,80,True,synthetic_ad8232,98,True,synthetic_max30102,35.96,1983,1709,2121,False,False,False,0.053,0.099,0.929,False,normal_rest,synthetic_ad8232_normal_rest,patient_001,synthetic_ad8232_normal_rest,79.4,2.792848008753789,0.0,0.9357622561313317
2026-05-26T15:29:58,patient_001,78,True,synthetic_ad8232,97,True,synthetic_max30102,36.32,2329,1729,2145,False,False,False,0.092,0.053,1.059,False,normal_rest,synthetic_ad8232_normal_rest,patient_001,synthetic_ad8232_normal_rest,78.6,2.4083189157584606,-1.0,1.0643091656093167
2026-05-26T15:30:03,patient_001,92,True,synthetic_ad8232,99,True,synthetic_max30102,36.61,1654,1732,2149,False,False,False,0.028,0.033,0.962,False,normal_rest,synthetic_ad8232_normal_rest,patient_001,synthetic_ad8232_normal_rest,81.6,6.228964600958977,2.0,0.9629730006599354
2026-05-26T15:30:08,patient_001,84,True,synthetic_ad8232,98,True,synthetic_max30102,36.69,1892,1547,1920,False,False,False,0.07,0.103,1.019,False,normal_rest,synthetic_ad8232_normal_rest,patient_001,synthetic_ad8232_normal_rest,82.0,6.324555320336761,-1.0,1.0265817064413334
2026-05-26T15:30:13,patient_001,69,True,synthetic_ad8232,97,True,synthetic_max30102,36.78,1524,1640,2035,False,False,False,0.066,0.002,0.949,False,normal_rest,synthetic_ad8232_normal_rest,patient_001,synthetic_ad8232_normal_rest,80.6,8.414273587185052,-1.0,0.9512943813562655
2026-05-26T15:30:18,patient_001,73,True,synthetic_ad8232,98,True,synthetic_max30102,36.69,2218,1647,2044,False,False,False,0.064,-0.062,1.002,False,normal_rest,synthetic_ad8232_normal_rest,patient_001,synthetic_ad8232_normal_rest,79.2,9.093954035511727,1.0,1.0059542733146472
2026-05-26T15:30:23,patient_001,91,True,synthetic_ad8232,96,True,synthetic_max30102,36.25,2451,1688,2095,False,False,False,0.064,-0.033,1.049,False,normal_rest,synthetic_ad8232_normal_rest,patient_001,synthetic_ad8232_normal_rest,81.8,10.425929215182693,-2.0,1.0514684969127701
2026-05-26T15:30:28,patient_001,73,True,synthetic_ad8232,99,True,synthetic_max30102,36.67,1903,1584,1965,False,False,False,0.049,0.039,1.001,False,normal_rest,synthetic_ad8232_normal_rest,patient_001,synthetic_ad8232_normal_rest,78.0,9.16515138991168,3.0,1.002957127697889
2026-05-26T15:30:33,patient_001,77,True,synthetic_ad8232,98,True,synthetic_max30102,36.65,1636,1596,1981,False,False,False,-0.002,0.025,1.049,False,normal_rest,synthetic_ad8232_normal_rest,patient_001,synthetic_ad8232_normal_rest,76.6,8.532291603080617,-1.0,1.0492997665109813
2026-05-26T15:30:38,patient_001,80,True,synthetic_ad8232,99,True,synthetic_max30102,36.4,3073,1688,2095,False,False,False,0.093,0.064,1.024,False,normal_rest,synthetic_ad8232_normal_rest,patient_001,synthetic_ad8232_normal_rest,78.8,7.429670248402685,1.0,1.0302043486609829
2026-05-26T15:30:43,patient_001,76,True,synthetic_ad8232,96,True,synthetic_max30102,36.8,1380,1536,1906,False,False,False,0.022,0.034,1.042,False,normal_rest,synthetic_ad8232_normal_rest,patient_001,synthetic_ad8232_normal_rest,79.4,6.949820141557623,-3.0,1.0427866512379222
2026-05-26T15:30:48,patient_001,65,True,synthetic_ad8232,97,True,synthetic_max30102,36.51,1854,1476,1831,False,False,False,0.061,0.041,0.933,False,normal_rest,synthetic_ad8232_normal_rest,patient_001,synthetic_ad8232_normal_rest,74.2,5.718391382198323,1.0,0.9358904850461939
2026-05-26T15:30:53,patient_001,74,True,synthetic_ad8232,99,True,synthetic_max30102,36.58,1789,1680,2085,False,False,False,0.046,0.06,0.999,False,normal_rest,synthetic_ad8232_normal_rest,patient_001,synthetic_ad8232_normal_rest,74.4,5.683308895353133,2.0,1.0018567761910881
2026-05-26T15:30:58,patient_001,77,True,synthetic_ad8232,98,True,synthetic_max30102,36.61,2382,1639,2034,False,False,False,0.024,0.051,0.979,False,normal_rest,synthetic_ad8232_normal_rest,patient_001,synthetic_ad8232_normal_rest,74.4,5.683308895353133,-1.0,0.9806212316689864
2026-05-26T15:31:03,patient_001,62,True,synthetic_ad8232,96,True,synthetic_max30102,36.03,2082,1611,1999,False,False,False,-0.053,0.003,1.02,False,normal_rest,synthetic_ad8232_normal_rest,patient_001,synthetic_ad8232_normal_rest,70.8,6.833739825307959,-2.0,1.0213804384263485
2026-05-26T15:31:08,patient_001,87,True,synthetic_ad8232,100,True,synthetic_max30102,36.38,1385,1617,2007,False,False,False,0.094,0.034,0.957,False,normal_rest,synthetic_ad8232_normal_rest,patient_001,synthetic_ad8232_normal_rest,73.0,9.974968671630004,4.0,0.9622063188318812
2026-05-26T15:31:13,patient_001,71,True,synthetic_ad8232,98,True,synthetic_max30102,36.6,2146,1569,1947,False,False,False,0.109,-0.025,1.006,False,normal_rest,synthetic_ad8232_normal_rest,patient_001,synthetic_ad8232_normal_rest,74.2,9.093954035511729,-2.0,1.0121966212154632
2026-05-26T15:31:18,patient_001,77,True,synthetic_ad8232,96,True,synthetic_max30102,36.63,2168,1602,1988,False,False,False,0.016,0.009,0.947,False,normal_rest,synthetic_ad8232_normal_rest,patient_001,synthetic_ad8232_normal_rest,74.8,9.176055797563572,-2.0,0.9471779135938506
2026-05-26T15:31:23,patient_001,76,True,synthetic_ad8232,98,True,synthetic_max30102,36.49,1994,1719,2133,False,False,False,0.093,0.016,0.931,False,normal_rest,synthetic_ad8232_normal_rest,patient_001,synthetic_ad8232_normal_rest,74.6,9.12688336728371,2.0,0.9357702709532935
2026-05-26T15:31:28,patient_001,87,True,synthetic_ad8232,98,True,synthetic_max30102,36.37,2131,1663,2064,False,False,False,0.054,0.108,1.073,False,normal_rest,synthetic_ad8232_normal_rest,patient_001,synthetic_ad8232_normal_rest,79.6,7.127411872482191,0.0,1.0797726612579148
2026-05-26T15:31:33,patient_001,87,True,synthetic_ad8232,97,True,synthetic_max30102,36.48,1052,1550,1923,False,False,False,0.039,0.043,0.957,False,normal_rest,synthetic_ad8232_normal_rest,patient_001,synthetic_ad8232_normal_rest,79.6,7.127411872482191,-1.0,0.9587590938291015
2026-05-26T15:31:38,patient_001,69,True,synthetic_ad8232,97,True,synthetic_max30102,36.33,1891,1662,2062,False,False,False,0.117,0.074,0.952,False,normal_rest,synthetic_ad8232_normal_rest,patient_001,synthetic_ad8232_normal_rest,79.2,7.758865896508337,0.0,0.9620129936752413
2026-05-26T15:31:43,patient_001,76,True,synthetic_ad8232,98,True,synthetic_max30102,36.55,3134,1646,2043,False,False,False,0.026,0.073,0.944,False,normal_rest,synthetic_ad8232_normal_rest,patient_001,synthetic_ad8232_normal_rest,79.0,7.842193570679068,1.0,0.9471752741705202
2026-05-26T15:31:48,patient_001,80,True,synthetic_ad8232,100,True,synthetic_max30102,36.42,2163,1597,1982,False,False,False,0.063,0.028,0.983,False,normal_rest,synthetic_ad8232_normal_rest,patient_001,synthetic_ad8232_normal_rest,79.8,7.661592523751189,2.0,0.9854146335426525
2026-05-26T15:31:53,patient_001,71,True,synthetic_ad8232,99,True,synthetic_max30102,36.67,2402,1619,2009,False,False,False,0.055,0.019,1.008,False,normal_rest,synthetic_ad8232_normal_rest,patient_001,synthetic_ad8232_normal_rest,76.6,7.231873892705825,-1.0,1.0096781665461525
2026-05-26T15:31:58,patient_001,63,True,synthetic_ad8232,98,True,synthetic_max30102,35.9,1332,1582,1963,False,False,False,-0.02,0.085,1.026,False,normal_rest,synthetic_ad8232_normal_rest,patient_001,synthetic_ad8232_normal_rest,71.8,6.534523701081822,-1.0,1.0297091822451618
2026-05-26T15:32:03,patient_001,58,True,synthetic_ad8232,97,True,synthetic_max30102,37.01,1760,1519,1885,False,False,False,0.057,0.008,1.009,False,normal_rest,synthetic_ad8232_normal_rest,patient_001,synthetic_ad8232_normal_rest,69.6,9.071934744033385,-1.0,1.0106403910392656
2026-05-26T15:32:08,patient_001,79,True,synthetic_ad8232,98,True,synthetic_max30102,36.6,2807,1711,2123,False,False,False,0.054,0.057,0.962,False,normal_rest,synthetic_ad8232_normal_rest,patient_001,synthetic_ad8232_normal_rest,70.2,9.679876032264051,1.0,0.9651989432236237
2026-05-26T15:32:13,patient_001,70,True,synthetic_ad8232,97,True,synthetic_max30102,36.73,2213,1739,2158,False,False,False,0.032,0.086,0.972,False,normal_rest,synthetic_ad8232_normal_rest,patient_001,synthetic_ad8232_normal_rest,68.2,8.043631020876086,-1.0,0.9763216683040482
2026-05-26T15:32:18,patient_001,80,True,synthetic_ad8232,100,True,synthetic_max30102,36.31,2183,1543,1915,False,False,False,0.002,0.012,1.008,False,normal_rest,synthetic_ad8232_normal_rest,patient_001,synthetic_ad8232_normal_rest,70.0,9.669539802906861,3.0,1.008073410025282
2026-05-26T15:32:23,patient_001,74,True,synthetic_ad8232,99,True,synthetic_max30102,35.8,1986,1661,2061,False,False,False,0.009,-0.037,0.957,False,normal_rest,synthetic_ad8232_normal_rest,patient_001,synthetic_ad8232_normal_rest,72.2,8.899438184514798,-1.0,0.9577572761404634
2026-05-26T15:32:28,patient_001,76,True,synthetic_ad8232,98,True,synthetic_max30102,36.45,2309,1672,2075,False,False,False,-0.0,0.058,1.017,False,normal_rest,synthetic_ad8232_normal_rest,patient_001,synthetic_ad8232_normal_rest,75.8,4.0249223594996275,-1.0,1.0186525413505823
2026-05-26T15:32:33,patient_001,80,True,synthetic_ad8232,100,True,synthetic_max30102,36.38,1569,1565,1942,False,False,False,0.028,-0.0,0.949,False,normal_rest,synthetic_ad8232_normal_rest,patient_001,synthetic_ad8232_normal_rest,76.0,4.242640687119291,2.0,0.9494129765281281
2026-05-26T15:32:38,patient_001,77,True,synthetic_ad8232,98,True,synthetic_max30102,36.41,1756,1636,2030,False,False,False,0.009,0.066,1.02,False,normal_rest,synthetic_ad8232_normal_rest,patient_001,synthetic_ad8232_normal_rest,77.4,2.6076809620810684,-2.0,1.022172685997821
2026-05-26T15:32:43,patient_001,82,True,synthetic_ad8232,98,True,synthetic_max30102,36.04,1456,1666,2067,False,False,False,0.037,0.04,0.954,False,normal_rest,synthetic_ad8232_normal_rest,patient_001,synthetic_ad8232_normal_rest,77.8,3.193743884534271,0.0,0.9555548126612099
2026-05-26T15:32:48,patient_001,89,True,synthetic_ad8232,99,True,synthetic_max30102,36.34,1586,1641,2036,False,False,False,0.055,-0.066,0.944,False,normal_rest,synthetic_ad8232_normal_rest,patient_001,synthetic_ad8232_normal_rest,80.8,5.167204273105532,1.0,0.9479013661768823
2026-05-26T15:32:53,patient_001,84,True,synthetic_ad8232,100,True,synthetic_max30102,36.11,2055,1571,1950,False,False,False,0.007,0.039,1.054,False,normal_rest,synthetic_ad8232_normal_rest,patient_001,synthetic_ad8232_normal_rest,82.4,4.505552130427532,1.0,1.054744518829086
2026-05-26T15:32:58,patient_001,93,True,synthetic_ad8232,96,True,synthetic_max30102,36.08,1342,1682,2087,False,False,False,0.023,0.009,1.023,False,normal_rest,synthetic_ad8232_normal_rest,patient_001,synthetic_ad8232_normal_rest,85.0,6.204836822995434,-4.0,1.0232980992848564
2026-05-26T15:33:03,patient_001,82,True,synthetic_ad8232,97,True,synthetic_max30102,36.72,2304,1705,2116,False,False,False,0.015,0.005,1.012,False,normal_rest,synthetic_ad8232_normal_rest,patient_001,synthetic_ad8232_normal_rest,86.0,4.847679857416336,1.0,1.0121235102496138
2026-05-26T15:33:08,patient_001,65,True,synthetic_ad8232,99,True,synthetic_max30102,36.14,1419,1578,1958,False,False,False,0.049,-0.027,1.008,False,normal_rest,synthetic_ad8232_normal_rest,patient_001,synthetic_ad8232_normal_rest,82.6,10.737783756436896,2.0,1.0095513855173495
2026-05-26T15:33:13,patient_001,84,True,synthetic_ad8232,98,True,synthetic_max30102,36.25,1816,1673,2076,False,False,False,0.098,0.012,0.991,False,normal_rest,synthetic_ad8232_normal_rest,patient_001,synthetic_ad8232_normal_rest,81.6,10.212737145349431,-1.0,0.9959061200735739
2026-05-26T15:33:18,patient_001,82,True,synthetic_ad8232,97,True,synthetic_max30102,36.3,3259,1763,2188,False,False,False,0.095,-0.012,0.893,False,normal_rest,synthetic_ad8232_normal_rest,patient_001,synthetic_ad8232_normal_rest,81.2,10.134100848126588,-1.0,0.8981191457707602
2026-05-26T15:33:23,patient_001,75,True,synthetic_ad8232,96,True,synthetic_max30102,36.32,2310,1684,2090,False,False,False,0.029,0.022,0.945,False,normal_rest,synthetic_ad8232_normal_rest,patient_001,synthetic_ad8232_normal_rest,77.6,7.829431652425356,-1.0,0.9457007983500912
2026-05-26T15:33:28,patient_001,66,True,synthetic_ad8232,99,True,synthetic_max30102,36.91,1354,1677,2081,False,False,False,0.047,0.017,0.984,False,normal_rest,synthetic_ad8232_normal_rest,patient_001,synthetic_ad8232_normal_rest,74.4,8.79204185613331,3.0,0.9852684913260953
2026-05-26T15:33:33,patient_001,79,True,synthetic_ad8232,98,True,synthetic_max30102,36.86,2231,1690,2097,False,False,False,0.033,0.097,0.946,False,normal_rest,synthetic_ad8232_normal_rest,patient_001,synthetic_ad8232_normal_rest,77.2,7.1203932475671605,-1.0,0.9515324482118305
2026-05-26T15:33:38,patient_001,71,True,synthetic_ad8232,98,True,synthetic_max30102,36.7,1815,1579,1959,False,False,False,0.027,-0.038,0.989,False,normal_rest,synthetic_ad8232_normal_rest,patient_001,synthetic_ad8232_normal_rest,74.6,6.3482280992415525,0.0,0.9900979749499541
2026-05-26T15:33:43,patient_001,77,True,synthetic_ad8232,96,True,synthetic_max30102,36.0,2225,1701,2111,False,False,False,0.059,0.009,0.887,False,normal_rest,synthetic_ad8232_normal_rest,patient_001,synthetic_ad8232_normal_rest,73.6,5.176871642217915,-2.0,0.8890056242791718
2026-05-26T15:33:48,patient_001,72,True,synthetic_ad8232,96,True,synthetic_max30102,36.61,2000,1668,2070,False,False,False,0.054,0.125,1.007,False,normal_rest,synthetic_ad8232_normal_rest,patient_001,synthetic_ad8232_normal_rest,73.0,5.1478150704935,0.0,1.0161643567848657
2026-05-26T15:33:53,patient_001,85,True,synthetic_ad8232,99,True,synthetic_max30102,36.71,2751,1710,2122,False,False,False,0.019,0.013,0.971,False,normal_rest,synthetic_ad8232_normal_rest,patient_001,synthetic_ad8232_normal_rest,76.8,5.674504383644443,3.0,0.9712728761784712
2026-05-26T15:33:58,patient_001,74,True,synthetic_ad8232,97,True,synthetic_max30102,36.48,1640,1587,1969,False,False,False,0.03,0.068,0.9,False,normal_rest,synthetic_ad8232_normal_rest,patient_001,synthetic_ad8232_normal_rest,75.8,5.630275304103699,-2.0,0.9030636743884675
2026-05-26T15:34:03,patient_001,59,True,synthetic_ad8232,97,True,synthetic_max30102,36.17,1907,1556,1931,False,False,False,0.032,0.075,0.98,False,normal_rest,synthetic_ad8232_normal_rest,patient_001,synthetic_ad8232_normal_rest,73.4,9.449867723941962,0.0,0.9833864957380694
2026-05-26T15:34:08,patient_001,86,True,synthetic_ad8232,97,True,synthetic_max30102,36.17,2350,1656,2055,False,False,False,0.062,0.021,1.016,False,normal_rest,synthetic_ad8232_normal_rest,patient_001,synthetic_ad8232_normal_rest,75.2,11.03177229641729,0.0,1.018106575953618
2026-05-26T15:34:13,patient_001,70,True,synthetic_ad8232,98,True,synthetic_max30102,36.35,1575,1615,2004,False,False,False,-0.009,-0.033,1.017,False,normal_rest,synthetic_ad8232_normal_rest,patient_001,synthetic_ad8232_normal_rest,74.8,11.21160113453917,1.0,1.0175750586566081
2026-05-26T15:34:18,patient_001,77,True,synthetic_ad8232,99,True,synthetic_max30102,35.83,2390,1667,2068,False,False,False,-0.02,-0.007,1.048,False,normal_rest,synthetic_ad8232_normal_rest,patient_001,synthetic_ad8232_normal_rest,73.2,9.884331034521255,1.0,1.048214195668042
2026-05-26T15:34:23,patient_001,69,True,synthetic_ad8232,97,True,synthetic_max30102,36.51,2122,1657,2056,False,False,False,0.042,0.052,0.982,False,normal_rest,synthetic_ad8232_normal_rest,patient_001,synthetic_ad8232_normal_rest,72.2,10.03493896344168,-2.0,0.9842723200415625
2026-05-26T15:34:28,patient_001,84,True,synthetic_ad8232,99,True,synthetic_max30102,36.0,1186,1585,1967,False,False,False,-0.05,0.07,1.038,False,normal_rest,synthetic_ad8232_normal_rest,patient_001,synthetic_ad8232_normal_rest,77.2,7.791020472312981,2.0,1.041558447711889
2026-05-26T15:34:33,patient_001,79,True,synthetic_ad8232,99,True,synthetic_max30102,36.85,1922,1650,2048,False,False,False,0.061,0.015,0.954,False,normal_rest,synthetic_ad8232_normal_rest,patient_001,synthetic_ad8232_normal_rest,75.8,6.300793600809346,0.0,0.9560658973104311
2026-05-26T15:34:38,patient_001,70,True,synthetic_ad8232,100,True,synthetic_max30102,36.85,2274,1683,2088,False,False,False,0.085,-0.007,1.024,False,normal_rest,synthetic_ad8232_normal_rest,patient_001,synthetic_ad8232_normal_rest,75.8,6.300793600809346,1.0,1.02754561942524
2026-05-26T15:34:43,patient_001,88,True,synthetic_ad8232,99,True,synthetic_max30102,36.59,1832,1665,2066,False,False,False,0.065,0.044,0.919,False,normal_rest,synthetic_ad8232_normal_rest,patient_001,synthetic_ad8232_normal_rest,78.0,8.396427811873332,-1.0,0.9223459220921401
2026-05-26T15:34:48,patient_001,68,True,synthetic_ad8232,100,True,synthetic_max30102,36.83,2117,1638,2032,False,False,False,0.094,0.04,1.044,False,normal_rest,synthetic_ad8232_normal_rest,patient_001,synthetic_ad8232_normal_rest,77.8,8.67179335547152,1.0,1.0489861772206535
2026-05-26T15:34:53,patient_001,69,True,synthetic_ad8232,98,True,synthetic_max30102,36.42,2561,1761,2185,False,False,False,-0.012,0.028,0.987,False,normal_rest,synthetic_ad8232_normal_rest,patient_001,synthetic_ad8232_normal_rest,74.8,8.5848704125339,-2.0,0.9874699995442899
2026-05-26T15:34:58,patient_001,78,True,synthetic_ad8232,98,True,synthetic_max30102,36.41,1457,1597,1982,False,False,False,0.032,-0.013,0.984,False,normal_rest,synthetic_ad8232_normal_rest,patient_001,synthetic_ad8232_normal_rest,74.6,8.473488065725943,0.0,0.9846060125755886
2026-05-26T15:35:03,patient_001,82,True,synthetic_ad8232,98,True,synthetic_max30102,35.95,2154,1723,2138,False,False,False,0.035,0.07,1.032,False,normal_rest,synthetic_ad8232_normal_rest,patient_001,synthetic_ad8232_normal_rest,77.0,8.54400374531753,0.0,1.0349632843729288
2026-05-26T15:35:08,patient_001,71,True,synthetic_ad8232,97,True,synthetic_max30102,36.49,1501,1631,2024,False,False,False,0.055,0.081,1.034,False,normal_rest,synthetic_ad8232_normal_rest,patient_001,synthetic_ad8232_normal_rest,73.6,6.107372593840988,-1.0,1.0386250526537477
2026-05-26T15:35:13,patient_001,75,True,synthetic_ad8232,98,True,synthetic_max30102,36.35,2119,1602,1988,False,False,False,0.017,0.04,0.97,False,normal_rest,synthetic_ad8232_normal_rest,patient_001,synthetic_ad8232_normal_rest,75.0,5.244044240850759,1.0,0.9709732231117396
2026-05-26T15:35:18,patient_001,75,True,synthetic_ad8232,98,True,synthetic_max30102,36.47,1053,1565,1942,False,False,False,-0.006,0.011,1.048,False,normal_rest,synthetic_ad8232_normal_rest,patient_001,synthetic_ad8232_normal_rest,76.2,4.086563348340511,0.0,1.0480749019034852
2026-05-26T15:35:23,patient_001,63,True,synthetic_ad8232,98,True,synthetic_max30102,36.41,2714,1658,2058,False,False,False,0.035,0.079,0.883,False,normal_rest,synthetic_ad8232_normal_rest,patient_001,synthetic_ad8232_normal_rest,73.2,6.942621983083914,0.0,0.8872175606918519
2026-05-26T15:35:28,patient_001,69,True,synthetic_ad8232,98,True,synthetic_max30102,36.21,2048,1764,2189,False,False,False,0.004,0.017,1.047,False,normal_rest,synthetic_ad8232_normal_rest,patient_001,synthetic_ad8232_normal_rest,70.6,4.979959839195495,0.0,1.0471456441202436
2026-05-26T15:35:33,patient_001,93,True,synthetic_ad8232,98,True,synthetic_max30102,36.84,2694,1882,2336,False,False,False,0.036,0.035,1.005,False,normal_rest,synthetic_ad8232_normal_rest,patient_001,synthetic_ad8232_normal_rest,75.0,11.224972160321826,0.0,1.006253447199064
2026-05-26T15:35:38,patient_001,72,True,synthetic_ad8232,99,True,synthetic_max30102,36.31,2066,1660,2060,False,False,False,0.02,0.066,0.991,False,normal_rest,synthetic_ad8232_normal_rest,patient_001,synthetic_ad8232_normal_rest,74.4,11.304866208850065,1.0,0.9933966982026868
2026-05-26T15:35:43,patient_001,81,True,synthetic_ad8232,99,True,synthetic_max30102,35.92,2079,1647,2044,False,False,False,0.067,-0.009,0.932,False,normal_rest,synthetic_ad8232_normal_rest,patient_001,synthetic_ad8232_normal_rest,75.6,11.696153213770758,0.0,0.9344485004536098
2026-05-26T15:35:48,patient_001,72,True,synthetic_ad8232,99,True,synthetic_max30102,36.06,1638,1661,2061,False,False,False,0.024,0.007,0.988,False,normal_rest,synthetic_ad8232_normal_rest,patient_001,synthetic_ad8232_normal_rest,77.4,9.813256340277679,0.0,0.9883162449337762
2026-05-26T15:35:53,patient_001,84,True,synthetic_ad8232,98,True,synthetic_max30102,35.93,2033,1648,2045,False,False,False,-0.038,0.03,0.981,False,normal_rest,synthetic_ad8232_normal_rest,patient_001,synthetic_ad8232_normal_rest,80.4,8.848728722251579,-1.0,0.9821939726958214
2026-05-26T15:35:58,patient_001,80,True,synthetic_ad8232,99,True,synthetic_max30102,36.12,1973,1736,2154,False,False,False,-0.007,-0.014,1.002,False,normal_rest,synthetic_ad8232_normal_rest,patient_001,synthetic_ad8232_normal_rest,77.8,5.495452665613642,1.0,1.002122248031646
2026-05-26T15:36:03,patient_001,58,True,synthetic_ad8232,96,True,synthetic_max30102,36.19,2432,1604,1991,False,False,False,0.018,0.014,0.992,False,normal_rest,synthetic_ad8232_normal_rest,patient_001,synthetic_ad8232_normal_rest,75.0,10.488088481701519,-3.0,0.9922620621589843
2026-05-26T15:36:08,patient_001,73,True,synthetic_ad8232,97,True,synthetic_max30102,36.52,2693,1633,2026,False,False,False,-0.021,0.046,0.994,False,normal_rest,synthetic_ad8232_normal_rest,patient_001,synthetic_ad8232_normal_rest,73.4,9.939818911831345,1.0,0.995285386208398
2026-05-26T15:36:13,patient_001,73,True,synthetic_ad8232,100,True,synthetic_max30102,36.34,2141,1591,1974,False,False,False,-0.011,0.033,0.947,False,normal_rest,synthetic_ad8232_normal_rest,patient_001,synthetic_ad8232_normal_rest,73.6,9.914635646356354,3.0,0.9476386442099118
2026-05-26T15:36:18,patient_001,82,True,synthetic_ad8232,97,True,synthetic_max30102,36.65,1377,1746,2167,False,False,False,0.086,0.087,1.011,False,normal_rest,synthetic_ad8232_normal_rest,patient_001,synthetic_ad8232_normal_rest,73.2,9.418067742376886,-3.0,1.0183741944884501
2026-05-26T15:36:23,patient_001,75,True,synthetic_ad8232,97,True,synthetic_max30102,36.43,2201,1633,2027,False,False,False,0.017,0.023,1.065,False,normal_rest,synthetic_ad8232_normal_rest,patient_001,synthetic_ad8232_normal_rest,72.2,8.75785361832453,0.0,1.0653839683419306
2026-05-26T15:36:28,patient_001,76,True,synthetic_ad8232,98,True,synthetic_max30102,36.4,2317,1667,2069,False,False,False,0.058,0.077,1.056,False,normal_rest,synthetic_ad8232_normal_rest,patient_001,synthetic_ad8232_normal_rest,75.8,3.701351104664356,1.0,1.0603909656348456
2026-05-26T15:36:33,patient_001,69,True,synthetic_ad8232,98,True,synthetic_max30102,36.64,2578,1671,2074,False,False,False,0.075,0.038,1.025,False,normal_rest,synthetic_ad8232_normal_rest,patient_001,synthetic_ad8232_normal_rest,75.0,4.743416490252574,0.0,1.028442511762325
2026-05-26T15:36:38,patient_001,80,True,synthetic_ad8232,98,True,synthetic_max30102,36.48,2092,1533,1902,False,False,False,-0.077,0.045,0.844,False,normal_rest,synthetic_ad8232_normal_rest,patient_001,synthetic_ad8232_normal_rest,76.4,5.029910535983721,0.0,0.8486990043590248
2026-05-26T15:36:43,patient_001,82,True,synthetic_ad8232,97,True,synthetic_max30102,36.22,2222,1653,2051,False,False,False,0.095,0.011,1.08,False,normal_rest,synthetic_ad8232_normal_rest,patient_001,synthetic_ad8232_normal_rest,76.4,5.029910535983721,-1.0,1.084225991202941
2026-05-26T15:36:48,patient_001,91,True,synthetic_ad8232,98,True,synthetic_max30102,36.15,1730,1646,2042,False,False,False,0.036,0.029,0.935,False,normal_rest,synthetic_ad8232_normal_rest,patient_001,synthetic_ad8232_normal_rest,79.6,8.080841540334774,1.0,0.9361420832330956
2026-05-26T15:36:53,patient_001,85,True,synthetic_ad8232,98,True,synthetic_max30102,36.33,1533,1588,1970,False,False,False,0.036,0.039,1.015,False,normal_rest,synthetic_ad8232_normal_rest,patient_001,synthetic_ad8232_normal_rest,81.4,8.080841540334774,0.0,1.0163867374183904
2026-05-26T15:36:58,patient_001,87,True,synthetic_ad8232,98,True,synthetic_max30102,36.05,2386,1674,2077,False,False,False,0.058,0.049,0.929,False,normal_rest,synthetic_ad8232_normal_rest,patient_001,synthetic_ad8232_normal_rest,85.0,4.301162633521319,0.0,0.9320976343709924
2026-05-26T15:37:03,patient_001,81,True,synthetic_ad8232,99,True,synthetic_max30102,36.05,2744,1711,2123,False,False,False,0.053,0.018,0.971,False,normal_rest,synthetic_ad8232_normal_rest,patient_001,synthetic_ad8232_normal_rest,85.2,4.0249223594996275,1.0,0.9726119472842187
2026-05-26T15:37:08,patient_001,92,True,synthetic_ad8232,100,True,synthetic_max30102,36.37,2422,1673,2076,False,False,False,0.054,0.061,0.995,False,normal_rest,synthetic_ad8232_normal_rest,patient_001,synthetic_ad8232_normal_rest,87.2,4.494441010848851,1.0,0.9983296048900884
2026-05-26T15:37:13,patient_001,78,True,synthetic_ad8232,97,True,synthetic_max30102,36.3,1945,1694,2102,False,False,False,0.065,0.03,1.004,False,normal_rest,synthetic_ad8232_normal_rest,patient_001,synthetic_ad8232_normal_rest,84.6,5.412947441089746,-3.0,1.0065490549396985
2026-05-26T15:37:18,patient_001,84,True,synthetic_ad8232,98,True,synthetic_max30102,36.09,1536,1584,1965,False,False,False,0.098,0.01,0.924,False,normal_rest,synthetic_ad8232_normal_rest,patient_001,synthetic_ad8232_normal_rest,84.4,5.412947441089746,1.0,0.9292362455264
2026-05-26T15:37:23,patient_001,78,True,synthetic_ad8232,98,True,synthetic_max30102,36.32,2339,1676,2080,False,False,False,0.065,0.044,1.003,False,normal_rest,synthetic_ad8232_normal_rest,patient_001,synthetic_ad8232_normal_rest,82.6,5.8137767414994554,0.0,1.0060665981931811
2026-05-26T15:37:28,patient_001,61,True,synthetic_ad8232,98,True,synthetic_max30102,35.85,2207,1710,2122,False,False,False,0.041,0.03,1.032,False,normal_rest,synthetic_ad8232_normal_rest,patient_001,synthetic_ad8232_normal_rest,78.6,11.392980294900891,0.0,1.0332497278005932
2026-05-26T15:37:33,patient_001,74,True,synthetic_ad8232,99,True,synthetic_max30102,36.27,2393,1699,2108,False,False,False,0.04,0.069,0.968,False,normal_rest,synthetic_ad8232_normal_rest,patient_001,synthetic_ad8232_normal_rest,75.0,8.602325267042627,1.0,0.97128008318919
2026-05-26T15:37:38,patient_001,70,True,synthetic_ad8232,99,True,synthetic_max30102,36.57,2216,1602,1988,False,False,False,0.044,-0.0,0.956,False,normal_rest,synthetic_ad8232_normal_rest,patient_001,synthetic_ad8232_normal_rest,73.4,8.648699324175862,0.0,0.9570120166434694
2026-05-26T15:37:43,patient_001,70,True,synthetic_ad8232,99,True,synthetic_max30102,36.09,2535,1545,1917,False,False,False,0.032,0.034,1.088,False,normal_rest,synthetic_ad8232_normal_rest,patient_001,synthetic_ad8232_normal_rest,70.6,6.308724118235003,0.0,1.0890013774095972
2026-05-26T15:37:48,patient_001,79,True,synthetic_ad8232,98,True,synthetic_max30102,36.43,2484,1618,2008,False,False,False,0.058,0.024,1.048,False,normal_rest,synthetic_ad8232_normal_rest,patient_001,synthetic_ad8232_normal_rest,70.8,6.610597552415364,-1.0,1.049878088160716
2026-05-26T15:37:53,patient_001,73,True,synthetic_ad8232,98,True,synthetic_max30102,36.13,1553,1629,2021,False,False,False,0.058,0.088,0.987,False,normal_rest,synthetic_ad8232_normal_rest,patient_001,synthetic_ad8232_normal_rest,73.2,3.701351104664351,0.0,0.9926112028382512
2026-05-26T15:37:58,patient_001,76,True,synthetic_ad8232,96,True,synthetic_max30102,36.17,2596,1606,1993,False,False,False,0.049,0.083,1.102,False,normal_rest,synthetic_ad8232_normal_rest,patient_001,synthetic_ad8232_normal_rest,73.6,3.911521443121591,-2.0,1.1062070330638838
2026-05-26T15:38:03,patient_001,80,True,synthetic_ad8232,98,True,synthetic_max30102,36.51,1281,1555,1929,False,False,False,0.042,0.034,0.974,False,normal_rest,synthetic_ad8232_normal_rest,patient_001,synthetic_ad8232_normal_rest,75.6,4.159326868617088,2.0,0.9754978216275011
2026-05-26T15:38:08,patient_001,83,True,synthetic_ad8232,98,True,synthetic_max30102,36.25,2511,1608,1996,False,False,False,0.04,0.062,0.997,False,normal_rest,synthetic_ad8232_normal_rest,patient_001,synthetic_ad8232_normal_rest,78.2,3.834057902536167,0.0,0.9997264625886423
2026-05-26T15:38:13,patient_001,91,True,synthetic_ad8232,99,True,synthetic_max30102,36.64,2332,1704,2114,False,False,False,0.09,0.075,1.015,False,normal_rest,synthetic_ad8232_normal_rest,patient_001,synthetic_ad8232_normal_rest,80.6,6.949820141557626,1.0,1.0217387141534766
2026-05-26T15:38:18,patient_001,69,True,synthetic_ad8232,99,True,synthetic_max30102,36.06,2045,1740,2159,False,False,False,0.008,0.082,1.024,False,normal_rest,synthetic_ad8232_normal_rest,patient_001,synthetic_ad8232_normal_rest,79.8,8.167006795638171,0.0,1.0273091063550444
2026-05-26T15:38:23,patient_001,69,True,synthetic_ad8232,98,True,synthetic_max30102,36.43,1648,1662,2063,False,False,False,0.043,0.075,0.976,False,normal_rest,synthetic_ad8232_normal_rest,patient_001,synthetic_ad8232_normal_rest,78.4,9.476286192385711,-1.0,0.9798214122992005
2026-05-26T16:15:08,patient_001,145,True,synthetic_ad8232,95,True,synthetic_max30102,37.41,1813,1720,2134,False,False,False,0.037,0.023,0.856,False,stress,synthetic_ad8232_stress,patient_001,synthetic_ad8232_stress,145.0,0.0,0.0,0.8571079278597299
2026-05-26T16:15:13,patient_001,130,True,synthetic_ad8232,96,True,synthetic_max30102,36.77,2095,1716,2130,False,False,False,0.199,0.098,0.918,False,stress,synthetic_ad8232_stress,patient_001,synthetic_ad8232_stress,137.5,10.606601717798213,1.0,0.9444199277863635
2026-05-26T16:15:18,patient_001,118,True,synthetic_ad8232,96,True,synthetic_max30102,36.88,1857,1732,2149,False,False,False,-0.111,-0.23,0.933,False,stress,synthetic_ad8232_stress,patient_001,synthetic_ad8232_stress,131.0,13.527749258468683,0.0,0.9673210428808008
2026-05-26T16:15:23,patient_001,150,True,synthetic_ad8232,98,True,synthetic_max30102,37.56,1741,1554,1928,False,False,False,0.167,0.326,0.864,False,stress,synthetic_ad8232_stress,patient_001,synthetic_ad8232_stress,135.75,14.568802284333465,2.0,0.9384354000143004
2026-05-26T16:15:28,patient_001,134,True,synthetic_ad8232,96,True,synthetic_max30102,37.2,1584,1647,2044,False,False,False,0.251,0.091,1.118,False,stress,synthetic_ad8232_stress,patient_001,synthetic_ad8232_stress,135.4,12.641202474448386,-2.0,1.1494372536158728
2026-05-26T16:15:33,patient_001,146,True,synthetic_ad8232,96,True,synthetic_max30102,36.88,1401,1637,2031,False,False,False,-0.059,-0.074,0.877,False,stress,synthetic_ad8232_stress,patient_001,synthetic_ad8232_stress,135.6,12.837445228704972,0.0,0.8820918319540205
2026-05-26T16:15:38,patient_001,126,True,synthetic_ad8232,95,True,synthetic_max30102,37.49,2254,1694,2102,False,False,False,0.087,0.072,0.871,False,stress,synthetic_ad8232_stress,patient_001,synthetic_ad8232_stress,134.8,13.386560424545213,-1.0,0.8782903847817076
2026-05-26T16:15:43,patient_001,136,True,synthetic_ad8232,96,True,synthetic_max30102,37.48,2085,1589,1972,False,False,False,0.041,0.157,0.912,False,stress,synthetic_ad8232_stress,patient_001,synthetic_ad8232_stress,138.4,9.633275663033839,1.0,0.9263228378918442
2026-05-26T16:15:48,patient_001,136,True,synthetic_ad8232,97,True,synthetic_max30102,37.25,1927,1743,2163,False,False,False,-0.016,-0.099,1.078,False,stress,synthetic_ad8232_stress,patient_001,synthetic_ad8232_stress,135.6,7.127411872482188,1.0,1.0826546078967199
2026-05-26T16:15:53,patient_001,140,True,synthetic_ad8232,94,True,synthetic_max30102,36.9,2221,1737,2156,False,False,False,0.302,0.169,0.933,False,stress,synthetic_ad8232_stress,patient_001,synthetic_ad8232_stress,136.8,7.293833011524191,-3.0,0.9951150687232105
2026-05-26T16:15:58,patient_001,100,True,synthetic_ad8232,94,True,synthetic_max30102,37.08,1605,1651,2049,False,False,False,-0.017,0.07,1.171,False,stress,synthetic_ad8232_stress,patient_001,synthetic_ad8232_stress,127.6,16.272676485446393,0.0,1.173213535550967
2026-05-26T16:16:03,patient_001,132,True,synthetic_ad8232,95,True,synthetic_max30102,37.05,2086,1683,2088,False,False,False,-0.007,0.389,0.631,False,stress,synthetic_ad8232_stress,patient_001,synthetic_ad8232_stress,128.8,16.34625339336204,1.0,0.7413035815372808
2026-05-26T16:16:08,patient_001,119,True,synthetic_ad8232,98,True,synthetic_max30102,37.38,2061,1687,2094,False,False,False,0.032,-0.013,0.972,False,stress,synthetic_ad8232_stress,patient_001,synthetic_ad8232_stress,125.4,16.2419210686421,3.0,0.972613489521917
2026-05-26T16:16:13,patient_001,126,True,synthetic_ad8232,96,True,synthetic_max30102,37.36,2291,1762,2186,False,False,False,-0.157,-0.138,0.71,False,stress,synthetic_ad8232_stress,patient_001,synthetic_ad8232_stress,123.4,15.192103211866357,-2.0,0.7401303939171799
2026-05-26T16:16:18,patient_001,134,True,synthetic_ad8232,93,True,synthetic_max30102,37.72,1811,1644,2040,False,False,False,-0.057,0.057,1.127,False,stress,synthetic_ad8232_stress,patient_001,synthetic_ad8232_stress,122.2,13.718600511714017,-3.0,1.1298791970825908
2026-05-26T16:16:23,patient_001,130,True,synthetic_ad8232,100,True,synthetic_max30102,37.21,2479,1639,2034,False,False,False,0.297,0.223,1.049,False,stress,synthetic_ad8232_stress,patient_001,synthetic_ad8232_stress,128.2,5.932958789676538,7.0,1.1128068116254501
2026-05-26T16:16:28,patient_001,112,True,synthetic_ad8232,99,True,synthetic_max30102,37.17,2373,1671,2073,False,False,False,-0.384,-0.024,1.095,False,stress,synthetic_ad8232_stress,patient_001,synthetic_ad8232_stress,124.2,8.786353054595518,-1.0,1.1606278473309177
2026-05-26T16:16:33,patient_001,119,True,synthetic_ad8232,94,True,synthetic_max30102,37.07,2162,1636,2030,False,False,False,0.045,-0.026,1.186,False,stress,synthetic_ad8232_stress,patient_001,synthetic_ad8232_stress,124.2,8.786353054595518,-5.0,1.1871381553972562
2026-05-26T16:16:38,patient_001,129,True,synthetic_ad8232,93,True,synthetic_max30102,36.64,664,1588,1970,False,False,False,0.042,0.347,1.083,False,stress,synthetic_ad8232_stress,patient_001,synthetic_ad8232_stress,124.8,9.038805230781334,-1.0,1.1380079085841188
2026-05-26T16:16:43,patient_001,136,True,synthetic_ad8232,96,True,synthetic_max30102,37.5,1909,1683,2088,False,False,False,-0.101,0.086,1.125,False,stress,synthetic_ad8232_stress,patient_001,synthetic_ad8232_stress,125.2,9.576011695899293,3.0,1.1327938912264668
2026-05-26T16:16:48,patient_001,128,True,synthetic_ad8232,97,True,synthetic_max30102,37.09,2029,1840,2283,False,False,False,0.196,-0.044,0.777,False,stress,synthetic_ad8232_stress,patient_001,synthetic_ad8232_stress,124.8,9.364827814754525,1.0,0.8025465718573597
2026-05-26T16:16:53,patient_001,122,True,synthetic_ad8232,96,True,synthetic_max30102,37.12,1132,1710,2122,False,False,False,-0.022,0.027,0.984,False,stress,synthetic_ad8232_stress,patient_001,synthetic_ad8232_stress,126.8,6.610597552415372,-1.0,0.98461616886988
2026-05-26T16:16:58,patient_001,149,True,synthetic_ad8232,96,True,synthetic_max30102,37.3,2024,1829,2270,False,False,False,-0.18,-0.045,0.882,False,stress,synthetic_ad8232_stress,patient_001,synthetic_ad8232_stress,132.8,10.329569206893403,0.0,0.9013040552443998
2026-05-26T16:17:03,patient_001,136,True,synthetic_ad8232,95,True,synthetic_max30102,36.94,1197,1624,2015,False,False,False,0.001,0.235,0.688,False,stress,synthetic_ad8232_stress,patient_001,synthetic_ad8232_stress,134.2,10.158740079360259,-1.0,0.7270281975274412
2026-05-26T16:17:08,patient_001,116,True,synthetic_ad8232,95,True,synthetic_max30102,36.53,2370,1773,2200,False,False,False,-0.077,-0.292,0.827,False,stress,synthetic_ad8232_stress,patient_001,synthetic_ad8232_stress,130.2,12.853015210447719,0.0,0.8804101316999935
2026-05-26T16:17:13,patient_001,130,True,synthetic_ad8232,94,True,synthetic_max30102,36.56,2460,1769,2195,False,False,False,-0.142,0.023,1.129,False,stress,synthetic_ad8232_stress,patient_001,synthetic_ad8232_stress,130.6,12.798437404620943,-1.0,1.1381274093878946
2026-05-26T16:17:18,patient_001,120,True,synthetic_ad8232,96,True,synthetic_max30102,36.99,2593,1679,2084,False,False,False,0.008,0.356,0.708,False,stress,synthetic_ad8232_stress,patient_001,synthetic_ad8232_stress,130.2,13.160547101089696,2.0,0.7925048895748215
2026-05-26T16:17:23,patient_001,112,True,synthetic_ad8232,95,True,synthetic_max30102,36.91,2363,1732,2149,False,False,False,0.004,-0.225,1.085,False,stress,synthetic_ad8232_stress,patient_001,synthetic_ad8232_stress,122.8,9.959919678390996,-1.0,1.1080911514852918
2026-05-26T16:17:28,patient_001,118,True,synthetic_ad8232,96,True,synthetic_max30102,36.79,2076,1612,2000,False,False,False,-0.013,0.375,1.005,False,stress,synthetic_ad8232_stress,patient_001,synthetic_ad8232_stress,119.2,6.723094525588644,1.0,1.0727623222317233
2026-05-26T16:17:33,patient_001,113,True,synthetic_ad8232,94,True,synthetic_max30102,36.74,1677,1724,2139,False,False,False,-0.031,0.18,1.083,False,stress,synthetic_ad8232_stress,patient_001,synthetic_ad8232_stress,118.6,7.197221686178631,-2.0,1.0982941318244397
2026-05-26T16:17:38,patient_001,122,True,synthetic_ad8232,96,True,synthetic_max30102,36.88,2795,1713,2126,False,False,False,-0.005,0.101,0.934,False,stress,synthetic_ad8232_stress,patient_001,synthetic_ad8232_stress,117.0,4.358898943540662,2.0,0.9394583545852365
2026-05-26T16:17:43,patient_001,126,True,synthetic_ad8232,98,True,synthetic_max30102,37.3,2002,1644,2040,False,False,False,-0.195,-0.146,0.857,False,stress,synthetic_ad8232_stress,patient_001,synthetic_ad8232_stress,118.2,5.932958789676528,2.0,0.8909489323187946
2026-05-26T16:17:48,patient_001,135,True,synthetic_ad8232,98,True,synthetic_max30102,37.21,2204,1714,2127,False,False,False,-0.031,-0.303,1.001,False,stress,synthetic_ad8232_stress,patient_001,synthetic_ad8232_stress,122.8,8.348652585896733,0.0,1.0463130506688711
2026-05-26T16:17:53,patient_001,150,True,synthetic_ad8232,98,True,synthetic_max30102,37.37,2290,1676,2080,False,False,False,-0.114,-0.052,0.975,False,stress,synthetic_ad8232_stress,patient_001,synthetic_ad8232_stress,129.2,14.060583202698261,0.0,0.9830183111214155
2026-05-26T16:17:58,patient_001,132,True,synthetic_ad8232,94,True,synthetic_max30102,37.52,2554,1729,2145,False,False,False,0.056,-0.247,0.982,False,stress,synthetic_ad8232_stress,patient_001,synthetic_ad8232_stress,133.0,10.770329614269034,-4.0,1.0141346064502483
2026-05-26T16:18:03,patient_001,124,True,synthetic_ad8232,97,True,synthetic_max30102,37.17,2347,1782,2211,False,False,False,-0.17,-0.196,1.17,False,stress,synthetic_ad8232_stress,patient_001,synthetic_ad8232_stress,133.4,10.28591269649906,3.0,1.1984222961877835
2026-05-26T16:18:08,patient_001,144,True,synthetic_ad8232,98,True,synthetic_max30102,37.34,1824,1696,2105,False,False,False,-0.106,0.307,1.076,False,stress,synthetic_ad8232_stress,patient_001,synthetic_ad8232_stress,137.0,10.198039027185597,1.0,1.123948842252173
2026-05-26T16:18:13,patient_001,131,True,synthetic_ad8232,93,True,synthetic_max30102,37.34,1779,1690,2097,False,False,False,-0.113,0.089,0.907,False,stress,synthetic_ad8232_stress,patient_001,synthetic_ad8232_stress,136.2,10.54514106117128,-5.0,0.918334906229748
2026-05-26T16:18:18,patient_001,126,True,synthetic_ad8232,99,True,synthetic_max30102,37.58,1859,1779,2208,False,False,False,0.097,0.026,1.125,False,stress,synthetic_ad8232_stress,patient_001,synthetic_ad8232_stress,131.4,7.797435475847204,6.0,1.1294733285916936
2026-05-26T16:18:23,patient_001,127,True,synthetic_ad8232,93,True,synthetic_max30102,37.49,1786,1745,2166,False,False,False,0.37,0.043,0.65,False,stress,synthetic_ad8232_stress,patient_001,synthetic_ad8232_stress,130.4,8.018728078691815,-6.0,0.7491655357796433
2026-05-26T16:18:28,patient_001,121,True,synthetic_ad8232,97,True,synthetic_max30102,37.19,1605,1669,2071,False,False,False,-0.038,-0.074,1.01,False,stress,synthetic_ad8232_stress,patient_001,synthetic_ad8232_stress,129.8,8.700574693662514,4.0,1.0134199524382772
2026-05-26T16:18:33,patient_001,124,True,synthetic_ad8232,97,True,synthetic_max30102,37.04,1812,1670,2072,False,False,False,-0.186,0.188,0.552,False,stress,synthetic_ad8232_stress,patient_001,synthetic_ad8232_stress,125.8,3.7013511046644405,0.0,0.6120816938938789
2026-05-26T16:18:38,patient_001,130,True,synthetic_ad8232,97,True,synthetic_max30102,37.49,2771,1590,1973,False,False,False,-0.074,0.124,1.021,False,stress,synthetic_ad8232_stress,patient_001,synthetic_ad8232_stress,125.6,3.361547262794424,0.0,1.0311609961591837
2026-05-26T16:18:43,patient_001,112,True,synthetic_ad8232,97,True,synthetic_max30102,37.24,1932,1579,1960,False,False,False,0.084,-0.049,1.122,False,stress,synthetic_ad8232_stress,patient_001,synthetic_ad8232_stress,122.8,6.906518659932858,0.0,1.126206464197396
2026-05-26T16:18:48,patient_001,122,True,synthetic_ad8232,95,True,synthetic_max30102,37.25,1736,1701,2111,False,False,False,0.212,-0.025,1.115,False,stress,synthetic_ad8232_stress,patient_001,synthetic_ad8232_stress,121.8,6.496152707564747,-2.0,1.1352506331202814
2026-05-26T16:18:53,patient_001,125,True,synthetic_ad8232,95,True,synthetic_max30102,36.86,2149,1588,1971,False,False,False,0.109,0.068,0.735,False,stress,synthetic_ad8232_stress,patient_001,synthetic_ad8232_stress,122.6,6.618156843109777,0.0,0.7461434178494105
2026-05-26T16:18:58,patient_001,119,True,synthetic_ad8232,97,True,synthetic_max30102,37.37,1956,1718,2132,False,False,False,-0.163,-0.196,1.258,False,stress,synthetic_ad8232_stress,patient_001,synthetic_ad8232_stress,121.6,6.730527468185595,2.0,1.2835688528474039
2026-05-26T16:19:03,patient_001,118,True,synthetic_ad8232,95,True,synthetic_max30102,36.68,1629,1666,2067,False,False,False,0.181,-0.094,1.165,False,stress,synthetic_ad8232_stress,patient_001,synthetic_ad8232_stress,119.2,4.868264577855322,-2.0,1.1827180560048958
2026-05-26T16:19:08,patient_001,123,True,synthetic_ad8232,93,True,synthetic_max30102,37.06,2552,1779,2207,False,False,False,0.013,0.162,0.688,False,stress,synthetic_ad8232_stress,patient_001,synthetic_ad8232_stress,121.4,2.8809720581777163,-2.0,0.7069349333566703
2026-05-26T16:19:13,patient_001,142,True,synthetic_ad8232,96,True,synthetic_max30102,37.45,1522,1607,1994,False,False,False,-0.195,0.144,0.867,False,stress,synthetic_ad8232_stress,patient_001,synthetic_ad8232_stress,125.4,9.7108187090482,3.0,0.9002499652874194
2026-05-26T16:19:18,patient_001,128,True,synthetic_ad8232,95,True,synthetic_max30102,37.23,1751,1766,2192,False,False,False,-0.249,-0.31,1.21,False,stress,synthetic_ad8232_stress,patient_001,synthetic_ad8232_stress,126.0,9.772410142846057,-1.0,1.2736565471115044
2026-05-26T16:19:23,patient_001,128,True,synthetic_ad8232,98,True,synthetic_max30102,37.25,2111,1707,2118,False,False,False,0.064,0.205,0.873,False,stress,synthetic_ad8232_stress,patient_001,synthetic_ad8232_stress,127.8,8.955445270895266,3.0,0.8990272520897239
2026-05-26T16:19:28,patient_001,125,True,synthetic_ad8232,95,True,synthetic_max30102,37.13,1936,1634,2028,False,False,False,0.046,-0.138,1.118,False,stress,synthetic_ad8232_stress,patient_001,synthetic_ad8232_stress,129.2,7.4632432628181355,-3.0,1.1274236116030214
2026-05-26T16:19:33,patient_001,125,True,synthetic_ad8232,97,True,synthetic_max30102,36.36,2049,1668,2070,False,False,False,0.183,-0.078,1.185,False,stress,synthetic_ad8232_stress,patient_001,synthetic_ad8232_stress,129.6,7.092249290598877,2.0,1.2015814579128625
2026-05-26T16:19:38,patient_001,149,True,synthetic_ad8232,96,True,synthetic_max30102,37.53,1929,1787,2217,False,False,False,0.046,0.096,1.001,False,stress,synthetic_ad8232_stress,patient_001,synthetic_ad8232_stress,131.0,10.17349497468791,-1.0,1.0066444258028748
2026-05-26T16:19:43,patient_001,117,True,synthetic_ad8232,95,True,synthetic_max30102,37.13,1709,1625,2017,False,False,False,0.005,0.144,1.199,False,stress,synthetic_ad8232_stress,patient_001,synthetic_ad8232_stress,128.8,12.008330441822471,-1.0,1.2076265979184129
2026-05-26T16:19:48,patient_001,112,True,synthetic_ad8232,100,True,synthetic_max30102,37.21,2030,1721,2136,False,False,False,0.117,-0.184,0.99,False,stress,synthetic_ad8232_stress,patient_001,synthetic_ad8232_stress,125.6,14.205632685663817,5.0,1.0137282673379489
2026-05-26T16:19:53,patient_001,140,True,synthetic_ad8232,100,True,synthetic_max30102,36.77,2164,1790,2221,False,False,False,-0.124,-0.11,1.247,False,stress,synthetic_ad8232_stress,patient_001,synthetic_ad8232_stress,128.6,15.56598856481657,0.0,1.2579686005620332
2026-05-26T16:19:58,patient_001,128,True,synthetic_ad8232,95,True,synthetic_max30102,37.41,2000,1692,2099,False,False,False,-0.021,-0.012,1.087,False,stress,synthetic_ad8232_stress,patient_001,synthetic_ad8232_stress,129.2,15.4499190936393,-5.0,1.0872690559378575
2026-05-26T16:20:03,patient_001,128,True,synthetic_ad8232,97,True,synthetic_max30102,37.68,2330,1656,2055,False,False,False,0.134,0.159,0.958,False,stress,synthetic_ad8232_stress,patient_001,synthetic_ad8232_stress,125.0,10.908712114635719,2.0,0.9803065846968487
2026-05-26T16:20:08,patient_001,130,True,synthetic_ad8232,93,True,synthetic_max30102,36.99,2736,1740,2159,False,False,False,0.027,-0.052,1.227,False,stress,synthetic_ad8232_stress,patient_001,synthetic_ad8232_stress,127.6,10.039920318408916,-4.0,1.2283981439256575
2026-05-26T16:20:13,patient_001,131,True,synthetic_ad8232,96,True,synthetic_max30102,36.77,1938,1671,2074,False,False,False,0.042,0.032,0.771,False,stress,synthetic_ad8232_stress,patient_001,synthetic_ad8232_stress,131.4,4.979959839195514,3.0,0.7728059264783106
2026-05-26T16:20:18,patient_001,133,True,synthetic_ad8232,97,True,synthetic_max30102,36.9,2534,1677,2081,False,False,False,0.115,0.001,0.531,False,stress,synthetic_ad8232_stress,patient_001,synthetic_ad8232_stress,130.0,2.121320343559697,1.0,0.5433111447412063
2026-05-26T16:20:23,patient_001,110,True,synthetic_ad8232,96,True,synthetic_max30102,37.65,2193,1795,2228,False,False,False,-0.082,0.03,0.781,False,stress,synthetic_ad8232_stress,patient_001,synthetic_ad8232_stress,126.4,9.343446901438476,-1.0,0.7858657646188693
2026-05-26T16:20:28,patient_001,129,True,synthetic_ad8232,98,True,synthetic_max30102,37.33,1175,1663,2064,False,False,False,-0.1,-0.074,1.069,False,stress,synthetic_ad8232_stress,patient_001,synthetic_ad8232_stress,126.6,9.39680796866682,2.0,1.0762141980107862
2026-05-26T16:20:33,patient_001,127,True,synthetic_ad8232,93,True,synthetic_max30102,37.67,1491,1574,1953,False,False,False,0.068,-0.115,0.878,False,stress,synthetic_ad8232_stress,patient_001,synthetic_ad8232_stress,126.0,9.219544457292901,-5.0,0.8881064125430015
2026-05-26T16:20:38,patient_001,139,True,synthetic_ad8232,100,True,synthetic_max30102,37.35,2227,1858,2306,False,False,False,0.025,-0.039,0.837,False,stress,synthetic_ad8232_stress,patient_001,synthetic_ad8232_stress,127.6,10.85357084097212,7.0,0.8382809791472069
2026-05-26T16:20:43,patient_001,150,True,synthetic_ad8232,99,True,synthetic_max30102,36.49,3399,1725,2141,False,False,False,-0.067,-0.077,0.977,False,stress,synthetic_ad8232_stress,patient_001,synthetic_ad8232_stress,131.0,14.882876066137225,-1.0,0.9823171585592914
2026-05-26T16:20:48,patient_001,116,True,synthetic_ad8232,96,True,synthetic_max30102,37.32,2322,1698,2107,False,False,False,0.04,0.048,0.823,False,stress,synthetic_ad8232_stress,patient_001,synthetic_ad8232_stress,132.2,12.872451204024827,-3.0,0.825368402593654
2026-05-26T16:20:53,patient_001,132,True,synthetic_ad8232,97,True,synthetic_max30102,37.59,1978,1668,2070,False,False,False,0.19,0.041,0.803,False,stress,synthetic_ad8232_stress,patient_001,synthetic_ad8232_stress,132.8,12.755391017134684,1.0,0.8261900507752439
2026-05-26T16:20:58,patient_001,131,True,synthetic_ad8232,95,True,synthetic_max30102,36.77,1574,1607,1994,False,False,False,-0.15,-0.234,0.952,False,stress,synthetic_ad8232_stress,patient_001,synthetic_ad8232_stress,133.6,12.421755109484335,-2.0,0.991745935207198
2026-05-26T16:21:03,patient_001,124,True,synthetic_ad8232,94,True,synthetic_max30102,37.23,1855,1737,2155,False,False,False,0.158,-0.058,0.92,False,stress,synthetic_ad8232_stress,patient_001,synthetic_ad8232_stress,130.6,12.601587201618697,-1.0,0.9352689452772395
2026-05-26T16:21:08,patient_001,119,True,synthetic_ad8232,98,True,synthetic_max30102,37.41,2383,1787,2218,False,False,False,0.136,0.178,0.674,False,stress,synthetic_ad8232_stress,patient_001,synthetic_ad8232_stress,124.4,7.0922492905988666,4.0,0.7102506599785741
2026-05-26T16:21:13,patient_001,139,True,synthetic_ad8232,97,True,synthetic_max30102,37.12,1538,1776,2204,False,False,False,-0.004,0.089,0.94,False,stress,synthetic_ad8232_stress,patient_001,synthetic_ad8232_stress,129.0,7.713624310270764,-1.0,0.9442123701795057
2026-05-26T16:21:18,patient_001,122,True,synthetic_ad8232,100,True,synthetic_max30102,36.88,1966,1647,2044,False,False,False,0.002,-0.111,1.044,False,stress,synthetic_ad8232_stress,patient_001,synthetic_ad8232_stress,127.0,8.031189202104512,3.0,1.0498861843076135
2026-05-26T16:21:23,patient_001,137,True,synthetic_ad8232,95,True,synthetic_max30102,37.38,2846,1936,2403,False,False,False,0.172,0.199,1.012,False,stress,synthetic_ad8232_stress,patient_001,synthetic_ad8232_stress,128.2,9.148770409186152,-5.0,1.0456237372975041
2026-05-26T16:21:28,patient_001,132,True,synthetic_ad8232,94,True,synthetic_max30102,37.07,1661,1763,2188,False,False,False,0.268,0.304,1.227,False,stress,synthetic_ad8232_stress,patient_001,synthetic_ad8232_stress,129.8,8.927485648266266,-1.0,1.29219541865772
2026-05-26T16:21:33,patient_001,133,True,synthetic_ad8232,94,True,synthetic_max30102,36.58,2387,1744,2164,False,False,False,0.078,0.114,1.135,False,stress,synthetic_ad8232_stress,patient_001,synthetic_ad8232_stress,132.6,6.580273550544849,0.0,1.1433743918769563
2026-05-26T16:21:38,patient_001,117,True,synthetic_ad8232,96,True,synthetic_max30102,36.57,2640,1752,2174,False,False,False,-0.281,0.149,0.87,False,stress,synthetic_ad8232_stress,patient_001,synthetic_ad8232_stress,128.2,8.348652585896724,2.0,0.926316360645757
2026-05-26T16:21:43,patient_001,121,True,synthetic_ad8232,97,True,synthetic_max30102,36.87,2898,1667,2068,False,False,False,-0.255,0.05,0.915,False,stress,synthetic_ad8232_stress,patient_001,synthetic_ad8232_stress,128.0,8.544003745317536,1.0,0.9511834733635778
2026-05-26T16:21:48,patient_001,111,True,synthetic_ad8232,97,True,synthetic_max30102,36.75,1689,1621,2011,False,False,False,0.185,0.078,1.051,False,stress,synthetic_ad8232_stress,patient_001,synthetic_ad8232_stress,122.8,9.549869109050661,0.0,1.0700046728869925
2026-05-26T16:21:53,patient_001,138,True,synthetic_ad8232,99,True,synthetic_max30102,37.27,2752,1723,2138,False,False,False,-0.104,0.084,1.378,False,stress,synthetic_ad8232_stress,patient_001,synthetic_ad8232_stress,124.0,11.224972160321826,2.0,1.3844695735190427
2026-05-26T16:21:58,patient_001,120,True,synthetic_ad8232,96,True,synthetic_max30102,37.32,2688,1763,2188,False,False,False,0.104,-0.093,0.86,False,stress,synthetic_ad8232_stress,patient_001,synthetic_ad8232_stress,121.4,10.064790112068907,-3.0,0.8712433643936692
2026-05-26T16:22:03,patient_001,145,True,synthetic_ad8232,99,True,synthetic_max30102,37.15,1621,1656,2055,False,False,False,-0.01,0.246,1.104,False,stress,synthetic_ad8232_stress,patient_001,synthetic_ad8232_stress,127.0,14.017845768876189,3.0,1.1311197991371207
2026-05-26T16:22:08,patient_001,133,True,synthetic_ad8232,96,True,synthetic_max30102,37.09,2064,1578,1958,False,False,False,0.212,0.151,1.203,False,stress,synthetic_ad8232_stress,patient_001,synthetic_ad8232_stress,129.4,13.758633653092158,-3.0,1.2308346761446072
2026-05-26T16:22:13,patient_001,136,True,synthetic_ad8232,93,True,synthetic_max30102,36.87,1956,1852,2298,False,False,False,-0.094,0.033,1.25,False,stress,synthetic_ad8232_stress,patient_001,synthetic_ad8232_stress,134.4,9.181503144910424,-3.0,1.2539637155835093
2026-05-26T16:22:18,patient_001,134,True,synthetic_ad8232,97,True,synthetic_max30102,37.24,1772,1787,2217,False,False,False,0.104,0.079,1.26,False,stress,synthetic_ad8232_stress,patient_001,synthetic_ad8232_stress,133.6,8.96102672688794,4.0,1.2667505673967547
2026-05-26T16:22:23,patient_001,137,True,synthetic_ad8232,98,True,synthetic_max30102,37.21,1290,1723,2138,False,False,False,0.221,0.06,1.022,False,stress,synthetic_ad8232_stress,patient_001,synthetic_ad8232_stress,137.0,4.743416490252571,1.0,1.0473418735064497
2026-05-26T16:22:28,patient_001,127,True,synthetic_ad8232,95,True,synthetic_max30102,36.68,2190,1665,2066,False,False,False,0.269,0.111,0.985,False,stress,synthetic_ad8232_stress,patient_001,synthetic_ad8232_stress,133.4,3.9115214431215932,-3.0,1.0270866565193026
2026-05-26T16:22:33,patient_001,139,True,synthetic_ad8232,95,True,synthetic_max30102,37.1,2038,1687,2094,False,False,False,0.179,-0.28,0.981,False,stress,synthetic_ad8232_stress,patient_001,synthetic_ad8232_stress,134.6,4.615192303685735,0.0,1.0357615555715514
2026-05-26T16:22:38,patient_001,122,True,synthetic_ad8232,96,True,synthetic_max30102,37.77,2822,1660,2060,False,False,False,-0.012,0.077,1.309,False,stress,synthetic_ad8232_stress,patient_001,synthetic_ad8232_stress,131.8,7.120393247567165,1.0,1.3113176579303734
2026-05-26T16:22:43,patient_001,128,True,synthetic_ad8232,99,True,synthetic_max30102,37.36,2499,1710,2122,False,False,False,0.089,0.019,0.89,False,stress,synthetic_ad8232_stress,patient_001,synthetic_ad8232_stress,130.6,7.1624018317879985,3.0,0.8946407100059778
2026-05-26T16:22:48,patient_001,128,True,synthetic_ad8232,95,True,synthetic_max30102,37.01,2217,1658,2058,False,False,False,0.199,0.226,0.883,False,stress,synthetic_ad8232_stress,patient_001,synthetic_ad8232_stress,128.8,6.220932405998322,-4.0,0.9329340812726267
2026-05-26T16:22:53,patient_001,145,True,synthetic_ad8232,98,True,synthetic_max30102,36.66,1678,1833,2275,False,False,False,-0.002,-0.119,0.947,False,stress,synthetic_ad8232_stress,patient_001,synthetic_ad8232_stress,132.4,9.343446901438464,3.0,0.9544495796007245
2026-05-26T16:22:58,patient_001,110,True,synthetic_ad8232,95,True,synthetic_max30102,37.2,2439,1563,1940,False,False,False,0.139,0.1,1.178,False,stress,synthetic_ad8232_stress,patient_001,synthetic_ad8232_stress,126.6,12.641202474448386,-3.0,1.190380191367447
2026-05-26T16:23:03,patient_001,125,True,synthetic_ad8232,97,True,synthetic_max30102,36.64,1989,1592,1976,False,False,False,0.041,0.068,1.175,False,stress,synthetic_ad8232_stress,patient_001,synthetic_ad8232_stress,127.2,12.437845472588894,2.0,1.1776799225596062
2026-05-26T16:23:08,patient_001,116,True,synthetic_ad8232,97,True,synthetic_max30102,37.37,1524,1784,2214,False,False,False,0.246,-0.056,1.138,False,stress,synthetic_ad8232_stress,patient_001,synthetic_ad8232_stress,124.8,13.367871932360814,0.0,1.165631159501152
2026-05-26T16:23:13,patient_001,135,True,synthetic_ad8232,98,True,synthetic_max30102,37.01,2093,1700,2110,False,False,False,-0.154,0.181,0.798,False,stress,synthetic_ad8232_stress,patient_001,synthetic_ad8232_stress,126.2,14.131525041551601,1.0,0.8326349740432478
2026-05-26T16:23:18,patient_001,136,True,synthetic_ad8232,95,True,synthetic_max30102,36.86,2130,1610,1998,False,False,False,0.056,0.191,1.356,False,stress,synthetic_ad8232_stress,patient_001,synthetic_ad8232_stress,124.4,11.458621208504974,-3.0,1.3705301893792783
2026-05-26T16:23:23,patient_001,116,True,synthetic_ad8232,98,True,synthetic_max30102,36.77,2329,1713,2126,False,False,False,-0.068,-0.064,0.978,False,stress,synthetic_ad8232_stress,patient_001,synthetic_ad8232_stress,125.6,9.762171889492622,3.0,0.9824479629985499
2026-05-26T16:23:28,patient_001,128,True,synthetic_ad8232,94,True,synthetic_max30102,37.35,1965,1595,1979,False,False,False,0.032,0.216,0.877,False,stress,synthetic_ad8232_stress,patient_001,synthetic_ad8232_stress,126.2,9.80815986819138,-4.0,0.9037748613454569
2026-05-26T16:23:33,patient_001,142,True,synthetic_ad8232,96,True,synthetic_max30102,37.03,2312,1671,2073,False,False,False,-0.099,0.311,0.825,False,stress,synthetic_ad8232_stress,patient_001,synthetic_ad8232_stress,131.4,9.939818911831338,2.0,0.8872130522033589
2026-05-26T16:23:38,patient_001,108,True,synthetic_ad8232,98,True,synthetic_max30102,37.32,1938,1609,1997,False,False,False,0.184,0.119,0.964,False,stress,synthetic_ad8232_stress,patient_001,synthetic_ad8232_stress,126.0,13.999999999999998,2.0,0.988591422176017
2026-05-26T16:23:43,patient_001,117,True,synthetic_ad8232,97,True,synthetic_max30102,37.38,1874,1672,2075,False,False,False,0.276,0.089,1.138,False,stress,synthetic_ad8232_stress,patient_001,synthetic_ad8232_stress,122.2,13.16054710108968,-1.0,1.1743683408539247
2026-05-26T16:23:48,patient_001,133,True,synthetic_ad8232,95,True,synthetic_max30102,37.19,1784,1771,2198,False,False,False,-0.13,-0.111,1.092,False,stress,synthetic_ad8232_stress,patient_001,synthetic_ad8232_stress,125.6,13.352902306240392,-2.0,1.1052986021885671
2026-05-26T16:23:53,patient_001,135,True,synthetic_ad8232,95,True,synthetic_max30102,37.11,1991,1843,2287,False,False,False,0.267,0.159,1.117,False,stress,synthetic_ad8232_stress,patient_001,synthetic_ad8232_stress,127.0,14.017845768876183,0.0,1.1594218386765018
2026-05-26T16:23:58,patient_001,117,True,synthetic_ad8232,95,True,synthetic_max30102,37.01,2314,1745,2166,False,False,False,-0.337,-0.003,0.903,False,stress,synthetic_ad8232_stress,patient_001,synthetic_ad8232_stress,122.0,11.575836902790224,0.0,0.9638397169654299
2026-05-26T16:24:03,patient_001,121,True,synthetic_ad8232,97,True,synthetic_max30102,37.35,1701,1622,2013,False,False,False,-0.083,-0.049,0.634,False,stress,synthetic_ad8232_stress,patient_001,synthetic_ad8232_stress,124.6,8.763560920082654,2.0,0.6412846481867471
2026-05-26T16:24:08,patient_001,129,True,synthetic_ad8232,94,True,synthetic_max30102,36.92,2156,1733,2151,False,False,False,-0.156,0.057,1.058,False,stress,synthetic_ad8232_stress,patient_001,synthetic_ad8232_stress,127.0,7.745966692414831,-3.0,1.0709570486252005
2026-05-26T16:24:13,patient_001,111,True,synthetic_ad8232,95,True,synthetic_max30102,36.96,1745,1741,2160,False,False,False,-0.025,0.042,1.218,False,stress,synthetic_ad8232_stress,patient_001,synthetic_ad8232_stress,122.6,9.528903399657274,1.0,1.2189803115719302
2026-05-26T16:24:18,patient_001,135,True,synthetic_ad8232,97,True,synthetic_max30102,36.82,2255,1744,2164,False,False,False,0.176,0.004,0.764,False,stress,synthetic_ad8232_stress,patient_001,synthetic_ad8232_stress,122.6,9.528903399657274,2.0,0.7840204078976516
2026-05-26T16:24:23,patient_001,125,True,synthetic_ad8232,96,True,synthetic_max30102,36.85,1656,1725,2141,False,False,False,0.138,0.023,1.017,False,stress,synthetic_ad8232_stress,patient_001,synthetic_ad8232_stress,124.2,9.011104260855046,-1.0,1.0265778100076
2026-05-26T16:24:28,patient_001,118,True,synthetic_ad8232,93,True,synthetic_max30102,37.3,1646,1734,2152,False,False,False,-0.154,0.051,1.049,False,stress,synthetic_ad8232_stress,patient_001,synthetic_ad8232_stress,123.6,9.370165420097978,-3.0,1.0614697357908984
2026-05-26T16:24:33,patient_001,127,True,synthetic_ad8232,99,True,synthetic_max30102,37.7,2109,1753,2175,False,False,False,0.198,0.084,0.829,False,stress,synthetic_ad8232_stress,patient_001,synthetic_ad8232_stress,123.2,9.121403400793099,6.0,0.8564467292248829
2026-05-26T16:24:38,patient_001,134,True,synthetic_ad8232,95,True,synthetic_max30102,37.04,1510,1671,2074,False,False,False,0.066,0.069,1.069,False,stress,synthetic_ad8232_stress,patient_001,synthetic_ad8232_stress,127.8,6.978538528947155,-4.0,1.0732557943006877
2026-05-26T16:24:43,patient_001,146,True,synthetic_ad8232,100,True,synthetic_max30102,37.26,1745,1816,2254,False,False,False,-0.172,-0.094,1.071,False,stress,synthetic_ad8232_stress,patient_001,synthetic_ad8232_stress,130.0,10.60660171779821,5.0,1.0887887765769815
2026-05-26T16:24:48,patient_001,127,True,synthetic_ad8232,96,True,synthetic_max30102,37.4,2174,1780,2209,False,False,False,-0.015,-0.22,1.089,False,stress,synthetic_ad8232_stress,patient_001,synthetic_ad8232_stress,130.4,10.406728592598153,-4.0,1.1111012555118458
2026-05-26T16:24:53,patient_001,132,True,synthetic_ad8232,95,True,synthetic_max30102,36.8,1805,1812,2248,False,False,False,0.204,0.092,1.068,False,stress,synthetic_ad8232_stress,patient_001,synthetic_ad8232_stress,133.2,7.791020472312975,-1.0,1.0911938416248508
2026-05-26T16:24:58,patient_001,122,True,synthetic_ad8232,96,True,synthetic_max30102,36.9,2184,1702,2112,False,False,False,0.165,0.0,0.831,False,stress,synthetic_ad8232_stress,patient_001,synthetic_ad8232_stress,132.2,9.01110426085504,1.0,0.847222520947124
2026-05-26T16:25:03,patient_001,138,True,synthetic_ad8232,97,True,synthetic_max30102,37.26,2014,1736,2154,False,False,False,0.091,-0.0,0.875,False,stress,synthetic_ad8232_stress,patient_001,synthetic_ad8232_stress,133.0,9.380831519646852,1.0,0.8797192734048743
